% Job started at Sat Oct 10 10:57:50 UTC 2026
% User                     modrzejewski
% Node name                e1221
% Executable               /mnt/storage_6/project_data/pl0415-03/marcin/beyond-rpa/bin/a
% Launcher                 
% Compiler command         ifort -qopenmp -O3 -xHost -no-prec-div -i8 -qmkl -coarray -warn all -I./obj/
% Source compiled at       Fri Oct 09 17:08:07 UTC 2026
% Process ID               675384
% Job identifier           20261010105750_675384
% Stack size (main thread) unlimited
% Stack size (other)       65536 kB
 ----------------------------------------------------------------------------
 LOADED INPUT FILE
 /mnt/storage_6/project_data/pl0415-03/marcin/beyond-rpa/guess/electron-densities/bse/def2-svp/atomic_guess.inp
 ----------------------------------------------------------------------------
 > jobtype atomic_guess
 > basis file ../../../../basis-sets/bse/def2-svp.txt
 > scf
 > maxniters 1024 
 > end
 > xyz
 > 86
 > H        0.0000      0.0000      0.0000
 > He       0.0000      0.0000     20.0000
 > Li       0.0000      0.0000     40.0000
 > Be       0.0000      0.0000     60.0000
 > B        0.0000      0.0000     80.0000
 > C        0.0000      0.0000    100.0000
 > N        0.0000      0.0000    120.0000
 > O        0.0000      0.0000    140.0000
 > F        0.0000      0.0000    160.0000
 > Ne       0.0000      0.0000    180.0000
 > Na       0.0000      0.0000    200.0000
 > Mg       0.0000      0.0000    220.0000
 > Al       0.0000      0.0000    240.0000
 > Si       0.0000      0.0000    260.0000
 > P        0.0000      0.0000    280.0000
 > S        0.0000      0.0000    300.0000
 > Cl       0.0000      0.0000    320.0000
 > Ar       0.0000      0.0000    340.0000
 > K        0.0000      0.0000    360.0000
 > Ca       0.0000      0.0000    380.0000
 > Sc       0.0000      0.0000    400.0000
 > Ti       0.0000      0.0000    420.0000
 > V        0.0000      0.0000    440.0000
 > Cr       0.0000      0.0000    460.0000
 > Mn       0.0000      0.0000    480.0000
 > Fe       0.0000      0.0000    500.0000
 > Co       0.0000      0.0000    520.0000
 > Ni       0.0000      0.0000    540.0000
 > Cu       0.0000      0.0000    560.0000
 > Zn       0.0000      0.0000    580.0000
 > Ga       0.0000      0.0000    600.0000
 > Ge       0.0000      0.0000    620.0000
 > As       0.0000      0.0000    640.0000
 > Se       0.0000      0.0000    660.0000
 > Br       0.0000      0.0000    680.0000
 > Kr       0.0000      0.0000    700.0000
 > Rb       0.0000      0.0000    720.0000
 > Sr       0.0000      0.0000    740.0000
 > Y        0.0000      0.0000    760.0000
 > Zr       0.0000      0.0000    780.0000
 > Nb       0.0000      0.0000    800.0000
 > Mo       0.0000      0.0000    820.0000
 > Tc       0.0000      0.0000    840.0000
 > Ru       0.0000      0.0000    860.0000
 > Rh       0.0000      0.0000    880.0000
 > Pd       0.0000      0.0000    900.0000
 > Ag       0.0000      0.0000    920.0000
 > Cd       0.0000      0.0000    940.0000
 > In       0.0000      0.0000    960.0000
 > Sn       0.0000      0.0000    980.0000
 > Sb       0.0000      0.0000   1000.0000
 > Te       0.0000      0.0000   1020.0000
 > I        0.0000      0.0000   1040.0000
 > Xe       0.0000      0.0000   1060.0000
 > Cs       0.0000      0.0000   1080.0000
 > Ba       0.0000      0.0000   1100.0000
 > La       0.0000      0.0000   1120.0000
 > Ce       0.0000      0.0000   1140.0000
 > Pr       0.0000      0.0000   1160.0000
 > Nd       0.0000      0.0000   1180.0000
 > Pm       0.0000      0.0000   1200.0000
 > Sm       0.0000      0.0000   1220.0000
 > Eu       0.0000      0.0000   1240.0000
 > Gd       0.0000      0.0000   1260.0000
 > Tb       0.0000      0.0000   1280.0000
 > Dy       0.0000      0.0000   1300.0000
 > Ho       0.0000      0.0000   1320.0000
 > Er       0.0000      0.0000   1340.0000
 > Tm       0.0000      0.0000   1360.0000
 > Yb       0.0000      0.0000   1380.0000
 > Lu       0.0000      0.0000   1400.0000
 > Hf       0.0000      0.0000   1420.0000
 > Ta       0.0000      0.0000   1440.0000
 > W        0.0000      0.0000   1460.0000
 > Re       0.0000      0.0000   1480.0000
 > Os       0.0000      0.0000   1500.0000
 > Ir       0.0000      0.0000   1520.0000
 > Pt       0.0000      0.0000   1540.0000
 > Au       0.0000      0.0000   1560.0000
 > Hg       0.0000      0.0000   1580.0000
 > Tl       0.0000      0.0000   1600.0000
 > Pb       0.0000      0.0000   1620.0000
 > Bi       0.0000      0.0000   1640.0000
 > Po       0.0000      0.0000   1660.0000
 > At       0.0000      0.0000   1680.0000
 > Rn       0.0000      0.0000   1700.0000
 > end
 ----------------------------------------------------------------------------
                              SCF for H (2S+1=2)                             
 ----------------------------------------------------------------------------
 NUMBER OF ATOMS                         1
 CHARGE                                  0
 Prescreening (pq|pq) integrals for the Cholesky decomposition
 Shell pairs will be sorted according to their max elements
 Max diagonal integral MaxDrs=9.0E-001
 Applying Eq. 15 in J. Chem. Phys. 150, 194112 (2019); doi: 10.1063/1.5083802
 Schwarz inequality: Dpq<min(10**(-8),Tau)**2/MaxDrs=1.1E-016
 Trace of exact Coulomb matrix: 4.9E+000
 Trace of discarded integrals: 0.0E+000
 Discarded 0 out of 6 shell pairs
 (0 out of 15 orbital pairs)

 Step 1 of Cholesky decomposition: locating pivots
 -------------------------------------------------
 Dimensions of the Coulomb matrix: (15,15)
 Threshold for diagonal matrix elements: Dpq > 1.0E-007
 Max number of Cholesky vectors: 15
 Rk storage block size: 500
 Max dimension of 2e integrals buffer: (15,15)

 ----------------------------------------------------------------------------
 #    Dmax        Memory (MB)    NPivots     %    Time        
 ----------------------------------------------------------------------------
 1    4.5E-003    5.9E-002       11          73   2.8E-002    
 2    1.1E-016    1.5E-002       15          100  1.7E-003    

 Step 1 of the Cholesky decomposition completed
 Computed 15 pivots
 Largest residual Dpq: 1.1E-016
 NCholesky/NAO = 3.0E+000
 Step 1 of Cholesky decomposition completed in 3.1E-002 seconds
 Detailed timings in seconds
 Subtract prev contribs I (M-R**T*R)     1.4E-003
 Subtract prev contribs II (Rk)          3.1E-003
 Two-electron integrals                  3.3E-004
 Reallocation                            2.5E-002

 Step 2 of Cholesky decomposition completed in 2.7E-004 seconds
 Detailed timings in seconds
 Reduced-dimension matrix V    1.2E-004
 V=L*L**T                      6.4E-005
 L**(-1)                       8.0E-005

 Full-dimension Cholesky vectors of the Coulomb matrix will be stored in memory
 Cholesky vectors computed in 2.1E-004 seconds

 ┌─────────────────────────────────────────┐
 │          Self-consistent field          │
 └─────────────────────────────────────────┘

 Atomic orbital basis set
 . . . . . . . . . . . . . . . . . . . . . . . . . . . . . . . . . . . . . . 
 atomic centers                               1
 shell parameter sets                         3
 spherical AOs                                5
 max angular momentum                         1
 parameter set                                ../../../../basis-sets/bse/def2-svp.txt
 . . . . . . . . . . . . . . . . . . . . . . . . . . . . . . . . . . . . . . 
 SCF guess: bare nuclei Hamiltonian
 Starting self-consistent field iterations (spin-unrestricted)
 Alpha electrons: 1
 Beta electrons: 0
 ----------------------------------------------------------------------------
 Exchange-correlation: Hartree-Fock
 ----------------------------------------------------------------------------
 Replicated-data parallel SCF
 ----------------------------
 Processes                               1
 Threads/process                         16
 Allocated 4.9E-006 GiB of scratch space for the KS matrix build
 ----------------------------------------------------------------------------
 Spherical harmonic basis contains 5 vectors
 Linear independence thresh: Eig(S) > 1.0E-006
 Computations will be carried out in the space of 5 MOs
 Threshold for J, K: |Rho(r,s)*(pq|rs)|,|Rho(q,s)*(pq|rs)| > 1.0E-011
 Convergence conditions
 ----------------------
 RhoDiff < 1.0E-006
 OrbGrad < 1.0E-006
 Max number of macroiters: 1024
 ------------------------------------------------------------------------------
 #           Energy        EDiff    RhoDiff  OrbGrad  OrbShift NStored Time     
 ------------------------------------------------------------------------------
 0            0.1808941166                                        0    9.6E-003 
 1           -0.4978424240           1.9E+00                      0    2.1E-003 
 2           -0.4990884436 -1.2E-03  4.5E-02  3.1E-02  0.0E+00    1    3.3E-003 
 3           -0.4992531920 -1.6E-04  1.6E-02  1.1E-02  0.0E+00    2    2.9E-003 
 4           -0.4992784057 -2.5E-05  8.9E-03  4.1E-03  0.0E+00    3    3.6E-003 
 5           -0.4992784057 -6.1E-14  4.4E-07  2.0E-07  0.0E+00    4    4.1E-003 
 ------------------------------------------------------------------------------
 SCF converged
 Converged energy                        -0.499278405714     
 ------------------------------------------------------------------------------
 Ehomo [eV]                              -13.586056350890    
 Elumo [eV]                              15.568745857039     

 dipole moment (Debye)
        x              y              z       
     -3.562E-016     1.586E-031     0.000E+000

 traceless quadrupole moment (Debye*Angs)
                       x              y              z       
 x                   1.493E-016     6.886E-048     0.000E+000
 y                   6.886E-048     1.493E-016     0.000E+000
 z                   0.000E+000     0.000E+000     1.493E-016

 ----------------------------------------------------------------------------
 Timings (seconds)
 * mean-field hamiltonian     1.2E-002
 * solver (setting up eqns)   8.3E-004
 * solver (energy estimate)   1.7E-003
 * solver (orthogonalization) 3.4E-004
 * solver (rotation matrix X) 1.6E-003
 * solver (exponential of X)  7.7E-004
 * solver (total)             5.7E-003
 * total SCF                  2.6E-002
 Atomic guess: H, ../../../../basis-sets/bse/def2-svp.txt
 --------------------------------------------------------
 E(HF) [a.u.]                            -4.9927840571E-001
 Tr(RhoAvg S), Cartesian AOs              1.0000000000E+000
 Tr(RhoAvg S), spherical AOs              1.0000000000E+000
 max|T RhoAvg T**T - RhoAvg_sao|                  1.11E-016
 max|c(RhoAvg) - c(Rho)|                          4.44E-016
 max|RhoAvg - Rho|                                1.67E-016
 Saved /mnt/storage_6/project_data/pl0415-03/marcin/beyond-rpa/guess/electron-densities/bse/def2-svp/h.txt
 ----------------------------------------------------------------------------
                                  SCF for HE                                 
 ----------------------------------------------------------------------------
 NUMBER OF ATOMS                         1
 CHARGE                                  0
 Prescreening (pq|pq) integrals for the Cholesky decomposition
 Shell pairs will be sorted according to their max elements
 Max diagonal integral MaxDrs=1.5E+000
 Applying Eq. 15 in J. Chem. Phys. 150, 194112 (2019); doi: 10.1063/1.5083802
 Schwarz inequality: Dpq<min(10**(-8),Tau)**2/MaxDrs=6.5E-017
 Trace of exact Coulomb matrix: 6.4E+000
 Trace of discarded integrals: 0.0E+000
 Discarded 0 out of 6 shell pairs
 (0 out of 15 orbital pairs)

 Step 1 of Cholesky decomposition: locating pivots
 -------------------------------------------------
 Dimensions of the Coulomb matrix: (15,15)
 Threshold for diagonal matrix elements: Dpq > 1.0E-007
 Max number of Cholesky vectors: 15
 Rk storage block size: 500
 Max dimension of 2e integrals buffer: (15,15)

 ----------------------------------------------------------------------------
 #    Dmax        Memory (MB)    NPivots     %    Time        
 ----------------------------------------------------------------------------
 1    3.3E-004    5.9E-002       14          93   2.9E-004    
 2    -6.0E-017   3.8E-003       15          100  2.6E-004    

 Step 1 of the Cholesky decomposition completed
 Computed 15 pivots
 Largest residual Dpq: -6.0E-017
 NCholesky/NAO = 3.0E+000
 Step 1 of Cholesky decomposition completed in 6.1E-004 seconds
 Detailed timings in seconds
 Subtract prev contribs I (M-R**T*R)     3.1E-006
 Subtract prev contribs II (Rk)          1.9E-005
 Two-electron integrals                  2.4E-004
 Reallocation                            2.3E-004

 Step 2 of Cholesky decomposition completed in 1.1E-004 seconds
 Detailed timings in seconds
 Reduced-dimension matrix V    8.3E-005
 V=L*L**T                      6.0E-006
 L**(-1)                       1.0E-005

 Full-dimension Cholesky vectors of the Coulomb matrix will be stored in memory
 Cholesky vectors computed in 1.1E-004 seconds

 ┌─────────────────────────────────────────┐
 │          Self-consistent field          │
 └─────────────────────────────────────────┘

 Atomic orbital basis set
 . . . . . . . . . . . . . . . . . . . . . . . . . . . . . . . . . . . . . . 
 atomic centers                               1
 shell parameter sets                         3
 spherical AOs                                5
 max angular momentum                         1
 parameter set                                ../../../../basis-sets/bse/def2-svp.txt
 . . . . . . . . . . . . . . . . . . . . . . . . . . . . . . . . . . . . . . 
 SCF guess: bare nuclei Hamiltonian
 Starting self-consistent field iterations (spin-restricted singlet)
 Alpha+beta electrons: 2
 ----------------------------------------------------------------------------
 Exchange-correlation: Hartree-Fock
 ----------------------------------------------------------------------------
 Replicated-data parallel SCF
 ----------------------------
 Processes                               1
 Threads/process                         16
 Allocated 2.7E-006 GiB of scratch space for the KS matrix build
 ----------------------------------------------------------------------------
 Spherical harmonic basis contains 5 vectors
 Linear independence thresh: Eig(S) > 1.0E-006
 Computations will be carried out in the space of 5 MOs
 Threshold for J, K: |Rho(r,s)*(pq|rs)|,|Rho(q,s)*(pq|rs)| > 1.0E-011
 Convergence conditions
 ----------------------
 RhoDiff < 1.0E-006
 OrbGrad < 1.0E-006
 Max number of macroiters: 1024
 ------------------------------------------------------------------------------
 #           Energy        EDiff    RhoDiff  OrbGrad  OrbShift NStored Time     
 ------------------------------------------------------------------------------
 0            0.5734824239                                        0    8.8E-003 
 1           -2.8401784319           3.3E+00                      0    1.9E-003 
 2           -2.8550784598 -1.5E-02  1.6E-01  1.3E-01  0.0E+00    1    3.2E-003 
 3           -2.8551600073 -8.2E-05  1.1E-02  9.4E-03  0.0E+00    2    3.1E-003 
 4           -2.8551604793 -4.7E-07  9.1E-04  7.1E-04  0.0E+00    3    3.7E-003 
 5           -2.8551604793 -4.4E-16  2.6E-08  2.0E-08  0.0E+00    4    3.9E-003 
 ------------------------------------------------------------------------------
 SCF converged
 Converged energy                        -2.855160479344     
 ------------------------------------------------------------------------------
 Ehomo [eV]                              -24.875306640797    
 Elumo [eV]                              38.023268120307     

 dipole moment (Debye)
        x              y              z       
      6.895E-019     1.924E-031     5.676E-034

 traceless quadrupole moment (Debye*Angs)
                       x              y              z       
 x                   0.000E+000    -9.336E-051    -2.754E-053
 y                  -9.336E-051     0.000E+000    -7.686E-066
 z                  -2.754E-053    -7.686E-066     0.000E+000

 ----------------------------------------------------------------------------
 Timings (seconds)
 * mean-field hamiltonian     1.2E-002
 * solver (setting up eqns)   8.1E-004
 * solver (energy estimate)   1.7E-003
 * solver (orthogonalization) 3.8E-004
 * solver (rotation matrix X) 1.5E-003
 * solver (exponential of X)  8.1E-004
 * solver (total)             6.0E-003
 * total SCF                  2.5E-002
 Atomic guess: HE, ../../../../basis-sets/bse/def2-svp.txt
 ---------------------------------------------------------
 E(HF) [a.u.]                            -2.8551604793E+000
 Tr(RhoAvg S), Cartesian AOs              2.0000000000E+000
 Tr(RhoAvg S), spherical AOs              2.0000000000E+000
 max|T RhoAvg T**T - RhoAvg_sao|                  0.00E+000
 max|c(RhoAvg) - c(Rho)|                          1.31E-054
 max|RhoAvg - Rho|                                1.53E-019
 Saved /mnt/storage_6/project_data/pl0415-03/marcin/beyond-rpa/guess/electron-densities/bse/def2-svp/he.txt
 ----------------------------------------------------------------------------
                             SCF for LI (2S+1=2)                             
 ----------------------------------------------------------------------------
 NUMBER OF ATOMS                         1
 CHARGE                                  0
 Prescreening (pq|pq) integrals for the Cholesky decomposition
 Shell pairs will be sorted according to their max elements
 Max diagonal integral MaxDrs=1.7E+000
 Applying Eq. 15 in J. Chem. Phys. 150, 194112 (2019); doi: 10.1063/1.5083802
 Schwarz inequality: Dpq<min(10**(-8),Tau)**2/MaxDrs=6.0E-017
 Trace of exact Coulomb matrix: 6.0E+000
 Trace of discarded integrals: 0.0E+000
 Discarded 0 out of 15 shell pairs
 (0 out of 45 orbital pairs)

 Step 1 of Cholesky decomposition: locating pivots
 -------------------------------------------------
 Dimensions of the Coulomb matrix: (45,45)
 Threshold for diagonal matrix elements: Dpq > 1.0E-007
 Max number of Cholesky vectors: 45
 Rk storage block size: 500
 Max dimension of 2e integrals buffer: (45,45)

 ----------------------------------------------------------------------------
 #    Dmax        Memory (MB)    NPivots     %    Time        
 ----------------------------------------------------------------------------
 1    1.2E-002    1.9E-001       16          36   6.9E-004    
 2    3.2E-005    1.3E-001       33          82   1.1E-003    
 3    3.1E-007    3.1E-002       37          91   3.3E-004    
 4    2.1E-018    1.5E-002       41          100  2.5E-004    

 Step 1 of the Cholesky decomposition completed
 Computed 41 pivots
 Largest residual Dpq: 2.1E-018
 NCholesky/NAO = 4.6E+000
 Step 1 of Cholesky decomposition completed in 2.5E-003 seconds
 Detailed timings in seconds
 Subtract prev contribs I (M-R**T*R)     5.6E-004
 Subtract prev contribs II (Rk)          1.2E-004
 Two-electron integrals                  8.8E-004
 Reallocation                            7.2E-004

 Step 2 of Cholesky decomposition completed in 2.5E-004 seconds
 Detailed timings in seconds
 Reduced-dimension matrix V    1.8E-004
 V=L*L**T                      4.7E-005
 L**(-1)                       1.0E-005

 Full-dimension Cholesky vectors of the Coulomb matrix will be stored in memory
 Cholesky vectors computed in 4.9E-004 seconds

 ┌─────────────────────────────────────────┐
 │          Self-consistent field          │
 └─────────────────────────────────────────┘

 Atomic orbital basis set
 . . . . . . . . . . . . . . . . . . . . . . . . . . . . . . . . . . . . . . 
 atomic centers                               1
 shell parameter sets                         5
 spherical AOs                                9
 max angular momentum                         1
 parameter set                                ../../../../basis-sets/bse/def2-svp.txt
 . . . . . . . . . . . . . . . . . . . . . . . . . . . . . . . . . . . . . . 
 SCF guess: bare nuclei Hamiltonian
 Starting self-consistent field iterations (spin-unrestricted)
 Alpha electrons: 2
 Beta electrons: 1
 ----------------------------------------------------------------------------
 Exchange-correlation: Hartree-Fock
 ----------------------------------------------------------------------------
 Replicated-data parallel SCF
 ----------------------------
 Processes                               1
 Threads/process                         16
 Allocated 1.4E-005 GiB of scratch space for the KS matrix build
 ----------------------------------------------------------------------------
 Spherical harmonic basis contains 9 vectors
 Linear independence thresh: Eig(S) > 1.0E-006
 Computations will be carried out in the space of 9 MOs
 Threshold for J, K: |Rho(r,s)*(pq|rs)|,|Rho(q,s)*(pq|rs)| > 1.0E-011
 Convergence conditions
 ----------------------
 RhoDiff < 1.0E-006
 OrbGrad < 1.0E-006
 Max number of macroiters: 1024
 ------------------------------------------------------------------------------
 #           Energy        EDiff    RhoDiff  OrbGrad  OrbShift NStored Time     
 ------------------------------------------------------------------------------
 0           -1.1750284416                                        0    1.7E-002 
 1           -6.9439882018           3.8E+00                      0    9.8E-003 
 2           -7.2170007356 -2.7E-01  6.3E-01  2.4E-01  4.6E-01    1    2.1E-002 
 3           -7.3364996336 -1.2E-01  4.7E-01  2.3E-01  1.1E-02    2    1.2E-002 
 4           -7.3419738377 -5.5E-03  1.3E-01  5.3E-02  0.0E+00    3    1.4E-002 
 5           -7.3419757567 -1.9E-06  1.3E-03  1.4E-03  0.0E+00    4    1.4E-002 
 6           -7.3419757585 -1.7E-09  3.6E-05  4.0E-05  0.0E+00    5    1.4E-002 
 7           -7.3419757585 -6.6E-12  2.4E-06  2.7E-06  0.0E+00    6    1.5E-002 
 8           -7.3419757585 -4.0E-14  1.6E-07  2.1E-07  0.0E+00    7    1.6E-002 
 ------------------------------------------------------------------------------
 SCF converged
 Converged energy                        -7.341975758474     
 ------------------------------------------------------------------------------
 Ehomo(Alpha) [eV]                       -2.969792351530     
 Elumo(Alpha) [eV]                       -0.354689117436     
 Ehomo(Beta) [eV]                        -66.882348179569    
 Elumo(Beta) [eV]                        0.558192712534      

 dipole moment (Debye)
        x              y              z       
      1.332E-011    -2.712E-012    -3.043E-012

 traceless quadrupole moment (Debye*Angs)
                       x              y              z       
 x                  -6.455E+000     2.068E+000     2.320E+000
 y                   2.068E+000     3.282E+000    -4.722E-001
 z                   2.320E+000    -4.722E-001     3.173E+000

 ----------------------------------------------------------------------------
 Timings (seconds)
 * mean-field hamiltonian     8.8E-002
 * solver (setting up eqns)   3.1E-003
 * solver (energy estimate)   9.7E-003
 * solver (orthogonalization) 1.2E-003
 * solver (rotation matrix X) 1.8E-002
 * solver (exponential of X)  2.8E-003
 * solver (total)             3.8E-002
 * total SCF                  1.3E-001
 Atomic guess: LI, ../../../../basis-sets/bse/def2-svp.txt
 ---------------------------------------------------------
 E(HF) [a.u.]                            -7.3419757585E+000
 Tr(RhoAvg S), Cartesian AOs              3.0000000000E+000
 Tr(RhoAvg S), spherical AOs              3.0000000000E+000
 max|T RhoAvg T**T - RhoAvg_sao|                  0.00E+000
 max|c(RhoAvg) - c(Rho)|                          5.55E-017
 max|RhoAvg - Rho|                                4.89E-001
 Saved /mnt/storage_6/project_data/pl0415-03/marcin/beyond-rpa/guess/electron-densities/bse/def2-svp/li.txt
 ----------------------------------------------------------------------------
                                  SCF for BE                                 
 ----------------------------------------------------------------------------
 NUMBER OF ATOMS                         1
 CHARGE                                  0
 Prescreening (pq|pq) integrals for the Cholesky decomposition
 Shell pairs will be sorted according to their max elements
 Max diagonal integral MaxDrs=2.3E+000
 Applying Eq. 15 in J. Chem. Phys. 150, 194112 (2019); doi: 10.1063/1.5083802
 Schwarz inequality: Dpq<min(10**(-8),Tau)**2/MaxDrs=4.4E-017
 Trace of exact Coulomb matrix: 6.6E+000
 Trace of discarded integrals: 0.0E+000
 Discarded 0 out of 15 shell pairs
 (0 out of 45 orbital pairs)

 Step 1 of Cholesky decomposition: locating pivots
 -------------------------------------------------
 Dimensions of the Coulomb matrix: (45,45)
 Threshold for diagonal matrix elements: Dpq > 1.0E-007
 Max number of Cholesky vectors: 45
 Rk storage block size: 500
 Max dimension of 2e integrals buffer: (45,45)

 ----------------------------------------------------------------------------
 #    Dmax        Memory (MB)    NPivots     %    Time        
 ----------------------------------------------------------------------------
 1    2.2E-002    1.9E-001       13          29   7.2E-004    
 2    4.5E-006    1.4E-001       32          78   8.3E-004    
 3    4.7E-008    3.9E-002       41          100  3.7E-004    

 Step 1 of the Cholesky decomposition completed
 Computed 41 pivots
 Largest residual Dpq: 4.7E-008
 NCholesky/NAO = 4.6E+000
 Step 1 of Cholesky decomposition completed in 2.0E-003 seconds
 Detailed timings in seconds
 Subtract prev contribs I (M-R**T*R)     2.8E-004
 Subtract prev contribs II (Rk)          3.0E-005
 Two-electron integrals                  9.7E-004
 Reallocation                            5.3E-004

 Step 2 of Cholesky decomposition completed in 3.4E-004 seconds
 Detailed timings in seconds
 Reduced-dimension matrix V    2.9E-004
 V=L*L**T                      2.1E-005
 L**(-1)                       1.1E-005

 Full-dimension Cholesky vectors of the Coulomb matrix will be stored in memory
 Cholesky vectors computed in 6.7E-004 seconds

 ┌─────────────────────────────────────────┐
 │          Self-consistent field          │
 └─────────────────────────────────────────┘

 Atomic orbital basis set
 . . . . . . . . . . . . . . . . . . . . . . . . . . . . . . . . . . . . . . 
 atomic centers                               1
 shell parameter sets                         5
 spherical AOs                                9
 max angular momentum                         1
 parameter set                                ../../../../basis-sets/bse/def2-svp.txt
 . . . . . . . . . . . . . . . . . . . . . . . . . . . . . . . . . . . . . . 
 SCF guess: bare nuclei Hamiltonian
 Starting self-consistent field iterations (spin-restricted singlet)
 Alpha+beta electrons: 4
 ----------------------------------------------------------------------------
 Exchange-correlation: Hartree-Fock
 ----------------------------------------------------------------------------
 Replicated-data parallel SCF
 ----------------------------
 Processes                               1
 Threads/process                         16
 Allocated 7.9E-006 GiB of scratch space for the KS matrix build
 ----------------------------------------------------------------------------
 Spherical harmonic basis contains 9 vectors
 Linear independence thresh: Eig(S) > 1.0E-006
 Computations will be carried out in the space of 9 MOs
 Threshold for J, K: |Rho(r,s)*(pq|rs)|,|Rho(q,s)*(pq|rs)| > 1.0E-011
 Convergence conditions
 ----------------------
 RhoDiff < 1.0E-006
 OrbGrad < 1.0E-006
 Max number of macroiters: 1024
 ------------------------------------------------------------------------------
 #           Energy        EDiff    RhoDiff  OrbGrad  OrbShift NStored Time     
 ------------------------------------------------------------------------------
 0           -2.9269731370                                        0    1.2E-002 
 1          -14.3695892662           4.8E+00                      0    4.9E-003 
 2          -14.5473849720 -1.8E-01  3.0E+00  1.3E-01  0.0E+00    1    6.3E-003 
 3          -14.5532354263 -5.9E-03  3.6E-01  3.3E-02  0.0E+00    2    6.3E-003 
 4          -14.5537268146 -4.9E-04  1.3E-01  9.3E-03  0.0E+00    3    7.2E-003 
 5          -14.5537268596 -4.5E-08  1.2E-03  8.9E-05  0.0E+00    4    7.0E-003 
 6          -14.5537268596 -7.3E-14  5.1E-07  3.9E-07  0.0E+00    5    7.1E-003 
 ------------------------------------------------------------------------------
 SCF converged
 Converged energy                        -14.553726859561    
 ------------------------------------------------------------------------------
 Ehomo [eV]                              -8.311194506001     
 Elumo [eV]                              1.505946402329      

 dipole moment (Debye)
        x              y              z       
      1.447E-015    -3.821E-016    -5.155E-016

 traceless quadrupole moment (Debye*Angs)
                       x              y              z       
 x                   0.000E+000     4.981E-031     1.720E-031
 y                   4.981E-031     0.000E+000     1.078E-031
 z                   1.720E-031     1.078E-031     0.000E+000

 ----------------------------------------------------------------------------
 Timings (seconds)
 * mean-field hamiltonian     3.5E-002
 * solver (setting up eqns)   1.1E-003
 * solver (energy estimate)   2.6E-003
 * solver (orthogonalization) 4.4E-004
 * solver (rotation matrix X) 2.5E-003
 * solver (exponential of X)  1.0E-003
 * solver (total)             8.8E-003
 * total SCF                  5.1E-002
 Atomic guess: BE, ../../../../basis-sets/bse/def2-svp.txt
 ---------------------------------------------------------
 E(HF) [a.u.]                            -1.4553726860E+001
 Tr(RhoAvg S), Cartesian AOs              4.0000000000E+000
 Tr(RhoAvg S), spherical AOs              4.0000000000E+000
 max|T RhoAvg T**T - RhoAvg_sao|                  1.09E-047
 max|c(RhoAvg) - c(Rho)|                          4.38E-047
 max|RhoAvg - Rho|                                3.81E-016
 Saved /mnt/storage_6/project_data/pl0415-03/marcin/beyond-rpa/guess/electron-densities/bse/def2-svp/be.txt
 ----------------------------------------------------------------------------
                              SCF for B (2S+1=2)                             
 ----------------------------------------------------------------------------
 NUMBER OF ATOMS                         1
 CHARGE                                  0
 Prescreening (pq|pq) integrals for the Cholesky decomposition
 Shell pairs will be sorted according to their max elements
 Max diagonal integral MaxDrs=2.9E+000
 Applying Eq. 15 in J. Chem. Phys. 150, 194112 (2019); doi: 10.1063/1.5083802
 Schwarz inequality: Dpq<min(10**(-8),Tau)**2/MaxDrs=3.4E-017
 Trace of exact Coulomb matrix: 1.3E+001
 Trace of discarded integrals: 0.0E+000
 Discarded 0 out of 21 shell pairs
 (0 out of 105 orbital pairs)

 Step 1 of Cholesky decomposition: locating pivots
 -------------------------------------------------
 Dimensions of the Coulomb matrix: (105,105)
 Threshold for diagonal matrix elements: Dpq > 1.0E-007
 Max number of Cholesky vectors: 105
 Rk storage block size: 500
 Max dimension of 2e integrals buffer: (105,105)

 ----------------------------------------------------------------------------
 #    Dmax        Memory (MB)    NPivots     %    Time        
 ----------------------------------------------------------------------------
 1    2.5E-002    4.8E-001       20          19   1.7E-003    
 2    9.5E-005    4.5E-001       64          71   1.9E-003    
 3    3.6E-007    2.1E-001       78          88   9.8E-004    
 4    3.8E-008    7.1E-002       88          100  4.5E-004    

 Step 1 of the Cholesky decomposition completed
 Computed 88 pivots
 Largest residual Dpq: 3.8E-008
 NCholesky/NAO = 6.3E+000
 Step 1 of Cholesky decomposition completed in 5.2E-003 seconds
 Detailed timings in seconds
 Subtract prev contribs I (M-R**T*R)     7.1E-004
 Subtract prev contribs II (Rk)          3.0E-004
 Two-electron integrals                  2.9E-003
 Reallocation                            8.9E-004

 Step 2 of Cholesky decomposition completed in 1.0E-003 seconds
 Detailed timings in seconds
 Reduced-dimension matrix V    8.7E-004
 V=L*L**T                      9.2E-005
 L**(-1)                       3.6E-005

 Full-dimension Cholesky vectors of the Coulomb matrix will be stored in memory
 Cholesky vectors computed in 1.8E-003 seconds

 ┌─────────────────────────────────────────┐
 │          Self-consistent field          │
 └─────────────────────────────────────────┘

 Atomic orbital basis set
 . . . . . . . . . . . . . . . . . . . . . . . . . . . . . . . . . . . . . . 
 atomic centers                               1
 shell parameter sets                         6
 spherical AOs                                14
 max angular momentum                         2
 parameter set                                ../../../../basis-sets/bse/def2-svp.txt
 . . . . . . . . . . . . . . . . . . . . . . . . . . . . . . . . . . . . . . 
 SCF guess: bare nuclei Hamiltonian
 Starting self-consistent field iterations (spin-unrestricted)
 Alpha electrons: 3
 Beta electrons: 2
 ----------------------------------------------------------------------------
 Exchange-correlation: Hartree-Fock
 ----------------------------------------------------------------------------
 Replicated-data parallel SCF
 ----------------------------
 Processes                               1
 Threads/process                         16
 Allocated 3.8E-005 GiB of scratch space for the KS matrix build
 ----------------------------------------------------------------------------
 Spherical harmonic basis contains 14 vectors
 Linear independence thresh: Eig(S) > 1.0E-006
 Computations will be carried out in the space of 14 MOs
 Threshold for J, K: |Rho(r,s)*(pq|rs)|,|Rho(q,s)*(pq|rs)| > 1.0E-011
 Convergence conditions
 ----------------------
 RhoDiff < 1.0E-006
 OrbGrad < 1.0E-006
 Max number of macroiters: 1024
 ------------------------------------------------------------------------------
 #           Energy        EDiff    RhoDiff  OrbGrad  OrbShift NStored Time     
 ------------------------------------------------------------------------------
 0           -5.6382127838                                        0    2.5E-002 
 1          -23.9934854073           2.4E+00                      0    1.8E-002 
 2          -24.4691797819 -4.8E-01  1.4E+00  2.4E-01  1.5E-01    1    2.7E-002 
 3          -24.4988568186 -3.0E-02  2.6E-01  9.0E-02  0.0E+00    2    2.0E-002 
 4          -24.5003330048 -1.5E-03  5.0E-02  2.3E-02  0.0E+00    3    2.2E-002 
 5          -24.5005547195 -2.2E-04  3.8E-02  6.4E-03  0.0E+00    4    2.2E-002 
 6          -24.5005548056 -8.6E-08  2.7E-04  2.0E-04  0.0E+00    5    2.2E-002 
 7          -24.5005548153 -9.6E-09  2.4E-04  5.4E-05  0.0E+00    6    2.3E-002 
 8          -24.5005548153 -2.2E-11  4.8E-06  4.3E-06  0.0E+00    7    2.4E-002 
 9          -24.5005548153 -1.4E-12  7.8E-07  1.2E-06  0.0E+00    8    2.4E-002 
 10         -24.5005548153 -1.2E-13  2.0E-07  3.1E-07  0.0E+00    8    2.5E-002 
 ------------------------------------------------------------------------------
 SCF converged
 Converged energy                        -24.500554815309    
 ------------------------------------------------------------------------------
 Ehomo(Alpha) [eV]                       -8.719869884976     
 Elumo(Alpha) [eV]                       1.374291065658      
 Ehomo(Beta) [eV]                        -11.888471081427    
 Elumo(Beta) [eV]                        1.779717552564      

 dipole moment (Debye)
        x              y              z       
      3.615E-017    -5.930E-016    -7.833E-016

 traceless quadrupole moment (Debye*Angs)
                       x              y              z       
 x                  -1.627E+000     7.957E-001     2.073E+000
 y                   7.957E-001     1.384E+000    -5.140E-001
 z                   2.073E+000    -5.140E-001     2.428E-001

 ----------------------------------------------------------------------------
 Timings (seconds)
 * mean-field hamiltonian     2.0E-001
 * solver (setting up eqns)   4.1E-003
 * solver (energy estimate)   1.6E-002
 * solver (orthogonalization) 1.5E-003
 * solver (rotation matrix X) 2.1E-002
 * solver (exponential of X)  3.7E-003
 * solver (total)             4.8E-002
 * total SCF                  2.5E-001
 Atomic guess: B, ../../../../basis-sets/bse/def2-svp.txt
 --------------------------------------------------------
 E(HF) [a.u.]                            -2.4500554815E+001
 Tr(RhoAvg S), Cartesian AOs              5.0000000000E+000
 Tr(RhoAvg S), spherical AOs              5.0000000000E+000
 max|T RhoAvg T**T - RhoAvg_sao|                  1.39E-017
 max|c(RhoAvg) - c(Rho)|                          1.39E-017
 max|RhoAvg - Rho|                                1.94E-001
 Saved /mnt/storage_6/project_data/pl0415-03/marcin/beyond-rpa/guess/electron-densities/bse/def2-svp/b.txt
 ----------------------------------------------------------------------------
                              SCF for C (2S+1=3)                             
 ----------------------------------------------------------------------------
 NUMBER OF ATOMS                         1
 CHARGE                                  0
 Prescreening (pq|pq) integrals for the Cholesky decomposition
 Shell pairs will be sorted according to their max elements
 Max diagonal integral MaxDrs=3.5E+000
 Applying Eq. 15 in J. Chem. Phys. 150, 194112 (2019); doi: 10.1063/1.5083802
 Schwarz inequality: Dpq<min(10**(-8),Tau)**2/MaxDrs=2.8E-017
 Trace of exact Coulomb matrix: 1.7E+001
 Trace of discarded integrals: 0.0E+000
 Discarded 0 out of 21 shell pairs
 (0 out of 105 orbital pairs)

 Step 1 of Cholesky decomposition: locating pivots
 -------------------------------------------------
 Dimensions of the Coulomb matrix: (105,105)
 Threshold for diagonal matrix elements: Dpq > 1.0E-007
 Max number of Cholesky vectors: 105
 Rk storage block size: 500
 Max dimension of 2e integrals buffer: (105,105)

 ----------------------------------------------------------------------------
 #    Dmax        Memory (MB)    NPivots     %    Time        
 ----------------------------------------------------------------------------
 1    3.2E-002    4.8E-001       20          19   1.6E-003    
 2    1.3E-004    4.5E-001       64          71   1.8E-003    
 3    4.9E-007    2.1E-001       78          90   7.8E-004    
 4    3.3E-008    5.1E-002       86          100  4.2E-004    

 Step 1 of the Cholesky decomposition completed
 Computed 86 pivots
 Largest residual Dpq: 3.3E-008
 NCholesky/NAO = 6.1E+000
 Step 1 of Cholesky decomposition completed in 4.7E-003 seconds
 Detailed timings in seconds
 Subtract prev contribs I (M-R**T*R)     5.2E-004
 Subtract prev contribs II (Rk)          1.0E-004
 Two-electron integrals                  3.0E-003
 Reallocation                            7.8E-004

 Step 2 of Cholesky decomposition completed in 9.9E-004 seconds
 Detailed timings in seconds
 Reduced-dimension matrix V    8.6E-004
 V=L*L**T                      9.2E-005
 L**(-1)                       3.3E-005

 Full-dimension Cholesky vectors of the Coulomb matrix will be stored in memory
 Cholesky vectors computed in 1.8E-003 seconds

 ┌─────────────────────────────────────────┐
 │          Self-consistent field          │
 └─────────────────────────────────────────┘

 Atomic orbital basis set
 . . . . . . . . . . . . . . . . . . . . . . . . . . . . . . . . . . . . . . 
 atomic centers                               1
 shell parameter sets                         6
 spherical AOs                                14
 max angular momentum                         2
 parameter set                                ../../../../basis-sets/bse/def2-svp.txt
 . . . . . . . . . . . . . . . . . . . . . . . . . . . . . . . . . . . . . . 
 SCF guess: bare nuclei Hamiltonian
 Starting self-consistent field iterations (spin-unrestricted)
 Alpha electrons: 4
 Beta electrons: 2
 ----------------------------------------------------------------------------
 Exchange-correlation: Hartree-Fock
 ----------------------------------------------------------------------------
 Replicated-data parallel SCF
 ----------------------------
 Processes                               1
 Threads/process                         16
 Allocated 3.8E-005 GiB of scratch space for the KS matrix build
 ----------------------------------------------------------------------------
 Spherical harmonic basis contains 14 vectors
 Linear independence thresh: Eig(S) > 1.0E-006
 Computations will be carried out in the space of 14 MOs
 Threshold for J, K: |Rho(r,s)*(pq|rs)|,|Rho(q,s)*(pq|rs)| > 1.0E-011
 Convergence conditions
 ----------------------
 RhoDiff < 1.0E-006
 OrbGrad < 1.0E-006
 Max number of macroiters: 1024
 ------------------------------------------------------------------------------
 #           Energy        EDiff    RhoDiff  OrbGrad  OrbShift NStored Time     
 ------------------------------------------------------------------------------
 0           -9.4818265066                                        0    2.5E-002 
 1          -36.6323132928           2.4E+00                      0    1.8E-002 
 2          -37.6037200417 -9.7E-01  1.4E+00  3.8E-01  3.3E-01    1    2.4E-002 
 3          -37.6433898491 -4.0E-02  2.5E-01  1.2E-01  0.0E+00    2    1.7E-002 
 4          -37.6449128154 -1.5E-03  4.8E-02  2.5E-02  0.0E+00    3    1.9E-002 
 5          -37.6452291501 -3.2E-04  3.5E-02  1.0E-02  0.0E+00    4    1.8E-002 
 6          -37.6452298396 -6.9E-07  1.5E-03  6.7E-04  0.0E+00    5    1.9E-002 
 7          -37.6452298462 -6.6E-09  1.0E-04  1.0E-04  0.0E+00    6    1.9E-002 
 8          -37.6452298462 -1.8E-11  8.7E-07  4.8E-06  0.0E+00    7    2.0E-002 
 9          -37.6452298462 -1.0E-12  2.0E-07  1.1E-06  0.0E+00    8    2.0E-002 
 10         -37.6452298462 -5.7E-14  4.8E-08  2.6E-07  0.0E+00    8    2.1E-002 
 ------------------------------------------------------------------------------
 SCF converged
 Converged energy                        -37.645229846176    
 ------------------------------------------------------------------------------
 Ehomo(Alpha) [eV]                       -11.984692347018    
 Elumo(Alpha) [eV]                       1.056050519379      
 Ehomo(Beta) [eV]                        -15.497443368840    
 Elumo(Beta) [eV]                        2.206277435002      

 dipole moment (Debye)
        x              y              z       
      1.845E-015     4.131E-016     8.139E-016

 traceless quadrupole moment (Debye*Angs)
                       x              y              z       
 x                  -1.758E-001     1.204E+000     4.661E-001
 y                   1.204E+000     8.673E-001     7.099E-001
 z                   4.661E-001     7.099E-001    -6.915E-001

 ----------------------------------------------------------------------------
 Timings (seconds)
 * mean-field hamiltonian     1.7E-001
 * solver (setting up eqns)   3.7E-003
 * solver (energy estimate)   1.3E-002
 * solver (orthogonalization) 1.4E-003
 * solver (rotation matrix X) 1.9E-002
 * solver (exponential of X)  3.0E-003
 * solver (total)             4.2E-002
 * total SCF                  2.2E-001
 Atomic guess: C, ../../../../basis-sets/bse/def2-svp.txt
 --------------------------------------------------------
 E(HF) [a.u.]                            -3.7645229846E+001
 Tr(RhoAvg S), Cartesian AOs              6.0000000000E+000
 Tr(RhoAvg S), spherical AOs              6.0000000000E+000
 max|T RhoAvg T**T - RhoAvg_sao|                  8.33E-017
 max|c(RhoAvg) - c(Rho)|                          1.11E-016
 max|RhoAvg - Rho|                                1.90E-001
 Saved /mnt/storage_6/project_data/pl0415-03/marcin/beyond-rpa/guess/electron-densities/bse/def2-svp/c.txt
 ----------------------------------------------------------------------------
                              SCF for N (2S+1=4)                             
 ----------------------------------------------------------------------------
 NUMBER OF ATOMS                         1
 CHARGE                                  0
 Prescreening (pq|pq) integrals for the Cholesky decomposition
 Shell pairs will be sorted according to their max elements
 Max diagonal integral MaxDrs=4.2E+000
 Applying Eq. 15 in J. Chem. Phys. 150, 194112 (2019); doi: 10.1063/1.5083802
 Schwarz inequality: Dpq<min(10**(-8),Tau)**2/MaxDrs=2.4E-017
 Trace of exact Coulomb matrix: 1.9E+001
 Trace of discarded integrals: 0.0E+000
 Discarded 0 out of 21 shell pairs
 (0 out of 105 orbital pairs)

 Step 1 of Cholesky decomposition: locating pivots
 -------------------------------------------------
 Dimensions of the Coulomb matrix: (105,105)
 Threshold for diagonal matrix elements: Dpq > 1.0E-007
 Max number of Cholesky vectors: 105
 Rk storage block size: 500
 Max dimension of 2e integrals buffer: (105,105)

 ----------------------------------------------------------------------------
 #    Dmax        Memory (MB)    NPivots     %    Time        
 ----------------------------------------------------------------------------
 1    3.9E-002    4.8E-001       19          18   1.2E-003    
 2    3.3E-004    4.5E-001       61          68   1.7E-003    
 3    2.7E-006    2.2E-001       73          80   7.4E-004    
 4    3.6E-008    1.1E-001       87          100  5.5E-004    

 Step 1 of the Cholesky decomposition completed
 Computed 87 pivots
 Largest residual Dpq: 3.6E-008
 NCholesky/NAO = 6.2E+000
 Step 1 of Cholesky decomposition completed in 4.4E-003 seconds
 Detailed timings in seconds
 Subtract prev contribs I (M-R**T*R)     6.1E-004
 Subtract prev contribs II (Rk)          1.1E-004
 Two-electron integrals                  2.5E-003
 Reallocation                            7.9E-004

 Step 2 of Cholesky decomposition completed in 9.4E-004 seconds
 Detailed timings in seconds
 Reduced-dimension matrix V    8.1E-004
 V=L*L**T                      7.9E-005
 L**(-1)                       3.5E-005

 Full-dimension Cholesky vectors of the Coulomb matrix will be stored in memory
 Cholesky vectors computed in 1.8E-003 seconds

 ┌─────────────────────────────────────────┐
 │          Self-consistent field          │
 └─────────────────────────────────────────┘

 Atomic orbital basis set
 . . . . . . . . . . . . . . . . . . . . . . . . . . . . . . . . . . . . . . 
 atomic centers                               1
 shell parameter sets                         6
 spherical AOs                                14
 max angular momentum                         2
 parameter set                                ../../../../basis-sets/bse/def2-svp.txt
 . . . . . . . . . . . . . . . . . . . . . . . . . . . . . . . . . . . . . . 
 SCF guess: bare nuclei Hamiltonian
 Starting self-consistent field iterations (spin-unrestricted)
 Alpha electrons: 5
 Beta electrons: 2
 ----------------------------------------------------------------------------
 Exchange-correlation: Hartree-Fock
 ----------------------------------------------------------------------------
 Replicated-data parallel SCF
 ----------------------------
 Processes                               1
 Threads/process                         16
 Allocated 3.8E-005 GiB of scratch space for the KS matrix build
 ----------------------------------------------------------------------------
 Spherical harmonic basis contains 14 vectors
 Linear independence thresh: Eig(S) > 1.0E-006
 Computations will be carried out in the space of 14 MOs
 Threshold for J, K: |Rho(r,s)*(pq|rs)|,|Rho(q,s)*(pq|rs)| > 1.0E-011
 Convergence conditions
 ----------------------
 RhoDiff < 1.0E-006
 OrbGrad < 1.0E-006
 Max number of macroiters: 1024
 ------------------------------------------------------------------------------
 #           Energy        EDiff    RhoDiff  OrbGrad  OrbShift NStored Time     
 ------------------------------------------------------------------------------
 0          -28.9820601283                                        0    2.2E-002 
 1          -52.9956371653           2.6E+00                      0    1.5E-002 
 2          -54.3276258841 -1.3E+00  1.1E+00  5.2E-01  3.8E-01    1    2.2E-002 
 3          -54.3353455323 -7.7E-03  8.8E-02  8.8E-02  0.0E+00    2    1.7E-002 
 4          -54.3365101025 -1.2E-03  4.5E-02  2.3E-02  0.0E+00    3    1.8E-002 
 5          -54.3365323390 -2.2E-05  7.8E-03  4.2E-03  0.0E+00    4    1.8E-002 
 6          -54.3365329923 -6.5E-07  5.8E-04  4.4E-04  0.0E+00    5    1.9E-002 
 7          -54.3365329928 -5.3E-10  1.3E-05  6.1E-05  0.0E+00    6    1.9E-002 
 8          -54.3365329929 -1.5E-12  4.4E-07  1.5E-06  0.0E+00    7    2.0E-002 
 9          -54.3365329929 -1.5E-13  1.7E-07  2.9E-07  0.0E+00    8    2.0E-002 
 ------------------------------------------------------------------------------
 SCF converged
 Converged energy                        -54.336532992851    
 ------------------------------------------------------------------------------
 Ehomo(Alpha) [eV]                       -15.550203596661    
 Elumo(Alpha) [eV]                       18.862925091602     
 Ehomo(Beta) [eV]                        -19.239984246610    
 Elumo(Beta) [eV]                        4.463438012291      

 dipole moment (Debye)
        x              y              z       
     -1.482E-016    -3.641E-017     6.813E-016

 traceless quadrupole moment (Debye*Angs)
                       x              y              z       
 x                   4.301E-009    -6.420E-008    -1.516E-007
 y                  -6.420E-008    -8.092E-008     8.132E-008
 z                  -1.516E-007     8.132E-008     7.662E-008

 ----------------------------------------------------------------------------
 Timings (seconds)
 * mean-field hamiltonian     1.5E-001
 * solver (setting up eqns)   3.3E-003
 * solver (energy estimate)   1.0E-002
 * solver (orthogonalization) 1.2E-003
 * solver (rotation matrix X) 1.5E-002
 * solver (exponential of X)  2.6E-003
 * solver (total)             3.4E-002
 * total SCF                  1.9E-001
 Atomic guess: N, ../../../../basis-sets/bse/def2-svp.txt
 --------------------------------------------------------
 E(HF) [a.u.]                            -5.4336532993E+001
 Tr(RhoAvg S), Cartesian AOs              7.0000000000E+000
 Tr(RhoAvg S), spherical AOs              7.0000000000E+000
 max|T RhoAvg T**T - RhoAvg_sao|                  5.55E-017
 max|c(RhoAvg) - c(Rho)|                          9.31E-027
 max|RhoAvg - Rho|                                5.05E-008
 Saved /mnt/storage_6/project_data/pl0415-03/marcin/beyond-rpa/guess/electron-densities/bse/def2-svp/n.txt
 ----------------------------------------------------------------------------
                              SCF for O (2S+1=3)                             
 ----------------------------------------------------------------------------
 NUMBER OF ATOMS                         1
 CHARGE                                  0
 Prescreening (pq|pq) integrals for the Cholesky decomposition
 Shell pairs will be sorted according to their max elements
 Max diagonal integral MaxDrs=4.8E+000
 Applying Eq. 15 in J. Chem. Phys. 150, 194112 (2019); doi: 10.1063/1.5083802
 Schwarz inequality: Dpq<min(10**(-8),Tau)**2/MaxDrs=2.1E-017
 Trace of exact Coulomb matrix: 2.2E+001
 Trace of discarded integrals: 0.0E+000
 Discarded 0 out of 21 shell pairs
 (0 out of 105 orbital pairs)

 Step 1 of Cholesky decomposition: locating pivots
 -------------------------------------------------
 Dimensions of the Coulomb matrix: (105,105)
 Threshold for diagonal matrix elements: Dpq > 1.0E-007
 Max number of Cholesky vectors: 105
 Rk storage block size: 500
 Max dimension of 2e integrals buffer: (105,105)

 ----------------------------------------------------------------------------
 #    Dmax        Memory (MB)    NPivots     %    Time        
 ----------------------------------------------------------------------------
 1    4.5E-002    4.8E-001       19          18   1.4E-003    
 2    2.8E-004    4.5E-001       61          68   1.6E-003    
 3    2.1E-006    1.5E-001       71          85   5.3E-004    
 4    4.1E-008    9.2E-002       84          100  5.4E-004    

 Step 1 of the Cholesky decomposition completed
 Computed 84 pivots
 Largest residual Dpq: 4.1E-008
 NCholesky/NAO = 6.0E+000
 Step 1 of Cholesky decomposition completed in 4.2E-003 seconds
 Detailed timings in seconds
 Subtract prev contribs I (M-R**T*R)     3.0E-004
 Subtract prev contribs II (Rk)          8.9E-005
 Two-electron integrals                  2.7E-003
 Reallocation                            7.6E-004

 Step 2 of Cholesky decomposition completed in 7.8E-004 seconds
 Detailed timings in seconds
 Reduced-dimension matrix V    6.6E-004
 V=L*L**T                      7.4E-005
 L**(-1)                       3.7E-005

 Full-dimension Cholesky vectors of the Coulomb matrix will be stored in memory
 Cholesky vectors computed in 1.8E-003 seconds

 ┌─────────────────────────────────────────┐
 │          Self-consistent field          │
 └─────────────────────────────────────────┘

 Atomic orbital basis set
 . . . . . . . . . . . . . . . . . . . . . . . . . . . . . . . . . . . . . . 
 atomic centers                               1
 shell parameter sets                         6
 spherical AOs                                14
 max angular momentum                         2
 parameter set                                ../../../../basis-sets/bse/def2-svp.txt
 . . . . . . . . . . . . . . . . . . . . . . . . . . . . . . . . . . . . . . 
 SCF guess: bare nuclei Hamiltonian
 Starting self-consistent field iterations (spin-unrestricted)
 Alpha electrons: 5
 Beta electrons: 3
 ----------------------------------------------------------------------------
 Exchange-correlation: Hartree-Fock
 ----------------------------------------------------------------------------
 Replicated-data parallel SCF
 ----------------------------
 Processes                               1
 Threads/process                         16
 Allocated 3.8E-005 GiB of scratch space for the KS matrix build
 ----------------------------------------------------------------------------
 Spherical harmonic basis contains 14 vectors
 Linear independence thresh: Eig(S) > 1.0E-006
 Computations will be carried out in the space of 14 MOs
 Threshold for J, K: |Rho(r,s)*(pq|rs)|,|Rho(q,s)*(pq|rs)| > 1.0E-011
 Convergence conditions
 ----------------------
 RhoDiff < 1.0E-006
 OrbGrad < 1.0E-006
 Max number of macroiters: 1024
 ------------------------------------------------------------------------------
 #           Energy        EDiff    RhoDiff  OrbGrad  OrbShift NStored Time     
 ------------------------------------------------------------------------------
 0          -39.8627193406                                        0    2.2E-002 
 1          -72.6991029600           2.5E+00                      0    1.5E-002 
 2          -74.7037644528 -2.0E+00  8.9E-01  6.8E-01  8.3E-01    1    2.5E-002 
 3          -74.7188440701 -1.5E-02  1.0E-01  1.0E-01  0.0E+00    2    1.7E-002 
 4          -74.7199634471 -1.1E-03  2.4E-02  2.9E-02  0.0E+00    3    1.8E-002 
 5          -74.7200969102 -1.3E-04  1.0E-02  6.6E-03  0.0E+00    4    1.9E-002 
 6          -74.7201007775 -3.9E-06  1.7E-03  1.4E-03  0.0E+00    5    1.8E-002 
 7          -74.7201008659 -8.8E-08  2.9E-04  2.6E-04  0.0E+00    6    1.8E-002 
 8          -74.7201008688 -3.0E-09  3.4E-05  3.4E-05  0.0E+00    7    1.9E-002 
 9          -74.7201008689 -1.1E-10  6.7E-06  9.5E-06  0.0E+00    8    1.9E-002 
 10         -74.7201008689 -3.8E-12  1.2E-06  1.8E-06  0.0E+00    8    2.0E-002 
 11         -74.7201008689 -2.0E-13  3.0E-07  3.1E-07  0.0E+00    8    2.0E-002 
 ------------------------------------------------------------------------------
 SCF converged
 Converged energy                        -74.720100868939    
 ------------------------------------------------------------------------------
 Ehomo(Alpha) [eV]                       -16.495003895218    
 Elumo(Alpha) [eV]                       26.152343381412     
 Ehomo(Beta) [eV]                        -14.094933026556    
 Elumo(Beta) [eV]                        3.504064796471      

 dipole moment (Debye)
        x              y              z       
     -1.552E-015    -7.530E-016     4.919E-017

 traceless quadrupole moment (Debye*Angs)
                       x              y              z       
 x                  -1.153E+000    -3.693E-003     5.492E-015
 y                  -3.693E-003     5.765E-001     1.540E-016
 z                   5.492E-015     1.540E-016     5.765E-001

 ----------------------------------------------------------------------------
 Timings (seconds)
 * mean-field hamiltonian     1.8E-001
 * solver (setting up eqns)   4.0E-003
 * solver (energy estimate)   1.4E-002
 * solver (orthogonalization) 1.6E-003
 * solver (rotation matrix X) 2.2E-002
 * solver (exponential of X)  3.2E-003
 * solver (total)             4.6E-002
 * total SCF                  2.3E-001
 Atomic guess: O, ../../../../basis-sets/bse/def2-svp.txt
 --------------------------------------------------------
 E(HF) [a.u.]                            -7.4720100869E+001
 Tr(RhoAvg S), Cartesian AOs              8.0000000000E+000
 Tr(RhoAvg S), spherical AOs              8.0000000000E+000
 max|T RhoAvg T**T - RhoAvg_sao|                  1.11E-016
 max|c(RhoAvg) - c(Rho)|                          2.22E-016
 max|RhoAvg - Rho|                                2.65E-001
 Saved /mnt/storage_6/project_data/pl0415-03/marcin/beyond-rpa/guess/electron-densities/bse/def2-svp/o.txt
 ----------------------------------------------------------------------------
                              SCF for F (2S+1=2)                             
 ----------------------------------------------------------------------------
 NUMBER OF ATOMS                         1
 CHARGE                                  0
 Prescreening (pq|pq) integrals for the Cholesky decomposition
 Shell pairs will be sorted according to their max elements
 Max diagonal integral MaxDrs=5.4E+000
 Applying Eq. 15 in J. Chem. Phys. 150, 194112 (2019); doi: 10.1063/1.5083802
 Schwarz inequality: Dpq<min(10**(-8),Tau)**2/MaxDrs=1.9E-017
 Trace of exact Coulomb matrix: 2.4E+001
 Trace of discarded integrals: 0.0E+000
 Discarded 0 out of 21 shell pairs
 (0 out of 105 orbital pairs)

 Step 1 of Cholesky decomposition: locating pivots
 -------------------------------------------------
 Dimensions of the Coulomb matrix: (105,105)
 Threshold for diagonal matrix elements: Dpq > 1.0E-007
 Max number of Cholesky vectors: 105
 Rk storage block size: 500
 Max dimension of 2e integrals buffer: (105,105)

 ----------------------------------------------------------------------------
 #    Dmax        Memory (MB)    NPivots     %    Time        
 ----------------------------------------------------------------------------
 1    4.1E-002    4.8E-001       20          19   5.5E-004    
 2    2.6E-004    4.5E-001       63          70   2.1E-003    
 3    2.3E-006    1.3E-001       71          78   4.6E-004    
 4    4.6E-008    9.6E-002       82          100  3.5E-004    

 Step 1 of the Cholesky decomposition completed
 Computed 82 pivots
 Largest residual Dpq: 4.6E-008
 NCholesky/NAO = 5.9E+000
 Step 1 of Cholesky decomposition completed in 3.5E-003 seconds
 Detailed timings in seconds
 Subtract prev contribs I (M-R**T*R)     3.0E-004
 Subtract prev contribs II (Rk)          1.2E-004
 Two-electron integrals                  1.6E-003
 Reallocation                            1.2E-003

 Step 2 of Cholesky decomposition completed in 3.2E-004 seconds
 Detailed timings in seconds
 Reduced-dimension matrix V    2.3E-004
 V=L*L**T                      5.0E-005
 L**(-1)                       2.9E-005

 Full-dimension Cholesky vectors of the Coulomb matrix will be stored in memory
 Cholesky vectors computed in 1.3E-003 seconds

 ┌─────────────────────────────────────────┐
 │          Self-consistent field          │
 └─────────────────────────────────────────┘

 Atomic orbital basis set
 . . . . . . . . . . . . . . . . . . . . . . . . . . . . . . . . . . . . . . 
 atomic centers                               1
 shell parameter sets                         6
 spherical AOs                                14
 max angular momentum                         2
 parameter set                                ../../../../basis-sets/bse/def2-svp.txt
 . . . . . . . . . . . . . . . . . . . . . . . . . . . . . . . . . . . . . . 
 SCF guess: bare nuclei Hamiltonian
 Starting self-consistent field iterations (spin-unrestricted)
 Alpha electrons: 5
 Beta electrons: 4
 ----------------------------------------------------------------------------
 Exchange-correlation: Hartree-Fock
 ----------------------------------------------------------------------------
 Replicated-data parallel SCF
 ----------------------------
 Processes                               1
 Threads/process                         16
 Allocated 3.8E-005 GiB of scratch space for the KS matrix build
 ----------------------------------------------------------------------------
 Spherical harmonic basis contains 14 vectors
 Linear independence thresh: Eig(S) > 1.0E-006
 Computations will be carried out in the space of 14 MOs
 Threshold for J, K: |Rho(r,s)*(pq|rs)|,|Rho(q,s)*(pq|rs)| > 1.0E-011
 Convergence conditions
 ----------------------
 RhoDiff < 1.0E-006
 OrbGrad < 1.0E-006
 Max number of macroiters: 1024
 ------------------------------------------------------------------------------
 #           Energy        EDiff    RhoDiff  OrbGrad  OrbShift NStored Time     
 ------------------------------------------------------------------------------
 0          -53.0291204779                                        0    2.2E-002 
 1          -96.4301788645           2.5E+00                      0    1.5E-002 
 2          -99.2716859171 -2.8E+00  8.3E-01  8.5E-01  1.0E+00    1    2.4E-002 
 3          -99.2827077357 -1.1E-02  4.9E-02  1.4E-01  0.0E+00    2    1.6E-002 
 4          -99.2840098175 -1.3E-03  2.1E-02  3.2E-02  0.0E+00    3    1.7E-002 
 5          -99.2840481888 -3.8E-05  3.3E-03  5.0E-03  0.0E+00    4    1.8E-002 
 6          -99.2840511620 -3.0E-06  1.0E-03  9.0E-04  0.0E+00    5    1.8E-002 
 7          -99.2840511985 -3.7E-08  1.1E-04  1.3E-04  0.0E+00    6    1.9E-002 
 8          -99.2840512000 -1.5E-09  2.3E-05  3.4E-05  0.0E+00    7    1.9E-002 
 9          -99.2840512001 -6.6E-11  5.3E-06  7.7E-06  0.0E+00    8    1.9E-002 
 10         -99.2840512001 -2.9E-12  1.1E-06  1.6E-06  0.0E+00    8    2.0E-002 
 11         -99.2840512001 -1.4E-13  2.7E-07  3.2E-07  0.0E+00    8    2.0E-002 
 ------------------------------------------------------------------------------
 SCF converged
 Converged energy                        -99.284051200107    
 ------------------------------------------------------------------------------
 Ehomo(Alpha) [eV]                       -19.681382596459    
 Elumo(Alpha) [eV]                       34.688166837929     
 Ehomo(Beta) [eV]                        -18.297407899599    
 Elumo(Beta) [eV]                        2.278569393386      

 dipole moment (Debye)
        x              y              z       
      2.935E-016     2.088E-016     6.215E-016

 traceless quadrupole moment (Debye*Angs)
                       x              y              z       
 x                   8.538E-001    -4.608E-008    -6.953E-002
 y                  -4.608E-008    -4.288E-001     2.498E-009
 z                  -6.953E-002     2.498E-009    -4.250E-001

 ----------------------------------------------------------------------------
 Timings (seconds)
 * mean-field hamiltonian     1.7E-001
 * solver (setting up eqns)   3.8E-003
 * solver (energy estimate)   1.4E-002
 * solver (orthogonalization) 1.7E-003
 * solver (rotation matrix X) 2.1E-002
 * solver (exponential of X)  3.2E-003
 * solver (total)             4.5E-002
 * total SCF                  2.3E-001
 Atomic guess: F, ../../../../basis-sets/bse/def2-svp.txt
 --------------------------------------------------------
 E(HF) [a.u.]                            -9.9284051200E+001
 Tr(RhoAvg S), Cartesian AOs              9.0000000000E+000
 Tr(RhoAvg S), spherical AOs              9.0000000000E+000
 max|T RhoAvg T**T - RhoAvg_sao|                  2.22E-016
 max|c(RhoAvg) - c(Rho)|                          6.66E-016
 max|RhoAvg - Rho|                                2.89E-001
 Saved /mnt/storage_6/project_data/pl0415-03/marcin/beyond-rpa/guess/electron-densities/bse/def2-svp/f.txt
 ----------------------------------------------------------------------------
                                  SCF for NE                                 
 ----------------------------------------------------------------------------
 NUMBER OF ATOMS                         1
 CHARGE                                  0
 Prescreening (pq|pq) integrals for the Cholesky decomposition
 Shell pairs will be sorted according to their max elements
 Max diagonal integral MaxDrs=6.0E+000
 Applying Eq. 15 in J. Chem. Phys. 150, 194112 (2019); doi: 10.1063/1.5083802
 Schwarz inequality: Dpq<min(10**(-8),Tau)**2/MaxDrs=1.7E-017
 Trace of exact Coulomb matrix: 2.8E+001
 Trace of discarded integrals: 0.0E+000
 Discarded 0 out of 21 shell pairs
 (0 out of 105 orbital pairs)

 Step 1 of Cholesky decomposition: locating pivots
 -------------------------------------------------
 Dimensions of the Coulomb matrix: (105,105)
 Threshold for diagonal matrix elements: Dpq > 1.0E-007
 Max number of Cholesky vectors: 105
 Rk storage block size: 500
 Max dimension of 2e integrals buffer: (105,105)

 ----------------------------------------------------------------------------
 #    Dmax        Memory (MB)    NPivots     %    Time        
 ----------------------------------------------------------------------------
 1    5.9E-002    4.8E-001       19          18   6.0E-004    
 2    4.4E-004    4.5E-001       61          68   1.8E-003    
 3    2.1E-006    1.5E-001       71          85   4.9E-004    
 4    8.4E-008    9.2E-002       83          100  3.9E-004    

 Step 1 of the Cholesky decomposition completed
 Computed 83 pivots
 Largest residual Dpq: 8.4E-008
 NCholesky/NAO = 5.9E+000
 Step 1 of Cholesky decomposition completed in 3.4E-003 seconds
 Detailed timings in seconds
 Subtract prev contribs I (M-R**T*R)     2.7E-004
 Subtract prev contribs II (Rk)          1.1E-004
 Two-electron integrals                  1.7E-003
 Reallocation                            9.9E-004

 Step 2 of Cholesky decomposition completed in 7.2E-004 seconds
 Detailed timings in seconds
 Reduced-dimension matrix V    6.0E-004
 V=L*L**T                      7.6E-005
 L**(-1)                       3.2E-005

 Full-dimension Cholesky vectors of the Coulomb matrix will be stored in memory
 Cholesky vectors computed in 1.3E-003 seconds

 ┌─────────────────────────────────────────┐
 │          Self-consistent field          │
 └─────────────────────────────────────────┘

 Atomic orbital basis set
 . . . . . . . . . . . . . . . . . . . . . . . . . . . . . . . . . . . . . . 
 atomic centers                               1
 shell parameter sets                         6
 spherical AOs                                14
 max angular momentum                         2
 parameter set                                ../../../../basis-sets/bse/def2-svp.txt
 . . . . . . . . . . . . . . . . . . . . . . . . . . . . . . . . . . . . . . 
 SCF guess: bare nuclei Hamiltonian
 Starting self-consistent field iterations (spin-restricted singlet)
 Alpha+beta electrons: 10
 ----------------------------------------------------------------------------
 Exchange-correlation: Hartree-Fock
 ----------------------------------------------------------------------------
 Replicated-data parallel SCF
 ----------------------------
 Processes                               1
 Threads/process                         16
 Allocated 2.1E-005 GiB of scratch space for the KS matrix build
 ----------------------------------------------------------------------------
 Spherical harmonic basis contains 14 vectors
 Linear independence thresh: Eig(S) > 1.0E-006
 Computations will be carried out in the space of 14 MOs
 Threshold for J, K: |Rho(r,s)*(pq|rs)|,|Rho(q,s)*(pq|rs)| > 1.0E-011
 Convergence conditions
 ----------------------
 RhoDiff < 1.0E-006
 OrbGrad < 1.0E-006
 Max number of macroiters: 1024
 ------------------------------------------------------------------------------
 #           Energy        EDiff    RhoDiff  OrbGrad  OrbShift NStored Time     
 ------------------------------------------------------------------------------
 0          -93.9191981002                                        0    1.5E-002 
 1         -125.9799480685           5.2E+00                      0    7.3E-003 
 2         -127.6680376503 -1.7E+00  1.3E+00  9.0E-01  4.7E-01    1    1.0E-002 
 3         -128.1615223979 -4.9E-01  6.5E-01  6.3E-01  0.0E+00    2    8.3E-003 
 4         -128.3754713511 -2.1E-01  2.6E-01  3.3E-01  0.0E+00    3    9.1E-003 
 5         -128.3764067516 -9.4E-04  1.6E-02  2.3E-02  0.0E+00    4    9.4E-003 
 6         -128.3764067951 -4.4E-08  2.4E-04  1.3E-04  0.0E+00    5    9.3E-003 
 7         -128.3764067951 -3.5E-12  1.0E-06  6.5E-06  0.0E+00    6    9.4E-003 
 Skipping trust radius update
 8         -128.3764067951  0.0E+00  2.5E-08  1.7E-07  0.0E+00    7    9.8E-003 
 ------------------------------------------------------------------------------
 SCF converged
 Converged energy                        -128.376406795109   
 ------------------------------------------------------------------------------
 Ehomo [eV]                              -22.827427901908    
 Elumo [eV]                              44.487767734027     

 dipole moment (Debye)
        x              y              z       
      9.309E-017     3.586E-016    -1.182E-015

 traceless quadrupole moment (Debye*Angs)
                       x              y              z       
 x                   1.841E-008     4.711E-017     3.708E-016
 y                   4.711E-017     1.841E-008     4.505E-017
 z                   3.708E-016     4.505E-017    -3.682E-008

 ----------------------------------------------------------------------------
 Timings (seconds)
 * mean-field hamiltonian     6.6E-002
 * solver (setting up eqns)   1.3E-003
 * solver (energy estimate)   3.6E-003
 * solver (orthogonalization) 5.8E-004
 * solver (rotation matrix X) 6.0E-003
 * solver (exponential of X)  1.1E-003
 * solver (total)             1.4E-002
 * total SCF                  8.8E-002
 Atomic guess: NE, ../../../../basis-sets/bse/def2-svp.txt
 ---------------------------------------------------------
 E(HF) [a.u.]                            -1.2837640680E+002
 Tr(RhoAvg S), Cartesian AOs              1.0000000000E+001
 Tr(RhoAvg S), spherical AOs              1.0000000000E+001
 max|T RhoAvg T**T - RhoAvg_sao|                  2.22E-016
 max|c(RhoAvg) - c(Rho)|                          4.44E-016
 max|RhoAvg - Rho|                                2.37E-008
 Saved /mnt/storage_6/project_data/pl0415-03/marcin/beyond-rpa/guess/electron-densities/bse/def2-svp/ne.txt
 ----------------------------------------------------------------------------
                             SCF for NA (2S+1=2)                             
 ----------------------------------------------------------------------------
 NUMBER OF ATOMS                         1
 CHARGE                                  0
 Prescreening (pq|pq) integrals for the Cholesky decomposition
 Shell pairs will be sorted according to their max elements
 Max diagonal integral MaxDrs=6.6E+000
 Applying Eq. 15 in J. Chem. Phys. 150, 194112 (2019); doi: 10.1063/1.5083802
 Schwarz inequality: Dpq<min(10**(-8),Tau)**2/MaxDrs=1.5E-017
 Trace of exact Coulomb matrix: 1.7E+001
 Trace of discarded integrals: 0.0E+000
 Discarded 0 out of 28 shell pairs
 (0 out of 120 orbital pairs)

 Step 1 of Cholesky decomposition: locating pivots
 -------------------------------------------------
 Dimensions of the Coulomb matrix: (120,120)
 Threshold for diagonal matrix elements: Dpq > 1.0E-007
 Max number of Cholesky vectors: 120
 Rk storage block size: 500
 Max dimension of 2e integrals buffer: (120,120)

 ----------------------------------------------------------------------------
 #    Dmax        Memory (MB)    NPivots     %    Time        
 ----------------------------------------------------------------------------
 1    6.3E-002    5.7E-001       8           8    1.7E-003    
 2    4.4E-004    5.5E-001       52          54   2.0E-003    
 3    2.8E-006    3.0E-001       80          87   1.8E-003    
 4    1.5E-019    6.3E-002       93          100  4.0E-004    

 Step 1 of the Cholesky decomposition completed
 Computed 93 pivots
 Largest residual Dpq: 1.5E-019
 NCholesky/NAO = 6.2E+000
 Step 1 of Cholesky decomposition completed in 6.0E-003 seconds
 Detailed timings in seconds
 Subtract prev contribs I (M-R**T*R)     5.8E-004
 Subtract prev contribs II (Rk)          3.3E-004
 Two-electron integrals                  3.2E-003
 Reallocation                            1.5E-003

 Step 2 of Cholesky decomposition completed in 1.5E-003 seconds
 Detailed timings in seconds
 Reduced-dimension matrix V    1.3E-003
 V=L*L**T                      8.6E-005
 L**(-1)                       4.1E-005

 Full-dimension Cholesky vectors of the Coulomb matrix will be stored in memory
 Cholesky vectors computed in 2.7E-003 seconds

 ┌─────────────────────────────────────────┐
 │          Self-consistent field          │
 └─────────────────────────────────────────┘

 Atomic orbital basis set
 . . . . . . . . . . . . . . . . . . . . . . . . . . . . . . . . . . . . . . 
 atomic centers                               1
 shell parameter sets                         7
 spherical AOs                                15
 max angular momentum                         2
 parameter set                                ../../../../basis-sets/bse/def2-svp.txt
 . . . . . . . . . . . . . . . . . . . . . . . . . . . . . . . . . . . . . . 
 SCF guess: bare nuclei Hamiltonian
 Starting self-consistent field iterations (spin-unrestricted)
 Alpha electrons: 6
 Beta electrons: 5
 ----------------------------------------------------------------------------
 Exchange-correlation: Hartree-Fock
 ----------------------------------------------------------------------------
 Replicated-data parallel SCF
 ----------------------------
 Processes                               1
 Threads/process                         16
 Allocated 4.2E-005 GiB of scratch space for the KS matrix build
 ----------------------------------------------------------------------------
 Spherical harmonic basis contains 15 vectors
 Linear independence thresh: Eig(S) > 1.0E-006
 Computations will be carried out in the space of 15 MOs
 Threshold for J, K: |Rho(r,s)*(pq|rs)|,|Rho(q,s)*(pq|rs)| > 1.0E-011
 Convergence conditions
 ----------------------
 RhoDiff < 1.0E-006
 OrbGrad < 1.0E-006
 Max number of macroiters: 1024
 ------------------------------------------------------------------------------
 #           Energy        EDiff    RhoDiff  OrbGrad  OrbShift NStored Time     
 ------------------------------------------------------------------------------
 0          -82.7114327105                                        0    2.5E-002 
 1         -161.6428107809           8.0E+00                      0    1.8E-002 
 2         -161.7817431062 -1.4E-01  3.3E+00  2.5E-01  0.0E+00    1    2.0E-002 
 3         -161.7904160962 -8.7E-03  7.4E-01  3.7E-02  0.0E+00    2    2.0E-002 
 4         -161.7926316856 -2.2E-03  4.5E-01  1.8E-02  0.0E+00    3    2.1E-002 
 5         -161.7926326220 -9.4E-07  4.4E-03  6.8E-04  0.0E+00    4    2.2E-002 
 6         -161.7926326346 -1.3E-08  5.8E-04  4.8E-05  0.0E+00    5    2.2E-002 
 7         -161.7926326347 -7.5E-11  6.5E-05  3.1E-06  0.0E+00    6    2.2E-002 
 8         -161.7926326347 -1.7E-13  2.2E-06  1.4E-07  0.0E+00    7    2.2E-002 
 Skipping trust radius update
 9         -161.7926326347  0.0E+00  7.5E-08  1.9E-08  0.0E+00    8    2.3E-002 
 ------------------------------------------------------------------------------
 SCF converged
 Converged energy                        -161.792632634694   
 ------------------------------------------------------------------------------
 Ehomo(Alpha) [eV]                       -4.879703524693     
 Elumo(Alpha) [eV]                       1.564591465991      
 Ehomo(Beta) [eV]                        -41.369434517197    
 Elumo(Beta) [eV]                        0.496064024464      

 dipole moment (Debye)
        x              y              z       
      2.874E-015    -5.560E-014    -2.116E-015

 traceless quadrupole moment (Debye*Angs)
                       x              y              z       
 x                  -8.181E-011     2.725E-009     1.093E-008
 y                   2.725E-009     7.886E-009    -2.350E-009
 z                   1.093E-008    -2.350E-009    -7.804E-009

 ----------------------------------------------------------------------------
 Timings (seconds)
 * mean-field hamiltonian     1.8E-001
 * solver (setting up eqns)   3.0E-003
 * solver (energy estimate)   9.2E-003
 * solver (orthogonalization) 1.1E-003
 * solver (rotation matrix X) 9.3E-003
 * solver (exponential of X)  2.6E-003
 * solver (total)             2.8E-002
 * total SCF                  2.2E-001
 Atomic guess: NA, ../../../../basis-sets/bse/def2-svp.txt
 ---------------------------------------------------------
 E(HF) [a.u.]                            -1.6179263263E+002
 Tr(RhoAvg S), Cartesian AOs              1.1000000000E+001
 Tr(RhoAvg S), spherical AOs              1.1000000000E+001
 max|T RhoAvg T**T - RhoAvg_sao|                  2.41E-034
 max|c(RhoAvg) - c(Rho)|                          2.24E-026
 max|RhoAvg - Rho|                                4.24E-010
 Saved /mnt/storage_6/project_data/pl0415-03/marcin/beyond-rpa/guess/electron-densities/bse/def2-svp/na.txt
 ----------------------------------------------------------------------------
                                  SCF for MG                                 
 ----------------------------------------------------------------------------
 NUMBER OF ATOMS                         1
 CHARGE                                  0
 Prescreening (pq|pq) integrals for the Cholesky decomposition
 Shell pairs will be sorted according to their max elements
 Max diagonal integral MaxDrs=7.3E+000
 Applying Eq. 15 in J. Chem. Phys. 150, 194112 (2019); doi: 10.1063/1.5083802
 Schwarz inequality: Dpq<min(10**(-8),Tau)**2/MaxDrs=1.4E-017
 Trace of exact Coulomb matrix: 2.1E+001
 Trace of discarded integrals: 0.0E+000
 Discarded 0 out of 36 shell pairs
 (0 out of 171 orbital pairs)

 Step 1 of Cholesky decomposition: locating pivots
 -------------------------------------------------
 Dimensions of the Coulomb matrix: (171,171)
 Threshold for diagonal matrix elements: Dpq > 1.0E-007
 Max number of Cholesky vectors: 171
 Rk storage block size: 500
 Max dimension of 2e integrals buffer: (171,171)

 ----------------------------------------------------------------------------
 #    Dmax        Memory (MB)    NPivots     %    Time        
 ----------------------------------------------------------------------------
 1    6.7E-002    8.4E-001       12          10   1.6E-003    
 2    5.4E-004    7.8E-001       67          51   3.6E-003    
 3    5.3E-006    4.6E-001       91          79   1.1E-003    
 4    6.4E-008    2.1E-001       112         100  8.9E-004    

 Step 1 of the Cholesky decomposition completed
 Computed 112 pivots
 Largest residual Dpq: 6.4E-008
 NCholesky/NAO = 6.2E+000
 Step 1 of Cholesky decomposition completed in 7.3E-003 seconds
 Detailed timings in seconds
 Subtract prev contribs I (M-R**T*R)     1.7E-003
 Subtract prev contribs II (Rk)          5.2E-004
 Two-electron integrals                  2.2E-003
 Reallocation                            2.4E-003

 Step 2 of Cholesky decomposition completed in 1.6E-003 seconds
 Detailed timings in seconds
 Reduced-dimension matrix V    1.4E-003
 V=L*L**T                      1.2E-004
 L**(-1)                       5.5E-005

 Full-dimension Cholesky vectors of the Coulomb matrix will be stored in memory
 Cholesky vectors computed in 4.6E-003 seconds

 ┌─────────────────────────────────────────┐
 │          Self-consistent field          │
 └─────────────────────────────────────────┘

 Atomic orbital basis set
 . . . . . . . . . . . . . . . . . . . . . . . . . . . . . . . . . . . . . . 
 atomic centers                               1
 shell parameter sets                         8
 spherical AOs                                18
 max angular momentum                         2
 parameter set                                ../../../../basis-sets/bse/def2-svp.txt
 . . . . . . . . . . . . . . . . . . . . . . . . . . . . . . . . . . . . . . 
 SCF guess: bare nuclei Hamiltonian
 Starting self-consistent field iterations (spin-restricted singlet)
 Alpha+beta electrons: 12
 ----------------------------------------------------------------------------
 Exchange-correlation: Hartree-Fock
 ----------------------------------------------------------------------------
 Replicated-data parallel SCF
 ----------------------------
 Processes                               1
 Threads/process                         16
 Allocated 3.3E-005 GiB of scratch space for the KS matrix build
 ----------------------------------------------------------------------------
 Spherical harmonic basis contains 18 vectors
 Linear independence thresh: Eig(S) > 1.0E-006
 Computations will be carried out in the space of 18 MOs
 Threshold for J, K: |Rho(r,s)*(pq|rs)|,|Rho(q,s)*(pq|rs)| > 1.0E-011
 Convergence conditions
 ----------------------
 RhoDiff < 1.0E-006
 OrbGrad < 1.0E-006
 Max number of macroiters: 1024
 ------------------------------------------------------------------------------
 #           Energy        EDiff    RhoDiff  OrbGrad  OrbShift NStored Time     
 ------------------------------------------------------------------------------
 0          -94.0978260655                                        0    4.4E-002 
 1         -198.9827398876           5.7E+00                      0    4.0E-002 
 2         -199.5288896772 -5.5E-01  3.9E+00  3.5E-01  2.2E-03    1    4.3E-002 
 3         -199.5342840758 -5.4E-03  4.6E-01  2.7E-02  0.0E+00    2    3.8E-002 
 4         -199.5348099915 -5.3E-04  1.8E-01  8.2E-03  0.0E+00    3    4.0E-002 
 5         -199.5348106799 -6.9E-07  4.8E-03  4.9E-04  0.0E+00    4    4.0E-002 
 6         -199.5348106846 -4.7E-09  4.0E-04  2.4E-05  0.0E+00    5    4.2E-002 
 7         -199.5348106846 -1.4E-11  1.4E-05  2.6E-06  0.0E+00    6    4.0E-002 
 8         -199.5348106846 -1.1E-13  6.8E-07  2.9E-07  0.0E+00    7    4.3E-002 
 ------------------------------------------------------------------------------
 SCF converged
 Converged energy                        -199.534810684580   
 ------------------------------------------------------------------------------
 Ehomo [eV]                              -6.846275724402     
 Elumo [eV]                              1.463507572081      

 dipole moment (Debye)
        x              y              z       
     -3.685E-014     1.023E-014     1.686E-014

 traceless quadrupole moment (Debye*Angs)
                       x              y              z       
 x                   5.603E-007     8.513E-008    -3.532E-007
 y                   8.513E-008    -3.445E-007    -3.294E-008
 z                  -3.532E-007    -3.294E-008    -2.158E-007

 ----------------------------------------------------------------------------
 Timings (seconds)
 * mean-field hamiltonian     3.5E-001
 * solver (setting up eqns)   1.4E-003
 * solver (energy estimate)   3.6E-003
 * solver (orthogonalization) 5.5E-004
 * solver (rotation matrix X) 6.1E-003
 * solver (exponential of X)  1.2E-003
 * solver (total)             1.4E-002
 * total SCF                  3.7E-001
 Atomic guess: MG, ../../../../basis-sets/bse/def2-svp.txt
 ---------------------------------------------------------
 E(HF) [a.u.]                            -1.9953481068E+002
 Tr(RhoAvg S), Cartesian AOs              1.2000000000E+001
 Tr(RhoAvg S), spherical AOs              1.2000000000E+001
 max|T RhoAvg T**T - RhoAvg_sao|                  8.88E-016
 max|c(RhoAvg) - c(Rho)|                          8.88E-016
 max|RhoAvg - Rho|                                2.48E-008
 Saved /mnt/storage_6/project_data/pl0415-03/marcin/beyond-rpa/guess/electron-densities/bse/def2-svp/mg.txt
 ----------------------------------------------------------------------------
                             SCF for AL (2S+1=2)                             
 ----------------------------------------------------------------------------
 NUMBER OF ATOMS                         1
 CHARGE                                  0
 Prescreening (pq|pq) integrals for the Cholesky decomposition
 Shell pairs will be sorted according to their max elements
 Max diagonal integral MaxDrs=7.9E+000
 Applying Eq. 15 in J. Chem. Phys. 150, 194112 (2019); doi: 10.1063/1.5083802
 Schwarz inequality: Dpq<min(10**(-8),Tau)**2/MaxDrs=1.3E-017
 Trace of exact Coulomb matrix: 2.5E+001
 Trace of discarded integrals: 0.0E+000
 Discarded 0 out of 36 shell pairs
 (0 out of 171 orbital pairs)

 Step 1 of Cholesky decomposition: locating pivots
 -------------------------------------------------
 Dimensions of the Coulomb matrix: (171,171)
 Threshold for diagonal matrix elements: Dpq > 1.0E-007
 Max number of Cholesky vectors: 171
 Rk storage block size: 500
 Max dimension of 2e integrals buffer: (171,171)

 ----------------------------------------------------------------------------
 #    Dmax        Memory (MB)    NPivots     %    Time        
 ----------------------------------------------------------------------------
 1    6.2E-002    8.8E-001       15          9    3.2E-003    
 2    6.1E-004    8.1E-001       69          54   2.2E-003    
 3    2.2E-006    5.5E-001       93          83   1.1E-003    
 4    9.8E-008    2.2E-001       113         100  9.4E-004    

 Step 1 of the Cholesky decomposition completed
 Computed 113 pivots
 Largest residual Dpq: 9.8E-008
 NCholesky/NAO = 6.3E+000
 Step 1 of Cholesky decomposition completed in 7.5E-003 seconds
 Detailed timings in seconds
 Subtract prev contribs I (M-R**T*R)     1.7E-003
 Subtract prev contribs II (Rk)          6.0E-004
 Two-electron integrals                  3.9E-003
 Reallocation                            9.4E-004

 Step 2 of Cholesky decomposition completed in 1.7E-003 seconds
 Detailed timings in seconds
 Reduced-dimension matrix V    1.5E-003
 V=L*L**T                      1.2E-004
 L**(-1)                       6.8E-005

 Full-dimension Cholesky vectors of the Coulomb matrix will be stored in memory
 Cholesky vectors computed in 4.1E-003 seconds

 ┌─────────────────────────────────────────┐
 │          Self-consistent field          │
 └─────────────────────────────────────────┘

 Atomic orbital basis set
 . . . . . . . . . . . . . . . . . . . . . . . . . . . . . . . . . . . . . . 
 atomic centers                               1
 shell parameter sets                         8
 spherical AOs                                18
 max angular momentum                         2
 parameter set                                ../../../../basis-sets/bse/def2-svp.txt
 . . . . . . . . . . . . . . . . . . . . . . . . . . . . . . . . . . . . . . 
 SCF guess: bare nuclei Hamiltonian
 Starting self-consistent field iterations (spin-unrestricted)
 Alpha electrons: 7
 Beta electrons: 6
 ----------------------------------------------------------------------------
 Exchange-correlation: Hartree-Fock
 ----------------------------------------------------------------------------
 Replicated-data parallel SCF
 ----------------------------
 Processes                               1
 Threads/process                         16
 Allocated 5.8E-005 GiB of scratch space for the KS matrix build
 ----------------------------------------------------------------------------
 Spherical harmonic basis contains 18 vectors
 Linear independence thresh: Eig(S) > 1.0E-006
 Computations will be carried out in the space of 18 MOs
 Threshold for J, K: |Rho(r,s)*(pq|rs)|,|Rho(q,s)*(pq|rs)| > 1.0E-011
 Convergence conditions
 ----------------------
 RhoDiff < 1.0E-006
 OrbGrad < 1.0E-006
 Max number of macroiters: 1024
 ------------------------------------------------------------------------------
 #           Energy        EDiff    RhoDiff  OrbGrad  OrbShift NStored Time     
 ------------------------------------------------------------------------------
 0         -116.7537987872                                        0    6.4E-002 
 1         -240.8429521285           3.0E+00                      0    1.4E-002 
 2         -241.6510298128 -8.1E-01  1.4E+00  4.7E-01  3.1E-01    1    1.6E-002 
 3         -241.7852892109 -1.3E-01  9.1E-01  1.6E-01  0.0E+00    2    1.3E-002 
 4         -241.7890864652 -3.8E-03  1.5E-01  2.9E-02  0.0E+00    3    1.3E-002 
 5         -241.7893307949 -2.4E-04  5.2E-02  5.4E-03  0.0E+00    4    1.5E-002 
 6         -241.7893361677 -5.4E-06  8.6E-03  1.2E-03  0.0E+00    5    1.5E-002 
 7         -241.7893362947 -1.3E-07  6.6E-04  1.6E-04  0.0E+00    6    1.5E-002 
 8         -241.7893362983 -3.6E-09  7.7E-05  3.1E-05  0.0E+00    7    1.5E-002 
 9         -241.7893362983 -3.4E-11  1.1E-05  3.3E-06  0.0E+00    8    1.5E-002 
 10        -241.7893362984 -2.4E-12  2.5E-06  1.1E-06  0.0E+00    8    1.6E-002 
 11        -241.7893362984 -2.0E-13  7.7E-07  3.5E-07  0.0E+00    8    1.6E-002 
 ------------------------------------------------------------------------------
 SCF converged
 Converged energy                        -241.789336298352   
 ------------------------------------------------------------------------------
 Ehomo(Alpha) [eV]                       -5.844187421276     
 Elumo(Alpha) [eV]                       0.813870853895      
 Ehomo(Beta) [eV]                        -9.728378152204     
 Elumo(Beta) [eV]                        1.131495208312      

 dipole moment (Debye)
        x              y              z       
      1.724E-014    -1.313E-014    -3.259E-015

 traceless quadrupole moment (Debye*Angs)
                       x              y              z       
 x                   2.292E+000    -3.170E+000     9.361E-001
 y                  -3.170E+000    -5.025E+000     2.510E+000
 z                   9.361E-001     2.510E+000     2.733E+000

 ----------------------------------------------------------------------------
 Timings (seconds)
 * mean-field hamiltonian     2.0E-001
 * solver (setting up eqns)   2.7E-003
 * solver (energy estimate)   6.9E-003
 * solver (orthogonalization) 7.7E-004
 * solver (rotation matrix X) 9.9E-003
 * solver (exponential of X)  1.7E-003
 * solver (total)             2.3E-002
 * total SCF                  2.3E-001
 Atomic guess: AL, ../../../../basis-sets/bse/def2-svp.txt
 ---------------------------------------------------------
 E(HF) [a.u.]                            -2.4178933630E+002
 Tr(RhoAvg S), Cartesian AOs              1.3000000000E+001
 Tr(RhoAvg S), spherical AOs              1.3000000000E+001
 max|T RhoAvg T**T - RhoAvg_sao|                  9.76E-019
 max|c(RhoAvg) - c(Rho)|                          8.88E-016
 max|RhoAvg - Rho|                                2.69E-001
 Saved /mnt/storage_6/project_data/pl0415-03/marcin/beyond-rpa/guess/electron-densities/bse/def2-svp/al.txt
 ----------------------------------------------------------------------------
                             SCF for SI (2S+1=3)                             
 ----------------------------------------------------------------------------
 NUMBER OF ATOMS                         1
 CHARGE                                  0
 Prescreening (pq|pq) integrals for the Cholesky decomposition
 Shell pairs will be sorted according to their max elements
 Max diagonal integral MaxDrs=8.5E+000
 Applying Eq. 15 in J. Chem. Phys. 150, 194112 (2019); doi: 10.1063/1.5083802
 Schwarz inequality: Dpq<min(10**(-8),Tau)**2/MaxDrs=1.2E-017
 Trace of exact Coulomb matrix: 2.8E+001
 Trace of discarded integrals: 0.0E+000
 Discarded 0 out of 36 shell pairs
 (0 out of 171 orbital pairs)

 Step 1 of Cholesky decomposition: locating pivots
 -------------------------------------------------
 Dimensions of the Coulomb matrix: (171,171)
 Threshold for diagonal matrix elements: Dpq > 1.0E-007
 Max number of Cholesky vectors: 171
 Rk storage block size: 500
 Max dimension of 2e integrals buffer: (171,171)

 ----------------------------------------------------------------------------
 #    Dmax        Memory (MB)    NPivots     %    Time        
 ----------------------------------------------------------------------------
 1    6.5E-002    8.8E-001       15          9    1.7E-003    
 2    4.7E-004    8.1E-001       70          52   1.2E-003    
 3    4.0E-006    4.8E-001       90          80   7.8E-004    
 4    7.4E-008    2.8E-001       113         100  5.5E-004    

 Step 1 of the Cholesky decomposition completed
 Computed 113 pivots
 Largest residual Dpq: 7.4E-008
 NCholesky/NAO = 6.3E+000
 Step 1 of Cholesky decomposition completed in 4.4E-003 seconds
 Detailed timings in seconds
 Subtract prev contribs I (M-R**T*R)     9.1E-004
 Subtract prev contribs II (Rk)          5.0E-004
 Two-electron integrals                  2.0E-003
 Reallocation                            4.8E-004

 Step 2 of Cholesky decomposition completed in 1.1E-003 seconds
 Detailed timings in seconds
 Reduced-dimension matrix V    9.1E-004
 V=L*L**T                      1.2E-004
 L**(-1)                       6.3E-005

 Full-dimension Cholesky vectors of the Coulomb matrix will be stored in memory
 Cholesky vectors computed in 1.6E-003 seconds

 ┌─────────────────────────────────────────┐
 │          Self-consistent field          │
 └─────────────────────────────────────────┘

 Atomic orbital basis set
 . . . . . . . . . . . . . . . . . . . . . . . . . . . . . . . . . . . . . . 
 atomic centers                               1
 shell parameter sets                         8
 spherical AOs                                18
 max angular momentum                         2
 parameter set                                ../../../../basis-sets/bse/def2-svp.txt
 . . . . . . . . . . . . . . . . . . . . . . . . . . . . . . . . . . . . . . 
 SCF guess: bare nuclei Hamiltonian
 Starting self-consistent field iterations (spin-unrestricted)
 Alpha electrons: 8
 Beta electrons: 6
 ----------------------------------------------------------------------------
 Exchange-correlation: Hartree-Fock
 ----------------------------------------------------------------------------
 Replicated-data parallel SCF
 ----------------------------
 Processes                               1
 Threads/process                         16
 Allocated 5.8E-005 GiB of scratch space for the KS matrix build
 ----------------------------------------------------------------------------
 Spherical harmonic basis contains 18 vectors
 Linear independence thresh: Eig(S) > 1.0E-006
 Computations will be carried out in the space of 18 MOs
 Threshold for J, K: |Rho(r,s)*(pq|rs)|,|Rho(q,s)*(pq|rs)| > 1.0E-011
 Convergence conditions
 ----------------------
 RhoDiff < 1.0E-006
 OrbGrad < 1.0E-006
 Max number of macroiters: 1024
 ------------------------------------------------------------------------------
 #           Energy        EDiff    RhoDiff  OrbGrad  OrbShift NStored Time     
 ------------------------------------------------------------------------------
 0         -143.8131045766                                        0    1.9E-002 
 1         -287.4170571431           3.1E+00                      0    1.3E-002 
 2         -288.5917777843 -1.2E+00  1.6E+00  5.9E-01  4.0E-01    1    1.8E-002 
 3         -288.7499848636 -1.6E-01  7.9E-01  1.7E-01  0.0E+00    2    1.4E-002 
 4         -288.7527311957 -2.7E-03  9.9E-02  2.5E-02  0.0E+00    3    1.5E-002 
 5         -288.7531239050 -3.9E-04  6.0E-02  9.0E-03  0.0E+00    4    1.5E-002 
 6         -288.7531284111 -4.5E-06  7.9E-03  1.4E-03  0.0E+00    5    1.5E-002 
 7         -288.7531285324 -1.2E-07  8.3E-04  1.8E-04  0.0E+00    6    1.5E-002 
 8         -288.7531285331 -6.3E-10  1.6E-05  1.7E-05  0.0E+00    7    1.5E-002 
 9         -288.7531285331 -5.4E-11  2.7E-06  5.7E-06  0.0E+00    8    1.6E-002 
 10        -288.7531285331 -7.2E-12  9.3E-07  1.9E-06  0.0E+00    8    1.6E-002 
 11        -288.7531285331 -1.1E-12  3.5E-07  6.8E-07  0.0E+00    8    1.6E-002 
 ------------------------------------------------------------------------------
 SCF converged
 Converged energy                        -288.753128533138   
 ------------------------------------------------------------------------------
 Ehomo(Alpha) [eV]                       -8.120562519472     
 Elumo(Alpha) [eV]                       0.114178255512      
 Ehomo(Beta) [eV]                        -12.394045722193    
 Elumo(Beta) [eV]                        0.842546979108      

 dipole moment (Debye)
        x              y              z       
      9.409E-015     4.359E-015     1.157E-014

 traceless quadrupole moment (Debye*Angs)
                       x              y              z       
 x                  -1.519E+000    -3.699E-001    -2.134E+000
 y                  -3.699E-001    -2.111E+000     1.026E+000
 z                  -2.134E+000     1.026E+000     3.631E+000

 ----------------------------------------------------------------------------
 Timings (seconds)
 * mean-field hamiltonian     1.5E-001
 * solver (setting up eqns)   2.7E-003
 * solver (energy estimate)   7.0E-003
 * solver (orthogonalization) 8.1E-004
 * solver (rotation matrix X) 1.1E-002
 * solver (exponential of X)  1.7E-003
 * solver (total)             2.4E-002
 * total SCF                  1.9E-001
 Atomic guess: SI, ../../../../basis-sets/bse/def2-svp.txt
 ---------------------------------------------------------
 E(HF) [a.u.]                            -2.8875312853E+002
 Tr(RhoAvg S), Cartesian AOs              1.4000000000E+001
 Tr(RhoAvg S), spherical AOs              1.4000000000E+001
 max|T RhoAvg T**T - RhoAvg_sao|                  4.44E-016
 max|c(RhoAvg) - c(Rho)|                          8.88E-016
 max|RhoAvg - Rho|                                2.49E-001
 Saved /mnt/storage_6/project_data/pl0415-03/marcin/beyond-rpa/guess/electron-densities/bse/def2-svp/si.txt
 ----------------------------------------------------------------------------
                              SCF for P (2S+1=4)                             
 ----------------------------------------------------------------------------
 NUMBER OF ATOMS                         1
 CHARGE                                  0
 Prescreening (pq|pq) integrals for the Cholesky decomposition
 Shell pairs will be sorted according to their max elements
 Max diagonal integral MaxDrs=9.1E+000
 Applying Eq. 15 in J. Chem. Phys. 150, 194112 (2019); doi: 10.1063/1.5083802
 Schwarz inequality: Dpq<min(10**(-8),Tau)**2/MaxDrs=1.1E-017
 Trace of exact Coulomb matrix: 3.2E+001
 Trace of discarded integrals: 0.0E+000
 Discarded 0 out of 36 shell pairs
 (0 out of 171 orbital pairs)

 Step 1 of Cholesky decomposition: locating pivots
 -------------------------------------------------
 Dimensions of the Coulomb matrix: (171,171)
 Threshold for diagonal matrix elements: Dpq > 1.0E-007
 Max number of Cholesky vectors: 171
 Rk storage block size: 500
 Max dimension of 2e integrals buffer: (171,171)

 ----------------------------------------------------------------------------
 #    Dmax        Memory (MB)    NPivots     %    Time        
 ----------------------------------------------------------------------------
 1    7.3E-002    8.8E-001       15          9    1.4E-003    
 2    5.4E-004    7.9E-001       70          50   1.5E-003    
 3    3.7E-006    4.9E-001       90          78   5.5E-004    
 4    5.2E-008    2.4E-001       113         100  4.1E-004    

 Step 1 of the Cholesky decomposition completed
 Computed 113 pivots
 Largest residual Dpq: 5.2E-008
 NCholesky/NAO = 6.3E+000
 Step 1 of Cholesky decomposition completed in 4.0E-003 seconds
 Detailed timings in seconds
 Subtract prev contribs I (M-R**T*R)     5.7E-004
 Subtract prev contribs II (Rk)          2.0E-004
 Two-electron integrals                  2.0E-003
 Reallocation                            7.5E-004

 Step 2 of Cholesky decomposition completed in 1.1E-003 seconds
 Detailed timings in seconds
 Reduced-dimension matrix V    8.8E-004
 V=L*L**T                      1.2E-004
 L**(-1)                       6.2E-005

 Full-dimension Cholesky vectors of the Coulomb matrix will be stored in memory
 Cholesky vectors computed in 1.6E-003 seconds

 ┌─────────────────────────────────────────┐
 │          Self-consistent field          │
 └─────────────────────────────────────────┘

 Atomic orbital basis set
 . . . . . . . . . . . . . . . . . . . . . . . . . . . . . . . . . . . . . . 
 atomic centers                               1
 shell parameter sets                         8
 spherical AOs                                18
 max angular momentum                         2
 parameter set                                ../../../../basis-sets/bse/def2-svp.txt
 . . . . . . . . . . . . . . . . . . . . . . . . . . . . . . . . . . . . . . 
 SCF guess: bare nuclei Hamiltonian
 Starting self-consistent field iterations (spin-unrestricted)
 Alpha electrons: 9
 Beta electrons: 6
 ----------------------------------------------------------------------------
 Exchange-correlation: Hartree-Fock
 ----------------------------------------------------------------------------
 Replicated-data parallel SCF
 ----------------------------
 Processes                               1
 Threads/process                         16
 Allocated 5.8E-005 GiB of scratch space for the KS matrix build
 ----------------------------------------------------------------------------
 Spherical harmonic basis contains 18 vectors
 Linear independence thresh: Eig(S) > 1.0E-006
 Computations will be carried out in the space of 18 MOs
 Threshold for J, K: |Rho(r,s)*(pq|rs)|,|Rho(q,s)*(pq|rs)| > 1.0E-011
 Convergence conditions
 ----------------------
 RhoDiff < 1.0E-006
 OrbGrad < 1.0E-006
 Max number of macroiters: 1024
 ------------------------------------------------------------------------------
 #           Energy        EDiff    RhoDiff  OrbGrad  OrbShift NStored Time     
 ------------------------------------------------------------------------------
 0         -166.4684026153                                        0    2.0E-002 
 1         -338.6741431554           3.2E+00                      0    1.3E-002 
 2         -340.3963301750 -1.7E+00  1.8E+00  7.5E-01  5.7E-01    1    1.7E-002 
 3         -340.5938612477 -2.0E-01  7.7E-01  2.1E-01  0.0E+00    2    1.4E-002 
 4         -340.5969440275 -3.1E-03  9.0E-02  3.2E-02  0.0E+00    3    1.5E-002 
 5         -340.5974378499 -4.9E-04  5.7E-02  1.2E-02  0.0E+00    4    1.5E-002 
 6         -340.5974444716 -6.6E-06  8.5E-03  1.9E-03  0.0E+00    5    1.5E-002 
 7         -340.5974445888 -1.2E-07  6.6E-04  1.9E-04  0.0E+00    6    1.5E-002 
 8         -340.5974445889 -7.2E-11  5.7E-06  6.0E-06  0.0E+00    7    1.5E-002 
 9         -340.5974445889 -3.4E-12  5.4E-07  8.4E-07  0.0E+00    8    1.6E-002 
 ------------------------------------------------------------------------------
 SCF converged
 Converged energy                        -340.597444588861   
 ------------------------------------------------------------------------------
 Ehomo(Alpha) [eV]                       -10.570304325059    
 Elumo(Alpha) [eV]                       9.813715287733      
 Ehomo(Beta) [eV]                        -14.892929365649    
 Elumo(Beta) [eV]                        1.978877491578      

 dipole moment (Debye)
        x              y              z       
     -5.064E-015     4.560E-016     9.100E-015

 traceless quadrupole moment (Debye*Angs)
                       x              y              z       
 x                   2.946E-007     3.211E-007     1.581E-007
 y                   3.211E-007     7.016E-007     1.729E-007
 z                   1.581E-007     1.729E-007    -9.962E-007

 ----------------------------------------------------------------------------
 Timings (seconds)
 * mean-field hamiltonian     1.3E-001
 * solver (setting up eqns)   2.1E-003
 * solver (energy estimate)   4.6E-003
 * solver (orthogonalization) 6.3E-004
 * solver (rotation matrix X) 8.2E-003
 * solver (exponential of X)  1.4E-003
 * solver (total)             1.8E-002
 * total SCF                  1.6E-001
 Atomic guess: P, ../../../../basis-sets/bse/def2-svp.txt
 --------------------------------------------------------
 E(HF) [a.u.]                            -3.4059744459E+002
 Tr(RhoAvg S), Cartesian AOs              1.5000000000E+001
 Tr(RhoAvg S), spherical AOs              1.5000000000E+001
 max|T RhoAvg T**T - RhoAvg_sao|                  4.44E-016
 max|c(RhoAvg) - c(Rho)|                          8.88E-016
 max|RhoAvg - Rho|                                1.87E-007
 Saved /mnt/storage_6/project_data/pl0415-03/marcin/beyond-rpa/guess/electron-densities/bse/def2-svp/p.txt
 ----------------------------------------------------------------------------
                              SCF for S (2S+1=3)                             
 ----------------------------------------------------------------------------
 NUMBER OF ATOMS                         1
 CHARGE                                  0
 Prescreening (pq|pq) integrals for the Cholesky decomposition
 Shell pairs will be sorted according to their max elements
 Max diagonal integral MaxDrs=9.8E+000
 Applying Eq. 15 in J. Chem. Phys. 150, 194112 (2019); doi: 10.1063/1.5083802
 Schwarz inequality: Dpq<min(10**(-8),Tau)**2/MaxDrs=1.0E-017
 Trace of exact Coulomb matrix: 3.5E+001
 Trace of discarded integrals: 0.0E+000
 Discarded 0 out of 36 shell pairs
 (0 out of 171 orbital pairs)

 Step 1 of Cholesky decomposition: locating pivots
 -------------------------------------------------
 Dimensions of the Coulomb matrix: (171,171)
 Threshold for diagonal matrix elements: Dpq > 1.0E-007
 Max number of Cholesky vectors: 171
 Rk storage block size: 500
 Max dimension of 2e integrals buffer: (171,171)

 ----------------------------------------------------------------------------
 #    Dmax        Memory (MB)    NPivots     %    Time        
 ----------------------------------------------------------------------------
 1    8.3E-002    8.8E-001       15          9    9.9E-004    
 2    6.6E-004    7.9E-001       70          50   9.6E-004    
 3    3.5E-006    4.9E-001       90          78   5.4E-004    
 4    9.6E-008    2.4E-001       110         100  4.4E-004    

 Step 1 of the Cholesky decomposition completed
 Computed 110 pivots
 Largest residual Dpq: 9.6E-008
 NCholesky/NAO = 6.1E+000
 Step 1 of Cholesky decomposition completed in 3.1E-003 seconds
 Detailed timings in seconds
 Subtract prev contribs I (M-R**T*R)     4.5E-004
 Subtract prev contribs II (Rk)          2.2E-004
 Two-electron integrals                  1.6E-003
 Reallocation                            4.0E-004

 Step 2 of Cholesky decomposition completed in 1.1E-003 seconds
 Detailed timings in seconds
 Reduced-dimension matrix V    9.0E-004
 V=L*L**T                      1.1E-004
 L**(-1)                       5.7E-005

 Full-dimension Cholesky vectors of the Coulomb matrix will be stored in memory
 Cholesky vectors computed in 1.6E-003 seconds

 ┌─────────────────────────────────────────┐
 │          Self-consistent field          │
 └─────────────────────────────────────────┘

 Atomic orbital basis set
 . . . . . . . . . . . . . . . . . . . . . . . . . . . . . . . . . . . . . . 
 atomic centers                               1
 shell parameter sets                         8
 spherical AOs                                18
 max angular momentum                         2
 parameter set                                ../../../../basis-sets/bse/def2-svp.txt
 . . . . . . . . . . . . . . . . . . . . . . . . . . . . . . . . . . . . . . 
 SCF guess: bare nuclei Hamiltonian
 Starting self-consistent field iterations (spin-unrestricted)
 Alpha electrons: 9
 Beta electrons: 7
 ----------------------------------------------------------------------------
 Exchange-correlation: Hartree-Fock
 ----------------------------------------------------------------------------
 Replicated-data parallel SCF
 ----------------------------
 Processes                               1
 Threads/process                         16
 Allocated 5.8E-005 GiB of scratch space for the KS matrix build
 ----------------------------------------------------------------------------
 Spherical harmonic basis contains 18 vectors
 Linear independence thresh: Eig(S) > 1.0E-006
 Computations will be carried out in the space of 18 MOs
 Threshold for J, K: |Rho(r,s)*(pq|rs)|,|Rho(q,s)*(pq|rs)| > 1.0E-011
 Convergence conditions
 ----------------------
 RhoDiff < 1.0E-006
 OrbGrad < 1.0E-006
 Max number of macroiters: 1024
 ------------------------------------------------------------------------------
 #           Energy        EDiff    RhoDiff  OrbGrad  OrbShift NStored Time     
 ------------------------------------------------------------------------------
 0         -200.5433594904                                        0    1.9E-002 
 1         -394.7654849876           3.3E+00                      0    1.3E-002 
 2         -397.0410183845 -2.3E+00  1.5E+00  8.8E-01  9.1E-01    1    1.8E-002 
 3         -397.3587801127 -3.2E-01  7.8E-01  2.7E-01  0.0E+00    2    1.4E-002 
 4         -397.3661192417 -7.3E-03  9.5E-02  5.2E-02  0.0E+00    3    1.5E-002 
 5         -397.3663897283 -2.7E-04  3.4E-02  1.1E-02  0.0E+00    4    1.5E-002 
 6         -397.3664064356 -1.7E-05  7.8E-03  2.5E-03  0.0E+00    5    1.5E-002 
 7         -397.3664068524 -4.2E-07  7.4E-04  4.5E-04  0.0E+00    6    1.5E-002 
 8         -397.3664068567 -4.4E-09  4.5E-05  3.8E-05  0.0E+00    7    1.5E-002 
 9         -397.3664068576 -8.4E-10  1.3E-05  1.2E-05  0.0E+00    8    1.6E-002 
 10        -397.3664068581 -5.4E-10  1.1E-05  8.0E-06  0.0E+00    8    1.6E-002 
 11        -397.3664068596 -1.5E-09  4.2E-05  8.0E-06  0.0E+00    8    1.6E-002 
 12        -397.3664072263 -3.7E-07  9.8E-03  8.0E-06  1.3E-04    8    4.0E-002 
 13        -397.3664077764 -5.5E-07  1.2E-02  2.1E-04  2.9E-05    8    4.0E-002 
 14        -397.3664085876 -8.1E-07  1.3E-02  2.2E-04  3.3E-04    8    4.0E-002 
 15        -397.3664096364 -1.0E-06  1.5E-02  1.1E-04  4.1E-04    8    4.0E-002 
 16        -397.3664110220 -1.4E-06  1.7E-02  1.0E-04  4.1E-04    8    4.0E-002 
 17        -397.3664128578 -1.8E-06  1.9E-02  1.8E-04  4.2E-04    8    4.0E-002 
 18        -397.3664152580 -2.4E-06  2.5E-02  2.7E-04  4.6E-04    8    4.0E-002 
 19        -397.3664180323 -2.8E-06  2.7E-02  4.1E-04  5.9E-04    8    3.9E-002 
 20        -397.3664210412 -3.0E-06  2.9E-02  4.5E-04  6.1E-04    8    3.9E-002 
 21        -397.3664242957 -3.3E-06  3.1E-02  4.5E-04  6.7E-04    8    4.5E-002 
 22        -397.3664276473 -3.4E-06  3.1E-02  4.1E-04  4.0E-04    8    3.9E-002 
 23        -397.3664312282 -3.6E-06  3.8E-02  4.0E-04  3.3E-04    8    4.2E-002 
 24        -397.3664349917 -3.8E-06  4.5E-02  5.7E-04  1.4E-04    8    4.1E-002 
 25        -397.3664383488 -3.4E-06  2.1E-02  8.3E-04  0.0E+00    8    1.6E-002 
 26        -397.3664414688 -3.1E-06  4.1E-02  3.0E-04  1.2E-04    8    4.0E-002 
 27        -397.3664441494 -2.7E-06  4.2E-02  7.5E-04  2.1E-04    8    4.0E-002 
 28        -397.3664471694 -3.0E-06  4.5E-02  1.1E-03  1.1E-04    8    3.9E-002 
 29        -397.3664503467 -3.2E-06  9.5E-03  1.2E-03  0.0E+00    8    1.6E-002 
 30        -397.3664507207 -3.7E-07  4.3E-02  1.1E-04  3.4E-06    8    4.3E-002 
 31        -397.3664520083 -1.3E-06  3.7E-03  7.6E-04  0.0E+00    8    1.6E-002 
 32        -397.3664522782 -2.7E-07  2.9E-02  2.8E-05  0.0E+00    8    1.6E-002 
 33        -397.3664525333 -2.6E-07  5.7E-03  3.1E-04  0.0E+00    8    1.6E-002 
 34        -397.3664525485 -1.5E-08  2.0E-02  1.0E-05  0.0E+00    8    1.6E-002 
 35        -397.3664525622 -1.4E-08  7.9E-03  1.3E-04  0.0E+00    8    1.6E-002 
 36        -397.3664525708 -8.6E-09  1.6E-03  2.0E-05  0.0E+00    8    1.6E-002 
 37        -397.3664525894 -1.9E-08  9.6E-03  3.5E-06  0.0E+00    8    1.6E-002 
 38        -397.3664525916 -2.3E-09  2.6E-04  3.3E-05  0.0E+00    8    1.6E-002 
 39        -397.3664525917 -3.1E-11  2.4E-04  4.4E-07  0.0E+00    8    1.6E-002 
 40        -397.3664525917 -1.1E-13  2.4E-07  2.1E-07  0.0E+00    8    1.6E-002 
 ------------------------------------------------------------------------------
 SCF converged
 Converged energy                        -397.366452591673   
 ------------------------------------------------------------------------------
 Ehomo(Alpha) [eV]                       -11.128564975429    
 Elumo(Alpha) [eV]                       12.936898875265     
 Ehomo(Beta) [eV]                        -10.007798194075    
 Elumo(Beta) [eV]                        0.832731560420      

 dipole moment (Debye)
        x              y              z       
      4.069E-015     1.564E-015     1.129E-015

 traceless quadrupole moment (Debye*Angs)
                       x              y              z       
 x                   1.380E+000     1.525E-003     4.418E-007
 y                   1.525E-003    -2.761E+000    -1.093E-003
 z                   4.418E-007    -1.093E-003     1.380E+000

 ----------------------------------------------------------------------------
 Timings (seconds)
 * mean-field hamiltonian     5.4E-001
 * solver (setting up eqns)   1.2E-002
 * solver (energy estimate)   4.3E-002
 * solver (orthogonalization) 3.0E-003
 * solver (rotation matrix X) 4.5E-001
 * solver (exponential of X)  7.0E-003
 * solver (total)             5.2E-001
 * total SCF                  1.1E+000
 Atomic guess: S, ../../../../basis-sets/bse/def2-svp.txt
 --------------------------------------------------------
 E(HF) [a.u.]                            -3.9736645259E+002
 Tr(RhoAvg S), Cartesian AOs              1.6000000000E+001
 Tr(RhoAvg S), spherical AOs              1.6000000000E+001
 max|T RhoAvg T**T - RhoAvg_sao|                  8.88E-016
 max|c(RhoAvg) - c(Rho)|                          5.33E-015
 max|RhoAvg - Rho|                                3.22E-001
 Saved /mnt/storage_6/project_data/pl0415-03/marcin/beyond-rpa/guess/electron-densities/bse/def2-svp/s.txt
 ----------------------------------------------------------------------------
                             SCF for CL (2S+1=2)                             
 ----------------------------------------------------------------------------
 NUMBER OF ATOMS                         1
 CHARGE                                  0
 Prescreening (pq|pq) integrals for the Cholesky decomposition
 Shell pairs will be sorted according to their max elements
 Max diagonal integral MaxDrs=1.0E+001
 Applying Eq. 15 in J. Chem. Phys. 150, 194112 (2019); doi: 10.1063/1.5083802
 Schwarz inequality: Dpq<min(10**(-8),Tau)**2/MaxDrs=9.6E-018
 Trace of exact Coulomb matrix: 3.8E+001
 Trace of discarded integrals: 0.0E+000
 Discarded 0 out of 36 shell pairs
 (0 out of 171 orbital pairs)

 Step 1 of Cholesky decomposition: locating pivots
 -------------------------------------------------
 Dimensions of the Coulomb matrix: (171,171)
 Threshold for diagonal matrix elements: Dpq > 1.0E-007
 Max number of Cholesky vectors: 171
 Rk storage block size: 500
 Max dimension of 2e integrals buffer: (171,171)

 ----------------------------------------------------------------------------
 #    Dmax        Memory (MB)    NPivots     %    Time        
 ----------------------------------------------------------------------------
 1    9.2E-002    8.8E-001       15          9    1.3E-003    
 2    8.5E-004    7.9E-001       70          50   1.4E-003    
 3    3.9E-006    4.9E-001       90          80   6.9E-004    
 4    8.2E-008    2.1E-001       107         100  4.1E-004    

 Step 1 of the Cholesky decomposition completed
 Computed 107 pivots
 Largest residual Dpq: 8.2E-008
 NCholesky/NAO = 5.9E+000
 Step 1 of Cholesky decomposition completed in 3.9E-003 seconds
 Detailed timings in seconds
 Subtract prev contribs I (M-R**T*R)     6.1E-004
 Subtract prev contribs II (Rk)          4.3E-004
 Two-electron integrals                  1.7E-003
 Reallocation                            6.3E-004

 Step 2 of Cholesky decomposition completed in 1.1E-003 seconds
 Detailed timings in seconds
 Reduced-dimension matrix V    9.7E-004
 V=L*L**T                      1.1E-004
 L**(-1)                       5.6E-005

 Full-dimension Cholesky vectors of the Coulomb matrix will be stored in memory
 Cholesky vectors computed in 1.8E-003 seconds

 ┌─────────────────────────────────────────┐
 │          Self-consistent field          │
 └─────────────────────────────────────────┘

 Atomic orbital basis set
 . . . . . . . . . . . . . . . . . . . . . . . . . . . . . . . . . . . . . . 
 atomic centers                               1
 shell parameter sets                         8
 spherical AOs                                18
 max angular momentum                         2
 parameter set                                ../../../../basis-sets/bse/def2-svp.txt
 . . . . . . . . . . . . . . . . . . . . . . . . . . . . . . . . . . . . . . 
 SCF guess: bare nuclei Hamiltonian
 Starting self-consistent field iterations (spin-unrestricted)
 Alpha electrons: 9
 Beta electrons: 8
 ----------------------------------------------------------------------------
 Exchange-correlation: Hartree-Fock
 ----------------------------------------------------------------------------
 Replicated-data parallel SCF
 ----------------------------
 Processes                               1
 Threads/process                         16
 Allocated 5.8E-005 GiB of scratch space for the KS matrix build
 ----------------------------------------------------------------------------
 Spherical harmonic basis contains 18 vectors
 Linear independence thresh: Eig(S) > 1.0E-006
 Computations will be carried out in the space of 18 MOs
 Threshold for J, K: |Rho(r,s)*(pq|rs)|,|Rho(q,s)*(pq|rs)| > 1.0E-011
 Convergence conditions
 ----------------------
 RhoDiff < 1.0E-006
 OrbGrad < 1.0E-006
 Max number of macroiters: 1024
 ------------------------------------------------------------------------------
 #           Energy        EDiff    RhoDiff  OrbGrad  OrbShift NStored Time     
 ------------------------------------------------------------------------------
 0         -238.7669572376                                        0    1.9E-002 
 1         -456.0250923025           3.4E+00                      0    1.2E-002 
 2         -459.1560817115 -3.1E+00  1.5E+00  1.0E+00  1.0E+00    1    1.8E-002 
 3         -459.3148686160 -1.6E-01  5.4E-01  2.3E-01  0.0E+00    2    1.4E-002 
 4         -459.3192669585 -4.4E-03  3.1E-02  3.8E-02  0.0E+00    3    1.5E-002 
 5         -459.3193668850 -1.0E-04  2.0E-02  8.8E-03  0.0E+00    4    1.5E-002 
 6         -459.3193718134 -4.9E-06  2.4E-03  1.2E-03  0.0E+00    5    1.5E-002 
 7         -459.3193721129 -3.0E-07  8.3E-04  2.8E-04  0.0E+00    6    1.5E-002 
 8         -459.3193721179 -5.0E-09  2.4E-05  3.0E-05  0.0E+00    7    1.5E-002 
 9         -459.3193721225 -4.6E-09  2.6E-05  3.0E-05  0.0E+00    8    1.6E-002 
 10        -459.3193722175 -9.5E-08  6.5E-04  3.0E-05  0.0E+00    8    1.6E-002 
 11        -459.3193734287 -1.2E-06  7.6E-03  9.3E-05  8.2E-04    8    3.7E-002 
 12        -459.3193749133 -1.5E-06  8.9E-03  1.6E-04  1.1E-03    8    3.8E-002 
 13        -459.3193766198 -1.7E-06  1.0E-02  1.7E-04  1.0E-03    8    3.7E-002 
 14        -459.3193785497 -1.9E-06  1.2E-02  1.0E-04  8.5E-04    8    3.8E-002 
 15        -459.3193806927 -2.1E-06  1.3E-02  9.5E-05  6.4E-04    8    3.9E-002 
 16        -459.3193830120 -2.3E-06  1.5E-02  1.7E-04  4.9E-04    8    3.9E-002 
 17        -459.3193853769 -2.4E-06  1.8E-02  2.3E-04  3.8E-04    8    3.8E-002 
 18        -459.3193875381 -2.2E-06  2.4E-02  3.3E-04  2.8E-04    8    4.2E-002 
 19        -459.3193891681 -1.6E-06  2.5E-02  4.8E-04  2.2E-04    8    3.9E-002 
 20        -459.3193902726 -1.1E-06  2.7E-02  5.3E-04  2.8E-04    8    3.9E-002 
 21        -459.3193907488 -4.8E-07  2.7E-02  5.1E-04  3.7E-04    8    3.8E-002 
 22        -459.3193904690  2.8E-07  2.7E-02  4.8E-04  3.0E-04    8    3.9E-002 
 22*       -459.3193909258 -1.8E-07  1.9E-02  4.8E-04  3.4E-04    8    3.8E-002 
 23        -459.3193911556 -2.3E-07  8.3E-03  2.7E-04  0.0E+00    8    1.6E-002 
 24        -459.3193911639 -8.3E-09  2.5E-05  7.4E-05  0.0E+00    8    1.6E-002 
 25        -459.3193911648 -8.4E-10  9.8E-06  2.2E-05  0.0E+00    8    1.6E-002 
 26        -459.3193911649 -1.0E-10  4.2E-06  6.4E-06  0.0E+00    8    1.6E-002 
 27        -459.3193911649 -2.5E-11  1.7E-06  1.9E-06  0.0E+00    8    1.6E-002 
 28        -459.3193911950 -3.0E-08  3.9E-03  1.7E-06  3.2E-04    8    4.0E-002 
 29        -459.3193912109 -1.6E-08  3.9E-03  9.0E-06  6.7E-05    8    4.0E-002 
 30        -459.3193912127 -1.9E-09  1.0E-03  9.4E-06  0.0E+00    8    1.6E-002 
 31        -459.3193912130 -3.0E-10  2.9E-04  1.0E-06  0.0E+00    8    1.6E-002 
 32        -459.3193912132 -1.7E-10  2.2E-04  5.6E-07  0.0E+00    8    1.6E-002 
 33        -459.3193912133 -1.0E-10  1.7E-04  3.6E-07  0.0E+00    8    1.6E-002 
 34        -459.3193912134 -5.6E-11  1.3E-04  2.5E-07  0.0E+00    8    1.6E-002 
 35        -459.3193912134 -6.4E-11  2.6E-04  1.9E-07  0.0E+00    8    1.6E-002 
 36        -459.3193912134 -5.7E-12  6.2E-05  1.1E-07  0.0E+00    8    1.6E-002 
 37        -459.3193912134 -1.8E-12  7.6E-05  6.2E-08  0.0E+00    8    1.6E-002 
 38        -459.3193912134  0.0E+00  2.8E-05  4.8E-08  0.0E+00    8    1.6E-002 
 39        -459.3193912134 -1.1E-13  1.5E-05  2.0E-08  0.0E+00    8    1.6E-002 
 Skipping trust radius update
 40        -459.3193912134  5.7E-14  7.0E-07  5.1E-09  0.0E+00    8    1.6E-002 
 ------------------------------------------------------------------------------
 SCF converged
 Converged energy                        -459.319391213435   
 ------------------------------------------------------------------------------
 Ehomo(Alpha) [eV]                       -13.384479380126    
 Elumo(Alpha) [eV]                       16.573432669969     
 Ehomo(Beta) [eV]                        -12.737134343695    
 Elumo(Beta) [eV]                        -0.514009937649     

 dipole moment (Debye)
        x              y              z       
      1.125E-015     3.367E-015    -5.160E-015

 traceless quadrupole moment (Debye*Angs)
                       x              y              z       
 x                  -3.016E-001     7.812E-007     1.385E+000
 y                   7.812E-007    -1.080E+000     1.389E-006
 z                   1.385E+000     1.389E-006     1.381E+000

 ----------------------------------------------------------------------------
 Timings (seconds)
 * mean-field hamiltonian     5.5E-001
 * solver (setting up eqns)   1.2E-002
 * solver (energy estimate)   4.3E-002
 * solver (orthogonalization) 3.1E-003
 * solver (rotation matrix X) 3.8E-001
 * solver (exponential of X)  6.9E-003
 * solver (total)             4.5E-001
 * total SCF                  1.0E+000
 Atomic guess: CL, ../../../../basis-sets/bse/def2-svp.txt
 ---------------------------------------------------------
 E(HF) [a.u.]                            -4.5931939121E+002
 Tr(RhoAvg S), Cartesian AOs              1.7000000000E+001
 Tr(RhoAvg S), spherical AOs              1.7000000000E+001
 max|T RhoAvg T**T - RhoAvg_sao|                  8.88E-016
 max|c(RhoAvg) - c(Rho)|                          7.11E-015
 max|RhoAvg - Rho|                                1.97E-001
 Saved /mnt/storage_6/project_data/pl0415-03/marcin/beyond-rpa/guess/electron-densities/bse/def2-svp/cl.txt
 ----------------------------------------------------------------------------
                                  SCF for AR                                 
 ----------------------------------------------------------------------------
 NUMBER OF ATOMS                         1
 CHARGE                                  0
 Prescreening (pq|pq) integrals for the Cholesky decomposition
 Shell pairs will be sorted according to their max elements
 Max diagonal integral MaxDrs=1.1E+001
 Applying Eq. 15 in J. Chem. Phys. 150, 194112 (2019); doi: 10.1063/1.5083802
 Schwarz inequality: Dpq<min(10**(-8),Tau)**2/MaxDrs=9.1E-018
 Trace of exact Coulomb matrix: 4.1E+001
 Trace of discarded integrals: 0.0E+000
 Discarded 0 out of 36 shell pairs
 (0 out of 171 orbital pairs)

 Step 1 of Cholesky decomposition: locating pivots
 -------------------------------------------------
 Dimensions of the Coulomb matrix: (171,171)
 Threshold for diagonal matrix elements: Dpq > 1.0E-007
 Max number of Cholesky vectors: 171
 Rk storage block size: 500
 Max dimension of 2e integrals buffer: (171,171)

 ----------------------------------------------------------------------------
 #    Dmax        Memory (MB)    NPivots     %    Time        
 ----------------------------------------------------------------------------
 1    9.7E-002    8.8E-001       15          9    1.1E-003    
 2    9.4E-004    7.9E-001       72          54   1.7E-003    
 3    6.9E-006    4.9E-001       89          72   6.2E-004    
 4    6.2E-008    3.8E-001       112         100  7.6E-004    

 Step 1 of the Cholesky decomposition completed
 Computed 112 pivots
 Largest residual Dpq: 6.2E-008
 NCholesky/NAO = 6.2E+000
 Step 1 of Cholesky decomposition completed in 4.3E-003 seconds
 Detailed timings in seconds
 Subtract prev contribs I (M-R**T*R)     6.4E-004
 Subtract prev contribs II (Rk)          2.1E-004
 Two-electron integrals                  1.8E-003
 Reallocation                            1.1E-003

 Step 2 of Cholesky decomposition completed in 1.0E-003 seconds
 Detailed timings in seconds
 Reduced-dimension matrix V    8.4E-004
 V=L*L**T                      1.2E-004
 L**(-1)                       5.6E-005

 Full-dimension Cholesky vectors of the Coulomb matrix will be stored in memory
 Cholesky vectors computed in 1.9E-003 seconds

 ┌─────────────────────────────────────────┐
 │          Self-consistent field          │
 └─────────────────────────────────────────┘

 Atomic orbital basis set
 . . . . . . . . . . . . . . . . . . . . . . . . . . . . . . . . . . . . . . 
 atomic centers                               1
 shell parameter sets                         8
 spherical AOs                                18
 max angular momentum                         2
 parameter set                                ../../../../basis-sets/bse/def2-svp.txt
 . . . . . . . . . . . . . . . . . . . . . . . . . . . . . . . . . . . . . . 
 SCF guess: bare nuclei Hamiltonian
 Starting self-consistent field iterations (spin-restricted singlet)
 Alpha+beta electrons: 18
 ----------------------------------------------------------------------------
 Exchange-correlation: Hartree-Fock
 ----------------------------------------------------------------------------
 Replicated-data parallel SCF
 ----------------------------
 Processes                               1
 Threads/process                         16
 Allocated 3.3E-005 GiB of scratch space for the KS matrix build
 ----------------------------------------------------------------------------
 Spherical harmonic basis contains 18 vectors
 Linear independence thresh: Eig(S) > 1.0E-006
 Computations will be carried out in the space of 18 MOs
 Threshold for J, K: |Rho(r,s)*(pq|rs)|,|Rho(q,s)*(pq|rs)| > 1.0E-011
 Convergence conditions
 ----------------------
 RhoDiff < 1.0E-006
 OrbGrad < 1.0E-006
 Max number of macroiters: 1024
 ------------------------------------------------------------------------------
 #           Energy        EDiff    RhoDiff  OrbGrad  OrbShift NStored Time     
 ------------------------------------------------------------------------------
 0         -271.0856435914                                        0    1.7E-002 
 1         -522.4120250271           7.0E+00                      0    6.1E-003 
 2         -526.4704986958 -4.1E+00  2.8E+00  7.9E-01  1.2E+00    1    8.5E-003 
 3         -526.6172830288 -1.5E-01  9.3E-01  2.4E-01  0.0E+00    2    6.7E-003 
 4         -526.6233150972 -6.0E-03  6.0E-02  4.5E-02  0.0E+00    3    7.0E-003 
 5         -526.6233848670 -7.0E-05  2.8E-02  7.7E-03  0.0E+00    4    7.0E-003 
 6         -526.6233850723 -2.1E-07  3.8E-04  2.9E-04  0.0E+00    5    7.2E-003 
 7         -526.6233850724 -7.1E-11  5.7E-06  5.4E-06  0.0E+00    6    7.3E-003 
 8         -526.6233850724 -4.8E-12  1.4E-06  1.3E-06  0.0E+00    7    7.8E-003 
 9         -526.6233850724 -3.4E-13  3.7E-07  3.6E-07  0.0E+00    8    7.9E-003 
 ------------------------------------------------------------------------------
 SCF converged
 Converged energy                        -526.623385072377   
 ------------------------------------------------------------------------------
 Ehomo [eV]                              -15.697714433603    
 Elumo [eV]                              20.729778302554     

 dipole moment (Debye)
        x              y              z       
     -4.486E-015     2.740E-015    -3.299E-015

 traceless quadrupole moment (Debye*Angs)
                       x              y              z       
 x                   9.218E-008    -7.167E-008     6.398E-008
 y                  -7.167E-008    -6.190E-008     4.316E-008
 z                   6.398E-008     4.316E-008    -3.028E-008

 ----------------------------------------------------------------------------
 Timings (seconds)
 * mean-field hamiltonian     6.7E-002
 * solver (setting up eqns)   1.1E-003
 * solver (energy estimate)   2.4E-003
 * solver (orthogonalization) 3.1E-004
 * solver (rotation matrix X) 4.3E-003
 * solver (exponential of X)  6.5E-004
 * solver (total)             9.3E-003
 * total SCF                  8.3E-002
 Atomic guess: AR, ../../../../basis-sets/bse/def2-svp.txt
 ---------------------------------------------------------
 E(HF) [a.u.]                            -5.2662338507E+002
 Tr(RhoAvg S), Cartesian AOs              1.8000000000E+001
 Tr(RhoAvg S), spherical AOs              1.8000000000E+001
 max|T RhoAvg T**T - RhoAvg_sao|                  1.44E-034
 max|c(RhoAvg) - c(Rho)|                          5.33E-015
 max|RhoAvg - Rho|                                3.54E-008
 Saved /mnt/storage_6/project_data/pl0415-03/marcin/beyond-rpa/guess/electron-densities/bse/def2-svp/ar.txt
 ----------------------------------------------------------------------------
                              SCF for K (2S+1=2)                             
 ----------------------------------------------------------------------------
 NUMBER OF ATOMS                         1
 CHARGE                                  0
 Prescreening (pq|pq) integrals for the Cholesky decomposition
 Shell pairs will be sorted according to their max elements
 Max diagonal integral MaxDrs=1.2E+001
 Applying Eq. 15 in J. Chem. Phys. 150, 194112 (2019); doi: 10.1063/1.5083802
 Schwarz inequality: Dpq<min(10**(-8),Tau)**2/MaxDrs=8.6E-018
 Trace of exact Coulomb matrix: 3.7E+001
 Trace of discarded integrals: 0.0E+000
 Discarded 0 out of 55 shell pairs
 (0 out of 300 orbital pairs)

 Step 1 of Cholesky decomposition: locating pivots
 -------------------------------------------------
 Dimensions of the Coulomb matrix: (300,300)
 Threshold for diagonal matrix elements: Dpq > 1.0E-007
 Max number of Cholesky vectors: 300
 Rk storage block size: 500
 Max dimension of 2e integrals buffer: (300,300)

 ----------------------------------------------------------------------------
 #    Dmax        Memory (MB)    NPivots     %    Time        
 ----------------------------------------------------------------------------
 1    1.0E-001    1.8E+000       15          9    3.4E-003    
 2    8.0E-004    1.6E+000       89          47   3.5E-003    
 3    4.8E-006    9.3E-001       139         85   1.0E-003    
 4    9.9E-008    2.9E-001       164         100  4.8E-004    

 Step 1 of the Cholesky decomposition completed
 Computed 164 pivots
 Largest residual Dpq: 9.9E-008
 NCholesky/NAO = 6.8E+000
 Step 1 of Cholesky decomposition completed in 8.5E-003 seconds
 Detailed timings in seconds
 Subtract prev contribs I (M-R**T*R)     9.0E-004
 Subtract prev contribs II (Rk)          1.1E-003
 Two-electron integrals                  4.8E-003
 Reallocation                            7.7E-004

 Step 2 of Cholesky decomposition completed in 2.8E-003 seconds
 Detailed timings in seconds
 Reduced-dimension matrix V    1.3E-003
 V=L*L**T                      1.4E-003
 L**(-1)                       1.7E-004

 Full-dimension Cholesky vectors of the Coulomb matrix will be stored in memory
 Cholesky vectors computed in 4.1E-003 seconds

 ┌─────────────────────────────────────────┐
 │          Self-consistent field          │
 └─────────────────────────────────────────┘

 Atomic orbital basis set
 . . . . . . . . . . . . . . . . . . . . . . . . . . . . . . . . . . . . . . 
 atomic centers                               1
 shell parameter sets                         10
 spherical AOs                                24
 max angular momentum                         2
 parameter set                                ../../../../basis-sets/bse/def2-svp.txt
 . . . . . . . . . . . . . . . . . . . . . . . . . . . . . . . . . . . . . . 
 SCF guess: bare nuclei Hamiltonian
 Starting self-consistent field iterations (spin-unrestricted)
 Alpha electrons: 10
 Beta electrons: 9
 ----------------------------------------------------------------------------
 Exchange-correlation: Hartree-Fock
 ----------------------------------------------------------------------------
 Replicated-data parallel SCF
 ----------------------------
 Processes                               1
 Threads/process                         16
 Allocated 1.1E-004 GiB of scratch space for the KS matrix build
 ----------------------------------------------------------------------------
 Spherical harmonic basis contains 24 vectors
 Linear independence thresh: Eig(S) > 1.0E-006
 Computations will be carried out in the space of 24 MOs
 Threshold for J, K: |Rho(r,s)*(pq|rs)|,|Rho(q,s)*(pq|rs)| > 1.0E-011
 Convergence conditions
 ----------------------
 RhoDiff < 1.0E-006
 OrbGrad < 1.0E-006
 Max number of macroiters: 1024
 ------------------------------------------------------------------------------
 #           Energy        EDiff    RhoDiff  OrbGrad  OrbShift NStored Time     
 ------------------------------------------------------------------------------
 0         -192.9202273332                                        0    3.0E-002 
 1         -598.3053511453           4.5E+00                      0    2.3E-002 
 2         -598.6896714794 -3.8E-01  2.7E-01  2.1E-01  4.4E-01    1    2.4E-002 
 3         -598.9393097392 -2.5E-01  6.6E-01  2.3E-01  2.4E-01    2    2.6E-002 
 4         -599.0583426058 -1.2E-01  3.1E-01  8.1E-02  1.2E-01    3    3.5E-002 
 5         -599.0750600877 -1.7E-02  5.6E-01  3.3E-02  0.0E+00    4    2.5E-002 
 6         -599.0772799768 -2.2E-03  4.1E-01  1.4E-02  0.0E+00    5    2.5E-002 
 7         -599.0774282419 -1.5E-04  9.0E-02  4.2E-03  0.0E+00    6    2.5E-002 
 8         -599.0774338152 -5.6E-06  5.2E-03  9.7E-04  0.0E+00    7    2.5E-002 
 9         -599.0774338670 -5.2E-08  8.4E-04  1.4E-04  0.0E+00    8    2.5E-002 
 10        -599.0774338675 -4.5E-10  9.8E-05  1.1E-05  0.0E+00    8    2.6E-002 
 11        -599.0774338675 -5.8E-12  7.8E-06  1.3E-06  0.0E+00    8    2.6E-002 
 12        -599.0774338675 -1.1E-13  7.7E-07  2.1E-07  0.0E+00    8    2.6E-002 
 ------------------------------------------------------------------------------
 SCF converged
 Converged energy                        -599.077433867468   
 ------------------------------------------------------------------------------
 Ehomo(Alpha) [eV]                       -3.988167361823     
 Elumo(Alpha) [eV]                       1.252875856773      
 Ehomo(Beta) [eV]                        -25.976804168153    
 Elumo(Beta) [eV]                        0.232863823204      

 dipole moment (Debye)
        x              y              z       
      1.350E-014    -3.673E-015     1.901E-015

 traceless quadrupole moment (Debye*Angs)
                       x              y              z       
 x                  -1.297E-007     5.340E-008    -1.334E-007
 y                   5.340E-008     1.249E-007     2.684E-008
 z                  -1.334E-007     2.684E-008     4.813E-009

 ----------------------------------------------------------------------------
 Timings (seconds)
 * mean-field hamiltonian     2.9E-001
 * solver (setting up eqns)   3.6E-003
 * solver (energy estimate)   8.3E-003
 * solver (orthogonalization) 8.8E-004
 * solver (rotation matrix X) 2.2E-002
 * solver (exponential of X)  2.0E-003
 * solver (total)             3.9E-002
 * total SCF                  3.4E-001
 Atomic guess: K, ../../../../basis-sets/bse/def2-svp.txt
 --------------------------------------------------------
 E(HF) [a.u.]                            -5.9907743387E+002
 Tr(RhoAvg S), Cartesian AOs              1.9000000000E+001
 Tr(RhoAvg S), spherical AOs              1.9000000000E+001
 max|T RhoAvg T**T - RhoAvg_sao|                  2.22E-016
 max|c(RhoAvg) - c(Rho)|                          3.55E-015
 max|RhoAvg - Rho|                                4.41E-008
 Saved /mnt/storage_6/project_data/pl0415-03/marcin/beyond-rpa/guess/electron-densities/bse/def2-svp/k.txt
 ----------------------------------------------------------------------------
                                  SCF for CA                                 
 ----------------------------------------------------------------------------
 NUMBER OF ATOMS                         1
 CHARGE                                  0
 Prescreening (pq|pq) integrals for the Cholesky decomposition
 Shell pairs will be sorted according to their max elements
 Max diagonal integral MaxDrs=1.2E+001
 Applying Eq. 15 in J. Chem. Phys. 150, 194112 (2019); doi: 10.1063/1.5083802
 Schwarz inequality: Dpq<min(10**(-8),Tau)**2/MaxDrs=8.2E-018
 Trace of exact Coulomb matrix: 4.1E+001
 Trace of discarded integrals: 0.0E+000
 Discarded 0 out of 55 shell pairs
 (0 out of 300 orbital pairs)

 Step 1 of Cholesky decomposition: locating pivots
 -------------------------------------------------
 Dimensions of the Coulomb matrix: (300,300)
 Threshold for diagonal matrix elements: Dpq > 1.0E-007
 Max number of Cholesky vectors: 300
 Rk storage block size: 500
 Max dimension of 2e integrals buffer: (300,300)

 ----------------------------------------------------------------------------
 #    Dmax        Memory (MB)    NPivots     %    Time        
 ----------------------------------------------------------------------------
 1    1.1E-001    1.8E+000       16          7    4.2E-003    
 2    1.1E-003    1.7E+000       98          51   8.0E-003    
 3    9.0E-006    8.9E-001       133         72   1.2E-003    
 4    8.7E-008    6.4E-001       174         100  1.5E-003    

 Step 1 of the Cholesky decomposition completed
 Computed 174 pivots
 Largest residual Dpq: 8.7E-008
 NCholesky/NAO = 7.2E+000
 Step 1 of Cholesky decomposition completed in 1.5E-002 seconds
 Detailed timings in seconds
 Subtract prev contribs I (M-R**T*R)     2.3E-003
 Subtract prev contribs II (Rk)          1.3E-003
 Two-electron integrals                  9.9E-003
 Reallocation                            5.6E-004

 Step 2 of Cholesky decomposition completed in 3.4E-003 seconds
 Detailed timings in seconds
 Reduced-dimension matrix V    2.5E-003
 V=L*L**T                      6.4E-004
 L**(-1)                       2.1E-004

 Full-dimension Cholesky vectors of the Coulomb matrix will be stored in memory
 Cholesky vectors computed in 9.6E-003 seconds

 ┌─────────────────────────────────────────┐
 │          Self-consistent field          │
 └─────────────────────────────────────────┘

 Atomic orbital basis set
 . . . . . . . . . . . . . . . . . . . . . . . . . . . . . . . . . . . . . . 
 atomic centers                               1
 shell parameter sets                         10
 spherical AOs                                24
 max angular momentum                         2
 parameter set                                ../../../../basis-sets/bse/def2-svp.txt
 . . . . . . . . . . . . . . . . . . . . . . . . . . . . . . . . . . . . . . 
 SCF guess: bare nuclei Hamiltonian
 Starting self-consistent field iterations (spin-restricted singlet)
 Alpha+beta electrons: 20
 ----------------------------------------------------------------------------
 Exchange-correlation: Hartree-Fock
 ----------------------------------------------------------------------------
 Replicated-data parallel SCF
 ----------------------------
 Processes                               1
 Threads/process                         16
 Allocated 5.9E-005 GiB of scratch space for the KS matrix build
 ----------------------------------------------------------------------------
 Spherical harmonic basis contains 24 vectors
 Linear independence thresh: Eig(S) > 1.0E-006
 Computations will be carried out in the space of 24 MOs
 Threshold for J, K: |Rho(r,s)*(pq|rs)|,|Rho(q,s)*(pq|rs)| > 1.0E-011
 Convergence conditions
 ----------------------
 RhoDiff < 1.0E-006
 OrbGrad < 1.0E-006
 Max number of macroiters: 1024
 ------------------------------------------------------------------------------
 #           Energy        EDiff    RhoDiff  OrbGrad  OrbShift NStored Time     
 ------------------------------------------------------------------------------
 0         -224.1714179321                                        0    1.8E-002 
 1         -675.5053643729           8.5E+00                      0    1.1E-002 
 2         -676.1644623376 -6.6E-01  8.0E-01  3.0E-01  3.7E-01    1    1.2E-002 
 3         -676.3990945108 -2.3E-01  1.0E+00  1.6E-01  1.8E-01    2    1.2E-002 
 4         -676.4114134533 -1.2E-02  1.4E-01  3.2E-02  0.0E+00    3    1.2E-002 
 5         -676.4123578771 -9.4E-04  6.9E-02  1.3E-02  0.0E+00    4    1.2E-002 
 6         -676.4123843345 -2.6E-05  1.2E-02  2.1E-03  0.0E+00    5    1.3E-002 
 7         -676.4123843752 -4.1E-08  4.4E-04  7.7E-05  0.0E+00    6    1.3E-002 
 8         -676.4123843778 -2.7E-09  1.1E-04  3.8E-06  0.0E+00    7    1.3E-002 
 9         -676.4123844023 -2.4E-08  3.2E-04  1.2E-05  0.0E+00    8    1.3E-002 
 10        -676.4123846283 -2.3E-07  9.6E-04  3.6E-05  0.0E+00    8    1.3E-002 
 11        -676.4123867204 -2.1E-06  2.9E-03  1.1E-04  0.0E+00    8    1.3E-002 
 12        -676.4123975860 -1.1E-05  5.6E-03  3.4E-04  2.5E-02    8    1.4E-002 
 13        -676.4124232658 -2.6E-05  4.8E-03  8.0E-04  2.7E-01    8    2.3E-002 
 14        -676.4124719066 -4.9E-05  5.8E-03  1.4E-03  3.4E-01    8    2.3E-002 
 15        -676.4125559655 -8.4E-05  6.9E-03  2.1E-03  3.9E-01    8    2.2E-002 
 16        -676.4126937356 -1.4E-04  8.3E-03  2.9E-03  4.4E-01    8    2.4E-002 
 17        -676.4129122037 -2.2E-04  9.9E-03  3.9E-03  4.8E-01    8    2.4E-002 
 18        -676.4132510179 -3.4E-04  1.2E-02  5.0E-03  5.1E-01    8    2.4E-002 
 19        -676.4137676267 -5.2E-04  1.4E-02  6.4E-03  5.4E-01    8    2.3E-002 
 20        -676.4145445107 -7.8E-04  1.7E-02  8.1E-03  5.6E-01    8    2.3E-002 
 21        -676.4157003722 -1.2E-03  2.0E-02  1.0E-02  5.8E-01    8    2.3E-002 
 22        -676.4174079703 -1.7E-03  2.4E-02  1.3E-02  5.9E-01    8    2.3E-002 
 23        -676.4199099408 -2.5E-03  2.8E-02  1.5E-02  6.0E-01    8    2.3E-002 
 24        -676.4235557952 -3.6E-03  3.3E-02  1.9E-02  6.0E-01    8    2.3E-002 
 25        -676.4288143803 -5.3E-03  3.8E-02  2.3E-02  6.0E-01    8    2.3E-002 
 26        -676.4363424501 -7.5E-03  4.4E-02  2.7E-02  6.0E-01    8    2.4E-002 
 27        -676.4470010283 -1.1E-02  5.4E-02  3.2E-02  5.8E-01    8    2.3E-002 
 28        -676.4618734859 -1.5E-02  7.5E-02  3.7E-02  5.6E-01    8    2.2E-002 
 29        -676.4822202448 -2.0E-02  1.0E-01  4.3E-02  5.3E-01    8    2.2E-002 
 30        -676.5093388062 -2.7E-02  1.3E-01  4.8E-02  4.9E-01    8    2.2E-002 
 31        -676.5439510654 -3.5E-02  1.7E-01  5.1E-02  4.3E-01    8    2.2E-002 
 32        -676.5851201437 -4.1E-02  2.3E-01  5.1E-02  3.4E-01    8    2.1E-002 
 33        -676.6275746451 -4.2E-02  3.0E-01  4.1E-02  2.3E-01    8    2.1E-002 
 34        -676.6574125790 -3.0E-02  3.5E-01  3.9E-02  8.0E-02    8    2.0E-002 
 35        -676.6606897239 -3.3E-03  1.2E-01  1.3E-02  0.0E+00    8    1.3E-002 
 36        -676.6607031479 -1.3E-05  6.9E-03  1.4E-03  0.0E+00    8    1.3E-002 
 37        -676.6607032684 -1.2E-07  2.0E-03  1.0E-04  0.0E+00    8    1.3E-002 
 38        -676.6607032702 -1.8E-09  7.3E-05  1.7E-05  0.0E+00    8    1.3E-002 
 39        -676.6607032704 -1.6E-10  4.9E-05  3.2E-06  0.0E+00    8    1.3E-002 
 40        -676.6607032704 -3.0E-11  9.9E-06  1.5E-06  0.0E+00    8    1.3E-002 
 41        -676.6607032704 -8.0E-12  3.8E-06  7.2E-07  0.0E+00    8    1.3E-002 
 42        -676.6607032704 -2.7E-12  3.3E-06  3.8E-07  0.0E+00    8    1.3E-002 
 43        -676.6607032704 -8.0E-13  1.6E-06  1.5E-07  0.0E+00    8    1.3E-002 
 44        -676.6607032704 -1.1E-13  1.5E-06  6.9E-08  0.0E+00    8    1.3E-002 
 Skipping trust radius update
 45        -676.6607032704 -1.1E-13  3.1E-08  6.7E-09  0.0E+00    8    1.3E-002 
 ------------------------------------------------------------------------------
 SCF converged
 Converged energy                        -676.660703270429   
 ------------------------------------------------------------------------------
 Ehomo [eV]                              -5.310372021371     
 Elumo [eV]                              2.163831187194      

 dipole moment (Debye)
        x              y              z       
      4.734E-015     4.366E-014     1.235E-014

 traceless quadrupole moment (Debye*Angs)
                       x              y              z       
 x                  -6.705E-007     3.321E-013     7.705E-014
 y                   3.321E-013     8.947E-008     2.043E-007
 z                   7.705E-014     2.043E-007     5.811E-007

 ----------------------------------------------------------------------------
 Timings (seconds)
 * mean-field hamiltonian     5.3E-001
 * solver (setting up eqns)   8.0E-003
 * solver (energy estimate)   2.6E-002
 * solver (orthogonalization) 1.7E-003
 * solver (rotation matrix X) 2.3E-001
 * solver (exponential of X)  4.1E-003
 * solver (total)             2.7E-001
 * total SCF                  8.1E-001
 Atomic guess: CA, ../../../../basis-sets/bse/def2-svp.txt
 ---------------------------------------------------------
 E(HF) [a.u.]                            -6.7666070327E+002
 Tr(RhoAvg S), Cartesian AOs              2.0000000000E+001
 Tr(RhoAvg S), spherical AOs              2.0000000000E+001
 max|T RhoAvg T**T - RhoAvg_sao|                  1.11E-016
 max|c(RhoAvg) - c(Rho)|                          3.55E-015
 max|RhoAvg - Rho|                                2.35E-008
 Saved /mnt/storage_6/project_data/pl0415-03/marcin/beyond-rpa/guess/electron-densities/bse/def2-svp/ca.txt
 ----------------------------------------------------------------------------
                             SCF for SC (2S+1=2)                             
 ----------------------------------------------------------------------------
 NUMBER OF ATOMS                         1
 CHARGE                                  0
 Prescreening (pq|pq) integrals for the Cholesky decomposition
 Shell pairs will be sorted according to their max elements
 Max diagonal integral MaxDrs=1.3E+001
 Applying Eq. 15 in J. Chem. Phys. 150, 194112 (2019); doi: 10.1063/1.5083802
 Schwarz inequality: Dpq<min(10**(-8),Tau)**2/MaxDrs=7.8E-018
 Trace of exact Coulomb matrix: 5.1E+001
 Trace of discarded integrals: 0.0E+000
 Discarded 0 out of 66 shell pairs
 (0 out of 496 orbital pairs)

 Step 1 of Cholesky decomposition: locating pivots
 -------------------------------------------------
 Dimensions of the Coulomb matrix: (496,496)
 Threshold for diagonal matrix elements: Dpq > 1.0E-007
 Max number of Cholesky vectors: 465
 Rk storage block size: 500
 Max dimension of 2e integrals buffer: (496,496)

 ----------------------------------------------------------------------------
 #    Dmax        Memory (MB)    NPivots     %    Time        
 ----------------------------------------------------------------------------
 1    1.2E-001    3.6E+000       16          6    9.4E-003    
 2    1.2E-003    3.5E+000       142         37   2.7E-002    
 3    1.2E-005    2.9E+000       189         66   9.5E-003    
 4    1.1E-007    1.5E+000       249         100  7.5E-003    
 5    9.4E-008    8.3E-002       250         100  5.1E-004    

 Step 1 of the Cholesky decomposition completed
 Computed 250 pivots
 Largest residual Dpq: 9.4E-008
 NCholesky/NAO = 8.1E+000
 Step 1 of Cholesky decomposition completed in 5.4E-002 seconds
 Detailed timings in seconds
 Subtract prev contribs I (M-R**T*R)     4.2E-003
 Subtract prev contribs II (Rk)          5.7E-003
 Two-electron integrals                  3.5E-002
 Reallocation                            7.9E-003

 Step 2 of Cholesky decomposition completed in 7.2E-003 seconds
 Detailed timings in seconds
 Reduced-dimension matrix V    4.9E-003
 V=L*L**T                      1.7E-003
 L**(-1)                       5.5E-004

 Full-dimension Cholesky vectors of the Coulomb matrix will be stored in memory
 Cholesky vectors computed in 2.0E-002 seconds

 ┌─────────────────────────────────────────┐
 │          Self-consistent field          │
 └─────────────────────────────────────────┘

 Atomic orbital basis set
 . . . . . . . . . . . . . . . . . . . . . . . . . . . . . . . . . . . . . . 
 atomic centers                               1
 shell parameter sets                         11
 spherical AOs                                31
 max angular momentum                         3
 parameter set                                ../../../../basis-sets/bse/def2-svp.txt
 . . . . . . . . . . . . . . . . . . . . . . . . . . . . . . . . . . . . . . 
 SCF guess: bare nuclei Hamiltonian
 Starting self-consistent field iterations (spin-unrestricted)
 Alpha electrons: 11
 Beta electrons: 10
 ----------------------------------------------------------------------------
 Exchange-correlation: Hartree-Fock
 ----------------------------------------------------------------------------
 Replicated-data parallel SCF
 ----------------------------
 Processes                               1
 Threads/process                         16
 Allocated 2.0E-004 GiB of scratch space for the KS matrix build
 ----------------------------------------------------------------------------
 Spherical harmonic basis contains 31 vectors
 Linear independence thresh: Eig(S) > 1.0E-006
 Computations will be carried out in the space of 31 MOs
 Threshold for J, K: |Rho(r,s)*(pq|rs)|,|Rho(q,s)*(pq|rs)| > 1.0E-011
 Convergence conditions
 ----------------------
 RhoDiff < 1.0E-006
 OrbGrad < 1.0E-006
 Max number of macroiters: 1024
 ------------------------------------------------------------------------------
 #           Energy        EDiff    RhoDiff  OrbGrad  OrbShift NStored Time     
 ------------------------------------------------------------------------------
 0         -357.3636998467                                        0    6.7E-002 
 1         -757.5384189449           4.2E+00                      0    6.1E-002 
 2         -758.8162406713 -1.3E+00  4.7E-01  3.6E-01  8.2E-01    1    6.2E-002 
 3         -759.3859933866 -5.7E-01  7.0E-01  3.2E-01  4.0E-01    2    6.9E-002 
 4         -759.5183325078 -1.3E-01  2.8E-01  7.2E-02  4.1E-02    3    6.5E-002 
 5         -759.5626411401 -4.4E-02  4.4E-01  7.2E-02  0.0E+00    4    6.5E-002 
 6         -759.5686231129 -6.0E-03  1.3E-01  1.8E-02  0.0E+00    5    8.7E-002 
 7         -759.6118279473 -4.3E-02  1.0E+00  1.7E-02  2.3E-02    6    1.0E-001 
 8         -759.6244494870 -1.3E-02  2.6E-01  3.1E-02  0.0E+00    7    8.0E-002 
 9         -759.6273092775 -2.9E-03  1.4E-01  1.2E-02  0.0E+00    8    9.4E-002 
 10        -759.6284426910 -1.1E-03  9.7E-02  8.1E-03  0.0E+00    8    8.1E-002 
 11        -759.6285773242 -1.3E-04  1.1E-02  2.6E-03  0.0E+00    8    9.0E-002 
 12        -759.6286099540 -3.3E-05  1.9E-02  1.3E-03  0.0E+00    8    8.1E-002 
 13        -759.6286130266 -3.1E-06  4.6E-03  4.0E-04  0.0E+00    8    1.1E-001 
 14        -759.6286137334 -7.1E-07  2.0E-03  1.6E-04  0.0E+00    8    9.7E-002 
 15        -759.6286138730 -1.4E-07  4.5E-04  8.3E-05  0.0E+00    8    1.1E-001 
 16        -759.6286139237 -5.1E-08  2.1E-04  3.8E-05  0.0E+00    8    8.6E-002 
 17        -759.6286139291 -5.3E-09  8.1E-05  1.8E-05  0.0E+00    8    9.7E-002 
 18        -759.6286139293 -1.9E-10  2.4E-05  3.9E-06  0.0E+00    8    1.1E-001 
 19        -759.6286139293 -1.9E-11  1.0E-05  9.4E-07  0.0E+00    8    8.7E-002 
 20        -759.6286139293 -2.8E-12  3.9E-06  5.9E-07  0.0E+00    8    8.8E-002 
 21        -759.6286139293 -3.4E-13  2.7E-07  1.4E-07  0.0E+00    8    9.7E-002 
 ------------------------------------------------------------------------------
 SCF converged
 Converged energy                        -759.628613929276   
 ------------------------------------------------------------------------------
 Ehomo(Alpha) [eV]                       -5.857964147810     
 Elumo(Alpha) [eV]                       2.465624142069      
 Ehomo(Beta) [eV]                        -5.547489750930     
 Elumo(Beta) [eV]                        2.579475505468      

 dipole moment (Debye)
        x              y              z       
     -5.274E-015    -1.560E-014    -1.076E-014

 traceless quadrupole moment (Debye*Angs)
                       x              y              z       
 x                  -3.406E-002     4.627E-001    -3.443E-006
 y                   4.627E-001     3.707E-001     3.683E-006
 z                  -3.443E-006     3.683E-006    -3.367E-001

 ----------------------------------------------------------------------------
 Timings (seconds)
 * mean-field hamiltonian     1.8E+000
 * solver (setting up eqns)   8.2E-003
 * solver (energy estimate)   1.9E-002
 * solver (orthogonalization) 1.7E-003
 * solver (rotation matrix X) 4.4E-002
 * solver (exponential of X)  3.9E-003
 * solver (total)             7.9E-002
 * total SCF                  1.9E+000
 Atomic guess: SC, ../../../../basis-sets/bse/def2-svp.txt
 ---------------------------------------------------------
 E(HF) [a.u.]                            -7.5962861393E+002
 Tr(RhoAvg S), Cartesian AOs              2.1000000000E+001
 Tr(RhoAvg S), spherical AOs              2.1000000000E+001
 max|T RhoAvg T**T - RhoAvg_sao|                  8.88E-016
 max|c(RhoAvg) - c(Rho)|                          1.78E-015
 max|RhoAvg - Rho|                                3.32E-001
 Saved /mnt/storage_6/project_data/pl0415-03/marcin/beyond-rpa/guess/electron-densities/bse/def2-svp/sc.txt
 ----------------------------------------------------------------------------
                             SCF for TI (2S+1=3)                             
 ----------------------------------------------------------------------------
 NUMBER OF ATOMS                         1
 CHARGE                                  0
 Prescreening (pq|pq) integrals for the Cholesky decomposition
 Shell pairs will be sorted according to their max elements
 Max diagonal integral MaxDrs=1.3E+001
 Applying Eq. 15 in J. Chem. Phys. 150, 194112 (2019); doi: 10.1063/1.5083802
 Schwarz inequality: Dpq<min(10**(-8),Tau)**2/MaxDrs=7.4E-018
 Trace of exact Coulomb matrix: 5.6E+001
 Trace of discarded integrals: 0.0E+000
 Discarded 0 out of 66 shell pairs
 (0 out of 496 orbital pairs)

 Step 1 of Cholesky decomposition: locating pivots
 -------------------------------------------------
 Dimensions of the Coulomb matrix: (496,496)
 Threshold for diagonal matrix elements: Dpq > 1.0E-007
 Max number of Cholesky vectors: 465
 Rk storage block size: 500
 Max dimension of 2e integrals buffer: (496,496)

 ----------------------------------------------------------------------------
 #    Dmax        Memory (MB)    NPivots     %    Time        
 ----------------------------------------------------------------------------
 1    1.3E-001    3.6E+000       16          6    1.3E-002    
 2    1.1E-003    3.5E+000       151         40   2.8E-002    
 3    9.9E-006    2.9E+000       203         70   1.2E-002    
 4    7.5E-008    1.4E+000       253         100  9.1E-003    

 Step 1 of the Cholesky decomposition completed
 Computed 253 pivots
 Largest residual Dpq: 7.5E-008
 NCholesky/NAO = 8.2E+000
 Step 1 of Cholesky decomposition completed in 6.2E-002 seconds
 Detailed timings in seconds
 Subtract prev contribs I (M-R**T*R)     1.3E-002
 Subtract prev contribs II (Rk)          7.1E-003
 Two-electron integrals                  3.9E-002
 Reallocation                            1.2E-003

 Step 2 of Cholesky decomposition completed in 1.1E-002 seconds
 Detailed timings in seconds
 Reduced-dimension matrix V    4.9E-003
 V=L*L**T                      5.9E-003
 L**(-1)                       6.0E-004

 Full-dimension Cholesky vectors of the Coulomb matrix will be stored in memory
 Cholesky vectors computed in 3.0E-002 seconds

 ┌─────────────────────────────────────────┐
 │          Self-consistent field          │
 └─────────────────────────────────────────┘

 Atomic orbital basis set
 . . . . . . . . . . . . . . . . . . . . . . . . . . . . . . . . . . . . . . 
 atomic centers                               1
 shell parameter sets                         11
 spherical AOs                                31
 max angular momentum                         3
 parameter set                                ../../../../basis-sets/bse/def2-svp.txt
 . . . . . . . . . . . . . . . . . . . . . . . . . . . . . . . . . . . . . . 
 SCF guess: bare nuclei Hamiltonian
 Starting self-consistent field iterations (spin-unrestricted)
 Alpha electrons: 12
 Beta electrons: 10
 ----------------------------------------------------------------------------
 Exchange-correlation: Hartree-Fock
 ----------------------------------------------------------------------------
 Replicated-data parallel SCF
 ----------------------------
 Processes                               1
 Threads/process                         16
 Allocated 2.0E-004 GiB of scratch space for the KS matrix build
 ----------------------------------------------------------------------------
 Spherical harmonic basis contains 31 vectors
 Linear independence thresh: Eig(S) > 1.0E-006
 Computations will be carried out in the space of 31 MOs
 Threshold for J, K: |Rho(r,s)*(pq|rs)|,|Rho(q,s)*(pq|rs)| > 1.0E-011
 Convergence conditions
 ----------------------
 RhoDiff < 1.0E-006
 OrbGrad < 1.0E-006
 Max number of macroiters: 1024
 ------------------------------------------------------------------------------
 #           Energy        EDiff    RhoDiff  OrbGrad  OrbShift NStored Time     
 ------------------------------------------------------------------------------
 0         -420.1371408266                                        0    4.4E-002 
 1         -845.3657583606           4.1E+00                      0    2.6E-002 
 2         -847.2241014648 -1.9E+00  4.6E-01  4.0E-01  1.1E+00    1    2.7E-002 
 3         -847.9427054574 -7.2E-01  4.2E-01  4.0E-01  5.3E-01    2    2.7E-002 
 4         -847.9618660941 -1.9E-02  6.0E-02  8.1E-02  0.0E+00    3    2.8E-002 
 5         -847.9888149105 -2.7E-02  1.9E-01  2.1E-02  6.0E-03    4    2.8E-002 
 6         -848.0620307698 -7.3E-02  2.8E-01  4.6E-02  0.0E+00    5    2.8E-002 
 7         -848.2077035682 -1.5E-01  4.5E-01  6.1E-02  5.5E-02    6    3.5E-002 
 8         -848.2623811966 -5.5E-02  4.2E-01  7.3E-02  0.0E+00    7    2.8E-002 
 9         -848.2747653983 -1.2E-02  9.6E-02  2.1E-02  0.0E+00    8    2.9E-002 
 10        -848.2757656298 -1.0E-03  6.0E-02  7.4E-03  0.0E+00    8    2.9E-002 
 11        -848.2758899534 -1.2E-04  1.5E-02  2.7E-03  0.0E+00    8    2.9E-002 
 12        -848.2759707312 -8.1E-05  1.2E-02  1.6E-03  0.0E+00    8    2.8E-002 
 13        -848.2759965100 -2.6E-05  4.5E-03  1.1E-03  0.0E+00    8    2.9E-002 
 14        -848.2760326504 -3.6E-05  7.6E-03  1.1E-03  0.0E+00    8    2.9E-002 
 15        -848.2761764604 -1.4E-04  2.1E-02  1.1E-03  8.2E-03    8    4.0E-002 
 16        -848.2765264122 -3.5E-04  2.2E-02  2.3E-03  6.2E-02    8    3.9E-002 
 17        -848.2771675972 -6.4E-04  2.4E-02  3.6E-03  9.3E-02    8    3.9E-002 
 18        -848.2782129328 -1.0E-03  3.0E-02  4.9E-03  1.1E-01    8    3.8E-002 
 19        -848.2797582604 -1.5E-03  3.6E-02  6.1E-03  1.1E-01    8    3.8E-002 
 20        -848.2818406677 -2.1E-03  4.1E-02  7.0E-03  1.0E-01    8    3.8E-002 
 21        -848.2843004287 -2.5E-03  4.3E-02  7.2E-03  7.9E-02    8    3.8E-002 
 22        -848.2865423804 -2.2E-03  5.1E-02  6.3E-03  4.4E-02    8    3.9E-002 
 23        -848.2872488468 -7.1E-04  6.4E-02  3.7E-03  0.0E+00    8    2.9E-002 
 24        -848.2872895614 -4.1E-05  1.1E-02  1.8E-03  0.0E+00    8    2.8E-002 
 25        -848.2872905155 -9.5E-07  6.0E-04  3.1E-04  0.0E+00    8    2.9E-002 
 26        -848.2872907504 -2.3E-07  4.9E-04  1.3E-04  0.0E+00    8    2.8E-002 
 27        -848.2872907814 -3.1E-08  1.2E-04  4.6E-05  0.0E+00    8    2.8E-002 
 28        -848.2872907872 -5.8E-09  6.2E-05  1.5E-05  0.0E+00    8    2.8E-002 
 29        -848.2872907884 -1.2E-09  2.4E-05  8.8E-06  0.0E+00    8    2.8E-002 
 30        -848.2872907889 -4.5E-10  1.5E-05  5.4E-06  0.0E+00    8    2.8E-002 
 31        -848.2872907891 -1.9E-10  1.5E-05  3.7E-06  0.0E+00    8    2.8E-002 
 32        -848.2872907893 -2.6E-10  1.8E-05  3.0E-06  0.0E+00    8    2.8E-002 
 33        -848.2872907894 -9.1E-11  1.3E-05  1.6E-06  0.0E+00    8    2.8E-002 
 34        -848.2872907894 -7.0E-12  2.8E-06  6.4E-07  0.0E+00    8    2.8E-002 
 35        -848.2872907894 -4.8E-12  3.7E-06  3.9E-07  0.0E+00    8    2.8E-002 
 36        -848.2872907894 -5.7E-13  9.0E-07  2.3E-07  0.0E+00    8    2.8E-002 
 ------------------------------------------------------------------------------
 SCF converged
 Converged energy                        -848.287290789428   
 ------------------------------------------------------------------------------
 Ehomo(Alpha) [eV]                       -6.282856172532     
 Elumo(Alpha) [eV]                       2.675088037536      
 Ehomo(Beta) [eV]                        -5.692424353017     
 Elumo(Beta) [eV]                        2.952657062417      

 dipole moment (Debye)
        x              y              z       
      1.656E-012    -1.018E-012     5.968E-012

 traceless quadrupole moment (Debye*Angs)
                       x              y              z       
 x                   1.017E-006     4.681E-007    -1.624E-007
 y                   4.681E-007    -3.726E-006    -1.150E-006
 z                  -1.624E-007    -1.150E-006     2.709E-006

 ----------------------------------------------------------------------------
 Timings (seconds)
 * mean-field hamiltonian     9.9E-001
 * solver (setting up eqns)   1.3E-002
 * solver (energy estimate)   2.1E-002
 * solver (orthogonalization) 2.0E-003
 * solver (rotation matrix X) 1.1E-001
 * solver (exponential of X)  4.9E-003
 * solver (total)             1.6E-001
 * total SCF                  1.2E+000
 Atomic guess: TI, ../../../../basis-sets/bse/def2-svp.txt
 ---------------------------------------------------------
 E(HF) [a.u.]                            -8.4828729079E+002
 Tr(RhoAvg S), Cartesian AOs              2.2000000000E+001
 Tr(RhoAvg S), spherical AOs              2.2000000000E+001
 max|T RhoAvg T**T - RhoAvg_sao|                  4.44E-016
 max|c(RhoAvg) - c(Rho)|                          2.27E-013
 max|RhoAvg - Rho|                                2.82E-001
 Saved /mnt/storage_6/project_data/pl0415-03/marcin/beyond-rpa/guess/electron-densities/bse/def2-svp/ti.txt
 ----------------------------------------------------------------------------
                              SCF for V (2S+1=4)                             
 ----------------------------------------------------------------------------
 NUMBER OF ATOMS                         1
 CHARGE                                  0
 Prescreening (pq|pq) integrals for the Cholesky decomposition
 Shell pairs will be sorted according to their max elements
 Max diagonal integral MaxDrs=1.4E+001
 Applying Eq. 15 in J. Chem. Phys. 150, 194112 (2019); doi: 10.1063/1.5083802
 Schwarz inequality: Dpq<min(10**(-8),Tau)**2/MaxDrs=7.1E-018
 Trace of exact Coulomb matrix: 6.0E+001
 Trace of discarded integrals: 0.0E+000
 Discarded 0 out of 66 shell pairs
 (0 out of 496 orbital pairs)

 Step 1 of Cholesky decomposition: locating pivots
 -------------------------------------------------
 Dimensions of the Coulomb matrix: (496,496)
 Threshold for diagonal matrix elements: Dpq > 1.0E-007
 Max number of Cholesky vectors: 465
 Rk storage block size: 500
 Max dimension of 2e integrals buffer: (496,496)

 ----------------------------------------------------------------------------
 #    Dmax        Memory (MB)    NPivots     %    Time        
 ----------------------------------------------------------------------------
 1    1.3E-001    3.6E+000       15          5    8.1E-003    
 2    1.2E-003    3.5E+000       151         41   2.1E-002    
 3    1.1E-005    2.7E+000       203         69   9.0E-003    
 4    1.0E-007    1.8E+000       254         98   1.1E-002    
 5    4.3E-008    1.0E-001       256         100  5.1E-004    

 Step 1 of the Cholesky decomposition completed
 Computed 256 pivots
 Largest residual Dpq: 4.3E-008
 NCholesky/NAO = 8.3E+000
 Step 1 of Cholesky decomposition completed in 5.0E-002 seconds
 Detailed timings in seconds
 Subtract prev contribs I (M-R**T*R)     2.1E-003
 Subtract prev contribs II (Rk)          3.6E-003
 Two-electron integrals                  4.2E-002
 Reallocation                            8.7E-004

 Step 2 of Cholesky decomposition completed in 4.6E-003 seconds
 Detailed timings in seconds
 Reduced-dimension matrix V    3.5E-003
 V=L*L**T                      5.3E-004
 L**(-1)                       4.9E-004

 Full-dimension Cholesky vectors of the Coulomb matrix will be stored in memory
 Cholesky vectors computed in 1.2E-002 seconds

 ┌─────────────────────────────────────────┐
 │          Self-consistent field          │
 └─────────────────────────────────────────┘

 Atomic orbital basis set
 . . . . . . . . . . . . . . . . . . . . . . . . . . . . . . . . . . . . . . 
 atomic centers                               1
 shell parameter sets                         11
 spherical AOs                                31
 max angular momentum                         3
 parameter set                                ../../../../basis-sets/bse/def2-svp.txt
 . . . . . . . . . . . . . . . . . . . . . . . . . . . . . . . . . . . . . . 
 SCF guess: bare nuclei Hamiltonian
 Starting self-consistent field iterations (spin-unrestricted)
 Alpha electrons: 13
 Beta electrons: 10
 ----------------------------------------------------------------------------
 Exchange-correlation: Hartree-Fock
 ----------------------------------------------------------------------------
 Replicated-data parallel SCF
 ----------------------------
 Processes                               1
 Threads/process                         16
 Allocated 2.0E-004 GiB of scratch space for the KS matrix build
 ----------------------------------------------------------------------------
 Spherical harmonic basis contains 31 vectors
 Linear independence thresh: Eig(S) > 1.0E-006
 Computations will be carried out in the space of 31 MOs
 Threshold for J, K: |Rho(r,s)*(pq|rs)|,|Rho(q,s)*(pq|rs)| > 1.0E-011
 Convergence conditions
 ----------------------
 RhoDiff < 1.0E-006
 OrbGrad < 1.0E-006
 Max number of macroiters: 1024
 ------------------------------------------------------------------------------
 #           Energy        EDiff    RhoDiff  OrbGrad  OrbShift NStored Time     
 ------------------------------------------------------------------------------
 0         -487.3588132630                                        0    3.5E-002 
 1         -939.0901019158           4.1E+00                      0    2.7E-002 
 2         -941.5627891825 -2.5E+00  4.4E-01  4.4E-01  1.4E+00    1    2.8E-002 
 3         -942.4837664770 -9.2E-01  8.1E-01  4.6E-01  6.9E-01    2    3.0E-002 
 4         -942.6728892220 -1.9E-01  2.9E-01  1.2E-01  3.8E-02    3    3.2E-002 
 5         -942.7018602490 -2.9E-02  2.5E-01  7.9E-02  0.0E+00    4    2.8E-002 
 6         -942.7037964551 -1.9E-03  1.1E-01  2.2E-02  0.0E+00    5    2.9E-002 
 7         -942.7038740225 -7.8E-05  4.2E-02  3.1E-03  0.0E+00    6    2.9E-002 
 8         -942.7038878694 -1.4E-05  9.2E-03  1.0E-03  0.0E+00    7    2.9E-002 
 9         -942.7039685294 -8.1E-05  3.6E-02  6.7E-04  9.2E-03    8    3.9E-002 
 10        -942.7041074126 -1.4E-04  4.3E-02  2.5E-03  2.1E-02    8    4.0E-002 
 11        -942.7043085798 -2.0E-04  5.0E-02  1.1E-03  2.1E-02    8    4.0E-002 
 12        -942.7046775186 -3.7E-04  5.5E-02  1.4E-03  2.9E-02    8    4.0E-002 
 13        -942.7054457777 -7.7E-04  6.2E-02  2.3E-03  4.5E-02    8    4.0E-002 
 14        -942.7071080119 -1.7E-03  9.2E-02  4.2E-03  7.1E-02    8    4.0E-002 
 15        -942.7105749222 -3.5E-03  1.3E-01  7.6E-03  1.0E-01    8    4.0E-002 
 16        -942.7171609202 -6.6E-03  1.6E-01  1.3E-02  1.4E-01    8    3.9E-002 
 17        -942.7279124919 -1.1E-02  1.7E-01  1.9E-02  1.5E-01    8    4.0E-002 
 18        -942.7415995055 -1.4E-02  1.3E-01  2.2E-02  1.3E-01    8    3.9E-002 
 19        -942.7514246130 -9.8E-03  1.6E-01  2.0E-02  4.8E-02    8    3.9E-002 
 20        -942.7521522423 -7.3E-04  4.1E-02  6.2E-03  0.0E+00    8    2.9E-002 
 21        -942.7522248064 -7.3E-05  1.8E-02  2.8E-03  0.0E+00    8    2.9E-002 
 22        -942.7522306448 -5.8E-06  3.4E-03  8.6E-04  0.0E+00    8    2.9E-002 
 23        -942.7522310039 -3.6E-07  1.7E-03  4.0E-04  0.0E+00    8    2.9E-002 
 24        -942.7522310104 -6.5E-09  2.7E-04  3.3E-05  0.0E+00    8    2.9E-002 
 25        -942.7522310110 -5.7E-10  8.2E-05  9.6E-06  0.0E+00    8    2.9E-002 
 26        -942.7522310110 -3.8E-11  9.6E-06  3.0E-06  0.0E+00    8    2.9E-002 
 27        -942.7522310111 -5.7E-12  3.0E-06  9.1E-07  0.0E+00    8    2.9E-002 
 28        -942.7522310111  0.0E+00  1.2E-06  1.7E-07  0.0E+00    8    2.9E-002 
 Skipping trust radius update
 29        -942.7522310111 -1.1E-13  3.0E-07  6.5E-08  0.0E+00    8    2.9E-002 
 ------------------------------------------------------------------------------
 SCF converged
 Converged energy                        -942.752231011050   
 ------------------------------------------------------------------------------
 Ehomo(Alpha) [eV]                       -6.670082179962     
 Elumo(Alpha) [eV]                       2.866713624559      
 Ehomo(Beta) [eV]                        -5.840624876491     
 Elumo(Beta) [eV]                        3.281480096004      

 dipole moment (Debye)
        x              y              z       
      1.613E-014    -6.118E-015    -3.647E-014

 traceless quadrupole moment (Debye*Angs)
                       x              y              z       
 x                   3.169E-007     1.491E-007    -2.033E-009
 y                   1.491E-007     1.118E-007     2.776E-008
 z                  -2.033E-009     2.776E-008    -4.287E-007

 ----------------------------------------------------------------------------
 Timings (seconds)
 * mean-field hamiltonian     8.1E-001
 * solver (setting up eqns)   1.0E-002
 * solver (energy estimate)   1.7E-002
 * solver (orthogonalization) 1.6E-003
 * solver (rotation matrix X) 1.4E-001
 * solver (exponential of X)  4.0E-003
 * solver (total)             1.7E-001
 * total SCF                  1.0E+000
 Atomic guess: V, ../../../../basis-sets/bse/def2-svp.txt
 --------------------------------------------------------
 E(HF) [a.u.]                            -9.4275223101E+002
 Tr(RhoAvg S), Cartesian AOs              2.3000000000E+001
 Tr(RhoAvg S), spherical AOs              2.3000000000E+001
 max|T RhoAvg T**T - RhoAvg_sao|                  5.55E-016
 max|c(RhoAvg) - c(Rho)|                          2.22E-016
 max|RhoAvg - Rho|                                4.07E-001
 Saved /mnt/storage_6/project_data/pl0415-03/marcin/beyond-rpa/guess/electron-densities/bse/def2-svp/v.txt
 ----------------------------------------------------------------------------
                             SCF for CR (2S+1=7)                             
 ----------------------------------------------------------------------------
 NUMBER OF ATOMS                         1
 CHARGE                                  0
 Prescreening (pq|pq) integrals for the Cholesky decomposition
 Shell pairs will be sorted according to their max elements
 Max diagonal integral MaxDrs=1.5E+001
 Applying Eq. 15 in J. Chem. Phys. 150, 194112 (2019); doi: 10.1063/1.5083802
 Schwarz inequality: Dpq<min(10**(-8),Tau)**2/MaxDrs=6.8E-018
 Trace of exact Coulomb matrix: 6.3E+001
 Trace of discarded integrals: 0.0E+000
 Discarded 0 out of 66 shell pairs
 (0 out of 496 orbital pairs)

 Step 1 of Cholesky decomposition: locating pivots
 -------------------------------------------------
 Dimensions of the Coulomb matrix: (496,496)
 Threshold for diagonal matrix elements: Dpq > 1.0E-007
 Max number of Cholesky vectors: 465
 Rk storage block size: 500
 Max dimension of 2e integrals buffer: (496,496)

 ----------------------------------------------------------------------------
 #    Dmax        Memory (MB)    NPivots     %    Time        
 ----------------------------------------------------------------------------
 1    1.4E-001    3.6E+000       16          6    8.3E-003    
 2    1.4E-003    3.5E+000       140         42   3.0E-002    
 3    1.2E-005    2.7E+000       198         68   1.0E-002    
 4    9.1E-008    1.9E+000       265         100  9.8E-003    

 Step 1 of the Cholesky decomposition completed
 Computed 265 pivots
 Largest residual Dpq: 9.1E-008
 NCholesky/NAO = 8.5E+000
 Step 1 of Cholesky decomposition completed in 5.9E-002 seconds
 Detailed timings in seconds
 Subtract prev contribs I (M-R**T*R)     7.4E-003
 Subtract prev contribs II (Rk)          4.0E-003
 Two-electron integrals                  4.5E-002
 Reallocation                            9.1E-004

 Step 2 of Cholesky decomposition completed in 6.4E-003 seconds
 Detailed timings in seconds
 Reduced-dimension matrix V    4.3E-003
 V=L*L**T                      4.3E-004
 L**(-1)                       1.7E-003

 Full-dimension Cholesky vectors of the Coulomb matrix will be stored in memory
 Cholesky vectors computed in 1.2E-002 seconds

 ┌─────────────────────────────────────────┐
 │          Self-consistent field          │
 └─────────────────────────────────────────┘

 Atomic orbital basis set
 . . . . . . . . . . . . . . . . . . . . . . . . . . . . . . . . . . . . . . 
 atomic centers                               1
 shell parameter sets                         11
 spherical AOs                                31
 max angular momentum                         3
 parameter set                                ../../../../basis-sets/bse/def2-svp.txt
 . . . . . . . . . . . . . . . . . . . . . . . . . . . . . . . . . . . . . . 
 SCF guess: bare nuclei Hamiltonian
 Starting self-consistent field iterations (spin-unrestricted)
 Alpha electrons: 15
 Beta electrons: 9
 ----------------------------------------------------------------------------
 Exchange-correlation: Hartree-Fock
 ----------------------------------------------------------------------------
 Replicated-data parallel SCF
 ----------------------------
 Processes                               1
 Threads/process                         16
 Allocated 2.0E-004 GiB of scratch space for the KS matrix build
 ----------------------------------------------------------------------------
 Spherical harmonic basis contains 31 vectors
 Linear independence thresh: Eig(S) > 1.0E-006
 Computations will be carried out in the space of 31 MOs
 Threshold for J, K: |Rho(r,s)*(pq|rs)|,|Rho(q,s)*(pq|rs)| > 1.0E-011
 Convergence conditions
 ----------------------
 RhoDiff < 1.0E-006
 OrbGrad < 1.0E-006
 Max number of macroiters: 1024
 ------------------------------------------------------------------------------
 #           Energy        EDiff    RhoDiff  OrbGrad  OrbShift NStored Time     
 ------------------------------------------------------------------------------
 0         -556.9927438730                                        0    7.0E-002 
 1        -1041.3304694065           4.3E+00                      0    4.4E-002 
 2        -1043.1599074966 -1.8E+00  8.1E-01  4.0E-01  4.2E-01    1    4.6E-002 
 3        -1043.1910065167 -3.1E-02  1.1E+00  6.7E-02  0.0E+00    2    2.9E-002 
 4        -1043.1969976670 -6.0E-03  5.7E-01  3.0E-02  0.0E+00    3    4.6E-002 
 5        -1043.1970662503 -6.9E-05  3.4E-02  3.2E-03  0.0E+00    4    4.5E-002 
 6        -1043.1970694621 -3.2E-06  4.6E-03  8.7E-04  0.0E+00    5    6.3E-002 
 7        -1043.1970695612 -9.9E-08  6.8E-04  1.4E-04  0.0E+00    6    6.3E-002 
 8        -1043.1970695748 -1.4E-08  2.6E-04  5.8E-05  0.0E+00    7    4.6E-002 
 9        -1043.1970695753 -5.6E-10  5.4E-05  1.3E-05  0.0E+00    8    4.5E-002 
 10       -1043.1970695754 -3.8E-11  1.2E-05  3.2E-06  0.0E+00    8    3.0E-002 
 11       -1043.1970695754 -2.7E-12  2.4E-06  1.3E-06  0.0E+00    8    3.0E-002 
 12       -1043.1970695754  0.0E+00  1.8E-07  3.4E-07  0.0E+00    8    2.9E-002 
 ------------------------------------------------------------------------------
 SCF converged
 Converged energy                        -1043.197069575358  
 ------------------------------------------------------------------------------
 Ehomo(Alpha) [eV]                       -5.911265070878     
 Elumo(Alpha) [eV]                       3.280586977039      
 Ehomo(Beta) [eV]                        -49.831761055716    
 Elumo(Beta) [eV]                        0.708992972411      

 dipole moment (Debye)
        x              y              z       
      7.243E-015     5.431E-015     6.641E-015

 traceless quadrupole moment (Debye*Angs)
                       x              y              z       
 x                   1.020E-007     3.954E-008    -6.488E-008
 y                   3.954E-008     1.377E-007     2.356E-007
 z                  -6.488E-008     2.356E-007    -2.397E-007

 ----------------------------------------------------------------------------
 Timings (seconds)
 * mean-field hamiltonian     5.6E-001
 * solver (setting up eqns)   3.6E-003
 * solver (energy estimate)   4.7E-003
 * solver (orthogonalization) 6.1E-004
 * solver (rotation matrix X) 6.3E-003
 * solver (exponential of X)  1.5E-003
 * solver (total)             1.8E-002
 * total SCF                  5.9E-001
 Atomic guess: CR, ../../../../basis-sets/bse/def2-svp.txt
 ---------------------------------------------------------
 E(HF) [a.u.]                            -1.0431970696E+003
 Tr(RhoAvg S), Cartesian AOs              2.4000000000E+001
 Tr(RhoAvg S), spherical AOs              2.4000000000E+001
 max|T RhoAvg T**T - RhoAvg_sao|                  9.99E-016
 max|c(RhoAvg) - c(Rho)|                          4.44E-016
 max|RhoAvg - Rho|                                8.23E-008
 Saved /mnt/storage_6/project_data/pl0415-03/marcin/beyond-rpa/guess/electron-densities/bse/def2-svp/cr.txt
 ----------------------------------------------------------------------------
                             SCF for MN (2S+1=6)                             
 ----------------------------------------------------------------------------
 NUMBER OF ATOMS                         1
 CHARGE                                  0
 Prescreening (pq|pq) integrals for the Cholesky decomposition
 Shell pairs will be sorted according to their max elements
 Max diagonal integral MaxDrs=1.5E+001
 Applying Eq. 15 in J. Chem. Phys. 150, 194112 (2019); doi: 10.1063/1.5083802
 Schwarz inequality: Dpq<min(10**(-8),Tau)**2/MaxDrs=6.5E-018
 Trace of exact Coulomb matrix: 6.8E+001
 Trace of discarded integrals: 0.0E+000
 Discarded 0 out of 66 shell pairs
 (0 out of 496 orbital pairs)

 Step 1 of Cholesky decomposition: locating pivots
 -------------------------------------------------
 Dimensions of the Coulomb matrix: (496,496)
 Threshold for diagonal matrix elements: Dpq > 1.0E-007
 Max number of Cholesky vectors: 465
 Rk storage block size: 500
 Max dimension of 2e integrals buffer: (496,496)

 ----------------------------------------------------------------------------
 #    Dmax        Memory (MB)    NPivots     %    Time        
 ----------------------------------------------------------------------------
 1    1.4E-001    3.6E+000       16          6    8.1E-003    
 2    1.3E-003    3.5E+000       154         43   1.6E-002    
 3    1.3E-005    2.7E+000       204         76   8.8E-003    
 4    1.2E-007    1.2E+000       246         100  7.9E-003    
 5    -5.1E-017   3.8E-003       247         100  8.9E-005    

 Step 1 of the Cholesky decomposition completed
 Computed 247 pivots
 Largest residual Dpq: -5.1E-017
 NCholesky/NAO = 8.0E+000
 Step 1 of Cholesky decomposition completed in 4.2E-002 seconds
 Detailed timings in seconds
 Subtract prev contribs I (M-R**T*R)     1.9E-003
 Subtract prev contribs II (Rk)          2.6E-003
 Two-electron integrals                  3.5E-002
 Reallocation                            7.5E-004

 Step 2 of Cholesky decomposition completed in 5.8E-003 seconds
 Detailed timings in seconds
 Reduced-dimension matrix V    4.4E-003
 V=L*L**T                      7.8E-004
 L**(-1)                       6.0E-004

 Full-dimension Cholesky vectors of the Coulomb matrix will be stored in memory
 Cholesky vectors computed in 9.8E-003 seconds

 ┌─────────────────────────────────────────┐
 │          Self-consistent field          │
 └─────────────────────────────────────────┘

 Atomic orbital basis set
 . . . . . . . . . . . . . . . . . . . . . . . . . . . . . . . . . . . . . . 
 atomic centers                               1
 shell parameter sets                         11
 spherical AOs                                31
 max angular momentum                         3
 parameter set                                ../../../../basis-sets/bse/def2-svp.txt
 . . . . . . . . . . . . . . . . . . . . . . . . . . . . . . . . . . . . . . 
 SCF guess: bare nuclei Hamiltonian
 Starting self-consistent field iterations (spin-unrestricted)
 Alpha electrons: 15
 Beta electrons: 10
 ----------------------------------------------------------------------------
 Exchange-correlation: Hartree-Fock
 ----------------------------------------------------------------------------
 Replicated-data parallel SCF
 ----------------------------
 Processes                               1
 Threads/process                         16
 Allocated 2.0E-004 GiB of scratch space for the KS matrix build
 ----------------------------------------------------------------------------
 Spherical harmonic basis contains 31 vectors
 Linear independence thresh: Eig(S) > 1.0E-006
 Computations will be carried out in the space of 31 MOs
 Threshold for J, K: |Rho(r,s)*(pq|rs)|,|Rho(q,s)*(pq|rs)| > 1.0E-011
 Convergence conditions
 ----------------------
 RhoDiff < 1.0E-006
 OrbGrad < 1.0E-006
 Max number of macroiters: 1024
 ------------------------------------------------------------------------------
 #           Energy        EDiff    RhoDiff  OrbGrad  OrbShift NStored Time     
 ------------------------------------------------------------------------------
 0         -616.7863830440                                        0    3.5E-002 
 1        -1145.9340834995           3.9E+00                      0    2.7E-002 
 2        -1149.1405967741 -3.2E+00  4.8E-01  5.4E-01  1.3E+00    1    2.9E-002 
 3        -1149.4567950631 -3.2E-01  1.0E+00  3.2E-01  2.5E-01    2    3.0E-002 
 4        -1149.5825131727 -1.3E-01  3.2E-01  2.0E-01  0.0E+00    3    2.8E-002 
 5        -1149.6842822980 -1.0E-01  4.9E-01  6.1E-02  5.5E-02    4    3.3E-002 
 6        -1149.6969903837 -1.3E-02  1.7E-01  3.6E-02  0.0E+00    5    2.8E-002 
 7        -1149.6972621083 -2.7E-04  3.3E-02  9.7E-03  0.0E+00    6    2.9E-002 
 8        -1149.6972802504 -1.8E-05  1.5E-02  1.6E-03  0.0E+00    7    2.9E-002 
 9        -1149.6972809022 -6.5E-07  3.4E-03  2.0E-04  0.0E+00    8    2.9E-002 
 10       -1149.6972809303 -2.8E-08  6.0E-04  6.4E-05  0.0E+00    8    2.9E-002 
 11       -1149.6972809314 -1.1E-09  6.8E-05  1.4E-05  0.0E+00    8    2.9E-002 
 12       -1149.6972809315 -9.7E-11  1.7E-05  3.8E-06  0.0E+00    8    2.9E-002 
 13       -1149.6972809315 -1.0E-11  7.1E-06  1.1E-06  0.0E+00    8    2.9E-002 
 14       -1149.6972809315 -9.1E-13  1.1E-06  3.6E-07  0.0E+00    8    2.9E-002 
 Skipping trust radius update
 15       -1149.6972809315 -2.3E-13  4.9E-07  1.5E-07  0.0E+00    8    2.9E-002 
 ------------------------------------------------------------------------------
 SCF converged
 Converged energy                        -1149.697280931506  
 ------------------------------------------------------------------------------
 Ehomo(Alpha) [eV]                       -7.368444164872     
 Elumo(Alpha) [eV]                       3.202273330661      
 Ehomo(Beta) [eV]                        -6.102861792432     
 Elumo(Beta) [eV]                        3.893281452778      

 dipole moment (Debye)
        x              y              z       
      2.316E-014     4.697E-014    -4.328E-014

 traceless quadrupole moment (Debye*Angs)
                       x              y              z       
 x                  -5.670E-008    -3.122E-007     2.275E-008
 y                  -3.122E-007    -8.481E-008    -8.276E-008
 z                   2.275E-008    -8.276E-008     1.415E-007

 ----------------------------------------------------------------------------
 Timings (seconds)
 * mean-field hamiltonian     4.3E-001
 * solver (setting up eqns)   4.7E-003
 * solver (energy estimate)   6.6E-003
 * solver (orthogonalization) 7.8E-004
 * solver (rotation matrix X) 1.5E-002
 * solver (exponential of X)  1.8E-003
 * solver (total)             3.0E-002
 * total SCF                  4.7E-001
 Atomic guess: MN, ../../../../basis-sets/bse/def2-svp.txt
 ---------------------------------------------------------
 E(HF) [a.u.]                            -1.1496972809E+003
 Tr(RhoAvg S), Cartesian AOs              2.5000000000E+001
 Tr(RhoAvg S), spherical AOs              2.5000000000E+001
 max|T RhoAvg T**T - RhoAvg_sao|                  8.88E-016
 max|c(RhoAvg) - c(Rho)|                          8.88E-016
 max|RhoAvg - Rho|                                4.97E-008
 Saved /mnt/storage_6/project_data/pl0415-03/marcin/beyond-rpa/guess/electron-densities/bse/def2-svp/mn.txt
 ----------------------------------------------------------------------------
                             SCF for FE (2S+1=5)                             
 ----------------------------------------------------------------------------
 NUMBER OF ATOMS                         1
 CHARGE                                  0
 Prescreening (pq|pq) integrals for the Cholesky decomposition
 Shell pairs will be sorted according to their max elements
 Max diagonal integral MaxDrs=1.6E+001
 Applying Eq. 15 in J. Chem. Phys. 150, 194112 (2019); doi: 10.1063/1.5083802
 Schwarz inequality: Dpq<min(10**(-8),Tau)**2/MaxDrs=6.2E-018
 Trace of exact Coulomb matrix: 7.2E+001
 Trace of discarded integrals: 0.0E+000
 Discarded 0 out of 66 shell pairs
 (0 out of 496 orbital pairs)

 Step 1 of Cholesky decomposition: locating pivots
 -------------------------------------------------
 Dimensions of the Coulomb matrix: (496,496)
 Threshold for diagonal matrix elements: Dpq > 1.0E-007
 Max number of Cholesky vectors: 465
 Rk storage block size: 500
 Max dimension of 2e integrals buffer: (496,496)

 ----------------------------------------------------------------------------
 #    Dmax        Memory (MB)    NPivots     %    Time        
 ----------------------------------------------------------------------------
 1    1.5E-001    3.6E+000       16          6    8.2E-003    
 2    1.2E-003    3.5E+000       156         45   1.7E-002    
 3    1.2E-005    2.6E+000       209         74   7.1E-003    
 4    1.2E-007    1.4E+000       259         100  9.3E-003    
 5    9.1E-008    5.9E-002       260         100  2.0E-004    

 Step 1 of the Cholesky decomposition completed
 Computed 260 pivots
 Largest residual Dpq: 9.1E-008
 NCholesky/NAO = 8.4E+000
 Step 1 of Cholesky decomposition completed in 4.2E-002 seconds
 Detailed timings in seconds
 Subtract prev contribs I (M-R**T*R)     2.1E-003
 Subtract prev contribs II (Rk)          2.6E-003
 Two-electron integrals                  3.6E-002
 Reallocation                            6.7E-004

 Step 2 of Cholesky decomposition completed in 5.3E-003 seconds
 Detailed timings in seconds
 Reduced-dimension matrix V    4.4E-003
 V=L*L**T                      4.3E-004
 L**(-1)                       4.7E-004

 Full-dimension Cholesky vectors of the Coulomb matrix will be stored in memory
 Cholesky vectors computed in 1.5E-002 seconds

 ┌─────────────────────────────────────────┐
 │          Self-consistent field          │
 └─────────────────────────────────────────┘

 Atomic orbital basis set
 . . . . . . . . . . . . . . . . . . . . . . . . . . . . . . . . . . . . . . 
 atomic centers                               1
 shell parameter sets                         11
 spherical AOs                                31
 max angular momentum                         3
 parameter set                                ../../../../basis-sets/bse/def2-svp.txt
 . . . . . . . . . . . . . . . . . . . . . . . . . . . . . . . . . . . . . . 
 SCF guess: bare nuclei Hamiltonian
 Starting self-consistent field iterations (spin-unrestricted)
 Alpha electrons: 15
 Beta electrons: 11
 ----------------------------------------------------------------------------
 Exchange-correlation: Hartree-Fock
 ----------------------------------------------------------------------------
 Replicated-data parallel SCF
 ----------------------------
 Processes                               1
 Threads/process                         16
 Allocated 2.0E-004 GiB of scratch space for the KS matrix build
 ----------------------------------------------------------------------------
 Spherical harmonic basis contains 31 vectors
 Linear independence thresh: Eig(S) > 1.0E-006
 Computations will be carried out in the space of 31 MOs
 Threshold for J, K: |Rho(r,s)*(pq|rs)|,|Rho(q,s)*(pq|rs)| > 1.0E-011
 Convergence conditions
 ----------------------
 RhoDiff < 1.0E-006
 OrbGrad < 1.0E-006
 Max number of macroiters: 1024
 ------------------------------------------------------------------------------
 #           Energy        EDiff    RhoDiff  OrbGrad  OrbShift NStored Time     
 ------------------------------------------------------------------------------
 0         -820.5401021768                                        0    6.9E-002 
 1        -1257.8151276258           3.8E+00                      0    6.2E-002 
 2        -1261.8306606384 -4.0E+00  4.7E-01  5.8E-01  1.4E+00    1    6.4E-002 
 3        -1261.9784770659 -1.5E-01  1.3E+00  2.8E-01  1.5E-01    2    6.3E-002 
 4        -1262.1432907263 -1.6E-01  4.4E-01  2.7E-01  0.0E+00    3    6.4E-002 
 5        -1262.2073353663 -6.4E-02  4.9E-01  6.3E-02  0.0E+00    4    6.4E-002 
 6        -1262.2229147158 -1.6E-02  4.1E-01  5.3E-02  2.4E-02    5    7.1E-002 
 7        -1262.2590227832 -3.6E-02  1.1E-01  9.6E-02  0.0E+00    6    6.2E-002 
 8        -1262.2604667422 -1.4E-03  7.3E-02  1.6E-02  0.0E+00    7    6.4E-002 
 9        -1262.2605756352 -1.1E-04  6.0E-03  4.5E-03  0.0E+00    8    6.4E-002 
 10       -1262.2605906821 -1.5E-05  7.8E-03  1.2E-03  0.0E+00    8    6.5E-002 
 11       -1262.2605909689 -2.9E-07  1.3E-03  2.7E-04  0.0E+00    8    6.4E-002 
 12       -1262.2605909866 -1.8E-08  2.7E-04  4.9E-05  0.0E+00    8    6.4E-002 
 13       -1262.2605909887 -2.1E-09  1.9E-05  1.9E-05  0.0E+00    8    6.5E-002 
 14       -1262.2605909892 -4.3E-10  1.6E-05  6.6E-06  0.0E+00    8    6.4E-002 
 15       -1262.2605909892 -8.6E-11  2.3E-05  2.4E-06  0.0E+00    8    6.3E-002 
 16       -1262.2605909893 -2.3E-12  1.3E-06  6.5E-07  0.0E+00    8    6.5E-002 
 17       -1262.2605909893 -6.8E-13  1.4E-06  2.8E-07  0.0E+00    8    6.4E-002 
 18       -1262.2605909893 -2.3E-13  1.9E-07  2.0E-07  0.0E+00    8    6.5E-002 
 ------------------------------------------------------------------------------
 SCF converged
 Converged energy                        -1262.260590989252  
 ------------------------------------------------------------------------------
 Ehomo(Alpha) [eV]                       -7.467323285078     
 Elumo(Alpha) [eV]                       3.557803124264      
 Ehomo(Beta) [eV]                        -6.493650176113     
 Elumo(Beta) [eV]                        4.115210049005      

 dipole moment (Debye)
        x              y              z       
      3.390E-014     2.601E-014     3.026E-014

 traceless quadrupole moment (Debye*Angs)
                       x              y              z       
 x                  -1.049E-001     3.176E-001     5.336E-002
 y                   3.176E-001     3.453E-001    -9.417E-002
 z                   5.336E-002    -9.417E-002    -2.404E-001

 ----------------------------------------------------------------------------
 Timings (seconds)
 * mean-field hamiltonian     1.2E+000
 * solver (setting up eqns)   5.6E-003
 * solver (energy estimate)   8.5E-003
 * solver (orthogonalization) 8.8E-004
 * solver (rotation matrix X) 1.9E-002
 * solver (exponential of X)  2.3E-003
 * solver (total)             3.8E-002
 * total SCF                  1.2E+000
 Atomic guess: FE, ../../../../basis-sets/bse/def2-svp.txt
 ---------------------------------------------------------
 E(HF) [a.u.]                            -1.2622605910E+003
 Tr(RhoAvg S), Cartesian AOs              2.6000000000E+001
 Tr(RhoAvg S), spherical AOs              2.6000000000E+001
 max|T RhoAvg T**T - RhoAvg_sao|                  8.88E-016
 max|c(RhoAvg) - c(Rho)|                          4.44E-016
 max|RhoAvg - Rho|                                3.56E-001
 Saved /mnt/storage_6/project_data/pl0415-03/marcin/beyond-rpa/guess/electron-densities/bse/def2-svp/fe.txt
 ----------------------------------------------------------------------------
                             SCF for CO (2S+1=4)                             
 ----------------------------------------------------------------------------
 NUMBER OF ATOMS                         1
 CHARGE                                  0
 Prescreening (pq|pq) integrals for the Cholesky decomposition
 Shell pairs will be sorted according to their max elements
 Max diagonal integral MaxDrs=1.7E+001
 Applying Eq. 15 in J. Chem. Phys. 150, 194112 (2019); doi: 10.1063/1.5083802
 Schwarz inequality: Dpq<min(10**(-8),Tau)**2/MaxDrs=6.0E-018
 Trace of exact Coulomb matrix: 7.5E+001
 Trace of discarded integrals: 0.0E+000
 Discarded 0 out of 66 shell pairs
 (0 out of 496 orbital pairs)

 Step 1 of Cholesky decomposition: locating pivots
 -------------------------------------------------
 Dimensions of the Coulomb matrix: (496,496)
 Threshold for diagonal matrix elements: Dpq > 1.0E-007
 Max number of Cholesky vectors: 465
 Rk storage block size: 500
 Max dimension of 2e integrals buffer: (496,496)

 ----------------------------------------------------------------------------
 #    Dmax        Memory (MB)    NPivots     %    Time        
 ----------------------------------------------------------------------------
 1    1.6E-001    3.6E+000       16          6    8.3E-003    
 2    1.5E-003    3.5E+000       149         43   1.6E-002    
 3    1.3E-005    2.8E+000       209         72   6.8E-003    
 4    1.2E-007    1.3E+000       261         98   7.4E-003    
 5    9.4E-008    1.6E-001       270         100  4.6E-004    

 Step 1 of the Cholesky decomposition completed
 Computed 270 pivots
 Largest residual Dpq: 9.4E-008
 NCholesky/NAO = 8.7E+000
 Step 1 of Cholesky decomposition completed in 3.9E-002 seconds
 Detailed timings in seconds
 Subtract prev contribs I (M-R**T*R)     1.9E-003
 Subtract prev contribs II (Rk)          2.6E-003
 Two-electron integrals                  3.3E-002
 Reallocation                            5.8E-004

 Step 2 of Cholesky decomposition completed in 5.3E-003 seconds
 Detailed timings in seconds
 Reduced-dimension matrix V    4.1E-003
 V=L*L**T                      4.8E-004
 L**(-1)                       7.0E-004

 Full-dimension Cholesky vectors of the Coulomb matrix will be stored in memory
 Cholesky vectors computed in 1.2E-002 seconds

 ┌─────────────────────────────────────────┐
 │          Self-consistent field          │
 └─────────────────────────────────────────┘

 Atomic orbital basis set
 . . . . . . . . . . . . . . . . . . . . . . . . . . . . . . . . . . . . . . 
 atomic centers                               1
 shell parameter sets                         11
 spherical AOs                                31
 max angular momentum                         3
 parameter set                                ../../../../basis-sets/bse/def2-svp.txt
 . . . . . . . . . . . . . . . . . . . . . . . . . . . . . . . . . . . . . . 
 SCF guess: bare nuclei Hamiltonian
 Starting self-consistent field iterations (spin-unrestricted)
 Alpha electrons: 15
 Beta electrons: 12
 ----------------------------------------------------------------------------
 Exchange-correlation: Hartree-Fock
 ----------------------------------------------------------------------------
 Replicated-data parallel SCF
 ----------------------------
 Processes                               1
 Threads/process                         16
 Allocated 2.0E-004 GiB of scratch space for the KS matrix build
 ----------------------------------------------------------------------------
 Spherical harmonic basis contains 31 vectors
 Linear independence thresh: Eig(S) > 1.0E-006
 Computations will be carried out in the space of 31 MOs
 Threshold for J, K: |Rho(r,s)*(pq|rs)|,|Rho(q,s)*(pq|rs)| > 1.0E-011
 Convergence conditions
 ----------------------
 RhoDiff < 1.0E-006
 OrbGrad < 1.0E-006
 Max number of macroiters: 1024
 ------------------------------------------------------------------------------
 #           Energy        EDiff    RhoDiff  OrbGrad  OrbShift NStored Time     
 ------------------------------------------------------------------------------
 0         -914.0168349404                                        0    7.1E-002 
 1        -1375.8870804489           3.7E+00                      0    6.2E-002 
 2        -1380.8009336523 -4.9E+00  4.6E-01  6.4E-01  1.6E+00    1    6.3E-002 
 3        -1380.8756593066 -7.5E-02  1.4E+00  2.6E-01  1.4E-01    2    6.7E-002 
 4        -1381.0754730412 -2.0E-01  4.9E-01  3.0E-01  0.0E+00    3    6.3E-002 
 5        -1381.1637783903 -8.8E-02  4.8E-01  8.2E-02  0.0E+00    4    6.5E-002 
 6        -1381.1838486028 -2.0E-02  3.3E-01  6.4E-02  0.0E+00    5    6.4E-002 
 7        -1381.2034236099 -2.0E-02  8.0E-02  6.3E-02  0.0E+00    6    6.4E-002 
 8        -1381.2048097957 -1.4E-03  5.1E-02  1.0E-02  0.0E+00    7    6.6E-002 
 9        -1381.2064830559 -1.7E-03  2.2E-02  1.0E-02  6.1E-02    8    7.2E-002 
 10       -1381.2082979569 -1.8E-03  2.7E-02  9.4E-03  1.4E-01    8    7.6E-002 
 11       -1381.2099848524 -1.7E-03  3.0E-02  7.9E-03  9.5E-02    8    7.3E-002 
 12       -1381.2109852491 -1.0E-03  3.4E-02  5.3E-03  2.2E-02    8    7.7E-002 
 13       -1381.2110278490 -4.3E-05  8.2E-03  1.4E-03  0.0E+00    8    6.4E-002 
 14       -1381.2110287240 -8.7E-07  3.2E-04  3.6E-04  0.0E+00    8    6.6E-002 
 15       -1381.2110311214 -2.4E-06  1.4E-03  3.6E-04  0.0E+00    8    6.6E-002 
 16       -1381.2110318320 -7.1E-07  8.6E-04  1.7E-04  0.0E+00    8    6.6E-002 
 17       -1381.2110319028 -7.1E-08  2.7E-04  1.6E-04  0.0E+00    8    6.6E-002 
 18       -1381.2110319069 -4.1E-09  9.8E-05  3.0E-05  0.0E+00    8    6.4E-002 
 19       -1381.2110319070 -1.3E-10  3.2E-05  3.2E-06  0.0E+00    8    6.4E-002 
 20       -1381.2110319070 -1.3E-11  2.4E-06  1.6E-06  0.0E+00    8    6.4E-002 
 21       -1381.2110319070 -3.9E-12  1.7E-06  6.6E-07  0.0E+00    8    6.6E-002 
 22       -1381.2110319070 -3.2E-12  1.2E-06  5.3E-07  0.0E+00    8    6.6E-002 
 23       -1381.2110319071 -2.7E-12  8.7E-07  4.1E-07  0.0E+00    8    6.4E-002 
 ------------------------------------------------------------------------------
 SCF converged
 Converged energy                        -1381.211031907052  
 ------------------------------------------------------------------------------
 Ehomo(Alpha) [eV]                       -7.554779587756     
 Elumo(Alpha) [eV]                       3.901368456990      
 Ehomo(Beta) [eV]                        -6.844990761173     
 Elumo(Beta) [eV]                        4.318405859930      

 dipole moment (Debye)
        x              y              z       
      2.295E-014    -1.819E-015    -4.824E-014

 traceless quadrupole moment (Debye*Angs)
                       x              y              z       
 x                   1.538E-006     1.127E-007    -3.731E-006
 y                   1.127E-007    -1.821E-007     2.389E-006
 z                  -3.731E-006     2.389E-006    -1.356E-006

 ----------------------------------------------------------------------------
 Timings (seconds)
 * mean-field hamiltonian     1.5E+000
 * solver (setting up eqns)   7.3E-003
 * solver (energy estimate)   1.2E-002
 * solver (orthogonalization) 1.1E-003
 * solver (rotation matrix X) 5.3E-002
 * solver (exponential of X)  2.9E-003
 * solver (total)             7.8E-002
 * total SCF                  1.6E+000
 Atomic guess: CO, ../../../../basis-sets/bse/def2-svp.txt
 ---------------------------------------------------------
 E(HF) [a.u.]                            -1.3812110319E+003
 Tr(RhoAvg S), Cartesian AOs              2.7000000000E+001
 Tr(RhoAvg S), spherical AOs              2.7000000000E+001
 max|T RhoAvg T**T - RhoAvg_sao|                  1.67E-015
 max|c(RhoAvg) - c(Rho)|                          8.88E-016
 max|RhoAvg - Rho|                                2.81E-001
 Saved /mnt/storage_6/project_data/pl0415-03/marcin/beyond-rpa/guess/electron-densities/bse/def2-svp/co.txt
 ----------------------------------------------------------------------------
                             SCF for NI (2S+1=3)                             
 ----------------------------------------------------------------------------
 NUMBER OF ATOMS                         1
 CHARGE                                  0
 Prescreening (pq|pq) integrals for the Cholesky decomposition
 Shell pairs will be sorted according to their max elements
 Max diagonal integral MaxDrs=1.7E+001
 Applying Eq. 15 in J. Chem. Phys. 150, 194112 (2019); doi: 10.1063/1.5083802
 Schwarz inequality: Dpq<min(10**(-8),Tau)**2/MaxDrs=5.8E-018
 Trace of exact Coulomb matrix: 7.9E+001
 Trace of discarded integrals: 0.0E+000
 Discarded 0 out of 66 shell pairs
 (0 out of 496 orbital pairs)

 Step 1 of Cholesky decomposition: locating pivots
 -------------------------------------------------
 Dimensions of the Coulomb matrix: (496,496)
 Threshold for diagonal matrix elements: Dpq > 1.0E-007
 Max number of Cholesky vectors: 465
 Rk storage block size: 500
 Max dimension of 2e integrals buffer: (496,496)

 ----------------------------------------------------------------------------
 #    Dmax        Memory (MB)    NPivots     %    Time        
 ----------------------------------------------------------------------------
 1    1.7E-001    3.7E+000       16          4    1.3E-002    
 2    1.6E-003    3.6E+000       148         40   1.8E-002    
 3    1.5E-005    2.8E+000       209         73   7.0E-003    
 4    1.5E-007    9.5E-001       261         96   6.9E-003    
 5    9.8E-008    2.3E-001       277         100  5.8E-004    

 Step 1 of the Cholesky decomposition completed
 Computed 277 pivots
 Largest residual Dpq: 9.8E-008
 NCholesky/NAO = 8.9E+000
 Step 1 of Cholesky decomposition completed in 4.6E-002 seconds
 Detailed timings in seconds
 Subtract prev contribs I (M-R**T*R)     2.8E-003
 Subtract prev contribs II (Rk)          5.1E-003
 Two-electron integrals                  3.6E-002
 Reallocation                            9.2E-004

 Step 2 of Cholesky decomposition completed in 5.6E-003 seconds
 Detailed timings in seconds
 Reduced-dimension matrix V    4.6E-003
 V=L*L**T                      4.6E-004
 L**(-1)                       5.7E-004

 Full-dimension Cholesky vectors of the Coulomb matrix will be stored in memory
 Cholesky vectors computed in 1.2E-002 seconds

 ┌─────────────────────────────────────────┐
 │          Self-consistent field          │
 └─────────────────────────────────────────┘

 Atomic orbital basis set
 . . . . . . . . . . . . . . . . . . . . . . . . . . . . . . . . . . . . . . 
 atomic centers                               1
 shell parameter sets                         11
 spherical AOs                                31
 max angular momentum                         3
 parameter set                                ../../../../basis-sets/bse/def2-svp.txt
 . . . . . . . . . . . . . . . . . . . . . . . . . . . . . . . . . . . . . . 
 SCF guess: bare nuclei Hamiltonian
 Starting self-consistent field iterations (spin-unrestricted)
 Alpha electrons: 15
 Beta electrons: 13
 ----------------------------------------------------------------------------
 Exchange-correlation: Hartree-Fock
 ----------------------------------------------------------------------------
 Replicated-data parallel SCF
 ----------------------------
 Processes                               1
 Threads/process                         16
 Allocated 2.0E-004 GiB of scratch space for the KS matrix build
 ----------------------------------------------------------------------------
 Spherical harmonic basis contains 31 vectors
 Linear independence thresh: Eig(S) > 1.0E-006
 Computations will be carried out in the space of 31 MOs
 Threshold for J, K: |Rho(r,s)*(pq|rs)|,|Rho(q,s)*(pq|rs)| > 1.0E-011
 Convergence conditions
 ----------------------
 RhoDiff < 1.0E-006
 OrbGrad < 1.0E-006
 Max number of macroiters: 1024
 ------------------------------------------------------------------------------
 #           Energy        EDiff    RhoDiff  OrbGrad  OrbShift NStored Time     
 ------------------------------------------------------------------------------
 0        -1011.4332794693                                        0    3.8E-002 
 1        -1500.4391715042           3.6E+00                      0    3.1E-002 
 2        -1506.3756578037 -5.9E+00  4.8E-01  7.1E-01  1.8E+00    1    3.1E-002 
 3        -1506.4199236689 -4.4E-02  2.0E+00  1.9E-01  0.0E+00    2    3.1E-002 
 4        -1506.5465798255 -1.3E-01  2.2E-01  2.4E-01  0.0E+00    3    3.2E-002 
 5        -1506.5605805582 -1.4E-02  2.2E-01  6.5E-02  0.0E+00    4    3.2E-002 
 6        -1506.5625417550 -2.0E-03  4.9E-02  2.3E-02  0.0E+00    5    3.2E-002 
 7        -1506.5625884605 -4.7E-05  8.0E-03  3.3E-03  0.0E+00    6    3.2E-002 
 8        -1506.5626275191 -3.9E-05  4.1E-03  1.3E-03  0.0E+00    7    3.2E-002 
 9        -1506.5626482404 -2.1E-05  3.2E-03  1.7E-03  0.0E+00    8    3.2E-002 
 10       -1506.5628870450 -2.4E-04  2.0E-02  1.5E-03  9.2E-02    8    4.3E-002 
 11       -1506.5632928407 -4.1E-04  1.9E-02  3.0E-03  1.0E-01    8    4.3E-002 
 12       -1506.5638544337 -5.6E-04  2.4E-02  4.0E-03  9.0E-02    8    4.3E-002 
 13       -1506.5644764198 -6.2E-04  3.2E-02  4.3E-03  6.3E-02    8    4.3E-002 
 14       -1506.5649336132 -4.6E-04  4.1E-02  3.4E-03  2.3E-02    8    4.3E-002 
 15       -1506.5649971336 -6.4E-05  2.1E-02  1.2E-03  0.0E+00    8    3.3E-002 
 16       -1506.5649974971 -3.6E-07  2.8E-04  5.1E-04  0.0E+00    8    3.3E-002 
 17       -1506.5649975599 -6.3E-08  2.0E-04  1.6E-04  0.0E+00    8    3.3E-002 
 18       -1506.5649975735 -1.4E-08  1.6E-04  6.3E-05  0.0E+00    8    3.3E-002 
 19       -1506.5649975760 -2.4E-09  7.4E-05  2.0E-05  0.0E+00    8    3.3E-002 
 20       -1506.5649975771 -1.1E-09  4.6E-05  1.4E-05  0.0E+00    8    3.3E-002 
 21       -1506.5649975772 -1.4E-10  1.1E-05  3.5E-06  0.0E+00    8    3.3E-002 
 22       -1506.5649975773 -6.8E-11  7.4E-06  1.9E-06  0.0E+00    8    3.3E-002 
 23       -1506.5649975773 -6.8E-11  1.2E-05  1.4E-06  0.0E+00    8    3.3E-002 
 24       -1506.5649975774 -6.5E-11  1.3E-05  1.4E-06  0.0E+00    8    3.3E-002 
 25       -1506.5649975774 -1.8E-11  7.7E-06  1.4E-06  0.0E+00    8    3.3E-002 
 26       -1506.5649975774 -1.8E-11  3.3E-06  1.5E-06  0.0E+00    8    3.3E-002 
 27       -1506.5649975776 -2.1E-10  3.1E-05  1.4E-06  0.0E+00    8    3.3E-002 
 28       -1506.5649975759  1.7E-09  9.2E-05  1.4E-06  0.0E+00    8    3.3E-002 
 28*      -1506.5649975770  6.2E-10  5.6E-05  1.4E-06  0.0E+00    8    3.2E-002 
 28*      -1506.5649975773  3.1E-10  4.2E-05  1.4E-06  1.5E-03    8    4.5E-002 
 28*      -1506.5649975775  1.3E-10  3.1E-05  1.4E-06  3.9E-03    8    4.4E-002 
 28*      -1506.5649975776  3.9E-11  2.3E-05  1.4E-06  7.4E-03    8    4.3E-002 
 28*      -1506.5649975776 -5.9E-12  1.7E-05  1.4E-06  1.3E-02    8    4.3E-002 
 29       -1506.5649975778 -1.7E-10  1.3E-05  5.9E-06  0.0E+00    8    3.3E-002 
 30       -1506.5649975779 -1.3E-10  1.8E-05  1.4E-06  1.1E-03    8    4.6E-002 
 31       -1506.5649975781 -1.9E-10  2.2E-05  3.6E-06  9.6E-03    8    4.5E-002 
 32       -1506.5649975785 -3.3E-10  2.6E-05  5.3E-06  1.7E-02    8    4.5E-002 
 33       -1506.5649975788 -3.0E-10  3.2E-05  3.2E-06  1.5E-02    8    4.5E-002 
 34       -1506.5649975791 -3.4E-10  3.9E-05  1.4E-06  1.3E-02    8    4.5E-002 
 35       -1506.5649975795 -4.0E-10  4.7E-05  1.4E-06  1.0E-02    8    4.6E-002 
 36       -1506.5649975800 -4.8E-10  5.6E-05  1.4E-06  8.6E-03    8    4.5E-002 
 37       -1506.5649975805 -5.7E-10  6.7E-05  1.4E-06  7.1E-03    8    4.6E-002 
 38       -1506.5649975812 -6.7E-10  8.1E-05  1.4E-06  5.9E-03    8    4.5E-002 
 39       -1506.5649975820 -8.0E-10  9.7E-05  1.4E-06  4.8E-03    8    4.7E-002 
 40       -1506.5649975830 -9.5E-10  1.2E-04  1.4E-06  3.9E-03    8    4.6E-002 
 41       -1506.5649975840 -1.1E-09  1.4E-04  1.3E-06  3.0E-03    8    4.8E-002 
 42       -1506.5649975853 -1.3E-09  1.7E-04  4.2E-06  2.4E-03    8    4.7E-002 
 43       -1506.5649975869 -1.6E-09  2.0E-04  5.1E-06  2.1E-03    8    4.8E-002 
 44       -1506.5649975887 -1.8E-09  2.4E-04  3.0E-06  1.7E-03    8    4.7E-002 
 45       -1506.5649975908 -2.1E-09  2.9E-04  1.4E-06  1.4E-03    8    4.7E-002 
 46       -1506.5649975932 -2.4E-09  3.5E-04  1.9E-06  1.1E-03    8    4.8E-002 
 47       -1506.5649975959 -2.7E-09  4.2E-04  1.1E-06  8.6E-04    8    4.8E-002 
 48       -1506.5649975989 -3.0E-09  5.1E-04  1.0E-06  6.4E-04    8    4.8E-002 
 49       -1506.5649976021 -3.2E-09  6.1E-04  9.4E-07  4.8E-04    8    4.9E-002 
 50       -1506.5649976055 -3.4E-09  7.3E-04  8.4E-07  3.4E-04    8    4.9E-002 
 51       -1506.5649976089 -3.4E-09  8.8E-04  7.2E-07  2.2E-04    8    5.0E-002 
 52       -1506.5649976119 -3.0E-09  1.1E-03  7.2E-07  1.3E-04    8    5.0E-002 
 53       -1506.5649976141 -2.2E-09  1.3E-03  1.4E-06  5.0E-05    8    5.0E-002 
 54       -1506.5649976147 -5.9E-10  1.1E-03  1.8E-06  0.0E+00    8    3.3E-002 
 55       -1506.5649976147 -8.0E-12  2.2E-05  1.4E-06  0.0E+00    8    3.3E-002 
 56       -1506.5649976147 -3.0E-12  5.1E-06  8.4E-07  0.0E+00    8    3.3E-002 
 57       -1506.5649976147 -1.8E-12  7.8E-06  5.1E-07  0.0E+00    8    3.3E-002 
 58       -1506.5649976147 -4.3E-12  4.6E-05  5.4E-07  0.0E+00    8    3.3E-002 
 59       -1506.5649976147 -1.1E-12  2.1E-05  7.2E-07  0.0E+00    8    3.3E-002 
 60       -1506.5649976147 -4.5E-13  1.0E-06  3.7E-07  0.0E+00    8    3.3E-002 
 ------------------------------------------------------------------------------
 SCF converged
 Converged energy                        -1506.564997614728  
 ------------------------------------------------------------------------------
 Ehomo(Alpha) [eV]                       -6.002143590349     
 Elumo(Alpha) [eV]                       5.456036725985      
 Ehomo(Beta) [eV]                        -9.479024561813     
 Elumo(Beta) [eV]                        0.637337282867      

 dipole moment (Debye)
        x              y              z       
     -3.273E-016    -7.506E-015    -2.768E-015

 traceless quadrupole moment (Debye*Angs)
                       x              y              z       
 x                   7.411E-002     3.192E-001     1.021E-001
 y                   3.192E-001    -2.807E-001    -1.733E-001
 z                   1.021E-001    -1.733E-001     2.066E-001

 ----------------------------------------------------------------------------
 Timings (seconds)
 * mean-field hamiltonian     2.0E+000
 * solver (setting up eqns)   2.3E-002
 * solver (energy estimate)   3.9E-002
 * solver (orthogonalization) 3.6E-003
 * solver (rotation matrix X) 4.9E-001
 * solver (exponential of X)  8.1E-003
 * solver (total)             5.7E-001
 * total SCF                  2.6E+000
 Atomic guess: NI, ../../../../basis-sets/bse/def2-svp.txt
 ---------------------------------------------------------
 E(HF) [a.u.]                            -1.5065649976E+003
 Tr(RhoAvg S), Cartesian AOs              2.8000000000E+001
 Tr(RhoAvg S), spherical AOs              2.8000000000E+001
 max|T RhoAvg T**T - RhoAvg_sao|                  1.33E-015
 max|c(RhoAvg) - c(Rho)|                          4.44E-016
 max|RhoAvg - Rho|                                2.94E-001
 Saved /mnt/storage_6/project_data/pl0415-03/marcin/beyond-rpa/guess/electron-densities/bse/def2-svp/ni.txt
 ----------------------------------------------------------------------------
                             SCF for CU (2S+1=2)                             
 ----------------------------------------------------------------------------
 NUMBER OF ATOMS                         1
 CHARGE                                  0
 Prescreening (pq|pq) integrals for the Cholesky decomposition
 Shell pairs will be sorted according to their max elements
 Max diagonal integral MaxDrs=1.8E+001
 Applying Eq. 15 in J. Chem. Phys. 150, 194112 (2019); doi: 10.1063/1.5083802
 Schwarz inequality: Dpq<min(10**(-8),Tau)**2/MaxDrs=5.6E-018
 Trace of exact Coulomb matrix: 8.0E+001
 Trace of discarded integrals: 0.0E+000
 Discarded 0 out of 66 shell pairs
 (0 out of 496 orbital pairs)

 Step 1 of Cholesky decomposition: locating pivots
 -------------------------------------------------
 Dimensions of the Coulomb matrix: (496,496)
 Threshold for diagonal matrix elements: Dpq > 1.0E-007
 Max number of Cholesky vectors: 465
 Rk storage block size: 500
 Max dimension of 2e integrals buffer: (496,496)

 ----------------------------------------------------------------------------
 #    Dmax        Memory (MB)    NPivots     %    Time        
 ----------------------------------------------------------------------------
 1    1.7E-001    3.7E+000       16          4    9.6E-003    
 2    1.7E-003    3.6E+000       143         41   2.0E-002    
 3    1.7E-005    2.4E+000       207         67   8.4E-003    
 4    1.7E-007    1.5E+000       263         96   9.9E-003    
 5    1.5E-008    1.1E-001       277         100  4.5E-004    

 Step 1 of the Cholesky decomposition completed
 Computed 277 pivots
 Largest residual Dpq: 1.5E-008
 NCholesky/NAO = 8.9E+000
 Step 1 of Cholesky decomposition completed in 4.9E-002 seconds
 Detailed timings in seconds
 Subtract prev contribs I (M-R**T*R)     1.4E-003
 Subtract prev contribs II (Rk)          4.7E-003
 Two-electron integrals                  4.0E-002
 Reallocation                            1.0E-003

 Step 2 of Cholesky decomposition completed in 7.2E-003 seconds
 Detailed timings in seconds
 Reduced-dimension matrix V    4.6E-003
 V=L*L**T                      1.8E-003
 L**(-1)                       8.0E-004

 Full-dimension Cholesky vectors of the Coulomb matrix will be stored in memory
 Cholesky vectors computed in 1.2E-002 seconds

 ┌─────────────────────────────────────────┐
 │          Self-consistent field          │
 └─────────────────────────────────────────┘

 Atomic orbital basis set
 . . . . . . . . . . . . . . . . . . . . . . . . . . . . . . . . . . . . . . 
 atomic centers                               1
 shell parameter sets                         11
 spherical AOs                                31
 max angular momentum                         3
 parameter set                                ../../../../basis-sets/bse/def2-svp.txt
 . . . . . . . . . . . . . . . . . . . . . . . . . . . . . . . . . . . . . . 
 SCF guess: bare nuclei Hamiltonian
 Starting self-consistent field iterations (spin-unrestricted)
 Alpha electrons: 15
 Beta electrons: 14
 ----------------------------------------------------------------------------
 Exchange-correlation: Hartree-Fock
 ----------------------------------------------------------------------------
 Replicated-data parallel SCF
 ----------------------------
 Processes                               1
 Threads/process                         16
 Allocated 2.0E-004 GiB of scratch space for the KS matrix build
 ----------------------------------------------------------------------------
 Spherical harmonic basis contains 31 vectors
 Linear independence thresh: Eig(S) > 1.0E-006
 Computations will be carried out in the space of 31 MOs
 Threshold for J, K: |Rho(r,s)*(pq|rs)|,|Rho(q,s)*(pq|rs)| > 1.0E-011
 Convergence conditions
 ----------------------
 RhoDiff < 1.0E-006
 OrbGrad < 1.0E-006
 Max number of macroiters: 1024
 ------------------------------------------------------------------------------
 #           Energy        EDiff    RhoDiff  OrbGrad  OrbShift NStored Time     
 ------------------------------------------------------------------------------
 0        -1135.1302922386                                        0    3.9E-002 
 1        -1633.5353023953           3.7E+00                      0    3.1E-002 
 2        -1638.6279175402 -5.1E+00  4.8E-01  5.9E-01  1.4E+00    1    3.3E-002 
 3        -1638.6790140535 -5.1E-02  1.4E+00  9.1E-02  0.0E+00    2    3.2E-002 
 4        -1638.6883915001 -9.4E-03  6.5E-01  4.2E-02  0.0E+00    3    3.2E-002 
 5        -1638.6885549550 -1.6E-04  1.9E-02  8.3E-03  0.0E+00    4    3.2E-002 
 6        -1638.6885784741 -2.4E-05  6.2E-03  3.3E-03  0.0E+00    5    3.2E-002 
 7        -1638.6885829905 -4.5E-06  7.9E-04  1.3E-03  0.0E+00    6    3.3E-002 
 8        -1638.6885830678 -7.7E-08  3.3E-04  8.2E-05  0.0E+00    7    3.3E-002 
 9        -1638.6885830920 -2.4E-08  2.2E-04  4.4E-05  0.0E+00    8    3.3E-002 
 10       -1638.6885830962 -4.3E-09  8.7E-05  1.7E-05  0.0E+00    8    3.3E-002 
 11       -1638.6885830968 -5.4E-10  2.8E-05  7.3E-06  0.0E+00    8    3.3E-002 
 12       -1638.6885830968 -2.3E-11  5.4E-06  1.7E-06  0.0E+00    8    3.3E-002 
 13       -1638.6885830968 -2.0E-12  2.2E-06  5.1E-07  0.0E+00    8    3.3E-002 
 Skipping trust radius update
 14       -1638.6885830968  0.0E+00  1.1E-07  5.4E-08  0.0E+00    8    3.3E-002 
 ------------------------------------------------------------------------------
 SCF converged
 Converged energy                        -1638.688583096812  
 ------------------------------------------------------------------------------
 Ehomo(Alpha) [eV]                       -6.275987746013     
 Elumo(Alpha) [eV]                       3.843529250449      
 Ehomo(Beta) [eV]                        -12.811604600944    
 Elumo(Beta) [eV]                        0.481727829014      

 dipole moment (Debye)
        x              y              z       
      2.519E-014    -4.527E-015    -1.763E-015

 traceless quadrupole moment (Debye*Angs)
                       x              y              z       
 x                  -2.417E-006    -6.836E-009     5.045E-009
 y                  -6.836E-009     4.875E-006     2.289E-008
 z                   5.045E-009     2.289E-008    -2.458E-006

 ----------------------------------------------------------------------------
 Timings (seconds)
 * mean-field hamiltonian     4.7E-001
 * solver (setting up eqns)   4.2E-003
 * solver (energy estimate)   5.7E-003
 * solver (orthogonalization) 7.3E-004
 * solver (rotation matrix X) 7.9E-003
 * solver (exponential of X)  1.6E-003
 * solver (total)             2.1E-002
 * total SCF                  5.0E-001
 Atomic guess: CU, ../../../../basis-sets/bse/def2-svp.txt
 ---------------------------------------------------------
 E(HF) [a.u.]                            -1.6386885831E+003
 Tr(RhoAvg S), Cartesian AOs              2.9000000000E+001
 Tr(RhoAvg S), spherical AOs              2.9000000000E+001
 max|T RhoAvg T**T - RhoAvg_sao|                  1.78E-015
 max|c(RhoAvg) - c(Rho)|                          8.88E-016
 max|RhoAvg - Rho|                                4.05E-006
 Saved /mnt/storage_6/project_data/pl0415-03/marcin/beyond-rpa/guess/electron-densities/bse/def2-svp/cu.txt
 ----------------------------------------------------------------------------
                                  SCF for ZN                                 
 ----------------------------------------------------------------------------
 NUMBER OF ATOMS                         1
 CHARGE                                  0
 Prescreening (pq|pq) integrals for the Cholesky decomposition
 Shell pairs will be sorted according to their max elements
 Max diagonal integral MaxDrs=1.9E+001
 Applying Eq. 15 in J. Chem. Phys. 150, 194112 (2019); doi: 10.1063/1.5083802
 Schwarz inequality: Dpq<min(10**(-8),Tau)**2/MaxDrs=5.4E-018
 Trace of exact Coulomb matrix: 8.6E+001
 Trace of discarded integrals: 0.0E+000
 Discarded 0 out of 66 shell pairs
 (0 out of 496 orbital pairs)

 Step 1 of Cholesky decomposition: locating pivots
 -------------------------------------------------
 Dimensions of the Coulomb matrix: (496,496)
 Threshold for diagonal matrix elements: Dpq > 1.0E-007
 Max number of Cholesky vectors: 465
 Rk storage block size: 500
 Max dimension of 2e integrals buffer: (496,496)

 ----------------------------------------------------------------------------
 #    Dmax        Memory (MB)    NPivots     %    Time        
 ----------------------------------------------------------------------------
 1    1.8E-001    3.7E+000       16          4    1.2E-002    
 2    1.8E-003    3.6E+000       148         41   1.7E-002    
 3    1.6E-005    2.8E+000       209         72   6.1E-003    
 4    1.5E-007    9.6E-001       265         96   7.8E-003    
 5    9.7E-008    2.1E-001       278         100  5.5E-004    

 Step 1 of the Cholesky decomposition completed
 Computed 278 pivots
 Largest residual Dpq: 9.7E-008
 NCholesky/NAO = 9.0E+000
 Step 1 of Cholesky decomposition completed in 4.5E-002 seconds
 Detailed timings in seconds
 Subtract prev contribs I (M-R**T*R)     1.4E-003
 Subtract prev contribs II (Rk)          3.7E-003
 Two-electron integrals                  3.7E-002
 Reallocation                            5.7E-004

 Step 2 of Cholesky decomposition completed in 6.8E-003 seconds
 Detailed timings in seconds
 Reduced-dimension matrix V    4.5E-003
 V=L*L**T                      1.7E-003
 L**(-1)                       6.6E-004

 Full-dimension Cholesky vectors of the Coulomb matrix will be stored in memory
 Cholesky vectors computed in 9.9E-003 seconds

 ┌─────────────────────────────────────────┐
 │          Self-consistent field          │
 └─────────────────────────────────────────┘

 Atomic orbital basis set
 . . . . . . . . . . . . . . . . . . . . . . . . . . . . . . . . . . . . . . 
 atomic centers                               1
 shell parameter sets                         11
 spherical AOs                                31
 max angular momentum                         3
 parameter set                                ../../../../basis-sets/bse/def2-svp.txt
 . . . . . . . . . . . . . . . . . . . . . . . . . . . . . . . . . . . . . . 
 SCF guess: bare nuclei Hamiltonian
 Starting self-consistent field iterations (spin-restricted singlet)
 Alpha+beta electrons: 30
 ----------------------------------------------------------------------------
 Exchange-correlation: Hartree-Fock
 ----------------------------------------------------------------------------
 Replicated-data parallel SCF
 ----------------------------
 Processes                               1
 Threads/process                         16
 Allocated 1.1E-004 GiB of scratch space for the KS matrix build
 ----------------------------------------------------------------------------
 Spherical harmonic basis contains 31 vectors
 Linear independence thresh: Eig(S) > 1.0E-006
 Computations will be carried out in the space of 31 MOs
 Threshold for J, K: |Rho(r,s)*(pq|rs)|,|Rho(q,s)*(pq|rs)| > 1.0E-011
 Convergence conditions
 ----------------------
 RhoDiff < 1.0E-006
 OrbGrad < 1.0E-006
 Max number of macroiters: 1024
 ------------------------------------------------------------------------------
 #           Energy        EDiff    RhoDiff  OrbGrad  OrbShift NStored Time     
 ------------------------------------------------------------------------------
 0        -1204.2786581883                                        0    2.3E-002 
 1        -1771.4228004194           5.3E+00                      0    1.6E-002 
 2        -1777.3468501376 -5.9E+00  9.7E-01  8.0E-01  1.5E+00    1    1.7E-002 
 3        -1777.5153760379 -1.7E-01  2.4E+00  1.8E-01  0.0E+00    2    1.6E-002 
 4        -1777.5486802104 -3.3E-02  1.2E+00  1.0E-01  0.0E+00    3    1.7E-002 
 5        -1777.5614724376 -1.3E-02  1.8E-01  6.9E-02  0.0E+00    4    1.7E-002 
 6        -1777.5614799986 -7.6E-06  5.6E-03  1.6E-03  0.0E+00    5    1.7E-002 
 7        -1777.5614800689 -7.0E-08  3.4E-04  1.1E-04  0.0E+00    6    1.7E-002 
 8        -1777.5614800694 -4.4E-10  3.0E-05  9.5E-06  0.0E+00    7    1.7E-002 
 9        -1777.5614800694 -1.5E-11  4.9E-06  1.8E-06  0.0E+00    8    1.7E-002 
 10       -1777.5614800694 -6.8E-13  8.7E-07  3.1E-07  0.0E+00    8    1.7E-002 
 ------------------------------------------------------------------------------
 SCF converged
 Converged energy                        -1777.561480069404  
 ------------------------------------------------------------------------------
 Ehomo [eV]                              -7.820452990902     
 Elumo [eV]                              4.889076659083      

 dipole moment (Debye)
        x              y              z       
      3.787E-014     3.882E-014    -2.531E-014

 traceless quadrupole moment (Debye*Angs)
                       x              y              z       
 x                  -4.050E-008    -5.046E-009    -1.042E-008
 y                  -5.046E-009     4.533E-008     2.180E-008
 z                  -1.042E-008     2.180E-008    -4.831E-009

 ----------------------------------------------------------------------------
 Timings (seconds)
 * mean-field hamiltonian     1.8E-001
 * solver (setting up eqns)   1.4E-003
 * solver (energy estimate)   1.7E-003
 * solver (orthogonalization) 2.7E-004
 * solver (rotation matrix X) 3.0E-003
 * solver (exponential of X)  6.2E-004
 * solver (total)             7.6E-003
 * total SCF                  1.9E-001
 Atomic guess: ZN, ../../../../basis-sets/bse/def2-svp.txt
 ---------------------------------------------------------
 E(HF) [a.u.]                            -1.7775614801E+003
 Tr(RhoAvg S), Cartesian AOs              3.0000000000E+001
 Tr(RhoAvg S), spherical AOs              3.0000000000E+001
 max|T RhoAvg T**T - RhoAvg_sao|                  2.00E-015
 max|c(RhoAvg) - c(Rho)|                          1.78E-015
 max|RhoAvg - Rho|                                8.47E-007
 Saved /mnt/storage_6/project_data/pl0415-03/marcin/beyond-rpa/guess/electron-densities/bse/def2-svp/zn.txt
 ----------------------------------------------------------------------------
                             SCF for GA (2S+1=2)                             
 ----------------------------------------------------------------------------
 NUMBER OF ATOMS                         1
 CHARGE                                  0
 Prescreening (pq|pq) integrals for the Cholesky decomposition
 Shell pairs will be sorted according to their max elements
 Max diagonal integral MaxDrs=1.9E+001
 Applying Eq. 15 in J. Chem. Phys. 150, 194112 (2019); doi: 10.1063/1.5083802
 Schwarz inequality: Dpq<min(10**(-8),Tau)**2/MaxDrs=5.2E-018
 Trace of exact Coulomb matrix: 8.3E+001
 Trace of discarded integrals: 0.0E+000
 Discarded 0 out of 78 shell pairs
 (0 out of 528 orbital pairs)

 Step 1 of Cholesky decomposition: locating pivots
 -------------------------------------------------
 Dimensions of the Coulomb matrix: (528,528)
 Threshold for diagonal matrix elements: Dpq > 1.0E-007
 Max number of Cholesky vectors: 480
 Rk storage block size: 500
 Max dimension of 2e integrals buffer: (528,528)

 ----------------------------------------------------------------------------
 #    Dmax        Memory (MB)    NPivots     %    Time        
 ----------------------------------------------------------------------------
 1    1.9E-001    4.0E+000       16          5    9.1E-003    
 2    1.8E-003    3.8E+000       123         35   1.9E-002    
 3    1.7E-005    3.1E+000       177         61   1.0E-002    
 4    1.7E-007    2.1E+000       241         95   1.1E-002    
 5    1.0E-007    2.0E-001       250         100  4.2E-004    

 Step 1 of the Cholesky decomposition completed
 Computed 250 pivots
 Largest residual Dpq: 1.0E-007
 NCholesky/NAO = 7.8E+000
 Step 1 of Cholesky decomposition completed in 5.1E-002 seconds
 Detailed timings in seconds
 Subtract prev contribs I (M-R**T*R)     2.0E-003
 Subtract prev contribs II (Rk)          4.1E-003
 Two-electron integrals                  3.9E-002
 Reallocation                            3.7E-003

 Step 2 of Cholesky decomposition completed in 5.8E-003 seconds
 Detailed timings in seconds
 Reduced-dimension matrix V    4.8E-003
 V=L*L**T                      4.5E-004
 L**(-1)                       5.3E-004

 Full-dimension Cholesky vectors of the Coulomb matrix will be stored in memory
 Cholesky vectors computed in 1.1E-002 seconds

 ┌─────────────────────────────────────────┐
 │          Self-consistent field          │
 └─────────────────────────────────────────┘

 Atomic orbital basis set
 . . . . . . . . . . . . . . . . . . . . . . . . . . . . . . . . . . . . . . 
 atomic centers                               1
 shell parameter sets                         12
 spherical AOs                                32
 max angular momentum                         2
 parameter set                                ../../../../basis-sets/bse/def2-svp.txt
 . . . . . . . . . . . . . . . . . . . . . . . . . . . . . . . . . . . . . . 
 SCF guess: bare nuclei Hamiltonian
 Starting self-consistent field iterations (spin-unrestricted)
 Alpha electrons: 16
 Beta electrons: 15
 ----------------------------------------------------------------------------
 Exchange-correlation: Hartree-Fock
 ----------------------------------------------------------------------------
 Replicated-data parallel SCF
 ----------------------------
 Processes                               1
 Threads/process                         16
 Allocated 1.9E-004 GiB of scratch space for the KS matrix build
 ----------------------------------------------------------------------------
 Spherical harmonic basis contains 32 vectors
 Linear independence thresh: Eig(S) > 1.0E-006
 Computations will be carried out in the space of 32 MOs
 Threshold for J, K: |Rho(r,s)*(pq|rs)|,|Rho(q,s)*(pq|rs)| > 1.0E-011
 Convergence conditions
 ----------------------
 RhoDiff < 1.0E-006
 OrbGrad < 1.0E-006
 Max number of macroiters: 1024
 ------------------------------------------------------------------------------
 #           Energy        EDiff    RhoDiff  OrbGrad  OrbShift NStored Time     
 ------------------------------------------------------------------------------
 0        -1172.7006099533                                        0    4.1E-002 
 1        -1912.9041384348           2.7E+00                      0    3.3E-002 
 2        -1920.4406538139 -7.5E+00  4.3E-01  1.2E+00  3.2E+00    1    3.6E-002 
 3        -1922.2717407668 -1.8E+00  5.2E-01  1.1E+00  1.3E+00    2    3.5E-002 
 4        -1922.4871826402 -2.2E-01  7.4E-01  4.1E-01  2.4E-01    3    3.4E-002 
 5        -1922.6095355695 -1.2E-01  1.6E+00  1.0E-01  2.6E-01    4    4.1E-002 
 6        -1922.7469213672 -1.4E-01  1.3E+00  1.5E-01  1.6E-01    5    4.2E-002 
 7        -1922.7682597174 -2.1E-02  2.5E-01  6.8E-02  1.7E-02    6    3.5E-002 
 8        -1922.7688478377 -5.9E-04  3.7E-02  1.6E-02  5.9E-03    7    3.5E-002 
 9        -1922.7688594751 -1.2E-05  6.5E-03  1.5E-03  5.9E-03    8    3.5E-002 
 10       -1922.7688596405 -1.7E-07  5.2E-04  2.5E-04  5.8E-03    8    3.5E-002 
 11       -1922.7688597760 -1.4E-07  8.9E-04  2.9E-05  5.8E-03    8    3.5E-002 
 12       -1922.7688997746 -4.0E-05  1.5E-02  1.5E-04  7.6E-03    8    3.6E-002 
 13       -1922.7690486042 -1.5E-04  1.7E-02  2.8E-03  1.7E-01    8    3.6E-002 
 14       -1922.7693757092 -3.3E-04  1.8E-02  6.0E-03  5.3E-01    8    5.1E-002 
 15       -1922.7699753634 -6.0E-04  2.2E-02  1.0E-02  6.5E-01    8    5.3E-002 
 16       -1922.7709918021 -1.0E-03  2.6E-02  1.5E-02  7.5E-01    8    5.2E-002 
 17       -1922.7726367839 -1.6E-03  3.1E-02  2.1E-02  8.2E-01    8    5.2E-002 
 18       -1922.7752091744 -2.6E-03  4.3E-02  2.7E-02  8.9E-01    8    5.1E-002 
 19       -1922.7791375187 -3.9E-03  6.6E-02  3.5E-02  9.3E-01    8    5.1E-002 
 20       -1922.7850102792 -5.9E-03  9.9E-02  4.4E-02  9.6E-01    8    5.1E-002 
 21       -1922.7936184587 -8.6E-03  1.4E-01  5.5E-02  9.7E-01    8    5.1E-002 
 22       -1922.8059473775 -1.2E-02  2.1E-01  6.6E-02  9.6E-01    8    5.0E-002 
 23       -1922.8231583720 -1.7E-02  2.9E-01  7.8E-02  9.2E-01    8    5.0E-002 
 24       -1922.8462840287 -2.3E-02  3.9E-01  8.9E-02  8.5E-01    8    4.9E-002 
 25       -1922.8757621306 -2.9E-02  5.0E-01  9.8E-02  7.4E-01    8    4.8E-002 
 26       -1922.9103136895 -3.5E-02  5.9E-01  1.0E-01  5.8E-01    8    4.8E-002 
 27       -1922.9451955874 -3.5E-02  6.0E-01  9.3E-02  3.7E-01    8    4.6E-002 
 28       -1922.9701526587 -2.5E-02  4.3E-01  6.9E-02  1.4E-01    8    4.6E-002 
 29       -1922.9741290096 -4.0E-03  1.4E-01  2.7E-02  0.0E+00    8    3.5E-002 
 30       -1922.9741341432 -5.1E-06  3.3E-03  7.7E-04  0.0E+00    8    3.5E-002 
 31       -1922.9741342637 -1.2E-07  3.1E-04  1.2E-04  0.0E+00    8    3.5E-002 
 32       -1922.9741342813 -1.8E-08  1.6E-04  4.3E-05  0.0E+00    8    3.5E-002 
 33       -1922.9741342839 -2.5E-09  2.5E-05  2.0E-05  0.0E+00    8    3.5E-002 
 34       -1922.9741342840 -2.0E-10  1.5E-05  5.2E-06  0.0E+00    8    3.5E-002 
 35       -1922.9741342841 -5.3E-11  1.3E-05  2.5E-06  0.0E+00    8    3.5E-002 
 36       -1922.9741342841 -6.4E-12  5.2E-06  1.1E-06  0.0E+00    8    3.5E-002 
 37       -1922.9741342841 -2.3E-12  2.5E-06  7.0E-07  0.0E+00    8    3.5E-002 
 38       -1922.9741342841  0.0E+00  5.2E-07  3.8E-07  0.0E+00    8    3.5E-002 
 ------------------------------------------------------------------------------
 SCF converged
 Converged energy                        -1922.974134284109  
 ------------------------------------------------------------------------------
 Ehomo(Alpha) [eV]                       -5.828598643564     
 Elumo(Alpha) [eV]                       0.823507096740      
 Ehomo(Beta) [eV]                        -10.645315015236    
 Elumo(Beta) [eV]                        1.138407234969      

 dipole moment (Debye)
        x              y              z       
     -2.937E-008     4.614E-007     2.261E-007

 traceless quadrupole moment (Debye*Angs)
                       x              y              z       
 x                  -1.989E+000     5.282E+000    -2.411E-001
 y                   5.282E+000    -1.529E+000     2.309E-001
 z                  -2.411E-001     2.309E-001     3.518E+000

 ----------------------------------------------------------------------------
 Timings (seconds)
 * mean-field hamiltonian     1.3E+000
 * solver (setting up eqns)   1.3E-002
 * solver (energy estimate)   2.2E-002
 * solver (orthogonalization) 2.1E-003
 * solver (rotation matrix X) 2.7E-001
 * solver (exponential of X)  5.0E-003
 * solver (total)             3.1E-001
 * total SCF                  1.6E+000
 Atomic guess: GA, ../../../../basis-sets/bse/def2-svp.txt
 ---------------------------------------------------------
 E(HF) [a.u.]                            -1.9229741343E+003
 Tr(RhoAvg S), Cartesian AOs              3.1000000000E+001
 Tr(RhoAvg S), spherical AOs              3.1000000000E+001
 max|T RhoAvg T**T - RhoAvg_sao|                  1.78E-015
 max|c(RhoAvg) - c(Rho)|                          1.11E-015
 max|RhoAvg - Rho|                                2.47E-001
 Saved /mnt/storage_6/project_data/pl0415-03/marcin/beyond-rpa/guess/electron-densities/bse/def2-svp/ga.txt
 ----------------------------------------------------------------------------
                             SCF for GE (2S+1=3)                             
 ----------------------------------------------------------------------------
 NUMBER OF ATOMS                         1
 CHARGE                                  0
 Prescreening (pq|pq) integrals for the Cholesky decomposition
 Shell pairs will be sorted according to their max elements
 Max diagonal integral MaxDrs=2.0E+001
 Applying Eq. 15 in J. Chem. Phys. 150, 194112 (2019); doi: 10.1063/1.5083802
 Schwarz inequality: Dpq<min(10**(-8),Tau)**2/MaxDrs=5.1E-018
 Trace of exact Coulomb matrix: 8.8E+001
 Trace of discarded integrals: 0.0E+000
 Discarded 0 out of 78 shell pairs
 (0 out of 528 orbital pairs)

 Step 1 of Cholesky decomposition: locating pivots
 -------------------------------------------------
 Dimensions of the Coulomb matrix: (528,528)
 Threshold for diagonal matrix elements: Dpq > 1.0E-007
 Max number of Cholesky vectors: 480
 Rk storage block size: 500
 Max dimension of 2e integrals buffer: (528,528)

 ----------------------------------------------------------------------------
 #    Dmax        Memory (MB)    NPivots     %    Time        
 ----------------------------------------------------------------------------
 1    2.0E-001    4.1E+000       17          6    8.9E-003    
 2    1.8E-003    3.9E+000       123         36   1.9E-002    
 3    1.6E-005    2.9E+000       175         61   7.3E-003    
 4    1.5E-007    2.1E+000       239         97   1.0E-002    
 5    6.6E-008    1.7E-001       248         100  4.1E-004    

 Step 1 of the Cholesky decomposition completed
 Computed 248 pivots
 Largest residual Dpq: 6.6E-008
 NCholesky/NAO = 7.8E+000
 Step 1 of Cholesky decomposition completed in 4.7E-002 seconds
 Detailed timings in seconds
 Subtract prev contribs I (M-R**T*R)     2.5E-003
 Subtract prev contribs II (Rk)          3.1E-003
 Two-electron integrals                  3.8E-002
 Reallocation                            7.2E-004

 Step 2 of Cholesky decomposition completed in 6.0E-003 seconds
 Detailed timings in seconds
 Reduced-dimension matrix V    4.8E-003
 V=L*L**T                      6.7E-004
 L**(-1)                       4.7E-004

 Full-dimension Cholesky vectors of the Coulomb matrix will be stored in memory
 Cholesky vectors computed in 1.5E-002 seconds

 ┌─────────────────────────────────────────┐
 │          Self-consistent field          │
 └─────────────────────────────────────────┘

 Atomic orbital basis set
 . . . . . . . . . . . . . . . . . . . . . . . . . . . . . . . . . . . . . . 
 atomic centers                               1
 shell parameter sets                         12
 spherical AOs                                32
 max angular momentum                         2
 parameter set                                ../../../../basis-sets/bse/def2-svp.txt
 . . . . . . . . . . . . . . . . . . . . . . . . . . . . . . . . . . . . . . 
 SCF guess: bare nuclei Hamiltonian
 Starting self-consistent field iterations (spin-unrestricted)
 Alpha electrons: 17
 Beta electrons: 15
 ----------------------------------------------------------------------------
 Exchange-correlation: Hartree-Fock
 ----------------------------------------------------------------------------
 Replicated-data parallel SCF
 ----------------------------
 Processes                               1
 Threads/process                         16
 Allocated 1.9E-004 GiB of scratch space for the KS matrix build
 ----------------------------------------------------------------------------
 Spherical harmonic basis contains 32 vectors
 Linear independence thresh: Eig(S) > 1.0E-006
 Computations will be carried out in the space of 32 MOs
 Threshold for J, K: |Rho(r,s)*(pq|rs)|,|Rho(q,s)*(pq|rs)| > 1.0E-011
 Convergence conditions
 ----------------------
 RhoDiff < 1.0E-006
 OrbGrad < 1.0E-006
 Max number of macroiters: 1024
 ------------------------------------------------------------------------------
 #           Energy        EDiff    RhoDiff  OrbGrad  OrbShift NStored Time     
 ------------------------------------------------------------------------------
 0        -1252.3113906623                                        0    4.1E-002 
 1        -2061.5761730978           2.9E+00                      0    3.4E-002 
 2        -2070.8764098027 -9.3E+00  6.3E-01  1.4E+00  3.8E+00    1    3.6E-002 
 3        -2073.6855100626 -2.8E+00  7.0E-01  1.2E+00  1.4E+00    2    3.4E-002 
 4        -2073.9338289838 -2.5E-01  6.6E-01  4.6E-01  2.9E-01    3    3.5E-002 
 5        -2074.0021007137 -6.8E-02  5.0E-01  1.0E-01  2.9E-01    4    3.5E-002 
 6        -2074.1079224546 -1.1E-01  1.4E+00  9.4E-02  3.1E-01    5    4.1E-002 
 7        -2074.1929009290 -8.5E-02  1.2E+00  1.2E-01  2.8E-01    6    3.5E-002 
 8        -2074.2154272130 -2.3E-02  3.4E-01  8.1E-02  2.7E-01    7    3.5E-002 
 9        -2074.2239155431 -8.5E-03  1.4E-01  4.3E-02  2.7E-01    8    3.6E-002 
 10       -2074.2260793615 -2.2E-03  7.5E-02  3.6E-02  2.7E-01    8    3.6E-002 
 11       -2074.2263003622 -2.2E-04  4.7E-02  4.0E-02  2.7E-01    8    3.6E-002 
 12       -2074.2705271472 -4.4E-02  8.0E-02  3.8E-02  4.4E-01    8    3.8E-002 
 13       -2074.3785625709 -1.1E-01  8.9E-02  1.5E-01  1.0E+00    8    5.4E-002 
 14       -2074.5457000220 -1.7E-01  1.4E-01  2.4E-01  1.0E+00    8    5.3E-002 
 15       -2074.7151567088 -1.7E-01  1.5E-01  2.6E-01  5.9E-01    8    5.1E-002 
 16       -2074.7682683481 -5.3E-02  1.2E-01  1.4E-01  5.9E-02    8    3.6E-002 
 17       -2074.7870943960 -1.9E-02  3.2E-01  1.6E-02  5.5E-02    8    3.6E-002 
 18       -2074.9427246217 -1.6E-01  2.0E+00  7.1E-02  1.2E-01    8    3.8E-002 
 19       -2075.0519004300 -1.1E-01  1.4E+00  1.4E-01  1.1E-01    8    4.7E-002 
 20       -2075.0574583343 -5.6E-03  1.2E-01  3.0E-02  0.0E+00    8    3.6E-002 
 21       -2075.0579472185 -4.9E-04  1.3E-02  1.3E-02  0.0E+00    8    3.6E-002 
 22       -2075.0580399036 -9.3E-05  6.7E-03  5.9E-03  0.0E+00    8    3.6E-002 
 23       -2075.0580459378 -6.0E-06  2.3E-03  6.1E-04  0.0E+00    8    3.6E-002 
 24       -2075.0580485518 -2.6E-06  1.5E-03  3.7E-04  0.0E+00    8    3.6E-002 
 25       -2075.0580489142 -3.6E-07  5.8E-04  1.3E-04  0.0E+00    8    3.6E-002 
 26       -2075.0580489537 -4.0E-08  1.8E-04  4.7E-05  0.0E+00    8    3.6E-002 
 27       -2075.0580489608 -7.1E-09  5.3E-05  2.1E-05  0.0E+00    8    3.6E-002 
 28       -2075.0580489611 -3.3E-10  2.0E-05  4.6E-06  0.0E+00    8    3.6E-002 
 29       -2075.0580489611 -1.9E-11  4.1E-06  9.3E-07  0.0E+00    8    3.6E-002 
 30       -2075.0580489611 -4.5E-13  7.2E-07  1.7E-07  0.0E+00    8    3.6E-002 
 ------------------------------------------------------------------------------
 SCF converged
 Converged energy                        -2075.058048961133  
 ------------------------------------------------------------------------------
 Ehomo(Alpha) [eV]                       -7.882920881351     
 Elumo(Alpha) [eV]                       -0.018230228796     
 Ehomo(Beta) [eV]                        -12.924420338513    
 Elumo(Beta) [eV]                        0.719069233287      

 dipole moment (Debye)
        x              y              z       
      3.476E-007    -5.660E-007     7.470E-008

 traceless quadrupole moment (Debye*Angs)
                       x              y              z       
 x                   3.005E+000     2.090E+000    -2.569E+000
 y                   2.090E+000    -1.705E+000    -9.752E-001
 z                  -2.569E+000    -9.752E-001    -1.300E+000

 ----------------------------------------------------------------------------
 Timings (seconds)
 * mean-field hamiltonian     1.0E+000
 * solver (setting up eqns)   1.1E-002
 * solver (energy estimate)   1.6E-002
 * solver (orthogonalization) 1.6E-003
 * solver (rotation matrix X) 9.6E-002
 * solver (exponential of X)  3.9E-003
 * solver (total)             1.3E-001
 * total SCF                  1.2E+000
 Atomic guess: GE, ../../../../basis-sets/bse/def2-svp.txt
 ---------------------------------------------------------
 E(HF) [a.u.]                            -2.0750580490E+003
 Tr(RhoAvg S), Cartesian AOs              3.2000000000E+001
 Tr(RhoAvg S), spherical AOs              3.2000000000E+001
 max|T RhoAvg T**T - RhoAvg_sao|                  2.22E-015
 max|c(RhoAvg) - c(Rho)|                          1.33E-015
 max|RhoAvg - Rho|                                1.70E-001
 Saved /mnt/storage_6/project_data/pl0415-03/marcin/beyond-rpa/guess/electron-densities/bse/def2-svp/ge.txt
 ----------------------------------------------------------------------------
                             SCF for AS (2S+1=4)                             
 ----------------------------------------------------------------------------
 NUMBER OF ATOMS                         1
 CHARGE                                  0
 Prescreening (pq|pq) integrals for the Cholesky decomposition
 Shell pairs will be sorted according to their max elements
 Max diagonal integral MaxDrs=2.0E+001
 Applying Eq. 15 in J. Chem. Phys. 150, 194112 (2019); doi: 10.1063/1.5083802
 Schwarz inequality: Dpq<min(10**(-8),Tau)**2/MaxDrs=4.9E-018
 Trace of exact Coulomb matrix: 9.3E+001
 Trace of discarded integrals: 0.0E+000
 Discarded 0 out of 78 shell pairs
 (0 out of 528 orbital pairs)

 Step 1 of Cholesky decomposition: locating pivots
 -------------------------------------------------
 Dimensions of the Coulomb matrix: (528,528)
 Threshold for diagonal matrix elements: Dpq > 1.0E-007
 Max number of Cholesky vectors: 480
 Rk storage block size: 500
 Max dimension of 2e integrals buffer: (528,528)

 ----------------------------------------------------------------------------
 #    Dmax        Memory (MB)    NPivots     %    Time        
 ----------------------------------------------------------------------------
 1    2.0E-001    4.1E+000       17          6    9.0E-003    
 2    2.0E-003    3.9E+000       119         35   2.0E-002    
 3    1.6E-005    3.0E+000       175         60   6.0E-003    
 4    1.6E-007    2.1E+000       235         95   1.1E-002    
 5    5.5E-008    2.4E-001       248         100  4.3E-004    

 Step 1 of the Cholesky decomposition completed
 Computed 248 pivots
 Largest residual Dpq: 5.5E-008
 NCholesky/NAO = 7.8E+000
 Step 1 of Cholesky decomposition completed in 4.7E-002 seconds
 Detailed timings in seconds
 Subtract prev contribs I (M-R**T*R)     1.8E-003
 Subtract prev contribs II (Rk)          3.4E-003
 Two-electron integrals                  3.9E-002
 Reallocation                            1.1E-003

 Step 2 of Cholesky decomposition completed in 5.6E-003 seconds
 Detailed timings in seconds
 Reduced-dimension matrix V    4.8E-003
 V=L*L**T                      3.3E-004
 L**(-1)                       4.5E-004

 Full-dimension Cholesky vectors of the Coulomb matrix will be stored in memory
 Cholesky vectors computed in 9.7E-003 seconds

 ┌─────────────────────────────────────────┐
 │          Self-consistent field          │
 └─────────────────────────────────────────┘

 Atomic orbital basis set
 . . . . . . . . . . . . . . . . . . . . . . . . . . . . . . . . . . . . . . 
 atomic centers                               1
 shell parameter sets                         12
 spherical AOs                                32
 max angular momentum                         2
 parameter set                                ../../../../basis-sets/bse/def2-svp.txt
 . . . . . . . . . . . . . . . . . . . . . . . . . . . . . . . . . . . . . . 
 SCF guess: bare nuclei Hamiltonian
 Starting self-consistent field iterations (spin-unrestricted)
 Alpha electrons: 18
 Beta electrons: 15
 ----------------------------------------------------------------------------
 Exchange-correlation: Hartree-Fock
 ----------------------------------------------------------------------------
 Replicated-data parallel SCF
 ----------------------------
 Processes                               1
 Threads/process                         16
 Allocated 1.9E-004 GiB of scratch space for the KS matrix build
 ----------------------------------------------------------------------------
 Spherical harmonic basis contains 32 vectors
 Linear independence thresh: Eig(S) > 1.0E-006
 Computations will be carried out in the space of 32 MOs
 Threshold for J, K: |Rho(r,s)*(pq|rs)|,|Rho(q,s)*(pq|rs)| > 1.0E-011
 Convergence conditions
 ----------------------
 RhoDiff < 1.0E-006
 OrbGrad < 1.0E-006
 Max number of macroiters: 1024
 ------------------------------------------------------------------------------
 #           Energy        EDiff    RhoDiff  OrbGrad  OrbShift NStored Time     
 ------------------------------------------------------------------------------
 0        -1336.1793836739                                        0    4.2E-002 
 1        -2216.5316516414           3.0E+00                      0    3.4E-002 
 2        -2227.9166324016 -1.1E+01  6.8E-01  1.7E+00  4.4E+00    1    3.7E-002 
 3        -2231.6690827674 -3.8E+00  8.5E-01  1.4E+00  1.5E+00    2    3.5E-002 
 4        -2231.9516229846 -2.8E-01  6.2E-01  5.0E-01  4.0E-01    3    3.5E-002 
 5        -2232.0019216120 -5.0E-02  3.4E-01  1.1E-01  3.9E-01    4    3.5E-002 
 6        -2232.0437391141 -4.2E-02  5.2E-01  6.1E-02  3.9E-01    5    3.6E-002 
 7        -2232.1317783450 -8.8E-02  1.3E+00  1.0E-01  4.4E-01    6    4.4E-002 
 8        -2232.2148772751 -8.3E-02  1.3E+00  1.3E-01  3.6E-01    7    3.6E-002 
 9        -2232.2665579100 -5.2E-02  4.3E-01  9.3E-02  3.5E-01    8    3.6E-002 
 10       -2232.4797816741 -2.1E-01  2.8E-01  1.2E-01  8.7E-01    8    5.4E-002 
 11       -2232.8109418811 -3.3E-01  4.5E-01  3.1E-01  8.0E-01    8    5.3E-002 
 12       -2233.1808413837 -3.7E-01  2.6E-01  2.2E-01  4.4E-01    8    5.2E-002 
 13       -2233.5955762571 -4.1E-01  7.6E-01  3.0E-01  4.0E-01    8    5.1E-002 
 14       -2233.8979696396 -3.0E-01  2.8E+00  1.6E-01  2.0E-01    8    5.0E-002 
 15       -2233.9147633719 -1.7E-02  1.7E-01  6.3E-02  0.0E+00    8    3.6E-002 
 16       -2233.9167078327 -1.9E-03  5.9E-02  1.8E-02  0.0E+00    8    3.6E-002 
 17       -2233.9168402422 -1.3E-04  6.9E-03  5.3E-03  0.0E+00    8    3.6E-002 
 18       -2233.9169089987 -6.9E-05  4.9E-03  3.9E-03  0.0E+00    8    3.6E-002 
 19       -2233.9169217326 -1.3E-05  2.4E-03  1.4E-03  0.0E+00    8    3.6E-002 
 20       -2233.9169219746 -2.4E-07  4.5E-04  1.6E-04  0.0E+00    8    3.6E-002 
 21       -2233.9169219888 -1.4E-08  1.1E-04  3.7E-05  0.0E+00    8    3.6E-002 
 22       -2233.9169219898 -9.2E-10  1.2E-05  9.6E-06  0.0E+00    8    3.6E-002 
 23       -2233.9169219901 -3.7E-10  1.1E-05  6.5E-06  0.0E+00    8    3.6E-002 
 24       -2233.9169219902 -7.6E-11  6.5E-06  2.5E-06  0.0E+00    8    3.6E-002 
 25       -2233.9169219902 -7.7E-12  1.8E-06  8.0E-07  0.0E+00    8    3.6E-002 
 Skipping trust radius update
 26       -2233.9169219902  0.0E+00  1.8E-07  1.1E-07  0.0E+00    8    3.6E-002 
 ------------------------------------------------------------------------------
 SCF converged
 Converged energy                        -2233.916921990202  
 ------------------------------------------------------------------------------
 Ehomo(Alpha) [eV]                       -10.020144980899    
 Elumo(Alpha) [eV]                       8.261681068284      
 Ehomo(Beta) [eV]                        -14.990923697438    
 Elumo(Beta) [eV]                        1.602828412594      

 dipole moment (Debye)
        x              y              z       
      9.441E-008     2.004E-007     9.442E-008

 traceless quadrupole moment (Debye*Angs)
                       x              y              z       
 x                  -2.867E-007     2.234E-008     1.318E-008
 y                   2.234E-008     1.824E-007     7.416E-008
 z                   1.318E-008     7.416E-008     1.043E-007

 ----------------------------------------------------------------------------
 Timings (seconds)
 * mean-field hamiltonian     9.2E-001
 * solver (setting up eqns)   9.4E-003
 * solver (energy estimate)   1.3E-002
 * solver (orthogonalization) 1.4E-003
 * solver (rotation matrix X) 1.0E-001
 * solver (exponential of X)  3.4E-003
 * solver (total)             1.4E-001
 * total SCF                  1.1E+000
 Atomic guess: AS, ../../../../basis-sets/bse/def2-svp.txt
 ---------------------------------------------------------
 E(HF) [a.u.]                            -2.2339169220E+003
 Tr(RhoAvg S), Cartesian AOs              3.3000000000E+001
 Tr(RhoAvg S), spherical AOs              3.3000000000E+001
 max|T RhoAvg T**T - RhoAvg_sao|                  1.55E-015
 max|c(RhoAvg) - c(Rho)|                          4.44E-016
 max|RhoAvg - Rho|                                1.35E-007
 Saved /mnt/storage_6/project_data/pl0415-03/marcin/beyond-rpa/guess/electron-densities/bse/def2-svp/as.txt
 ----------------------------------------------------------------------------
                             SCF for SE (2S+1=3)                             
 ----------------------------------------------------------------------------
 NUMBER OF ATOMS                         1
 CHARGE                                  0
 Prescreening (pq|pq) integrals for the Cholesky decomposition
 Shell pairs will be sorted according to their max elements
 Max diagonal integral MaxDrs=2.1E+001
 Applying Eq. 15 in J. Chem. Phys. 150, 194112 (2019); doi: 10.1063/1.5083802
 Schwarz inequality: Dpq<min(10**(-8),Tau)**2/MaxDrs=4.8E-018
 Trace of exact Coulomb matrix: 9.8E+001
 Trace of discarded integrals: 0.0E+000
 Discarded 0 out of 78 shell pairs
 (0 out of 528 orbital pairs)

 Step 1 of Cholesky decomposition: locating pivots
 -------------------------------------------------
 Dimensions of the Coulomb matrix: (528,528)
 Threshold for diagonal matrix elements: Dpq > 1.0E-007
 Max number of Cholesky vectors: 480
 Rk storage block size: 500
 Max dimension of 2e integrals buffer: (528,528)

 ----------------------------------------------------------------------------
 #    Dmax        Memory (MB)    NPivots     %    Time        
 ----------------------------------------------------------------------------
 1    2.1E-001    4.1E+000       17          6    8.6E-003    
 2    2.1E-003    3.9E+000       119         35   2.1E-002    
 3    1.7E-005    3.0E+000       175         62   6.5E-003    
 4    1.6E-007    2.1E+000       235         96   8.3E-003    
 5    9.1E-008    2.6E-001       241         100  4.3E-004    

 Step 1 of the Cholesky decomposition completed
 Computed 241 pivots
 Largest residual Dpq: 9.1E-008
 NCholesky/NAO = 7.5E+000
 Step 1 of Cholesky decomposition completed in 4.5E-002 seconds
 Detailed timings in seconds
 Subtract prev contribs I (M-R**T*R)     2.4E-003
 Subtract prev contribs II (Rk)          3.2E-003
 Two-electron integrals                  3.7E-002
 Reallocation                            9.6E-004

 Step 2 of Cholesky decomposition completed in 5.8E-003 seconds
 Detailed timings in seconds
 Reduced-dimension matrix V    4.8E-003
 V=L*L**T                      4.5E-004
 L**(-1)                       4.9E-004

 Full-dimension Cholesky vectors of the Coulomb matrix will be stored in memory
 Cholesky vectors computed in 1.4E-002 seconds

 ┌─────────────────────────────────────────┐
 │          Self-consistent field          │
 └─────────────────────────────────────────┘

 Atomic orbital basis set
 . . . . . . . . . . . . . . . . . . . . . . . . . . . . . . . . . . . . . . 
 atomic centers                               1
 shell parameter sets                         12
 spherical AOs                                32
 max angular momentum                         2
 parameter set                                ../../../../basis-sets/bse/def2-svp.txt
 . . . . . . . . . . . . . . . . . . . . . . . . . . . . . . . . . . . . . . 
 SCF guess: bare nuclei Hamiltonian
 Starting self-consistent field iterations (spin-unrestricted)
 Alpha electrons: 18
 Beta electrons: 16
 ----------------------------------------------------------------------------
 Exchange-correlation: Hartree-Fock
 ----------------------------------------------------------------------------
 Replicated-data parallel SCF
 ----------------------------
 Processes                               1
 Threads/process                         16
 Allocated 1.9E-004 GiB of scratch space for the KS matrix build
 ----------------------------------------------------------------------------
 Spherical harmonic basis contains 32 vectors
 Linear independence thresh: Eig(S) > 1.0E-006
 Computations will be carried out in the space of 32 MOs
 Threshold for J, K: |Rho(r,s)*(pq|rs)|,|Rho(q,s)*(pq|rs)| > 1.0E-011
 Convergence conditions
 ----------------------
 RhoDiff < 1.0E-006
 OrbGrad < 1.0E-006
 Max number of macroiters: 1024
 ------------------------------------------------------------------------------
 #           Energy        EDiff    RhoDiff  OrbGrad  OrbShift NStored Time     
 ------------------------------------------------------------------------------
 0        -1425.4150456644                                        0    4.2E-002 
 1        -2377.6116119520           3.1E+00                      0    3.4E-002 
 2        -2391.0810528953 -1.3E+01  7.1E-01  2.0E+00  5.2E+00    1    3.7E-002 
 3        -2396.2368240125 -5.2E+00  8.8E-01  1.6E+00  1.8E+00    2    3.5E-002 
 4        -2396.5743523364 -3.4E-01  5.2E-01  5.5E-01  4.9E-01    3    3.5E-002 
 5        -2396.6474774870 -7.3E-02  2.8E-01  1.2E-01  4.8E-01    4    3.6E-002 
 6        -2396.7676157314 -1.2E-01  8.0E-01  8.7E-02  4.6E-01    5    3.6E-002 
 7        -2396.9474378415 -1.8E-01  1.5E+00  1.3E-01  4.5E-01    6    3.6E-002 
 8        -2397.0662852366 -1.2E-01  8.5E-01  1.2E-01  4.3E-01    7    3.6E-002 
 9        -2397.2277463084 -1.6E-01  3.8E-01  8.7E-02  4.0E-01    8    3.6E-002 
 10       -2398.0693660642 -8.4E-01  4.0E-01  2.3E-01  9.3E-01    8    5.5E-002 
 11       -2398.9657052624 -9.0E-01  2.4E+00  3.5E-01  3.8E-01    8    5.2E-002 
 12       -2399.4895051433 -5.2E-01  3.2E+00  2.3E-01  2.7E-01    8    5.2E-002 
 13       -2399.5271994694 -3.8E-02  2.9E-01  9.1E-02  0.0E+00    8    3.6E-002 
 14       -2399.5293994898 -2.2E-03  3.7E-02  2.0E-02  0.0E+00    8    3.6E-002 
 15       -2399.5296565129 -2.6E-04  1.0E-02  6.5E-03  0.0E+00    8    3.6E-002 
 16       -2399.5297144268 -5.8E-05  6.2E-03  4.2E-03  0.0E+00    8    3.6E-002 
 17       -2399.5297267696 -1.2E-05  1.9E-03  2.1E-03  0.0E+00    8    3.6E-002 
 18       -2399.5297278443 -1.1E-06  6.4E-04  3.0E-04  0.0E+00    8    3.6E-002 
 19       -2399.5297278960 -5.2E-08  1.5E-04  6.2E-05  0.0E+00    8    3.6E-002 
 20       -2399.5297278977 -1.7E-09  2.2E-05  1.2E-05  0.0E+00    8    3.6E-002 
 21       -2399.5297278978 -1.2E-10  7.2E-06  2.5E-06  0.0E+00    8    3.6E-002 
 22       -2399.5297278978 -9.1E-12  1.3E-06  1.1E-06  0.0E+00    8    3.6E-002 
 23       -2399.5297278978 -9.1E-13  2.2E-07  2.4E-07  0.0E+00    8    3.6E-002 
 ------------------------------------------------------------------------------
 SCF converged
 Converged energy                        -2399.529727897835  
 ------------------------------------------------------------------------------
 Ehomo(Alpha) [eV]                       -10.348587122663    
 Elumo(Alpha) [eV]                       10.073025321234     
 Ehomo(Beta) [eV]                        -9.291686923398     
 Elumo(Beta) [eV]                        0.338971255962      

 dipole moment (Debye)
        x              y              z       
      5.554E-008    -2.280E-007     9.828E-008

 traceless quadrupole moment (Debye*Angs)
                       x              y              z       
 x                  -5.851E-001    -1.398E+000    -2.181E+000
 y                  -1.398E+000     8.964E-001    -1.313E+000
 z                  -2.181E+000    -1.313E+000    -3.113E-001

 ----------------------------------------------------------------------------
 Timings (seconds)
 * mean-field hamiltonian     8.2E-001
 * solver (setting up eqns)   8.0E-003
 * solver (energy estimate)   1.1E-002
 * solver (orthogonalization) 1.2E-003
 * solver (rotation matrix X) 6.7E-002
 * solver (exponential of X)  3.1E-003
 * solver (total)             9.3E-002
 * total SCF                  9.2E-001
 Atomic guess: SE, ../../../../basis-sets/bse/def2-svp.txt
 ---------------------------------------------------------
 E(HF) [a.u.]                            -2.3995297279E+003
 Tr(RhoAvg S), Cartesian AOs              3.4000000000E+001
 Tr(RhoAvg S), spherical AOs              3.4000000000E+001
 max|T RhoAvg T**T - RhoAvg_sao|                  1.78E-015
 max|c(RhoAvg) - c(Rho)|                          1.11E-015
 max|RhoAvg - Rho|                                1.82E-001
 Saved /mnt/storage_6/project_data/pl0415-03/marcin/beyond-rpa/guess/electron-densities/bse/def2-svp/se.txt
 ----------------------------------------------------------------------------
                             SCF for BR (2S+1=2)                             
 ----------------------------------------------------------------------------
 NUMBER OF ATOMS                         1
 CHARGE                                  0
 Prescreening (pq|pq) integrals for the Cholesky decomposition
 Shell pairs will be sorted according to their max elements
 Max diagonal integral MaxDrs=2.2E+001
 Applying Eq. 15 in J. Chem. Phys. 150, 194112 (2019); doi: 10.1063/1.5083802
 Schwarz inequality: Dpq<min(10**(-8),Tau)**2/MaxDrs=4.6E-018
 Trace of exact Coulomb matrix: 1.0E+002
 Trace of discarded integrals: 0.0E+000
 Discarded 0 out of 78 shell pairs
 (0 out of 528 orbital pairs)

 Step 1 of Cholesky decomposition: locating pivots
 -------------------------------------------------
 Dimensions of the Coulomb matrix: (528,528)
 Threshold for diagonal matrix elements: Dpq > 1.0E-007
 Max number of Cholesky vectors: 480
 Rk storage block size: 500
 Max dimension of 2e integrals buffer: (528,528)

 ----------------------------------------------------------------------------
 #    Dmax        Memory (MB)    NPivots     %    Time        
 ----------------------------------------------------------------------------
 1    1.9E-001    4.1E+000       19          6    8.8E-003    
 2    1.7E-003    3.8E+000       125         38   1.5E-002    
 3    1.7E-005    3.0E+000       175         63   7.7E-003    
 4    1.6E-007    2.2E+000       233         96   7.1E-003    
 5    8.8E-008    2.8E-001       241         100  4.6E-004    

 Step 1 of the Cholesky decomposition completed
 Computed 241 pivots
 Largest residual Dpq: 8.8E-008
 NCholesky/NAO = 7.5E+000
 Step 1 of Cholesky decomposition completed in 3.9E-002 seconds
 Detailed timings in seconds
 Subtract prev contribs I (M-R**T*R)     1.6E-003
 Subtract prev contribs II (Rk)          2.9E-003
 Two-electron integrals                  3.2E-002
 Reallocation                            5.8E-004

 Step 2 of Cholesky decomposition completed in 5.3E-003 seconds
 Detailed timings in seconds
 Reduced-dimension matrix V    4.4E-003
 V=L*L**T                      4.1E-004
 L**(-1)                       5.0E-004

 Full-dimension Cholesky vectors of the Coulomb matrix will be stored in memory
 Cholesky vectors computed in 8.9E-003 seconds

 ┌─────────────────────────────────────────┐
 │          Self-consistent field          │
 └─────────────────────────────────────────┘

 Atomic orbital basis set
 . . . . . . . . . . . . . . . . . . . . . . . . . . . . . . . . . . . . . . 
 atomic centers                               1
 shell parameter sets                         12
 spherical AOs                                32
 max angular momentum                         2
 parameter set                                ../../../../basis-sets/bse/def2-svp.txt
 . . . . . . . . . . . . . . . . . . . . . . . . . . . . . . . . . . . . . . 
 SCF guess: bare nuclei Hamiltonian
 Starting self-consistent field iterations (spin-unrestricted)
 Alpha electrons: 18
 Beta electrons: 17
 ----------------------------------------------------------------------------
 Exchange-correlation: Hartree-Fock
 ----------------------------------------------------------------------------
 Replicated-data parallel SCF
 ----------------------------
 Processes                               1
 Threads/process                         16
 Allocated 1.9E-004 GiB of scratch space for the KS matrix build
 ----------------------------------------------------------------------------
 Spherical harmonic basis contains 32 vectors
 Linear independence thresh: Eig(S) > 1.0E-006
 Computations will be carried out in the space of 32 MOs
 Threshold for J, K: |Rho(r,s)*(pq|rs)|,|Rho(q,s)*(pq|rs)| > 1.0E-011
 Convergence conditions
 ----------------------
 RhoDiff < 1.0E-006
 OrbGrad < 1.0E-006
 Max number of macroiters: 1024
 ------------------------------------------------------------------------------
 #           Energy        EDiff    RhoDiff  OrbGrad  OrbShift NStored Time     
 ------------------------------------------------------------------------------
 0        -1519.0752649199                                        0    4.2E-002 
 1        -2555.4534691783           3.2E+00                      0    3.5E-002 
 2        -2567.0508832018 -1.2E+01  7.0E-01  2.2E+00  5.3E+00    1    3.8E-002 
 3        -2570.4903509136 -3.4E+00  1.0E+00  1.7E+00  1.6E+00    2    3.5E-002 
 4        -2571.1988274356 -7.1E-01  7.4E-01  3.6E-01  4.7E-01    3    3.6E-002 
 5        -2571.2759210621 -7.7E-02  2.1E-01  1.4E-01  4.3E-01    4    3.6E-002 
 6        -2571.2917691246 -1.6E-02  7.0E-02  4.5E-02  4.2E-01    5    3.6E-002 
 7        -2571.3215301632 -3.0E-02  1.7E-01  4.7E-02  4.0E-01    6    3.7E-002 
 8        -2571.4474083158 -1.3E-01  2.8E-01  5.1E-02  3.8E-01    7    4.6E-002 
 9        -2571.7311721617 -2.8E-01  3.4E-01  2.3E-01  1.0E+00    8    5.3E-002 
 10       -2572.0463536016 -3.2E-01  3.5E-01  3.2E-01  6.2E-01    8    4.9E-002 
 11       -2572.0816851085 -3.5E-02  1.4E-01  1.1E-01  0.0E+00    8    3.7E-002 
 12       -2572.0821684234 -4.8E-04  8.8E-03  8.2E-03  0.0E+00    8    3.7E-002 
 13       -2572.0821968834 -2.8E-05  3.4E-03  1.6E-03  0.0E+00    8    3.7E-002 
 14       -2572.0821999649 -3.1E-06  7.7E-04  5.9E-04  0.0E+00    8    3.7E-002 
 15       -2572.0822003196 -3.5E-07  2.5E-04  2.7E-04  0.0E+00    8    3.7E-002 
 16       -2572.0822003557 -3.6E-08  1.0E-04  6.3E-05  0.0E+00    8    3.7E-002 
 17       -2572.0822003593 -3.6E-09  2.2E-05  3.5E-05  0.0E+00    8    3.7E-002 
 18       -2572.0822003598 -4.6E-10  7.5E-06  1.1E-05  0.0E+00    8    3.7E-002 
 19       -2572.0822003598 -1.2E-11  9.5E-07  1.2E-06  0.0E+00    8    3.7E-002 
 20       -2572.0822003598 -9.1E-13  4.2E-07  3.7E-07  0.0E+00    8    3.7E-002 
 ------------------------------------------------------------------------------
 SCF converged
 Converged energy                        -2572.082200359771  
 ------------------------------------------------------------------------------
 Ehomo(Alpha) [eV]                       -12.219116871888    
 Elumo(Alpha) [eV]                       12.135925958414     
 Ehomo(Beta) [eV]                        -11.629322716758    
 Elumo(Beta) [eV]                        -1.056559442274     

 dipole moment (Debye)
        x              y              z       
     -6.583E-010    -3.252E-008    -4.676E-008

 traceless quadrupole moment (Debye*Angs)
                       x              y              z       
 x                  -1.374E-001    -1.261E+000    -1.506E+000
 y                  -1.261E+000    -1.941E-001     1.472E+000
 z                  -1.506E+000     1.472E+000     3.315E-001

 ----------------------------------------------------------------------------
 Timings (seconds)
 * mean-field hamiltonian     7.3E-001
 * solver (setting up eqns)   7.5E-003
 * solver (energy estimate)   9.6E-003
 * solver (orthogonalization) 1.1E-003
 * solver (rotation matrix X) 5.3E-002
 * solver (exponential of X)  2.5E-003
 * solver (total)             7.5E-002
 * total SCF                  8.2E-001
 Atomic guess: BR, ../../../../basis-sets/bse/def2-svp.txt
 ---------------------------------------------------------
 E(HF) [a.u.]                            -2.5720822004E+003
 Tr(RhoAvg S), Cartesian AOs              3.5000000000E+001
 Tr(RhoAvg S), spherical AOs              3.5000000000E+001
 max|T RhoAvg T**T - RhoAvg_sao|                  1.78E-015
 max|c(RhoAvg) - c(Rho)|                          8.88E-016
 max|RhoAvg - Rho|                                1.43E-001
 Saved /mnt/storage_6/project_data/pl0415-03/marcin/beyond-rpa/guess/electron-densities/bse/def2-svp/br.txt
 ----------------------------------------------------------------------------
                                  SCF for KR                                 
 ----------------------------------------------------------------------------
 NUMBER OF ATOMS                         1
 CHARGE                                  0
 Prescreening (pq|pq) integrals for the Cholesky decomposition
 Shell pairs will be sorted according to their max elements
 Max diagonal integral MaxDrs=2.2E+001
 Applying Eq. 15 in J. Chem. Phys. 150, 194112 (2019); doi: 10.1063/1.5083802
 Schwarz inequality: Dpq<min(10**(-8),Tau)**2/MaxDrs=4.5E-018
 Trace of exact Coulomb matrix: 1.1E+002
 Trace of discarded integrals: 0.0E+000
 Discarded 0 out of 78 shell pairs
 (0 out of 528 orbital pairs)

 Step 1 of Cholesky decomposition: locating pivots
 -------------------------------------------------
 Dimensions of the Coulomb matrix: (528,528)
 Threshold for diagonal matrix elements: Dpq > 1.0E-007
 Max number of Cholesky vectors: 480
 Rk storage block size: 500
 Max dimension of 2e integrals buffer: (528,528)

 ----------------------------------------------------------------------------
 #    Dmax        Memory (MB)    NPivots     %    Time        
 ----------------------------------------------------------------------------
 1    2.0E-001    4.1E+000       19          6    1.1E-002    
 2    2.0E-003    3.8E+000       120         35   1.6E-002    
 3    1.8E-005    3.2E+000       175         63   6.8E-003    
 4    1.6E-007    2.2E+000       233         96   1.1E-002    
 5    8.9E-008    2.0E-001       240         100  3.8E-004    

 Step 1 of the Cholesky decomposition completed
 Computed 240 pivots
 Largest residual Dpq: 8.9E-008
 NCholesky/NAO = 7.5E+000
 Step 1 of Cholesky decomposition completed in 4.6E-002 seconds
 Detailed timings in seconds
 Subtract prev contribs I (M-R**T*R)     2.3E-003
 Subtract prev contribs II (Rk)          3.4E-003
 Two-electron integrals                  3.8E-002
 Reallocation                            9.5E-004

 Step 2 of Cholesky decomposition completed in 7.2E-003 seconds
 Detailed timings in seconds
 Reduced-dimension matrix V    4.7E-003
 V=L*L**T                      2.0E-003
 L**(-1)                       4.3E-004

 Full-dimension Cholesky vectors of the Coulomb matrix will be stored in memory
 Cholesky vectors computed in 9.4E-003 seconds

 ┌─────────────────────────────────────────┐
 │          Self-consistent field          │
 └─────────────────────────────────────────┘

 Atomic orbital basis set
 . . . . . . . . . . . . . . . . . . . . . . . . . . . . . . . . . . . . . . 
 atomic centers                               1
 shell parameter sets                         12
 spherical AOs                                32
 max angular momentum                         2
 parameter set                                ../../../../basis-sets/bse/def2-svp.txt
 . . . . . . . . . . . . . . . . . . . . . . . . . . . . . . . . . . . . . . 
 SCF guess: bare nuclei Hamiltonian
 Starting self-consistent field iterations (spin-restricted singlet)
 Alpha+beta electrons: 36
 ----------------------------------------------------------------------------
 Exchange-correlation: Hartree-Fock
 ----------------------------------------------------------------------------
 Replicated-data parallel SCF
 ----------------------------
 Processes                               1
 Threads/process                         16
 Allocated 1.0E-004 GiB of scratch space for the KS matrix build
 ----------------------------------------------------------------------------
 Spherical harmonic basis contains 32 vectors
 Linear independence thresh: Eig(S) > 1.0E-006
 Computations will be carried out in the space of 32 MOs
 Threshold for J, K: |Rho(r,s)*(pq|rs)|,|Rho(q,s)*(pq|rs)| > 1.0E-011
 Convergence conditions
 ----------------------
 RhoDiff < 1.0E-006
 OrbGrad < 1.0E-006
 Max number of macroiters: 1024
 ------------------------------------------------------------------------------
 #           Energy        EDiff    RhoDiff  OrbGrad  OrbShift NStored Time     
 ------------------------------------------------------------------------------
 0        -1617.3673636983                                        0    2.5E-002 
 1        -2736.0771553364           6.7E+00                      0    1.8E-002 
 2        -2747.8507507673 -1.2E+01  3.3E+00  2.4E+00  1.4E+00    1    1.9E-002 
 3        -2751.0161648267 -3.2E+00  9.7E-01  1.3E+00  0.0E+00    2    1.8E-002 
 4        -2751.6548615444 -6.4E-01  7.7E-01  6.4E-01  0.0E+00    3    1.8E-002 
 5        -2751.6698575221 -1.5E-02  9.7E-02  7.4E-02  0.0E+00    4    1.8E-002 
 6        -2751.6698766280 -1.9E-05  9.7E-03  2.5E-03  0.0E+00    5    1.8E-002 
 7        -2751.6698768683 -2.4E-07  3.2E-04  3.1E-04  0.0E+00    6    1.8E-002 
 8        -2751.6698768720 -3.7E-09  1.0E-04  3.6E-05  0.0E+00    7    1.9E-002 
 9        -2751.6698768720 -3.4E-11  9.6E-06  3.4E-06  0.0E+00    8    1.9E-002 
 10       -2751.6698768720  9.1E-13  8.4E-07  2.7E-07  0.0E+00    8    1.9E-002 
 10*      -2751.6698768720  0.0E+00  5.0E-07  2.7E-07  1.3E+00    8    2.3E-002 
 ------------------------------------------------------------------------------
 SCF converged
 Converged energy                        -2751.669876872036  
 ------------------------------------------------------------------------------
 Ehomo [eV]                              -14.103224943517    
 Elumo [eV]                              14.437124302490     

 dipole moment (Debye)
        x              y              z       
      4.068E-014    -1.561E-014    -1.879E-014

 traceless quadrupole moment (Debye*Angs)
                       x              y              z       
 x                  -5.585E-007    -9.056E-008     1.086E-014
 y                  -9.056E-008     4.005E-007     3.920E-014
 z                   1.086E-014     3.920E-014     1.580E-007

 ----------------------------------------------------------------------------
 Timings (seconds)
 * mean-field hamiltonian     2.1E-001
 * solver (setting up eqns)   1.8E-003
 * solver (energy estimate)   2.0E-003
 * solver (orthogonalization) 2.9E-004
 * solver (rotation matrix X) 7.6E-003
 * solver (exponential of X)  6.9E-004
 * solver (total)             1.3E-002
 * total SCF                  2.3E-001
 Atomic guess: KR, ../../../../basis-sets/bse/def2-svp.txt
 ---------------------------------------------------------
 E(HF) [a.u.]                            -2.7516698769E+003
 Tr(RhoAvg S), Cartesian AOs              3.6000000000E+001
 Tr(RhoAvg S), spherical AOs              3.6000000000E+001
 max|T RhoAvg T**T - RhoAvg_sao|                  1.78E-015
 max|c(RhoAvg) - c(Rho)|                          8.88E-016
 max|RhoAvg - Rho|                                1.69E-007
 Saved /mnt/storage_6/project_data/pl0415-03/marcin/beyond-rpa/guess/electron-densities/bse/def2-svp/kr.txt
 ----------------------------------------------------------------------------
                             SCF for RB (2S+1=2)                             
 ----------------------------------------------------------------------------
 NUMBER OF ATOMS                         1
 CHARGE                                  0
 Prescreening (pq|pq) integrals for the Cholesky decomposition
 Shell pairs will be sorted according to their max elements
 Max diagonal integral MaxDrs=7.6E-001
 Applying Eq. 15 in J. Chem. Phys. 150, 194112 (2019); doi: 10.1063/1.5083802
 Schwarz inequality: Dpq<min(10**(-8),Tau)**2/MaxDrs=1.3E-016
 Trace of exact Coulomb matrix: 1.5E+001
 Trace of discarded integrals: 0.0E+000
 Discarded 0 out of 55 shell pairs
 (0 out of 300 orbital pairs)

 Step 1 of Cholesky decomposition: locating pivots
 -------------------------------------------------
 Dimensions of the Coulomb matrix: (300,300)
 Threshold for diagonal matrix elements: Dpq > 1.0E-007
 Max number of Cholesky vectors: 300
 Rk storage block size: 500
 Max dimension of 2e integrals buffer: (300,300)

 ----------------------------------------------------------------------------
 #    Dmax        Memory (MB)    NPivots     %    Time        
 ----------------------------------------------------------------------------
 1    5.3E-003    1.8E+000       48          19   1.4E-003    
 2    4.6E-005    1.5E+000       112         62   1.7E-003    
 3    4.6E-007    7.9E-001       154         97   7.2E-004    
 4    2.4E-009    1.5E-001       158         100  2.9E-004    

 Step 1 of the Cholesky decomposition completed
 Computed 158 pivots
 Largest residual Dpq: 2.4E-009
 NCholesky/NAO = 6.6E+000
 Step 1 of Cholesky decomposition completed in 4.5E-003 seconds
 Detailed timings in seconds
 Subtract prev contribs I (M-R**T*R)     6.1E-004
 Subtract prev contribs II (Rk)          5.4E-004
 Two-electron integrals                  1.7E-003
 Reallocation                            4.3E-004

 Step 2 of Cholesky decomposition completed in 7.8E-004 seconds
 Detailed timings in seconds
 Reduced-dimension matrix V    3.6E-004
 V=L*L**T                      2.4E-004
 L**(-1)                       1.7E-004

 Full-dimension Cholesky vectors of the Coulomb matrix will be stored in memory
 Cholesky vectors computed in 9.8E-004 seconds

 ┌─────────────────────────────────────────┐
 │          Self-consistent field          │
 └─────────────────────────────────────────┘

 Atomic orbital basis set
 . . . . . . . . . . . . . . . . . . . . . . . . . . . . . . . . . . . . . . 
 atomic centers                               1
 shell parameter sets                         10
 spherical AOs                                24
 max angular momentum                         2
 parameter set                                ../../../../basis-sets/bse/def2-svp.txt
 . . . . . . . . . . . . . . . . . . . . . . . . . . . . . . . . . . . . . . 
 SCF guess: bare nuclei Hamiltonian
 Starting self-consistent field iterations (spin-unrestricted)
 Alpha electrons: 5
 Beta electrons: 4
 ----------------------------------------------------------------------------
 Exchange-correlation: Hartree-Fock
 ----------------------------------------------------------------------------
 Replicated-data parallel SCF
 ----------------------------
 Processes                               1
 Threads/process                         16
 Allocated 1.1E-004 GiB of scratch space for the KS matrix build
 ----------------------------------------------------------------------------
 Loaded pseudopotential parameters
 ----------------------------------------------------------------------------

 RUBIDIUM    
 Parameters file: ../../../../basis-sets/bse/def2-svp.txt
 ECP accounts for 28 core electrons

          Coeff         R^n       Exponent                                       

 Local part

        -12.31690000      2         3.84311400                                   

 L = 0

         89.50019800      2         5.03655100                                   
          0.49376100      2         1.97084900                                   
         12.31690000      2         3.84311400                                   

 L = 1

         58.56897400      2         4.25834100                                   
          0.43179100      2         1.47070900                                   
         12.31690000      2         3.84311400                                   

 L = 2

         26.22489800      2         3.02312700                                   
          0.96283900      2         0.65038300                                   
         12.31690000      2         3.84311400                                   

 ----------------------------------------------------------------------------
 Spherical harmonic basis contains 24 vectors
 Linear independence thresh: Eig(S) > 1.0E-006
 Computations will be carried out in the space of 24 MOs
 Threshold for J, K: |Rho(r,s)*(pq|rs)|,|Rho(q,s)*(pq|rs)| > 1.0E-011
 Convergence conditions
 ----------------------
 RhoDiff < 1.0E-006
 OrbGrad < 1.0E-006
 Max number of macroiters: 1024
 ------------------------------------------------------------------------------
 #           Energy        EDiff    RhoDiff  OrbGrad  OrbShift NStored Time     
 ------------------------------------------------------------------------------
 0          -12.2718186890                                        0    7.0E-002 
 1          -22.7451607472           1.1E+01                      0    4.5E-002 
 2          -23.6299053646 -8.8E-01  4.0E+00  3.9E-01  7.2E-01    1    4.9E-002 
 3          -23.7999319965 -1.7E-01  1.4E+00  2.3E-01  2.2E-02    2    4.6E-002 
 4          -23.8023397314 -2.4E-03  1.3E-01  2.6E-02  0.0E+00    3    4.8E-002 
 5          -23.8023710115 -3.1E-05  2.0E-02  2.7E-03  0.0E+00    4    4.8E-002 
 6          -23.8023738967 -2.9E-06  6.8E-03  5.9E-04  0.0E+00    5    4.8E-002 
 7          -23.8023740043 -1.1E-07  4.9E-04  1.2E-04  0.0E+00    6    4.8E-002 
 8          -23.8023740089 -4.6E-09  9.0E-05  2.1E-05  0.0E+00    7    4.6E-002 
 9          -23.8023740102 -1.3E-09  3.8E-05  1.2E-05  0.0E+00    8    4.6E-002 
 10         -23.8023740103 -9.0E-11  6.7E-06  4.2E-06  0.0E+00    8    4.8E-002 
 11         -23.8023740103 -8.5E-12  2.3E-06  1.5E-06  0.0E+00    8    4.6E-002 
 12         -23.8023740103 -9.4E-13  1.2E-06  5.3E-07  0.0E+00    8    4.8E-002 
 13         -23.8023740103 -1.8E-14  5.0E-07  7.0E-08  0.0E+00    8    4.6E-002 
 ------------------------------------------------------------------------------
 SCF converged
 Converged energy                        -23.802374010311    
 ------------------------------------------------------------------------------
 Ehomo(Alpha) [eV]                       -3.817115049615     
 Elumo(Alpha) [eV]                       0.521894203172      
 Ehomo(Beta) [eV]                        -21.996231055011    
 Elumo(Beta) [eV]                        0.272245389891      

 dipole moment (Debye)
        x              y              z       
     -5.747E-015     1.399E-014    -2.203E-016

 traceless quadrupole moment (Debye*Angs)
                       x              y              z       
 x                  -6.870E-007    -1.479E-008     2.426E-009
 y                  -1.479E-008    -1.509E-006    -2.110E-010
 z                   2.426E-009    -2.110E-010     2.196E-006

 ----------------------------------------------------------------------------
 Timings (seconds)
 * mean-field hamiltonian     6.4E-001
 * solver (setting up eqns)   2.8E-003
 * solver (energy estimate)   5.4E-003
 * solver (orthogonalization) 5.1E-004
 * solver (rotation matrix X) 8.1E-003
 * solver (exponential of X)  1.3E-003
 * solver (total)             1.9E-002
 * total SCF                  6.9E-001
 Atomic guess: RB, ../../../../basis-sets/bse/def2-svp.txt
 ---------------------------------------------------------
 E(HF) [a.u.]                            -2.3802374010E+001
 Tr(RhoAvg S), Cartesian AOs              9.0000000000E+000
 Tr(RhoAvg S), spherical AOs              9.0000000000E+000
 max|T RhoAvg T**T - RhoAvg_sao|                  2.22E-016
 max|c(RhoAvg) - c(Rho)|                          2.22E-016
 max|RhoAvg - Rho|                                1.14E-007
 Saved /mnt/storage_6/project_data/pl0415-03/marcin/beyond-rpa/guess/electron-densities/bse/def2-svp/rb.txt
 ----------------------------------------------------------------------------
                                  SCF for SR                                 
 ----------------------------------------------------------------------------
 NUMBER OF ATOMS                         1
 CHARGE                                  0
 Prescreening (pq|pq) integrals for the Cholesky decomposition
 Shell pairs will be sorted according to their max elements
 Max diagonal integral MaxDrs=7.4E-001
 Applying Eq. 15 in J. Chem. Phys. 150, 194112 (2019); doi: 10.1063/1.5083802
 Schwarz inequality: Dpq<min(10**(-8),Tau)**2/MaxDrs=1.4E-016
 Trace of exact Coulomb matrix: 1.4E+001
 Trace of discarded integrals: 0.0E+000
 Discarded 0 out of 45 shell pairs
 (0 out of 276 orbital pairs)

 Step 1 of Cholesky decomposition: locating pivots
 -------------------------------------------------
 Dimensions of the Coulomb matrix: (276,276)
 Threshold for diagonal matrix elements: Dpq > 1.0E-007
 Max number of Cholesky vectors: 276
 Rk storage block size: 500
 Max dimension of 2e integrals buffer: (276,276)

 ----------------------------------------------------------------------------
 #    Dmax        Memory (MB)    NPivots     %    Time        
 ----------------------------------------------------------------------------
 1    7.3E-003    1.6E+000       43          17   6.4E-003    
 2    9.3E-006    1.6E+000       111         54   5.2E-003    
 3    9.6E-008    1.0E+000       147         100  4.0E-003    

 Step 1 of the Cholesky decomposition completed
 Computed 147 pivots
 Largest residual Dpq: 9.6E-008
 NCholesky/NAO = 6.4E+000
 Step 1 of Cholesky decomposition completed in 1.6E-002 seconds
 Detailed timings in seconds
 Subtract prev contribs I (M-R**T*R)     5.4E-004
 Subtract prev contribs II (Rk)          5.2E-004
 Two-electron integrals                  1.4E-002
 Reallocation                            2.7E-004

 Step 2 of Cholesky decomposition completed in 3.5E-003 seconds
 Detailed timings in seconds
 Reduced-dimension matrix V    3.2E-003
 V=L*L**T                      1.7E-004
 L**(-1)                       1.2E-004

 Full-dimension Cholesky vectors of the Coulomb matrix will be stored in memory
 Cholesky vectors computed in 3.5E-003 seconds

 ┌─────────────────────────────────────────┐
 │          Self-consistent field          │
 └─────────────────────────────────────────┘

 Atomic orbital basis set
 . . . . . . . . . . . . . . . . . . . . . . . . . . . . . . . . . . . . . . 
 atomic centers                               1
 shell parameter sets                         9
 spherical AOs                                23
 max angular momentum                         2
 parameter set                                ../../../../basis-sets/bse/def2-svp.txt
 . . . . . . . . . . . . . . . . . . . . . . . . . . . . . . . . . . . . . . 
 SCF guess: bare nuclei Hamiltonian
 Starting self-consistent field iterations (spin-restricted singlet)
 Alpha+beta electrons: 10
 ----------------------------------------------------------------------------
 Exchange-correlation: Hartree-Fock
 ----------------------------------------------------------------------------
 Replicated-data parallel SCF
 ----------------------------
 Processes                               1
 Threads/process                         16
 Allocated 5.5E-005 GiB of scratch space for the KS matrix build
 ----------------------------------------------------------------------------
 Loaded pseudopotential parameters
 ----------------------------------------------------------------------------

 STRONTIUM   
 Parameters file: ../../../../basis-sets/bse/def2-svp.txt
 ECP accounts for 28 core electrons

          Coeff         R^n       Exponent                                       

 Local part

        -15.80599200      2         4.63397500                                   

 L = 0

        135.47943000      2         7.40007400                                   
         17.53446300      2         3.60637900                                   
         15.80599200      2         4.63397500                                   

 L = 1

         88.35970900      2         6.48486800                                   
         15.39437200      2         3.28805300                                   
         15.80599200      2         4.63397500                                   

 L = 2

         29.88898700      2         4.62284100                                   
          6.65941400      2         2.24690400                                   
         15.80599200      2         4.63397500                                   

 ----------------------------------------------------------------------------
 Spherical harmonic basis contains 23 vectors
 Linear independence thresh: Eig(S) > 1.0E-006
 Computations will be carried out in the space of 23 MOs
 Threshold for J, K: |Rho(r,s)*(pq|rs)|,|Rho(q,s)*(pq|rs)| > 1.0E-011
 Convergence conditions
 ----------------------
 RhoDiff < 1.0E-006
 OrbGrad < 1.0E-006
 Max number of macroiters: 1024
 ------------------------------------------------------------------------------
 #           Energy        EDiff    RhoDiff  OrbGrad  OrbShift NStored Time     
 ------------------------------------------------------------------------------
 0           40.4171821137                                        0    4.2E-002 
 1          -29.7641203401           1.4E+01                      0    2.3E-002 
 2          -30.1513396868 -3.9E-01  1.1E+00  1.9E-01  1.1E-01    1    2.2E-002 
 3          -30.1997536656 -4.8E-02  4.9E-01  3.6E-02  0.0E+00    2    2.2E-002 
 4          -30.2920639174 -9.2E-02  4.6E-01  3.4E-02  8.4E-02    3    2.5E-002 
 5          -30.3304584770 -3.8E-02  5.6E-01  3.7E-02  1.2E-02    4    2.5E-002 
 6          -30.3385654931 -8.1E-03  1.4E-01  1.6E-02  0.0E+00    5    2.4E-002 
 7          -30.3387715494 -2.1E-04  3.8E-02  2.9E-03  0.0E+00    6    2.2E-002 
 8          -30.3387807566 -9.2E-06  5.3E-03  6.1E-04  0.0E+00    7    2.4E-002 
 9          -30.3387818731 -1.1E-06  3.3E-03  2.5E-04  0.0E+00    8    2.2E-002 
 10         -30.3387818952 -2.2E-08  2.3E-04  3.5E-05  0.0E+00    8    2.4E-002 
 11         -30.3387818959 -7.1E-10  7.6E-05  7.7E-06  0.0E+00    8    2.4E-002 
 12         -30.3387818959 -6.7E-11  2.2E-05  2.7E-06  0.0E+00    8    2.4E-002 
 13         -30.3387818959 -7.1E-12  6.6E-06  7.7E-07  0.0E+00    8    2.4E-002 
 14         -30.3387818959 -1.5E-13  5.8E-07  1.3E-07  0.0E+00    8    2.4E-002 
 ------------------------------------------------------------------------------
 SCF converged
 Converged energy                        -30.338781895948    
 ------------------------------------------------------------------------------
 Ehomo [eV]                              -4.924552763845     
 Elumo [eV]                              0.819697528696      

 dipole moment (Debye)
        x              y              z       
      2.530E-014     6.291E-015     1.161E-015

 traceless quadrupole moment (Debye*Angs)
                       x              y              z       
 x                   8.982E-007    -2.931E-014    -1.581E-014
 y                  -2.931E-014     7.125E-006    -1.880E-014
 z                  -1.581E-014    -1.880E-014    -8.024E-006

 ----------------------------------------------------------------------------
 Timings (seconds)
 * mean-field hamiltonian     3.4E-001
 * solver (setting up eqns)   1.7E-003
 * solver (energy estimate)   3.1E-003
 * solver (orthogonalization) 3.0E-004
 * solver (rotation matrix X) 8.5E-003
 * solver (exponential of X)  8.1E-004
 * solver (total)             1.5E-002
 * total SCF                  3.7E-001
 Atomic guess: SR, ../../../../basis-sets/bse/def2-svp.txt
 ---------------------------------------------------------
 E(HF) [a.u.]                            -3.0338781896E+001
 Tr(RhoAvg S), Cartesian AOs              1.0000000000E+001
 Tr(RhoAvg S), spherical AOs              1.0000000000E+001
 max|T RhoAvg T**T - RhoAvg_sao|                  5.55E-017
 max|c(RhoAvg) - c(Rho)|                          6.78E-021
 max|RhoAvg - Rho|                                1.47E-007
 Saved /mnt/storage_6/project_data/pl0415-03/marcin/beyond-rpa/guess/electron-densities/bse/def2-svp/sr.txt
 ----------------------------------------------------------------------------
                              SCF for Y (2S+1=2)                             
 ----------------------------------------------------------------------------
 NUMBER OF ATOMS                         1
 CHARGE                                  0
 Prescreening (pq|pq) integrals for the Cholesky decomposition
 Shell pairs will be sorted according to their max elements
 Max diagonal integral MaxDrs=1.6E+000
 Applying Eq. 15 in J. Chem. Phys. 150, 194112 (2019); doi: 10.1063/1.5083802
 Schwarz inequality: Dpq<min(10**(-8),Tau)**2/MaxDrs=6.1E-017
 Trace of exact Coulomb matrix: 2.5E+001
 Trace of discarded integrals: 0.0E+000
 Discarded 0 out of 66 shell pairs
 (0 out of 496 orbital pairs)

 Step 1 of Cholesky decomposition: locating pivots
 -------------------------------------------------
 Dimensions of the Coulomb matrix: (496,496)
 Threshold for diagonal matrix elements: Dpq > 1.0E-007
 Max number of Cholesky vectors: 465
 Rk storage block size: 500
 Max dimension of 2e integrals buffer: (496,496)

 ----------------------------------------------------------------------------
 #    Dmax        Memory (MB)    NPivots     %    Time        
 ----------------------------------------------------------------------------
 1    1.6E-002    3.8E+000       36          7    9.3E-003    
 2    1.4E-004    3.7E+000       144         39   1.3E-002    
 3    1.3E-006    3.0E+000       211         77   6.0E-003    
 4    9.8E-008    2.2E+000       256         100  3.9E-003    

 Step 1 of the Cholesky decomposition completed
 Computed 256 pivots
 Largest residual Dpq: 9.8E-008
 NCholesky/NAO = 8.3E+000
 Step 1 of Cholesky decomposition completed in 3.3E-002 seconds
 Detailed timings in seconds
 Subtract prev contribs I (M-R**T*R)     2.7E-003
 Subtract prev contribs II (Rk)          4.2E-003
 Two-electron integrals                  2.3E-002
 Reallocation                            7.0E-004

 Step 2 of Cholesky decomposition completed in 3.5E-003 seconds
 Detailed timings in seconds
 Reduced-dimension matrix V    2.6E-003
 V=L*L**T                      4.2E-004
 L**(-1)                       5.2E-004

 Full-dimension Cholesky vectors of the Coulomb matrix will be stored in memory
 Cholesky vectors computed in 6.7E-003 seconds

 ┌─────────────────────────────────────────┐
 │          Self-consistent field          │
 └─────────────────────────────────────────┘

 Atomic orbital basis set
 . . . . . . . . . . . . . . . . . . . . . . . . . . . . . . . . . . . . . . 
 atomic centers                               1
 shell parameter sets                         11
 spherical AOs                                31
 max angular momentum                         3
 parameter set                                ../../../../basis-sets/bse/def2-svp.txt
 . . . . . . . . . . . . . . . . . . . . . . . . . . . . . . . . . . . . . . 
 SCF guess: bare nuclei Hamiltonian
 Starting self-consistent field iterations (spin-unrestricted)
 Alpha electrons: 6
 Beta electrons: 5
 ----------------------------------------------------------------------------
 Exchange-correlation: Hartree-Fock
 ----------------------------------------------------------------------------
 Replicated-data parallel SCF
 ----------------------------
 Processes                               1
 Threads/process                         16
 Allocated 2.0E-004 GiB of scratch space for the KS matrix build
 ----------------------------------------------------------------------------
 Loaded pseudopotential parameters
 ----------------------------------------------------------------------------

 YTTRIUM     
 Parameters file: ../../../../basis-sets/bse/def2-svp.txt
 ECP accounts for 28 core electrons

          Coeff         R^n       Exponent                                       

 Local part

        -19.12219811      2         6.58421200                                   
         -2.43637543      2         3.29210600                                   

 L = 0

        135.15384412      2         7.48804940                                   
         15.55244130      2         3.74402470                                   
         19.12219811      2         6.58421200                                   
          2.43637543      2         3.29210600                                   

 L = 1

         87.78499167      2         6.44537720                                   
         11.56406599      2         3.22268860                                   
         19.12219811      2         6.58421200                                   
          2.43637543      2         3.29210600                                   

 L = 2

         29.70100072      2         4.65844720                                   
          5.53996847      2         2.32922360                                   
         19.12219811      2         6.58421200                                   
          2.43637543      2         3.29210600                                   

 ----------------------------------------------------------------------------
 Spherical harmonic basis contains 31 vectors
 Linear independence thresh: Eig(S) > 1.0E-006
 Computations will be carried out in the space of 31 MOs
 Threshold for J, K: |Rho(r,s)*(pq|rs)|,|Rho(q,s)*(pq|rs)| > 1.0E-011
 Convergence conditions
 ----------------------
 RhoDiff < 1.0E-006
 OrbGrad < 1.0E-006
 Max number of macroiters: 1024
 ------------------------------------------------------------------------------
 #           Energy        EDiff    RhoDiff  OrbGrad  OrbShift NStored Time     
 ------------------------------------------------------------------------------
 0            6.3663337587                                        0    4.1E-002 
 1          -36.7721379189           2.1E+01                      0    2.0E-002 
 2          -37.6337120373 -8.6E-01  9.6E-01  3.9E-01  2.7E-01    1    2.2E-002 
 3          -37.6525903099 -1.9E-02  1.3E-01  4.3E-02  0.0E+00    2    2.0E-002 
 4          -37.6989501855 -4.6E-02  2.5E-01  2.5E-02  5.1E-02    3    2.5E-002 
 5          -37.7616526593 -6.3E-02  2.4E-01  3.7E-02  4.9E-02    4    2.6E-002 
 6          -37.7730321251 -1.1E-02  6.8E-02  2.3E-02  0.0E+00    5    2.1E-002 
 7          -37.8026263541 -3.0E-02  3.7E-01  2.5E-02  3.1E-02    6    2.8E-002 
 8          -37.8089142930 -6.3E-03  7.8E-02  2.1E-02  0.0E+00    7    2.2E-002 
 9          -37.8101384370 -1.2E-03  7.0E-02  7.8E-03  0.0E+00    8    2.2E-002 
 10         -37.8102087205 -7.0E-05  3.6E-02  2.5E-03  0.0E+00    8    2.2E-002 
 11         -37.8102169206 -8.2E-06  1.4E-02  6.5E-04  0.0E+00    8    2.2E-002 
 12         -37.8102176063 -6.9E-07  2.4E-03  2.1E-04  0.0E+00    8    2.2E-002 
 13         -37.8102177900 -1.8E-07  6.2E-04  9.2E-05  0.0E+00    8    2.1E-002 
 14         -37.8102178318 -4.2E-08  2.2E-04  5.2E-05  0.0E+00    8    2.2E-002 
 15         -37.8102179536 -1.2E-07  8.8E-04  5.0E-05  0.0E+00    8    2.2E-002 
 16         -37.8102181204 -1.7E-07  1.7E-03  4.1E-05  0.0E+00    8    2.2E-002 
 17         -37.8102181926 -7.2E-08  1.2E-03  3.0E-05  0.0E+00    8    2.2E-002 
 18         -37.8102182041 -1.2E-08  4.7E-04  2.8E-05  0.0E+00    8    2.2E-002 
 19         -37.8102182050 -9.0E-10  5.2E-05  5.8E-06  0.0E+00    8    2.2E-002 
 20         -37.8102182054 -3.5E-10  4.1E-05  3.5E-06  0.0E+00    8    2.2E-002 
 21         -37.8102182054 -2.8E-11  6.5E-06  1.5E-06  0.0E+00    8    2.2E-002 
 22         -37.8102182054 -3.0E-12  2.0E-06  4.0E-07  0.0E+00    8    2.2E-002 
 23         -37.8102182054 -4.0E-13  1.2E-06  1.7E-07  0.0E+00    8    2.2E-002 
 Skipping trust radius update
 24         -37.8102182054 -1.4E-14  1.1E-07  1.9E-08  0.0E+00    8    2.2E-002 
 ------------------------------------------------------------------------------
 SCF converged
 Converged energy                        -37.810218205389    
 ------------------------------------------------------------------------------
 Ehomo(Alpha) [eV]                       -5.739363103665     
 Elumo(Alpha) [eV]                       0.604300824509      
 Ehomo(Beta) [eV]                        -5.327583854330     
 Elumo(Beta) [eV]                        0.511952143425      

 dipole moment (Debye)
        x              y              z       
      2.041E-014     2.578E-014     2.901E-014

 traceless quadrupole moment (Debye*Angs)
                       x              y              z       
 x                  -3.080E-001    -6.115E-016    -2.189E-011
 y                  -6.115E-016    -3.080E-001    -3.915E-012
 z                  -2.189E-011    -3.915E-012     6.159E-001

 ----------------------------------------------------------------------------
 Timings (seconds)
 * mean-field hamiltonian     4.9E-001
 * solver (setting up eqns)   9.5E-003
 * solver (energy estimate)   1.2E-002
 * solver (orthogonalization) 1.3E-003
 * solver (rotation matrix X) 3.1E-002
 * solver (exponential of X)  2.8E-003
 * solver (total)             5.8E-002
 * total SCF                  5.7E-001
 Atomic guess: Y, ../../../../basis-sets/bse/def2-svp.txt
 --------------------------------------------------------
 E(HF) [a.u.]                            -3.7810218205E+001
 Tr(RhoAvg S), Cartesian AOs              1.1000000000E+001
 Tr(RhoAvg S), spherical AOs              1.1000000000E+001
 max|T RhoAvg T**T - RhoAvg_sao|                  2.22E-016
 max|c(RhoAvg) - c(Rho)|                          4.44E-016
 max|RhoAvg - Rho|                                4.96E-001
 Saved /mnt/storage_6/project_data/pl0415-03/marcin/beyond-rpa/guess/electron-densities/bse/def2-svp/y.txt
 ----------------------------------------------------------------------------
                             SCF for ZR (2S+1=3)                             
 ----------------------------------------------------------------------------
 NUMBER OF ATOMS                         1
 CHARGE                                  0
 Prescreening (pq|pq) integrals for the Cholesky decomposition
 Shell pairs will be sorted according to their max elements
 Max diagonal integral MaxDrs=1.8E+000
 Applying Eq. 15 in J. Chem. Phys. 150, 194112 (2019); doi: 10.1063/1.5083802
 Schwarz inequality: Dpq<min(10**(-8),Tau)**2/MaxDrs=5.5E-017
 Trace of exact Coulomb matrix: 2.7E+001
 Trace of discarded integrals: 0.0E+000
 Discarded 0 out of 66 shell pairs
 (0 out of 496 orbital pairs)

 Step 1 of Cholesky decomposition: locating pivots
 -------------------------------------------------
 Dimensions of the Coulomb matrix: (496,496)
 Threshold for diagonal matrix elements: Dpq > 1.0E-007
 Max number of Cholesky vectors: 465
 Rk storage block size: 500
 Max dimension of 2e integrals buffer: (496,496)

 ----------------------------------------------------------------------------
 #    Dmax        Memory (MB)    NPivots     %    Time        
 ----------------------------------------------------------------------------
 1    1.6E-002    3.8E+000       36          7    9.8E-003    
 2    1.6E-004    3.7E+000       158         45   1.5E-002    
 3    1.6E-006    3.0E+000       221         85   6.2E-003    
 4    9.1E-008    1.1E+000       244         100  5.1E-003    

 Step 1 of the Cholesky decomposition completed
 Computed 244 pivots
 Largest residual Dpq: 9.1E-008
 NCholesky/NAO = 7.9E+000
 Step 1 of Cholesky decomposition completed in 3.6E-002 seconds
 Detailed timings in seconds
 Subtract prev contribs I (M-R**T*R)     2.0E-003
 Subtract prev contribs II (Rk)          4.2E-003
 Two-electron integrals                  2.8E-002
 Reallocation                            1.1E-003

 Step 2 of Cholesky decomposition completed in 4.1E-003 seconds
 Detailed timings in seconds
 Reduced-dimension matrix V    3.2E-003
 V=L*L**T                      4.2E-004
 L**(-1)                       4.5E-004

 Full-dimension Cholesky vectors of the Coulomb matrix will be stored in memory
 Cholesky vectors computed in 5.7E-003 seconds

 ┌─────────────────────────────────────────┐
 │          Self-consistent field          │
 └─────────────────────────────────────────┘

 Atomic orbital basis set
 . . . . . . . . . . . . . . . . . . . . . . . . . . . . . . . . . . . . . . 
 atomic centers                               1
 shell parameter sets                         11
 spherical AOs                                31
 max angular momentum                         3
 parameter set                                ../../../../basis-sets/bse/def2-svp.txt
 . . . . . . . . . . . . . . . . . . . . . . . . . . . . . . . . . . . . . . 
 SCF guess: bare nuclei Hamiltonian
 Starting self-consistent field iterations (spin-unrestricted)
 Alpha electrons: 7
 Beta electrons: 5
 ----------------------------------------------------------------------------
 Exchange-correlation: Hartree-Fock
 ----------------------------------------------------------------------------
 Replicated-data parallel SCF
 ----------------------------
 Processes                               1
 Threads/process                         16
 Allocated 2.0E-004 GiB of scratch space for the KS matrix build
 ----------------------------------------------------------------------------
 Loaded pseudopotential parameters
 ----------------------------------------------------------------------------

 ZIRCONIUM   
 Parameters file: ../../../../basis-sets/bse/def2-svp.txt
 ECP accounts for 28 core electrons

          Coeff         R^n       Exponent                                       

 Local part

        -21.09377605      2         7.54000000                                   
         -3.08069427      2         3.77000000                                   

 L = 0

        150.26759106      2         8.20000000                                   
         18.97621650      2         4.08972780                                   
         21.09377605      2         7.54000000                                   
          3.08069427      2         3.77000000                                   

 L = 1

         99.62212372      2         7.11000000                                   
         14.16873329      2         3.59679800                                   
         21.09377605      2         7.54000000                                   
          3.08069427      2         3.77000000                                   

 L = 2

         35.04512355      2         5.35000000                                   
          6.11125948      2         2.49182150                                   
         21.09377605      2         7.54000000                                   
          3.08069427      2         3.77000000                                   

 ----------------------------------------------------------------------------
 Spherical harmonic basis contains 31 vectors
 Linear independence thresh: Eig(S) > 1.0E-006
 Computations will be carried out in the space of 31 MOs
 Threshold for J, K: |Rho(r,s)*(pq|rs)|,|Rho(q,s)*(pq|rs)| > 1.0E-011
 Convergence conditions
 ----------------------
 RhoDiff < 1.0E-006
 OrbGrad < 1.0E-006
 Max number of macroiters: 1024
 ------------------------------------------------------------------------------
 #           Energy        EDiff    RhoDiff  OrbGrad  OrbShift NStored Time     
 ------------------------------------------------------------------------------
 0           -0.3309256581                                        0    4.1E-002 
 1          -45.1470915980           1.8E+01                      0    2.0E-002 
 2          -46.2435614701 -1.1E+00  9.9E-01  4.7E-01  3.6E-01    1    2.2E-002 
 3          -46.2713342840 -2.8E-02  1.0E-01  6.9E-02  0.0E+00    2    2.1E-002 
 4          -46.3029563823 -3.2E-02  1.0E-01  2.8E-02  0.0E+00    3    2.1E-002 
 5          -46.3837096879 -8.1E-02  3.3E-01  4.1E-02  1.0E-01    4    2.7E-002 
 6          -46.4105762491 -2.7E-02  1.5E-01  4.7E-02  0.0E+00    5    2.1E-002 
 7          -46.4173853301 -6.8E-03  8.3E-02  1.8E-02  0.0E+00    6    2.2E-002 
 8          -46.4282340666 -1.1E-02  1.7E-01  1.6E-02  7.2E-03    7    3.0E-002 
 9          -46.4297827454 -1.5E-03  4.1E-02  1.1E-02  0.0E+00    8    2.2E-002 
 10         -46.4304569799 -6.7E-04  5.7E-02  6.0E-03  0.0E+00    8    2.2E-002 
 11         -46.4311250161 -6.7E-04  2.9E-02  5.2E-03  0.0E+00    8    2.2E-002 
 12         -46.4315839218 -4.6E-04  3.6E-02  2.9E-03  0.0E+00    8    2.2E-002 
 13         -46.4316557364 -7.2E-05  1.2E-02  1.2E-03  0.0E+00    8    2.2E-002 
 14         -46.4316857887 -3.0E-05  1.1E-02  8.5E-04  0.0E+00    8    2.2E-002 
 15         -46.4316944381 -8.6E-06  3.8E-03  4.6E-04  0.0E+00    8    2.2E-002 
 16         -46.4316955420 -1.1E-06  1.4E-03  2.2E-04  0.0E+00    8    2.2E-002 
 17         -46.4316956843 -1.4E-07  7.0E-04  5.4E-05  0.0E+00    8    2.2E-002 
 18         -46.4316956909 -6.6E-09  2.0E-04  1.9E-05  0.0E+00    8    2.2E-002 
 19         -46.4316956913 -3.8E-10  7.3E-05  5.0E-06  0.0E+00    8    2.2E-002 
 20         -46.4316956913 -4.6E-11  1.0E-05  1.5E-06  0.0E+00    8    2.2E-002 
 21         -46.4316956913 -2.4E-11  3.0E-06  6.2E-07  0.0E+00    8    2.2E-002 
 22         -46.4316956914 -2.8E-11  5.9E-06  5.6E-07  0.0E+00    8    2.2E-002 
 23         -46.4316956914 -2.0E-11  4.6E-06  5.6E-07  0.0E+00    8    2.2E-002 
 24         -46.4316956914 -6.7E-11  2.1E-05  5.6E-07  0.0E+00    8    2.2E-002 
 25         -46.4316956916 -1.7E-10  6.1E-05  7.6E-07  0.0E+00    8    2.2E-002 
 26         -46.4316956919 -2.7E-10  8.6E-05  9.1E-07  0.0E+00    8    2.2E-002 
 27         -46.4316956921 -1.9E-10  8.1E-05  1.0E-06  0.0E+00    8    2.2E-002 
 28         -46.4316956924 -2.8E-10  1.0E-04  1.1E-06  0.0E+00    8    2.2E-002 
 29         -46.4316956930 -6.2E-10  2.2E-04  1.5E-06  0.0E+00    8    2.2E-002 
 30         -46.4316956966 -3.6E-09  1.2E-03  1.8E-06  0.0E+00    8    2.2E-002 
 31         -46.4316957049 -8.3E-09  3.0E-03  4.1E-06  0.0E+00    8    2.2E-002 
 32         -46.4316957197 -1.5E-08  3.6E-03  8.4E-06  6.8E-05    8    3.7E-002 
 33         -46.4316957367 -1.7E-08  4.3E-03  7.2E-06  7.3E-05    8    3.6E-002 
 34         -46.4316957560 -1.9E-08  5.2E-03  6.9E-06  5.3E-05    8    3.7E-002 
 35         -46.4316957787 -2.3E-08  6.3E-03  1.0E-05  4.6E-05    8    3.7E-002 
 36         -46.4316958020 -2.3E-08  7.6E-03  1.3E-05  3.4E-05    8    3.7E-002 
 37         -46.4316958270 -2.5E-08  9.2E-03  1.4E-05  1.8E-05    8    3.7E-002 
 38         -46.4316958505 -2.4E-08  8.5E-03  2.3E-05  0.0E+00    8    2.2E-002 
 39         -46.4316958792 -2.9E-08  8.4E-03  2.3E-05  0.0E+00    8    2.2E-002 
 40         -46.4316959146 -3.5E-08  1.6E-02  1.9E-05  3.0E-06    8    3.8E-002 
 41         -46.4316959377 -2.3E-08  5.3E-03  4.9E-05  0.0E+00    8    2.2E-002 
 42         -46.4316959822 -4.5E-08  1.6E-02  2.2E-05  1.8E-05    8    3.8E-002 
 43         -46.4316960056 -2.3E-08  1.5E-02  2.6E-05  0.0E+00    8    2.2E-002 
 44         -46.4316960229 -1.7E-08  1.5E-03  4.7E-05  0.0E+00    8    2.2E-002 
 45         -46.4316960643 -4.1E-08  5.6E-03  2.4E-05  0.0E+00    8    2.2E-002 
 46         -46.4316960985 -3.4E-08  6.8E-03  1.9E-05  0.0E+00    8    2.2E-002 
 47         -46.4316961503 -5.2E-08  1.4E-02  1.7E-05  8.1E-05    8    3.7E-002 
 48         -46.4316961966 -4.6E-08  1.3E-02  3.1E-05  9.1E-05    8    3.6E-002 
 49         -46.4316962340 -3.7E-08  1.3E-02  3.0E-05  1.5E-05    8    3.7E-002 
 50         -46.4316962535 -2.0E-08  5.7E-03  3.6E-05  0.0E+00    8    2.2E-002 
 51         -46.4316962820 -2.9E-08  1.1E-02  1.1E-05  0.0E+00    8    2.2E-002 
 52         -46.4316963058 -2.4E-08  9.6E-03  2.5E-05  0.0E+00    8    2.2E-002 
 SCF solver: failed to solve ||X(shift)|| = trust_radius
 53         -46.4316963372 -3.1E-08  1.9E-02  2.2E-05  1.1E-05    8    5.7E-002 
 54         -46.4316963642 -2.7E-08  1.8E-02  8.6E-05  0.0E+00    8    2.2E-002 
 55         -46.4316963330  3.1E-08  2.6E-02  9.2E-05  1.3E-05    8    4.3E-002 
 55*        -46.4316963827 -1.9E-08  1.8E-02  9.2E-05  2.2E-05    8    4.1E-002 
 56         -46.4316963819  8.1E-10  1.8E-02  8.0E-05  2.8E-05    8    5.0E-002 
 56*        -46.4316964017 -1.9E-08  1.3E-02  8.0E-05  4.2E-05    8    3.6E-002 
 57         -46.4316964448 -4.3E-08  1.2E-02  3.8E-05  2.3E-05    8    3.9E-002 
 SCF solver: failed to solve ||X(shift)|| = trust_radius
 58         -46.4316964689 -2.4E-08  1.5E-02  2.7E-05  8.8E-06    8    5.7E-002 
 59         -46.4316964756 -6.7E-09  5.1E-03  5.6E-05  0.0E+00    8    2.2E-002 
 60         -46.4316964710  4.6E-09  1.2E-02  2.0E-05  3.1E-05    8    3.8E-002 
 60*        -46.4316964779 -2.3E-09  8.5E-03  2.0E-05  1.5E-05    8    3.7E-002 
 SCF solver: failed to solve ||X(shift)|| = trust_radius
 61         -46.4316964937 -1.6E-08  8.6E-03  1.3E-05  3.7E-05    8    5.8E-002 
 62         -46.4316965107 -1.7E-08  8.5E-03  2.3E-05  3.7E-05    8    3.8E-002 
 63         -46.4316965282 -1.7E-08  8.3E-03  2.2E-05  3.7E-05    8    3.9E-002 
 64         -46.4316965394 -1.1E-08  8.2E-03  1.6E-05  1.0E-05    8    3.8E-002 
 65         -46.4316965449 -5.5E-09  3.6E-03  1.8E-05  0.0E+00    8    2.2E-002 
 66         -46.4316965506 -5.7E-09  4.6E-03  7.6E-06  0.0E+00    8    2.2E-002 
 67         -46.4316965582 -7.6E-09  8.4E-03  4.2E-06  0.0E+00    8    2.2E-002 
 68         -46.4316965612 -3.1E-09  1.6E-03  2.2E-05  0.0E+00    8    2.2E-002 
 69         -46.4316965701 -8.9E-09  9.4E-03  5.4E-06  2.3E-05    8    4.0E-002 
 70         -46.4316965781 -8.0E-09  9.2E-03  2.1E-05  1.9E-05    8    3.8E-002 
 71         -46.4316965809 -2.8E-09  7.6E-04  2.6E-05  0.0E+00    8    2.2E-002 
 72         -46.4316965812 -3.3E-10  1.1E-05  5.4E-06  0.0E+00    8    2.2E-002 
 73         -46.4316965827 -1.5E-09  1.1E-03  2.9E-06  0.0E+00    8    2.2E-002 
 74         -46.4316965868 -4.2E-09  5.5E-03  3.1E-06  1.9E-05    8    3.7E-002 
 SCF solver: failed to solve ||X(shift)|| = trust_radius
 75         -46.4316965902 -3.3E-09  5.5E-03  8.5E-06  2.0E-05    8    5.7E-002 
 76         -46.4316965939 -3.7E-09  5.5E-03  1.1E-05  4.6E-05    8    4.8E-002 
 77         -46.4316965968 -2.9E-09  5.5E-03  6.3E-06  1.7E-05    8    3.8E-002 
 78         -46.4316965972 -4.0E-10  4.1E-04  7.0E-06  0.0E+00    8    2.2E-002 
 79         -46.4316965973 -1.1E-10  9.0E-06  2.4E-06  0.0E+00    8    2.2E-002 
 80         -46.4316965975 -1.9E-10  6.2E-05  2.1E-06  0.0E+00    8    2.2E-002 
 81         -46.4316965988 -1.4E-09  3.3E-03  1.2E-06  1.9E-05    8    3.8E-002 
 SCF solver: failed to solve ||X(shift)|| = trust_radius
 82         -46.4316965998 -9.7E-10  3.3E-03  4.1E-06  3.7E-06    8    5.7E-002 
 83         -46.4316966001 -3.3E-10  6.4E-04  4.5E-06  0.0E+00    8    2.2E-002 
 84         -46.4316966010 -8.5E-10  3.3E-03  8.9E-07  1.0E-06    8    4.2E-002 
 85         -46.4316966018 -7.9E-10  3.9E-03  2.7E-06  5.2E-06    8    4.3E-002 
 86         -46.4316966022 -4.1E-10  2.6E-03  7.0E-06  0.0E+00    8    2.2E-002 
 87         -46.4316966022 -6.4E-11  2.1E-04  3.7E-06  0.0E+00    8    2.2E-002 
 88         -46.4316966023 -1.0E-10  3.1E-04  1.3E-06  0.0E+00    8    2.2E-002 
 SCF solver: failed to solve ||X(shift)|| = trust_radius
 89         -46.4316966028 -4.8E-10  4.0E-03  1.2E-06  1.2E-06    8    5.7E-002 
 90         -46.4316966030 -1.4E-10  9.7E-04  3.3E-06  0.0E+00    8    2.2E-002 
 91         -46.4316966031 -1.0E-10  1.1E-03  8.3E-07  0.0E+00    8    2.2E-002 
 92         -46.4316966032 -8.1E-11  3.1E-03  1.5E-06  0.0E+00    8    2.2E-002 
 93         -46.4316966032 -3.0E-11  3.5E-04  2.8E-06  0.0E+00    8    2.2E-002 
 94         -46.4316966032 -1.8E-11  2.6E-04  7.0E-07  0.0E+00    8    2.2E-002 
 95         -46.4316966032 -1.9E-11  6.3E-04  5.5E-07  0.0E+00    8    2.2E-002 
 96         -46.4316966032 -2.1E-12  4.0E-04  2.6E-07  0.0E+00    8    2.2E-002 
 97         -46.4316966032 -3.4E-12  1.7E-05  2.7E-07  0.0E+00    8    2.2E-002 
 98         -46.4316966032 -4.4E-12  6.5E-05  2.6E-07  0.0E+00    8    2.2E-002 
 99         -46.4316966032 -1.4E-12  8.8E-05  2.3E-07  0.0E+00    8    2.2E-002 
 100        -46.4316966032 -1.4E-12  1.9E-04  2.1E-07  0.0E+00    8    2.2E-002 
 101        -46.4316966032 -2.2E-12  2.1E-04  1.8E-07  0.0E+00    8    2.2E-002 
 102        -46.4316966032  7.8E-13  6.7E-05  3.2E-07  0.0E+00    8    2.2E-002 
 102*       -46.4316966032 -2.1E-14  4.9E-05  3.2E-07  5.0E-06    8    3.7E-002 
 103        -46.4316966032 -7.7E-13  4.6E-05  1.2E-07  1.8E-06    8    4.0E-002 
 104        -46.4316966032  2.1E-14  3.3E-05  4.2E-08  0.0E+00    8    2.2E-002 
 104*       -46.4316966032  7.1E-15  2.3E-05  4.2E-08  1.7E-06    8    3.7E-002 
 104*       -46.4316966032  0.0E+00  1.6E-05  4.2E-08  3.9E-06    8    3.7E-002 
 105        -46.4316966032 -4.3E-14  2.2E-07  4.5E-08  0.0E+00    8    4.0E-002 
 ------------------------------------------------------------------------------
 SCF converged
 Converged energy                        -46.431696603234    
 ------------------------------------------------------------------------------
 Ehomo(Alpha) [eV]                       -6.305459425783     
 Elumo(Alpha) [eV]                       0.662938921917      
 Ehomo(Beta) [eV]                        -5.362236306181     
 Elumo(Beta) [eV]                        0.818098854284      

 dipole moment (Debye)
        x              y              z       
      4.591E-008    -6.160E-008     5.922E-008

 traceless quadrupole moment (Debye*Angs)
                       x              y              z       
 x                   1.276E-004     2.682E-005     3.083E-006
 y                   2.682E-005    -3.156E-004     9.559E-007
 z                   3.083E-006     9.559E-007     1.880E-004

 ----------------------------------------------------------------------------
 Timings (seconds)
 * mean-field hamiltonian     2.2E+000
 * solver (setting up eqns)   4.5E-002
 * solver (energy estimate)   6.8E-002
 * solver (orthogonalization) 6.2E-003
 * solver (rotation matrix X) 8.8E-001
 * solver (exponential of X)  1.3E-002
 * solver (total)             1.0E+000
 * total SCF                  3.3E+000
 Atomic guess: ZR, ../../../../basis-sets/bse/def2-svp.txt
 ---------------------------------------------------------
 E(HF) [a.u.]                            -4.6431696603E+001
 Tr(RhoAvg S), Cartesian AOs              1.2000000000E+001
 Tr(RhoAvg S), spherical AOs              1.2000000000E+001
 max|T RhoAvg T**T - RhoAvg_sao|                  3.89E-016
 max|c(RhoAvg) - c(Rho)|                          4.44E-016
 max|RhoAvg - Rho|                                4.00E-001
 Saved /mnt/storage_6/project_data/pl0415-03/marcin/beyond-rpa/guess/electron-densities/bse/def2-svp/zr.txt
 ----------------------------------------------------------------------------
                             SCF for NB (2S+1=6)                             
 ----------------------------------------------------------------------------
 NUMBER OF ATOMS                         1
 CHARGE                                  0
 Prescreening (pq|pq) integrals for the Cholesky decomposition
 Shell pairs will be sorted according to their max elements
 Max diagonal integral MaxDrs=2.0E+000
 Applying Eq. 15 in J. Chem. Phys. 150, 194112 (2019); doi: 10.1063/1.5083802
 Schwarz inequality: Dpq<min(10**(-8),Tau)**2/MaxDrs=5.0E-017
 Trace of exact Coulomb matrix: 2.8E+001
 Trace of discarded integrals: 0.0E+000
 Discarded 0 out of 66 shell pairs
 (0 out of 496 orbital pairs)

 Step 1 of Cholesky decomposition: locating pivots
 -------------------------------------------------
 Dimensions of the Coulomb matrix: (496,496)
 Threshold for diagonal matrix elements: Dpq > 1.0E-007
 Max number of Cholesky vectors: 465
 Rk storage block size: 500
 Max dimension of 2e integrals buffer: (496,496)

 ----------------------------------------------------------------------------
 #    Dmax        Memory (MB)    NPivots     %    Time        
 ----------------------------------------------------------------------------
 1    1.9E-002    3.8E+000       32          6    8.6E-003    
 2    1.8E-004    3.7E+000       158         41   1.6E-002    
 3    1.5E-006    2.8E+000       222         86   6.8E-003    
 4    7.8E-008    9.7E-001       243         100  5.3E-003    

 Step 1 of the Cholesky decomposition completed
 Computed 243 pivots
 Largest residual Dpq: 7.8E-008
 NCholesky/NAO = 7.8E+000
 Step 1 of Cholesky decomposition completed in 3.7E-002 seconds
 Detailed timings in seconds
 Subtract prev contribs I (M-R**T*R)     2.2E-003
 Subtract prev contribs II (Rk)          3.4E-003
 Two-electron integrals                  3.0E-002
 Reallocation                            7.7E-004

 Step 2 of Cholesky decomposition completed in 4.1E-003 seconds
 Detailed timings in seconds
 Reduced-dimension matrix V    3.2E-003
 V=L*L**T                      4.0E-004
 L**(-1)                       5.2E-004

 Full-dimension Cholesky vectors of the Coulomb matrix will be stored in memory
 Cholesky vectors computed in 5.7E-003 seconds

 ┌─────────────────────────────────────────┐
 │          Self-consistent field          │
 └─────────────────────────────────────────┘

 Atomic orbital basis set
 . . . . . . . . . . . . . . . . . . . . . . . . . . . . . . . . . . . . . . 
 atomic centers                               1
 shell parameter sets                         11
 spherical AOs                                31
 max angular momentum                         3
 parameter set                                ../../../../basis-sets/bse/def2-svp.txt
 . . . . . . . . . . . . . . . . . . . . . . . . . . . . . . . . . . . . . . 
 SCF guess: bare nuclei Hamiltonian
 Starting self-consistent field iterations (spin-unrestricted)
 Alpha electrons: 9
 Beta electrons: 4
 ----------------------------------------------------------------------------
 Exchange-correlation: Hartree-Fock
 ----------------------------------------------------------------------------
 Replicated-data parallel SCF
 ----------------------------
 Processes                               1
 Threads/process                         16
 Allocated 2.0E-004 GiB of scratch space for the KS matrix build
 ----------------------------------------------------------------------------
 Loaded pseudopotential parameters
 ----------------------------------------------------------------------------

 NIOBIUM     
 Parameters file: ../../../../basis-sets/bse/def2-svp.txt
 ECP accounts for 28 core electrons

          Coeff         R^n       Exponent                                       

 Local part

        -22.92954996      2         8.49000000                                   
         -3.66630986      2         4.25000000                                   

 L = 0

        165.17914349      2         8.90000000                                   
         21.99297437      2         4.43000000                                   
         22.92954996      2         8.49000000                                   
          3.66630986      2         4.25000000                                   

 L = 1

        111.79441445      2         7.77000000                                   
         16.63348326      2         3.96000000                                   
         22.92954996      2         8.49000000                                   
          3.66630986      2         4.25000000                                   

 L = 2

         38.11224880      2         6.05000000                                   
          8.03916727      2         2.84000000                                   
         22.92954996      2         8.49000000                                   
          3.66630986      2         4.25000000                                   

 ----------------------------------------------------------------------------
 Spherical harmonic basis contains 31 vectors
 Linear independence thresh: Eig(S) > 1.0E-006
 Computations will be carried out in the space of 31 MOs
 Threshold for J, K: |Rho(r,s)*(pq|rs)|,|Rho(q,s)*(pq|rs)| > 1.0E-011
 Convergence conditions
 ----------------------
 RhoDiff < 1.0E-006
 OrbGrad < 1.0E-006
 Max number of macroiters: 1024
 ------------------------------------------------------------------------------
 #           Energy        EDiff    RhoDiff  OrbGrad  OrbShift NStored Time     
 ------------------------------------------------------------------------------
 0           -7.2744328737                                        0    4.1E-002 
 1          -54.9609877132           1.8E+01                      0    2.1E-002 
 2          -56.2360632643 -1.3E+00  1.0E+00  5.3E-01  3.0E-01    1    2.3E-002 
 3          -56.2479185829 -1.2E-02  7.9E-02  6.1E-02  0.0E+00    2    2.1E-002 
 4          -56.2494239280 -1.5E-03  2.3E-02  1.4E-02  0.0E+00    3    2.1E-002 
 5          -56.2516121882 -2.2E-03  5.1E-02  4.7E-03  6.1E-02    4    2.6E-002 
 6          -56.2562147065 -4.6E-03  5.5E-02  1.1E-02  1.3E-01    5    2.8E-002 
 7          -56.2643493658 -8.1E-03  8.4E-02  1.7E-02  1.5E-01    6    2.9E-002 
 8          -56.2767536458 -1.2E-02  1.1E-01  2.5E-02  1.6E-01    7    3.0E-002 
 9          -56.2930786158 -1.6E-02  1.0E-01  3.0E-02  1.4E-01    8    3.1E-002 
 10         -56.3085074657 -1.5E-02  8.6E-02  3.0E-02  8.2E-02    8    3.1E-002 
 11         -56.3129906563 -4.5E-03  8.1E-02  1.8E-02  0.0E+00    8    2.3E-002 
 12         -56.3131505383 -1.6E-04  1.4E-02  4.6E-03  0.0E+00    8    2.2E-002 
 13         -56.3131566089 -6.1E-06  6.4E-03  1.1E-03  0.0E+00    8    2.2E-002 
 14         -56.3131567664 -1.6E-07  1.7E-03  1.8E-04  0.0E+00    8    2.3E-002 
 15         -56.3131567714 -5.0E-09  1.0E-04  2.4E-05  0.0E+00    8    2.3E-002 
 16         -56.3131567718 -3.4E-10  1.8E-05  4.9E-06  0.0E+00    8    2.3E-002 
 17         -56.3131567718 -8.4E-11  5.0E-06  2.7E-06  0.0E+00    8    2.3E-002 
 18         -56.3131567719 -6.8E-11  5.6E-06  2.9E-06  0.0E+00    8    2.3E-002 
 19         -56.3131567720 -6.5E-11  5.6E-06  2.9E-06  0.0E+00    8    2.3E-002 
 20         -56.3131567767 -4.7E-09  4.0E-04  2.9E-06  0.0E+00    8    2.3E-002 
 21         -56.3131567945 -1.8E-08  1.5E-03  7.8E-06  0.0E+00    8    2.3E-002 
 22         -56.3131569436 -1.5E-07  1.4E-02  9.3E-06  0.0E+00    8    2.2E-002 
 23         -56.3131570102 -6.7E-08  6.4E-03  5.3E-05  0.0E+00    8    2.2E-002 
 24         -56.3131570136 -3.4E-09  8.2E-05  2.3E-05  0.0E+00    8    2.3E-002 
 25         -56.3131570142 -6.0E-10  2.8E-05  7.8E-06  0.0E+00    8    2.3E-002 
 26         -56.3131570144 -2.1E-10  1.8E-05  4.0E-06  0.0E+00    8    2.2E-002 
 27         -56.3131571127 -9.8E-08  1.6E-02  3.0E-06  1.3E-04    8    3.9E-002 
 28         -56.3131571547 -4.2E-08  1.5E-02  4.8E-05  5.5E-05    8    4.0E-002 
 29         -56.3131571720 -1.7E-08  2.6E-03  6.5E-05  0.0E+00    8    2.2E-002 
 30         -56.3131571717  2.7E-10  1.2E-03  8.5E-06  0.0E+00    8    2.2E-002 
 30*        -56.3131571720 -6.2E-11  8.6E-04  8.5E-06  9.9E-05    8    3.5E-002 
 31         -56.3131571721 -6.5E-11  7.0E-06  3.1E-06  0.0E+00    8    2.3E-002 
 32         -56.3131571725 -3.8E-10  5.1E-04  1.5E-06  1.3E-04    8    3.7E-002 
 33         -56.3131571728 -3.4E-10  6.1E-04  4.2E-07  6.3E-05    8    3.9E-002 
 34         -56.3131571731 -2.6E-10  7.3E-04  3.4E-07  2.8E-05    8    3.9E-002 
 35         -56.3131571732 -1.1E-10  7.8E-04  3.9E-07  0.0E+00    8    2.2E-002 
 36         -56.3131571732 -7.7E-13  6.9E-07  3.9E-07  0.0E+00    8    2.3E-002 
 ------------------------------------------------------------------------------
 SCF converged
 Converged energy                        -56.313157173190    
 ------------------------------------------------------------------------------
 Ehomo(Alpha) [eV]                       -6.253989668818     
 Elumo(Alpha) [eV]                       0.752442336653      
 Ehomo(Beta) [eV]                        -39.802086184772    
 Elumo(Beta) [eV]                        0.764229552837      

 dipole moment (Debye)
        x              y              z       
      5.519E-015     2.284E-014     2.560E-014

 traceless quadrupole moment (Debye*Angs)
                       x              y              z       
 x                  -8.674E-001     3.148E-001     5.878E-001
 y                   3.148E-001    -3.741E-001     1.218E+000
 z                   5.878E-001     1.218E+000     1.242E+000

 ----------------------------------------------------------------------------
 Timings (seconds)
 * mean-field hamiltonian     7.8E-001
 * solver (setting up eqns)   1.5E-002
 * solver (energy estimate)   2.1E-002
 * solver (orthogonalization) 2.0E-003
 * solver (rotation matrix X) 1.6E-001
 * solver (exponential of X)  4.4E-003
 * solver (total)             2.0E-001
 * total SCF                  1.0E+000
 Atomic guess: NB, ../../../../basis-sets/bse/def2-svp.txt
 ---------------------------------------------------------
 E(HF) [a.u.]                            -5.6313157173E+001
 Tr(RhoAvg S), Cartesian AOs              1.3000000000E+001
 Tr(RhoAvg S), spherical AOs              1.3000000000E+001
 max|T RhoAvg T**T - RhoAvg_sao|                  6.66E-016
 max|c(RhoAvg) - c(Rho)|                          1.11E-016
 max|RhoAvg - Rho|                                3.00E-001
 Saved /mnt/storage_6/project_data/pl0415-03/marcin/beyond-rpa/guess/electron-densities/bse/def2-svp/nb.txt
 ----------------------------------------------------------------------------
                             SCF for MO (2S+1=7)                             
 ----------------------------------------------------------------------------
 NUMBER OF ATOMS                         1
 CHARGE                                  0
 Prescreening (pq|pq) integrals for the Cholesky decomposition
 Shell pairs will be sorted according to their max elements
 Max diagonal integral MaxDrs=2.0E+000
 Applying Eq. 15 in J. Chem. Phys. 150, 194112 (2019); doi: 10.1063/1.5083802
 Schwarz inequality: Dpq<min(10**(-8),Tau)**2/MaxDrs=4.9E-017
 Trace of exact Coulomb matrix: 3.0E+001
 Trace of discarded integrals: 0.0E+000
 Discarded 0 out of 66 shell pairs
 (0 out of 496 orbital pairs)

 Step 1 of Cholesky decomposition: locating pivots
 -------------------------------------------------
 Dimensions of the Coulomb matrix: (496,496)
 Threshold for diagonal matrix elements: Dpq > 1.0E-007
 Max number of Cholesky vectors: 465
 Rk storage block size: 500
 Max dimension of 2e integrals buffer: (496,496)

 ----------------------------------------------------------------------------
 #    Dmax        Memory (MB)    NPivots     %    Time        
 ----------------------------------------------------------------------------
 1    1.9E-002    3.8E+000       35          7    8.7E-003    
 2    1.9E-004    3.7E+000       159         39   1.6E-002    
 3    1.8E-006    3.0E+000       226         90   1.0E-002    
 4    8.7E-008    8.3E-001       241         100  3.3E-003    

 Step 1 of the Cholesky decomposition completed
 Computed 241 pivots
 Largest residual Dpq: 8.7E-008
 NCholesky/NAO = 7.8E+000
 Step 1 of Cholesky decomposition completed in 3.9E-002 seconds
 Detailed timings in seconds
 Subtract prev contribs I (M-R**T*R)     1.5E-003
 Subtract prev contribs II (Rk)          3.2E-003
 Two-electron integrals                  3.2E-002
 Reallocation                            4.6E-004

 Step 2 of Cholesky decomposition completed in 4.2E-003 seconds
 Detailed timings in seconds
 Reduced-dimension matrix V    3.2E-003
 V=L*L**T                      4.2E-004
 L**(-1)                       5.2E-004

 Full-dimension Cholesky vectors of the Coulomb matrix will be stored in memory
 Cholesky vectors computed in 5.3E-003 seconds

 ┌─────────────────────────────────────────┐
 │          Self-consistent field          │
 └─────────────────────────────────────────┘

 Atomic orbital basis set
 . . . . . . . . . . . . . . . . . . . . . . . . . . . . . . . . . . . . . . 
 atomic centers                               1
 shell parameter sets                         11
 spherical AOs                                31
 max angular momentum                         3
 parameter set                                ../../../../basis-sets/bse/def2-svp.txt
 . . . . . . . . . . . . . . . . . . . . . . . . . . . . . . . . . . . . . . 
 SCF guess: bare nuclei Hamiltonian
 Starting self-consistent field iterations (spin-unrestricted)
 Alpha electrons: 10
 Beta electrons: 4
 ----------------------------------------------------------------------------
 Exchange-correlation: Hartree-Fock
 ----------------------------------------------------------------------------
 Replicated-data parallel SCF
 ----------------------------
 Processes                               1
 Threads/process                         16
 Allocated 2.0E-004 GiB of scratch space for the KS matrix build
 ----------------------------------------------------------------------------
 Loaded pseudopotential parameters
 ----------------------------------------------------------------------------

 MOLYBDENUM  
 Parameters file: ../../../../basis-sets/bse/def2-svp.txt
 ECP accounts for 28 core electrons

          Coeff         R^n       Exponent                                       

 Local part

        -24.80517707      2         9.45000000                                   
         -4.15378155      2         4.72000000                                   

 L = 0

        180.10310850      2         9.71459380                                   
         24.99722791      2         4.68050040                                   
         24.80517707      2         9.45000000                                   
          4.15378155      2         4.72000000                                   

 L = 1

        123.77275231      2         8.14213660                                   
         19.53022800      2         4.62598630                                   
         24.80517707      2         9.45000000                                   
          4.15378155      2         4.72000000                                   

 L = 2

         48.37502229      2         6.61841480                                   
          8.89205274      2         3.24875160                                   
         24.80517707      2         9.45000000                                   
          4.15378155      2         4.72000000                                   

 ----------------------------------------------------------------------------
 Spherical harmonic basis contains 31 vectors
 Linear independence thresh: Eig(S) > 1.0E-006
 Computations will be carried out in the space of 31 MOs
 Threshold for J, K: |Rho(r,s)*(pq|rs)|,|Rho(q,s)*(pq|rs)| > 1.0E-011
 Convergence conditions
 ----------------------
 RhoDiff < 1.0E-006
 OrbGrad < 1.0E-006
 Max number of macroiters: 1024
 ------------------------------------------------------------------------------
 #           Energy        EDiff    RhoDiff  OrbGrad  OrbShift NStored Time     
 ------------------------------------------------------------------------------
 0          -10.6468937285                                        0    4.2E-002 
 1          -65.7709393060           1.7E+01                      0    2.1E-002 
 2          -67.2007503511 -1.4E+00  5.9E+00  8.6E-01  9.9E-01    1    2.4E-002 
 3          -67.5024550660 -3.0E-01  1.9E+00  2.0E-01  0.0E+00    2    2.2E-002 
 4          -67.5444169563 -4.2E-02  2.2E-01  9.5E-02  0.0E+00    3    2.2E-002 
 5          -67.5452970301 -8.8E-04  5.0E-02  1.1E-02  0.0E+00    4    2.2E-002 
 6          -67.5453153173 -1.8E-05  7.7E-03  1.9E-03  0.0E+00    5    2.3E-002 
 7          -67.5453162981 -9.8E-07  2.6E-03  4.3E-04  0.0E+00    6    2.3E-002 
 8          -67.5453163240 -2.6E-08  2.6E-04  8.5E-05  0.0E+00    7    2.3E-002 
 9          -67.5453163243 -2.5E-10  1.3E-05  8.5E-06  0.0E+00    8    2.3E-002 
 10         -67.5453163243 -3.3E-11  4.9E-06  2.9E-06  0.0E+00    8    2.3E-002 
 11         -67.5453163243 -6.2E-12  2.1E-06  1.3E-06  0.0E+00    8    2.3E-002 
 12         -67.5453163243 -1.4E-12  1.3E-06  5.4E-07  0.0E+00    8    2.3E-002 
 13         -67.5453163243 -9.9E-14  5.1E-07  2.2E-07  0.0E+00    8    2.3E-002 
 ------------------------------------------------------------------------------
 SCF converged
 Converged energy                        -67.545316324325    
 ------------------------------------------------------------------------------
 Ehomo(Alpha) [eV]                       -6.514993130335     
 Elumo(Alpha) [eV]                       0.912429580992      
 Ehomo(Beta) [eV]                        -44.008061527764    
 Elumo(Beta) [eV]                        0.882862024942      

 dipole moment (Debye)
        x              y              z       
      1.531E-013    -2.950E-013     3.414E-013

 traceless quadrupole moment (Debye*Angs)
                       x              y              z       
 x                  -1.226E-004    -2.497E-008     1.722E-008
 y                  -2.497E-008     3.973E-004     1.235E-008
 z                   1.722E-008     1.235E-008    -2.747E-004

 ----------------------------------------------------------------------------
 Timings (seconds)
 * mean-field hamiltonian     2.9E-001
 * solver (setting up eqns)   4.9E-003
 * solver (energy estimate)   5.3E-003
 * solver (orthogonalization) 6.7E-004
 * solver (rotation matrix X) 7.8E-003
 * solver (exponential of X)  1.5E-003
 * solver (total)             2.1E-002
 * total SCF                  3.4E-001
 Atomic guess: MO, ../../../../basis-sets/bse/def2-svp.txt
 ---------------------------------------------------------
 E(HF) [a.u.]                            -6.7545316324E+001
 Tr(RhoAvg S), Cartesian AOs              1.4000000000E+001
 Tr(RhoAvg S), spherical AOs              1.4000000000E+001
 max|T RhoAvg T**T - RhoAvg_sao|                  8.88E-016
 max|c(RhoAvg) - c(Rho)|                          2.22E-016
 max|RhoAvg - Rho|                                4.48E-005
 Saved /mnt/storage_6/project_data/pl0415-03/marcin/beyond-rpa/guess/electron-densities/bse/def2-svp/mo.txt
 ----------------------------------------------------------------------------
                             SCF for TC (2S+1=6)                             
 ----------------------------------------------------------------------------
 NUMBER OF ATOMS                         1
 CHARGE                                  0
 Prescreening (pq|pq) integrals for the Cholesky decomposition
 Shell pairs will be sorted according to their max elements
 Max diagonal integral MaxDrs=2.1E+000
 Applying Eq. 15 in J. Chem. Phys. 150, 194112 (2019); doi: 10.1063/1.5083802
 Schwarz inequality: Dpq<min(10**(-8),Tau)**2/MaxDrs=4.7E-017
 Trace of exact Coulomb matrix: 3.2E+001
 Trace of discarded integrals: 0.0E+000
 Discarded 0 out of 66 shell pairs
 (0 out of 496 orbital pairs)

 Step 1 of Cholesky decomposition: locating pivots
 -------------------------------------------------
 Dimensions of the Coulomb matrix: (496,496)
 Threshold for diagonal matrix elements: Dpq > 1.0E-007
 Max number of Cholesky vectors: 465
 Rk storage block size: 500
 Max dimension of 2e integrals buffer: (496,496)

 ----------------------------------------------------------------------------
 #    Dmax        Memory (MB)    NPivots     %    Time        
 ----------------------------------------------------------------------------
 1    2.0E-002    3.8E+000       39          8    8.8E-003    
 2    1.9E-004    3.7E+000       160         39   1.5E-002    
 3    1.4E-006    3.0E+000       230         96   8.1E-003    
 4    4.0E-008    2.2E-001       240         100  5.0E-004    

 Step 1 of the Cholesky decomposition completed
 Computed 240 pivots
 Largest residual Dpq: 4.0E-008
 NCholesky/NAO = 7.7E+000
 Step 1 of Cholesky decomposition completed in 3.3E-002 seconds
 Detailed timings in seconds
 Subtract prev contribs I (M-R**T*R)     1.7E-003
 Subtract prev contribs II (Rk)          3.2E-003
 Two-electron integrals                  2.7E-002
 Reallocation                            4.5E-004

 Step 2 of Cholesky decomposition completed in 4.0E-003 seconds
 Detailed timings in seconds
 Reduced-dimension matrix V    3.2E-003
 V=L*L**T                      3.6E-004
 L**(-1)                       4.1E-004

 Full-dimension Cholesky vectors of the Coulomb matrix will be stored in memory
 Cholesky vectors computed in 5.3E-003 seconds

 ┌─────────────────────────────────────────┐
 │          Self-consistent field          │
 └─────────────────────────────────────────┘

 Atomic orbital basis set
 . . . . . . . . . . . . . . . . . . . . . . . . . . . . . . . . . . . . . . 
 atomic centers                               1
 shell parameter sets                         11
 spherical AOs                                31
 max angular momentum                         3
 parameter set                                ../../../../basis-sets/bse/def2-svp.txt
 . . . . . . . . . . . . . . . . . . . . . . . . . . . . . . . . . . . . . . 
 SCF guess: bare nuclei Hamiltonian
 Starting self-consistent field iterations (spin-unrestricted)
 Alpha electrons: 10
 Beta electrons: 5
 ----------------------------------------------------------------------------
 Exchange-correlation: Hartree-Fock
 ----------------------------------------------------------------------------
 Replicated-data parallel SCF
 ----------------------------
 Processes                               1
 Threads/process                         16
 Allocated 2.0E-004 GiB of scratch space for the KS matrix build
 ----------------------------------------------------------------------------
 Loaded pseudopotential parameters
 ----------------------------------------------------------------------------

 TECHNETIUM  
 Parameters file: ../../../../basis-sets/bse/def2-svp.txt
 ECP accounts for 28 core electrons

          Coeff         R^n       Exponent                                       

 Local part

        -26.56244747      2        10.40000000                                   
         -4.58568054      2         5.20000000                                   

 L = 0

        195.15916591      2        10.42234620                                   
         28.09260333      2         5.03651600                                   
         26.56244747      2        10.40000000                                   
          4.58568054      2         5.20000000                                   

 L = 1

        135.28456622      2         8.95044940                                   
         21.80650430      2         4.85443940                                   
         26.56244747      2        10.40000000                                   
          4.58568054      2         5.20000000                                   

 L = 2

         54.32972942      2         6.94569680                                   
         11.15506795      2         3.97058490                                   
         26.56244747      2        10.40000000                                   
          4.58568054      2         5.20000000                                   

 ----------------------------------------------------------------------------
 Spherical harmonic basis contains 31 vectors
 Linear independence thresh: Eig(S) > 1.0E-006
 Computations will be carried out in the space of 31 MOs
 Threshold for J, K: |Rho(r,s)*(pq|rs)|,|Rho(q,s)*(pq|rs)| > 1.0E-011
 Convergence conditions
 ----------------------
 RhoDiff < 1.0E-006
 OrbGrad < 1.0E-006
 Max number of macroiters: 1024
 ------------------------------------------------------------------------------
 #           Energy        EDiff    RhoDiff  OrbGrad  OrbShift NStored Time     
 ------------------------------------------------------------------------------
 0          -17.0266006236                                        0    4.2E-002 
 1          -77.8845208339           1.6E+01                      0    2.1E-002 
 2          -79.6193262070 -1.7E+00  6.0E+00  9.5E-01  1.2E+00    1    2.4E-002 
 3          -79.9947762651 -3.8E-01  1.8E+00  2.5E-01  5.6E-02    2    2.2E-002 
 4          -80.0591333729 -6.4E-02  2.0E-01  1.2E-01  0.0E+00    3    2.3E-002 
 5          -80.0607339004 -1.6E-03  1.2E-01  1.5E-02  0.0E+00    4    2.3E-002 
 6          -80.0608371949 -1.0E-04  1.5E-02  6.5E-03  0.0E+00    5    2.3E-002 
 7          -80.0608408979 -3.7E-06  2.6E-03  1.1E-03  0.0E+00    6    2.3E-002 
 8          -80.0608420385 -1.1E-06  1.2E-03  2.4E-04  0.0E+00    7    2.3E-002 
 9          -80.0608456270 -3.6E-06  6.1E-03  1.8E-04  0.0E+00    8    2.3E-002 
 10         -80.0608504821 -4.9E-06  1.1E-02  4.5E-04  0.0E+00    8    2.3E-002 
 11         -80.0608521480 -1.7E-06  5.4E-03  3.6E-04  0.0E+00    8    2.3E-002 
 12         -80.0608531625 -1.0E-06  1.8E-03  1.8E-04  0.0E+00    8    2.3E-002 
 13         -80.0608640660 -1.1E-05  1.6E-02  1.8E-04  5.6E-03    8    3.5E-002 
 14         -80.0608805975 -1.7E-05  1.9E-02  4.8E-04  8.3E-03    8    3.5E-002 
 15         -80.0609038443 -2.3E-05  2.1E-02  2.5E-04  8.8E-03    8    3.5E-002 
 16         -80.0609365128 -3.3E-05  2.4E-02  3.0E-04  8.7E-03    8    3.5E-002 
 17         -80.0609812365 -4.5E-05  2.6E-02  3.4E-04  8.1E-03    8    3.5E-002 
 18         -80.0610398090 -5.9E-05  2.8E-02  3.7E-04  7.6E-03    8    3.5E-002 
 19         -80.0611152175 -7.5E-05  3.9E-02  3.8E-04  6.7E-03    8    3.5E-002 
 20         -80.0612392424 -1.2E-04  4.9E-02  3.9E-04  7.9E-03    8    3.5E-002 
 21         -80.0616083360 -3.7E-04  5.1E-02  7.5E-04  1.7E-02    8    3.5E-002 
 22         -80.0627616753 -1.2E-03  6.6E-02  2.2E-03  3.9E-02    8    3.3E-002 
 23         -80.0656677490 -2.9E-03  8.7E-02  5.5E-03  6.9E-02    8    3.3E-002 
 24         -80.0714887079 -5.8E-03  1.0E-01  1.1E-02  9.4E-02    8    3.3E-002 
 25         -80.0804281257 -8.9E-03  1.2E-01  1.7E-02  9.6E-02    8    3.2E-002 
 26         -80.0892285391 -8.8E-03  1.4E-01  1.9E-02  5.6E-02    8    3.2E-002 
 27         -80.0912131175 -2.0E-03  8.7E-02  1.1E-02  0.0E+00    8    2.3E-002 
 28         -80.0912732600 -6.0E-05  2.1E-02  2.4E-03  0.0E+00    8    2.3E-002 
 29         -80.0912774191 -4.2E-06  6.4E-03  8.1E-04  0.0E+00    8    2.3E-002 
 30         -80.0912775255 -1.1E-07  6.5E-04  1.3E-04  0.0E+00    8    2.3E-002 
 31         -80.0912775274 -1.9E-09  4.0E-05  1.9E-05  0.0E+00    8    2.4E-002 
 32         -80.0912775276 -2.6E-10  1.1E-05  4.1E-06  0.0E+00    8    2.4E-002 
 33         -80.0912775277 -7.2E-11  4.1E-06  2.7E-06  0.0E+00    8    2.3E-002 
 34         -80.0912775278 -8.8E-11  8.1E-06  2.2E-06  0.0E+00    8    2.3E-002 
 35         -80.0912775278 -3.5E-11  6.2E-06  1.2E-06  0.0E+00    8    2.3E-002 
 36         -80.0912775278 -1.2E-11  5.6E-06  7.4E-07  0.0E+00    8    2.3E-002 
 37         -80.0912775278 -2.8E-13  5.8E-07  1.7E-07  0.0E+00    8    2.3E-002 
 ------------------------------------------------------------------------------
 SCF converged
 Converged energy                        -80.091277527837    
 ------------------------------------------------------------------------------
 Ehomo(Alpha) [eV]                       -7.644886629750     
 Elumo(Alpha) [eV]                       0.891887911942      
 Ehomo(Beta) [eV]                        -5.676945459410     
 Elumo(Beta) [eV]                        1.183727266121      

 dipole moment (Debye)
        x              y              z       
     -1.145E-012     1.114E-009    -1.496E-009

 traceless quadrupole moment (Debye*Angs)
                       x              y              z       
 x                   2.315E-006    -2.351E-007    -3.974E-008
 y                  -2.351E-007     2.041E-006     2.474E-007
 z                  -3.974E-008     2.474E-007    -4.356E-006

 ----------------------------------------------------------------------------
 Timings (seconds)
 * mean-field hamiltonian     8.1E-001
 * solver (setting up eqns)   1.5E-002
 * solver (energy estimate)   2.1E-002
 * solver (orthogonalization) 2.0E-003
 * solver (rotation matrix X) 1.7E-001
 * solver (exponential of X)  4.6E-003
 * solver (total)             2.2E-001
 * total SCF                  1.1E+000
 Atomic guess: TC, ../../../../basis-sets/bse/def2-svp.txt
 ---------------------------------------------------------
 E(HF) [a.u.]                            -8.0091277528E+001
 Tr(RhoAvg S), Cartesian AOs              1.5000000000E+001
 Tr(RhoAvg S), spherical AOs              1.5000000000E+001
 max|T RhoAvg T**T - RhoAvg_sao|                  1.33E-015
 max|c(RhoAvg) - c(Rho)|                          2.22E-016
 max|RhoAvg - Rho|                                1.15E-005
 Saved /mnt/storage_6/project_data/pl0415-03/marcin/beyond-rpa/guess/electron-densities/bse/def2-svp/tc.txt
 ----------------------------------------------------------------------------
                             SCF for RU (2S+1=5)                             
 ----------------------------------------------------------------------------
 NUMBER OF ATOMS                         1
 CHARGE                                  0
 Prescreening (pq|pq) integrals for the Cholesky decomposition
 Shell pairs will be sorted according to their max elements
 Max diagonal integral MaxDrs=2.2E+000
 Applying Eq. 15 in J. Chem. Phys. 150, 194112 (2019); doi: 10.1063/1.5083802
 Schwarz inequality: Dpq<min(10**(-8),Tau)**2/MaxDrs=4.5E-017
 Trace of exact Coulomb matrix: 3.4E+001
 Trace of discarded integrals: 0.0E+000
 Discarded 0 out of 66 shell pairs
 (0 out of 496 orbital pairs)

 Step 1 of Cholesky decomposition: locating pivots
 -------------------------------------------------
 Dimensions of the Coulomb matrix: (496,496)
 Threshold for diagonal matrix elements: Dpq > 1.0E-007
 Max number of Cholesky vectors: 465
 Rk storage block size: 500
 Max dimension of 2e integrals buffer: (496,496)

 ----------------------------------------------------------------------------
 #    Dmax        Memory (MB)    NPivots     %    Time        
 ----------------------------------------------------------------------------
 1    2.2E-002    3.8E+000       35          7    7.6E-003    
 2    2.1E-004    3.7E+000       161         38   1.3E-002    
 3    6.1E-007    3.0E+000       230         94   1.1E-002    
 4    9.4E-008    3.9E-001       241         100  9.2E-004    

 Step 1 of the Cholesky decomposition completed
 Computed 241 pivots
 Largest residual Dpq: 9.4E-008
 NCholesky/NAO = 7.8E+000
 Step 1 of Cholesky decomposition completed in 3.3E-002 seconds
 Detailed timings in seconds
 Subtract prev contribs I (M-R**T*R)     2.2E-003
 Subtract prev contribs II (Rk)          3.3E-003
 Two-electron integrals                  2.6E-002
 Reallocation                            3.9E-004

 Step 2 of Cholesky decomposition completed in 4.1E-003 seconds
 Detailed timings in seconds
 Reduced-dimension matrix V    3.2E-003
 V=L*L**T                      4.3E-004
 L**(-1)                       4.9E-004

 Full-dimension Cholesky vectors of the Coulomb matrix will be stored in memory
 Cholesky vectors computed in 5.3E-003 seconds

 ┌─────────────────────────────────────────┐
 │          Self-consistent field          │
 └─────────────────────────────────────────┘

 Atomic orbital basis set
 . . . . . . . . . . . . . . . . . . . . . . . . . . . . . . . . . . . . . . 
 atomic centers                               1
 shell parameter sets                         11
 spherical AOs                                31
 max angular momentum                         3
 parameter set                                ../../../../basis-sets/bse/def2-svp.txt
 . . . . . . . . . . . . . . . . . . . . . . . . . . . . . . . . . . . . . . 
 SCF guess: bare nuclei Hamiltonian
 Starting self-consistent field iterations (spin-unrestricted)
 Alpha electrons: 10
 Beta electrons: 6
 ----------------------------------------------------------------------------
 Exchange-correlation: Hartree-Fock
 ----------------------------------------------------------------------------
 Replicated-data parallel SCF
 ----------------------------
 Processes                               1
 Threads/process                         16
 Allocated 2.0E-004 GiB of scratch space for the KS matrix build
 ----------------------------------------------------------------------------
 Loaded pseudopotential parameters
 ----------------------------------------------------------------------------

 RUTHENIUM   
 Parameters file: ../../../../basis-sets/bse/def2-svp.txt
 ECP accounts for 28 core electrons

          Coeff         R^n       Exponent                                       

 Local part

        -28.34061627      2        11.36000000                                   
         -4.94462923      2         5.68000000                                   

 L = 0

        209.82297122      2        11.10526930                                   
         30.65472642      2         5.41474540                                   
         28.34061627      2        11.36000000                                   
          4.94462923      2         5.68000000                                   

 L = 1

        146.33618228      2         9.77127070                                   
         24.12787723      2         5.07399080                                   
         28.34061627      2        11.36000000                                   
          4.94462923      2         5.68000000                                   

 L = 2

         67.51589667      2         7.67142310                                   
          9.87010415      2         4.13656470                                   
         28.34061627      2        11.36000000                                   
          4.94462923      2         5.68000000                                   

 ----------------------------------------------------------------------------
 Spherical harmonic basis contains 31 vectors
 Linear independence thresh: Eig(S) > 1.0E-006
 Computations will be carried out in the space of 31 MOs
 Threshold for J, K: |Rho(r,s)*(pq|rs)|,|Rho(q,s)*(pq|rs)| > 1.0E-011
 Convergence conditions
 ----------------------
 RhoDiff < 1.0E-006
 OrbGrad < 1.0E-006
 Max number of macroiters: 1024
 ------------------------------------------------------------------------------
 #           Energy        EDiff    RhoDiff  OrbGrad  OrbShift NStored Time     
 ------------------------------------------------------------------------------
 0           -9.6199559782                                        0    4.3E-002 
 1          -91.7561022074           1.7E+01                      0    2.2E-002 
 2          -93.6667603111 -1.9E+00  5.6E+00  9.7E-01  1.2E+00    1    2.5E-002 
 3          -93.9354778708 -2.7E-01  1.9E+00  2.0E-01  9.0E-03    2    2.3E-002 
 4          -94.0630998705 -1.3E-01  3.2E-01  1.7E-01  0.0E+00    3    2.3E-002 
 5          -94.0671897202 -4.1E-03  1.2E-01  2.2E-02  0.0E+00    4    2.3E-002 
 6          -94.0711395812 -3.9E-03  5.5E-02  1.8E-02  1.3E-01    5    2.8E-002 
 7          -94.0761219332 -5.0E-03  6.1E-02  2.0E-02  1.9E-01    6    3.0E-002 
 8          -94.0820841818 -6.0E-03  6.3E-02  2.1E-02  1.6E-01    7    3.2E-002 
 9          -94.0886527630 -6.6E-03  6.4E-02  2.1E-02  1.1E-01    8    3.2E-002 
 10         -94.0947853244 -6.1E-03  8.8E-02  1.8E-02  6.7E-02    8    3.3E-002 
 11         -94.0984105812 -3.6E-03  1.1E-01  1.2E-02  1.5E-02    8    3.4E-002 
 12         -94.0986230456 -2.1E-04  2.7E-02  5.0E-03  0.0E+00    8    2.4E-002 
 13         -94.0986309910 -7.9E-06  1.5E-03  1.2E-03  0.0E+00    8    2.4E-002 
 14         -94.0986338190 -2.8E-06  2.3E-03  3.5E-04  0.0E+00    8    2.4E-002 
 15         -94.0986346389 -8.2E-07  1.6E-03  2.3E-04  0.0E+00    8    2.4E-002 
 16         -94.0986346692 -3.0E-08  1.9E-04  7.1E-05  0.0E+00    8    2.4E-002 
 17         -94.0986346725 -3.3E-09  4.4E-05  1.8E-05  0.0E+00    8    2.4E-002 
 18         -94.0986346730 -4.8E-10  1.4E-05  5.4E-06  0.0E+00    8    2.4E-002 
 19         -94.0986346733 -2.6E-10  1.2E-05  4.9E-06  0.0E+00    8    2.4E-002 
 20         -94.0986346740 -7.1E-10  3.7E-05  4.6E-06  0.0E+00    8    2.4E-002 
 21         -94.0986346745 -5.2E-10  4.6E-05  3.4E-06  0.0E+00    8    2.4E-002 
 22         -94.0986346746 -1.4E-10  1.7E-05  1.9E-06  0.0E+00    8    2.4E-002 
 23         -94.0986346755 -9.1E-10  8.2E-05  2.0E-06  0.0E+00    8    2.4E-002 
 24         -94.0986346836 -8.0E-09  7.1E-04  5.3E-06  0.0E+00    8    2.4E-002 
 25         -94.0986348073 -1.2E-07  1.2E-02  1.6E-05  0.0E+00    8    2.4E-002 
 26         -94.0986348745 -6.7E-08  4.7E-03  7.7E-05  0.0E+00    8    2.4E-002 
 27         -94.0986350118 -1.4E-07  1.5E-02  4.4E-05  2.7E-05    8    4.0E-002 
 28         -94.0986351516 -1.4E-07  1.9E-02  5.4E-05  3.6E-05    8    4.0E-002 
 29         -94.0986352129 -6.1E-08  2.8E-03  1.4E-04  0.0E+00    8    2.4E-002 
 30         -94.0986353131 -1.0E-07  2.0E-02  4.3E-05  4.1E-05    8    4.0E-002 
 31         -94.0986354062 -9.3E-08  8.8E-03  7.3E-05  0.0E+00    8    2.4E-002 
 32         -94.0986355752 -1.7E-07  4.2E-03  6.1E-05  0.0E+00    8    2.4E-002 
 33         -94.0986357283 -1.5E-07  1.5E-02  3.3E-05  1.5E-05    8    5.6E-002 
 34         -94.0986358466 -1.2E-07  1.7E-02  3.7E-05  0.0E+00    8    2.4E-002 
 35         -94.0986359235 -7.7E-08  1.1E-02  9.3E-05  0.0E+00    8    2.4E-002 
 36         -94.0986360051 -8.2E-08  2.7E-02  3.7E-05  2.8E-05    8    4.2E-002 
 37         -94.0986360304 -2.5E-08  4.0E-03  1.6E-04  0.0E+00    8    2.4E-002 
 38         -94.0986360965 -6.6E-08  2.3E-02  2.9E-05  1.9E-05    8    4.1E-002 
 39         -94.0986361512 -5.5E-08  2.8E-02  9.4E-05  7.9E-06    8    4.2E-002 
 40         -94.0986361892 -3.8E-08  2.8E-02  1.5E-04  3.4E-05    8    4.1E-002 
 41         -94.0986361940 -4.8E-09  2.5E-02  1.5E-04  0.0E+00    8    2.4E-002 
 42         -94.0986362087 -1.5E-08  1.1E-02  1.6E-04  0.0E+00    8    2.4E-002 
 43         -94.0986362191 -1.0E-08  5.1E-03  3.8E-05  0.0E+00    8    2.4E-002 
 44         -94.0986362241 -5.0E-09  4.1E-03  8.9E-06  0.0E+00    8    2.4E-002 
 45         -94.0986362259 -1.8E-09  1.2E-03  4.8E-06  0.0E+00    8    2.4E-002 
 46         -94.0986362328 -6.9E-09  1.1E-02  4.5E-06  7.3E-06    8    4.2E-002 
 47         -94.0986362221  1.1E-08  1.4E-02  2.3E-05  2.0E-05    8    4.1E-002 
 47*        -94.0986362279  4.9E-09  9.6E-03  2.3E-05  1.3E-05    8    4.0E-002 
 47*        -94.0986362308  2.0E-09  6.7E-03  2.3E-05  2.6E-05    8    3.9E-002 
 47*        -94.0986362324  3.9E-10  4.7E-03  2.3E-05  4.3E-05    8    3.8E-002 
 47*        -94.0986362333 -5.5E-10  3.3E-03  2.3E-05  6.8E-05    8    3.9E-002 
 48         -94.0986362353 -2.0E-09  3.3E-03  4.7E-06  8.9E-06    8    4.3E-002 
 49         -94.0986362372 -1.8E-09  4.0E-03  3.2E-06  4.8E-05    8    4.1E-002 
 50         -94.0986362380 -8.6E-10  4.0E-03  2.5E-06  1.6E-05    8    4.2E-002 
 51         -94.0986362382 -1.4E-10  2.5E-03  3.4E-06  0.0E+00    8    2.4E-002 
 52         -94.0986362382 -3.0E-11  1.0E-04  1.7E-06  0.0E+00    8    2.4E-002 
 53         -94.0986362381  7.4E-11  3.3E-03  1.3E-06  7.3E-06    8    4.6E-002 
 53*        -94.0986362382 -6.2E-12  6.3E-04  1.3E-06  0.0E+00    8    2.4E-002 
 54         -94.0986362383 -1.1E-10  1.3E-03  1.1E-06  0.0E+00    8    2.4E-002 
 55         -94.0986362383 -2.2E-11  6.3E-04  8.1E-07  0.0E+00    8    2.4E-002 
 56         -94.0986362383  3.2E-11  1.3E-03  6.4E-07  0.0E+00    8    2.4E-002 
 56*        -94.0986362383  1.9E-11  1.2E-03  6.4E-07  4.7E-06    8    4.1E-002 
 56*        -94.0986362383  3.4E-13  8.1E-04  6.4E-07  1.1E-05    8    4.0E-002 
 56*        -94.0986362384 -8.6E-12  5.7E-04  6.4E-07  2.1E-05    8    4.0E-002 
 57         -94.0986362384 -1.7E-11  5.7E-04  6.1E-07  1.7E-05    8    4.2E-002 
 58         -94.0986362384  2.3E-12  5.7E-04  2.8E-07  8.3E-06    8    4.2E-002 
 58*        -94.0986362384 -4.7E-13  4.0E-04  2.8E-07  1.2E-05    8    3.9E-002 
 59         -94.0986362384 -1.3E-11  3.9E-04  2.9E-07  6.2E-05    8    4.1E-002 
 60         -94.0986362384 -3.4E-12  4.0E-04  5.9E-07  1.8E-06    8    4.4E-002 
 61         -94.0986362384 -1.3E-11  4.0E-04  5.0E-07  2.9E-05    8    4.1E-002 
 62         -94.0986362385 -8.8E-11  3.8E-04  4.5E-07  2.3E-04    8    3.9E-002 
 63         -94.0986362390 -5.2E-10  3.4E-04  2.4E-06  6.2E-04    8    3.8E-002 
 64         -94.0986362398 -7.8E-10  4.6E-04  2.4E-06  6.6E-04    8    3.8E-002 
 65         -94.0986362407 -9.5E-10  5.4E-04  1.2E-06  5.3E-04    8    3.9E-002 
 66         -94.0986362419 -1.2E-09  6.5E-04  1.0E-06  4.3E-04    8    3.9E-002 
 67         -94.0986362434 -1.4E-09  7.7E-04  9.4E-07  3.9E-04    8    3.9E-002 
 68         -94.0986362451 -1.7E-09  9.3E-04  6.5E-07  3.4E-04    8    3.9E-002 
 69         -94.0986362471 -2.1E-09  1.1E-03  3.5E-07  2.9E-04    8    4.0E-002 
 70         -94.0986362496 -2.5E-09  1.4E-03  9.7E-07  2.4E-04    8    4.0E-002 
 71         -94.0986362526 -3.0E-09  1.6E-03  1.0E-06  2.0E-04    8    3.9E-002 
 72         -94.0986362563 -3.7E-09  1.9E-03  9.3E-07  1.7E-04    8    4.0E-002 
 73         -94.0986362608 -4.5E-09  2.3E-03  1.0E-06  1.4E-04    8    3.9E-002 
 74         -94.0986362662 -5.5E-09  2.8E-03  1.1E-06  1.2E-04    8    3.9E-002 
 75         -94.0986362729 -6.7E-09  3.3E-03  1.7E-06  1.0E-04    8    4.0E-002 
 76         -94.0986362812 -8.2E-09  4.0E-03  2.4E-06  8.8E-05    8    4.1E-002 
 77         -94.0986362913 -1.0E-08  4.7E-03  4.0E-06  7.5E-05    8    4.1E-002 
 78         -94.0986363037 -1.2E-08  5.6E-03  7.1E-06  6.4E-05    8    4.1E-002 
 79         -94.0986363188 -1.5E-08  6.7E-03  1.1E-05  5.3E-05    8    4.1E-002 
 80         -94.0986363367 -1.8E-08  7.9E-03  1.6E-05  4.3E-05    8    4.1E-002 
 81         -94.0986363572 -2.1E-08  9.4E-03  2.3E-05  2.8E-05    8    4.1E-002 
 82         -94.0986363785 -2.1E-08  1.1E-02  3.3E-05  1.3E-05    8    4.1E-002 
 83         -94.0986363956 -1.7E-08  9.9E-03  4.7E-05  0.0E+00    8    2.4E-002 
 84         -94.0986364113 -1.6E-08  1.1E-02  4.3E-05  0.0E+00    8    2.4E-002 
 85         -94.0986364250 -1.4E-08  1.3E-02  4.3E-05  0.0E+00    8    2.4E-002 
 86         -94.0986364504 -2.5E-08  3.2E-03  6.1E-05  0.0E+00    8    2.4E-002 
 87         -94.0986364892 -3.9E-08  3.8E-03  3.9E-05  0.0E+00    8    2.4E-002 
 88         -94.0986365217 -3.3E-08  1.2E-02  2.7E-05  1.8E-06    8    4.2E-002 
 89         -94.0986365927 -7.1E-08  1.4E-02  3.4E-05  3.9E-05    8    4.2E-002 
 90         -94.0986366866 -9.4E-08  1.6E-02  1.0E-04  5.2E-06    8    4.1E-002 
 91         -94.0986367859 -9.9E-08  2.0E-02  1.2E-04  9.8E-06    8    4.1E-002 
 SCF solver: failed to solve ||X(shift)|| = trust_radius
 92         -94.0986368833 -9.7E-08  2.5E-02  1.4E-04  1.8E-05    8    6.1E-002 
 93         -94.0986369049 -2.2E-08  7.3E-03  2.1E-04  0.0E+00    8    2.4E-002 
 94         -94.0986369914 -8.7E-08  1.8E-02  5.2E-05  2.2E-05    8    4.2E-002 
 95         -94.0986370765 -8.5E-08  2.3E-02  9.2E-05  2.7E-05    8    4.1E-002 
 96         -94.0986371457 -6.9E-08  2.4E-02  1.7E-04  8.3E-05    8    4.0E-002 
 97         -94.0986371927 -4.7E-08  2.4E-02  1.6E-04  2.1E-04    8    4.0E-002 
 98         -94.0986373406 -1.5E-07  2.5E-02  1.2E-04  3.1E-04    8    3.9E-002 
 99         -94.0986375349 -1.9E-07  2.5E-02  1.0E-04  2.1E-04    8    3.9E-002 
 100        -94.0986377173 -1.8E-07  2.6E-02  1.5E-04  1.2E-04    8    4.3E-002 
 101        -94.0986377944 -7.7E-08  9.5E-03  1.5E-04  0.0E+00    8    2.4E-002 
 102        -94.0986378955 -1.0E-07  2.2E-02  4.4E-05  4.4E-05    8    4.2E-002 
 103        -94.0986379732 -7.8E-08  2.1E-02  7.2E-05  0.0E+00    8    2.4E-002 
 104        -94.0986379858 -1.3E-08  2.8E-03  1.2E-04  0.0E+00    8    2.4E-002 
 105        -94.0986380634 -7.8E-08  2.3E-02  2.5E-05  0.0E+00    8    2.4E-002 
 106        -94.0986381369 -7.4E-08  3.1E-02  1.1E-04  6.1E-05    8    4.2E-002 
 107        -94.0986382230 -8.6E-08  3.0E-02  2.3E-04  3.1E-05    8    4.1E-002 
 108        -94.0986383390 -1.2E-07  2.9E-02  2.6E-04  1.1E-04    8    4.0E-002 
 109        -94.0986384528 -1.1E-07  2.8E-02  2.3E-04  2.2E-04    8    4.0E-002 
 110        -94.0986385484 -9.6E-08  2.7E-02  2.2E-04  2.3E-04    8    3.9E-002 
 111        -94.0986386678 -1.2E-07  2.5E-02  2.2E-04  3.3E-04    8    3.9E-002 
 112        -94.0986387924 -1.2E-07  1.2E-02  2.5E-04  0.0E+00    8    2.4E-002 
 113        -94.0986387980 -5.5E-09  1.1E-02  1.1E-04  0.0E+00    8    2.4E-002 
 114        -94.0986388140 -1.6E-08  2.8E-05  4.2E-05  0.0E+00    8    4.2E-002 
 SCF solver: failed to solve ||X(shift)|| = trust_radius
 115        -94.0986387501  6.4E-08  1.7E-02  2.3E-05  3.2E-05    8    6.1E-002 
 115*       -94.0986388656 -5.2E-08  5.2E-03  2.3E-05  0.0E+00    8    2.4E-002 
 116        -94.0986389056 -4.0E-08  9.6E-03  1.5E-05  2.8E-05    8    4.0E-002 
 117        -94.0986389086 -3.0E-09  2.8E-04  2.8E-05  0.0E+00    8    2.4E-002 
 118        -94.0986389348 -2.6E-08  9.4E-03  4.2E-06  3.3E-05    8    4.1E-002 
 119        -94.0986389668 -3.2E-08  1.1E-02  4.1E-05  5.9E-05    8    4.0E-002 
 SCF solver: failed to solve ||X(shift)|| = trust_radius
 120        -94.0986389345  3.2E-08  1.1E-02  3.4E-05  2.2E-05    8    6.2E-002 
 120*       -94.0986389502  1.7E-08  7.6E-03  3.4E-05  2.1E-05    8    4.1E-002 
 120*       -94.0986389593  7.5E-09  5.3E-03  3.4E-05  3.4E-05    8    3.9E-002 
 120*       -94.0986389651  1.7E-09  3.7E-03  3.4E-05  5.3E-05    8    3.8E-002 
 120*       -94.0986389690 -2.2E-09  2.6E-03  3.4E-05  8.0E-05    8    3.8E-002 
 121        -94.0986389784 -9.5E-09  2.4E-03  1.6E-05  0.0E+00    8    2.4E-002 
 122        -94.0986389886 -1.0E-08  3.2E-03  3.7E-06  8.8E-05    8    4.1E-002 
 123        -94.0986390003 -1.2E-08  3.9E-03  4.1E-06  1.5E-04    8    4.1E-002 
 124        -94.0986390111 -1.1E-08  3.9E-03  5.8E-06  1.3E-04    8    4.0E-002 
 125        -94.0986390215 -1.0E-08  3.9E-03  9.5E-06  5.1E-05    8    4.0E-002 
 126        -94.0986390223 -7.4E-10  1.7E-05  1.1E-05  0.0E+00    8    2.4E-002 
 127        -94.0986390228 -4.8E-10  1.1E-05  6.0E-06  0.0E+00    8    2.4E-002 
 128        -94.0986390353 -1.3E-08  3.3E-03  6.0E-06  3.3E-05    8    4.1E-002 
 129        -94.0986390471 -1.2E-08  4.0E-03  3.0E-06  5.2E-06    8    4.0E-002 
 130        -94.0986390605 -1.3E-08  4.9E-03  6.8E-06  2.9E-05    8    4.1E-002 
 131        -94.0986390747 -1.4E-08  5.9E-03  1.3E-05  4.6E-05    8    4.5E-002 
 132        -94.0986390873 -1.3E-08  7.1E-03  1.6E-05  3.7E-05    8    4.1E-002 
 133        -94.0986390871  2.1E-10  1.9E-03  2.4E-05  0.0E+00    8    2.4E-002 
 133*       -94.0986390884 -1.0E-09  1.4E-03  2.4E-05  1.6E-05    8    3.9E-002 
 134        -94.0986390897 -1.3E-09  6.2E-04  1.3E-05  0.0E+00    8    2.4E-002 
 135        -94.0986390938 -4.1E-09  1.2E-03  8.2E-06  2.2E-04    8    4.0E-002 
 136        -94.0986390986 -4.8E-09  1.4E-03  5.9E-06  3.1E-04    8    3.9E-002 
 137        -94.0986391038 -5.3E-09  1.7E-03  6.1E-06  2.4E-04    8    4.0E-002 
 138        -94.0986391091 -5.2E-09  2.0E-03  4.0E-06  1.5E-04    8    4.0E-002 
 139        -94.0986391151 -6.0E-09  2.4E-03  2.9E-06  8.4E-05    8    4.1E-002 
 140        -94.0986391219 -6.8E-09  2.9E-03  2.8E-06  4.2E-05    8    4.1E-002 
 141        -94.0986391297 -7.7E-09  3.5E-03  2.8E-06  3.5E-05    8    4.1E-002 
 142        -94.0986391383 -8.7E-09  4.2E-03  4.4E-06  3.7E-05    8    4.1E-002 
 143        -94.0986391478 -9.5E-09  5.1E-03  7.3E-06  4.0E-05    8    4.2E-002 
 144        -94.0986391576 -9.8E-09  6.1E-03  1.2E-05  1.8E-05    8    4.4E-002 
 145        -94.0986391665 -8.8E-09  7.4E-03  1.9E-05  1.7E-05    8    4.2E-002 
 146        -94.0986391718 -5.3E-09  9.0E-03  2.9E-05  8.4E-06    8    4.2E-002 
 147        -94.0986391735 -1.7E-09  8.5E-03  4.2E-05  0.0E+00    8    2.4E-002 
 148        -94.0986391789 -5.4E-09  2.7E-03  4.1E-05  0.0E+00    8    2.4E-002 
 149        -94.0986391869 -8.1E-09  6.9E-03  2.5E-05  0.0E+00    8    2.4E-002 
 150        -94.0986391885 -1.5E-09  1.9E-05  1.4E-05  0.0E+00    8    2.4E-002 
 151        -94.0986392012 -1.3E-08  7.7E-03  1.3E-05  2.9E-05    8    4.2E-002 
 152        -94.0986392070 -5.8E-09  7.8E-03  1.5E-05  2.0E-05    8    4.1E-002 
 153        -94.0986392105 -3.5E-09  7.5E-03  2.2E-05  0.0E+00    8    2.4E-002 
 154        -94.0986392119 -1.4E-09  3.1E-04  2.5E-05  0.0E+00    8    2.4E-002 
 155        -94.0986392145 -2.6E-09  3.2E-03  7.4E-06  0.0E+00    8    2.4E-002 
 SCF solver: failed to solve ||X(shift)|| = trust_radius
 156        -94.0986392161 -1.6E-09  6.6E-03  5.0E-06  3.6E-06    8    6.1E-002 
 157        -94.0986392166 -5.5E-10  1.5E-03  1.1E-05  0.0E+00    8    2.4E-002 
 158        -94.0986392158  8.2E-10  5.6E-03  4.2E-06  1.5E-06    8    4.3E-002 
 158*       -94.0986392175 -8.5E-10  1.2E-03  4.2E-06  0.0E+00    8    2.4E-002 
 159        -94.0986392179 -3.8E-10  1.5E-03  3.5E-06  0.0E+00    8    2.4E-002 
 160        -94.0986392181 -2.6E-10  2.8E-03  3.1E-06  4.5E-06    8    4.2E-002 
 161        -94.0986392183 -1.3E-10  2.8E-03  3.2E-06  2.1E-06    8    4.4E-002 
 162        -94.0986392184 -1.8E-10  4.9E-04  3.3E-06  0.0E+00    8    2.4E-002 
 163        -94.0986392187 -3.0E-10  1.9E-03  2.5E-06  0.0E+00    8    2.4E-002 
 164        -94.0986392189 -2.1E-10  1.1E-03  2.4E-06  0.0E+00    8    2.4E-002 
 165        -94.0986392206 -1.7E-09  2.3E-03  3.3E-06  1.2E-05    8    4.2E-002 
 166        -94.0986392226 -2.0E-09  4.2E-04  4.6E-06  0.0E+00    8    2.4E-002 
 167        -94.0986392272 -4.6E-09  1.9E-03  5.1E-06  0.0E+00    8    2.4E-002 
 168        -94.0986392496 -2.2E-08  2.5E-03  1.3E-05  3.7E-05    8    4.0E-002 
 169        -94.0986392705 -2.1E-08  1.9E-03  1.5E-05  0.0E+00    8    2.4E-002 
 170        -94.0986393265 -5.6E-08  3.6E-03  2.0E-05  9.2E-05    8    4.0E-002 
 171        -94.0986394043 -7.8E-08  4.0E-03  2.1E-05  2.2E-04    8    3.9E-002 
 172        -94.0986394909 -8.7E-08  4.9E-03  2.7E-05  1.7E-04    8    4.0E-002 
 173        -94.0986395885 -9.8E-08  6.2E-03  2.4E-05  1.1E-04    8    4.0E-002 
 174        -94.0986397089 -1.2E-07  7.7E-03  3.2E-05  1.7E-04    8    3.9E-002 
 175        -94.0986398335 -1.2E-07  9.3E-03  3.4E-05  1.2E-04    8    3.9E-002 
 176        -94.0986399635 -1.3E-07  1.1E-02  2.3E-05  7.9E-05    8    4.1E-002 
 177        -94.0986400754 -1.1E-07  1.4E-02  5.0E-05  4.1E-06    8    4.1E-002 
 178        -94.0986401376 -6.2E-08  5.5E-03  9.3E-05  0.0E+00    8    2.4E-002 
 179        -94.0986402976 -1.6E-07  1.4E-02  3.4E-05  7.7E-05    8    4.0E-002 
 180        -94.0986404327 -1.4E-07  1.7E-02  3.5E-05  5.4E-05    8    4.0E-002 
 181        -94.0986404965 -6.4E-08  7.2E-03  1.1E-04  0.0E+00    8    2.4E-002 
 182        -94.0986405397 -4.3E-08  6.3E-03  5.2E-05  0.0E+00    8    2.4E-002 
 183        -94.0986405934 -5.4E-08  1.4E-02  2.5E-05  1.2E-05    8    4.2E-002 
 184        -94.0986406112 -1.8E-08  1.7E-02  6.0E-05  7.0E-05    8    4.3E-002 
 185        -94.0986406015  9.7E-09  1.7E-02  1.2E-04  7.0E-05    8    4.2E-002 
 185*       -94.0986406245 -1.3E-08  1.2E-02  1.2E-04  5.1E-05    8    4.0E-002 
 186        -94.0986406197  4.9E-09  1.2E-02  6.6E-05  1.0E-05    8    4.2E-002 
 186*       -94.0986406346 -1.0E-08  8.3E-03  6.6E-05  4.0E-05    8    4.0E-002 
 187        -94.0986406322  2.4E-09  8.2E-03  3.0E-05  3.4E-05    8    4.1E-002 
 187*       -94.0986406399 -5.3E-09  5.8E-03  3.0E-05  5.2E-05    8    3.9E-002 
 188        -94.0986406644 -2.4E-08  5.8E-03  2.4E-05  1.5E-04    8    3.9E-002 
 189        -94.0986406723 -7.9E-09  5.8E-03  2.4E-05  3.7E-05    8    4.1E-002 
 190        -94.0986406710  1.3E-09  5.8E-03  1.8E-05  2.2E-05    8    4.1E-002 
 190*       -94.0986406730 -7.3E-10  3.2E-03  1.8E-05  0.0E+00    8    2.4E-002 
 191        -94.0986406742 -1.2E-09  2.6E-03  6.9E-06  0.0E+00    8    2.4E-002 
 192        -94.0986406741  1.2E-10  3.7E-03  2.8E-06  0.0E+00    8    2.4E-002 
 192*       -94.0986406742 -1.1E-11  3.2E-03  2.8E-06  0.0E+00    8    2.4E-002 
 193        -94.0986406743 -9.7E-11  2.5E-04  2.7E-06  0.0E+00    8    2.4E-002 
 194        -94.0986406750 -6.4E-10  2.7E-03  2.1E-06  0.0E+00    8    2.4E-002 
 195        -94.0986406751 -1.1E-10  1.1E-04  3.8E-06  0.0E+00    8    2.4E-002 
 196        -94.0986406751  1.0E-11  7.3E-04  1.0E-06  0.0E+00    8    2.4E-002 
 196*       -94.0986406751 -1.8E-11  3.9E-04  1.0E-06  0.0E+00    8    2.4E-002 
 197        -94.0986406751 -2.5E-11  5.1E-04  7.2E-07  2.1E-06    8    4.2E-002 
 198        -94.0986406751 -1.2E-11  1.4E-04  5.6E-07  0.0E+00    8    2.4E-002 
 199        -94.0986406752 -1.2E-11  3.1E-05  5.6E-07  0.0E+00    8    2.4E-002 
 200        -94.0986406752 -1.1E-11  1.8E-05  3.9E-07  0.0E+00    8    2.4E-002 
 201        -94.0986406752 -8.8E-12  1.1E-04  4.8E-07  0.0E+00    8    2.4E-002 
 202        -94.0986406750  1.3E-10  2.5E-04  6.0E-07  3.1E-05    8    4.1E-002 
 202*       -94.0986406752 -2.6E-11  1.9E-04  6.0E-07  3.3E-06    8    4.1E-002 
 203        -94.0986406753 -1.1E-10  2.0E-04  3.9E-06  6.3E-06    8    4.2E-002 
 204        -94.0986406430  3.2E-08  2.4E-04  1.6E-06  2.0E-02    8    3.7E-002 
 204*       -94.0986406596  1.6E-08  1.6E-04  1.6E-06  1.5E-02    8    3.5E-002 
 204*       -94.0986406677  7.6E-09  1.1E-04  1.6E-06  1.7E-02    8    3.5E-002 
 204*       -94.0986406717  3.6E-09  7.3E-05  1.6E-06  2.0E-02    8    3.4E-002 
 204*       -94.0986406736  1.7E-09  4.9E-05  1.6E-06  2.5E-02    8    3.4E-002 
 204*       -94.0986406746  7.4E-10  3.3E-05  1.6E-06  3.1E-02    8    3.3E-002 
 204*       -94.0986406750  2.8E-10  2.2E-05  1.6E-06  4.0E-02    8    3.3E-002 
 204*       -94.0986406752  7.4E-11  1.4E-05  1.6E-06  5.4E-02    8    3.3E-002 
 204*       -94.0986406753 -1.5E-11  9.2E-06  1.6E-06  7.4E-02    8    3.2E-002 
 205        -94.0986406754 -8.1E-11  1.4E-05  2.7E-06  7.5E-03    8    3.5E-002 
 206        -94.0986406755 -5.7E-11  2.1E-05  1.1E-06  1.4E-02    8    3.4E-002 
 207        -94.0986406755 -6.2E-11  2.3E-05  1.1E-06  8.6E-03    8    3.5E-002 
 208        -94.0986406756 -7.0E-11  2.8E-05  5.5E-07  8.1E-03    8    3.6E-002 
 209        -94.0986406757 -7.3E-11  3.4E-05  5.6E-07  7.1E-03    8    3.6E-002 
 210        -94.0986406757 -7.7E-11  4.0E-05  5.2E-07  7.5E-03    8    3.6E-002 
 211        -94.0986406758 -1.1E-10  4.7E-05  9.7E-07  4.9E-03    8    3.6E-002 
 212        -94.0986406760 -1.1E-10  5.6E-05  5.4E-07  3.9E-03    8    3.6E-002 
 213        -94.0986406760 -7.2E-11  6.8E-05  7.8E-07  2.6E-03    8    3.7E-002 
 214        -94.0986406733  2.8E-09  5.5E-05  1.4E-06  2.5E-02    8    3.6E-002 
 214*       -94.0986406762 -1.4E-10  5.1E-05  1.4E-06  5.8E-03    8    3.4E-002 
 215        -94.0986406763 -1.5E-10  5.6E-05  1.7E-06  4.3E-03    8    3.6E-002 
 216        -94.0986406765 -1.5E-10  6.9E-05  5.0E-07  3.6E-03    8    3.6E-002 
 217        -94.0986406766 -1.8E-10  8.1E-05  4.6E-07  3.0E-03    8    3.6E-002 
 218        -94.0986406769 -2.0E-10  9.9E-05  3.7E-07  2.5E-03    8    3.7E-002 
 219        -94.0986406771 -2.4E-10  1.1E-04  6.7E-07  2.1E-03    8    3.8E-002 
 220        -94.0986406774 -3.2E-10  1.4E-04  1.4E-06  1.7E-03    8    3.7E-002 
 221        -94.0986406778 -3.6E-10  1.7E-04  4.8E-07  1.5E-03    8    3.7E-002 
 222        -94.0986406782 -4.3E-10  2.0E-04  4.4E-07  1.2E-03    8    3.7E-002 
 223        -94.0986406787 -5.1E-10  2.5E-04  4.7E-07  1.0E-03    8    3.8E-002 
 224        -94.0986406793 -6.1E-10  2.9E-04  4.4E-07  8.2E-04    8    3.8E-002 
 225        -94.0986406800 -7.3E-10  3.5E-04  4.4E-07  6.8E-04    8    3.8E-002 
 226        -94.0986406807 -6.9E-10  4.1E-04  4.1E-07  5.9E-04    8    3.8E-002 
 227        -94.0986406819 -1.2E-09  5.2E-04  2.1E-06  4.6E-04    8    3.9E-002 
 228        -94.0986406832 -1.2E-09  6.1E-04  4.3E-07  3.8E-04    8    3.9E-002 
 229        -94.0986406846 -1.4E-09  7.4E-04  4.8E-07  3.2E-04    8    3.9E-002 
 230        -94.0986406863 -1.7E-09  8.8E-04  4.8E-07  2.6E-04    8    4.0E-002 
 231        -94.0986406883 -2.0E-09  1.1E-03  4.4E-07  2.1E-04    8    4.0E-002 
 232        -94.0986406907 -2.3E-09  1.3E-03  6.3E-07  1.7E-04    8    3.9E-002 
 233        -94.0986406934 -2.7E-09  1.5E-03  8.6E-07  1.4E-04    8    4.0E-002 
 234        -94.0986406965 -3.1E-09  1.8E-03  9.7E-07  1.1E-04    8    4.0E-002 
 235        -94.0986407001 -3.6E-09  2.2E-03  1.4E-06  8.5E-05    8    4.0E-002 
 236        -94.0986407042 -4.0E-09  2.6E-03  2.0E-06  6.5E-05    8    4.0E-002 
 237        -94.0986407086 -4.4E-09  3.2E-03  2.8E-06  4.9E-05    8    4.1E-002 
 238        -94.0986407133 -4.7E-09  3.8E-03  4.1E-06  3.4E-05    8    4.1E-002 
 239        -94.0986407179 -4.6E-09  4.6E-03  5.3E-06  2.1E-05    8    4.2E-002 
 240        -94.0986407217 -3.8E-09  5.5E-03  8.1E-06  8.5E-06    8    4.1E-002 
 241        -94.0986407237 -2.0E-09  4.4E-03  1.3E-05  0.0E+00    8    2.4E-002 
 242        -94.0986407246 -9.6E-10  1.9E-03  9.7E-06  0.0E+00    8    2.4E-002 
 243        -94.0986407287 -4.0E-09  6.6E-03  7.8E-06  5.9E-06    8    4.2E-002 
 244        -94.0986407292 -5.1E-10  7.9E-03  6.4E-06  1.3E-06    8    4.3E-002 
 245        -94.0986407304 -1.2E-09  2.6E-03  2.2E-05  0.0E+00    8    2.4E-002 
 246        -94.0986407307 -3.4E-10  1.5E-03  5.3E-06  0.0E+00    8    2.4E-002 
 SCF solver: failed to solve ||X(shift)|| = trust_radius
 247        -94.0986407303  4.3E-10  5.6E-03  1.2E-06  7.2E-09    8    6.1E-002 
 247*       -94.0986407307  3.3E-11  3.9E-03  1.2E-06  5.8E-06    8    4.2E-002 
 SCF solver: failed to solve ||X(shift)|| = trust_radius
 247*       -94.0986407308 -8.5E-11  2.7E-03  1.2E-06  8.7E-06    8    5.7E-002 
 248        -94.0986407306  2.4E-10  2.7E-03  1.1E-06  3.9E-06    8    4.2E-002 
 248*       -94.0986407307  1.1E-10  1.9E-03  1.1E-06  5.3E-06    8    4.0E-002 
 248*       -94.0986407308  3.9E-11  1.3E-03  1.1E-06  9.7E-06    8    4.1E-002 
 248*       -94.0986407308  1.3E-12  9.3E-04  1.1E-06  1.6E-05    8    3.9E-002 
 248*       -94.0986407308 -2.1E-11  6.5E-04  1.1E-06  2.5E-05    8    4.0E-002 
 249        -94.0986407308  2.5E-11  6.5E-04  1.3E-06  2.3E-06    8    4.2E-002 
 249*       -94.0986407308  1.6E-12  4.4E-04  1.3E-06  0.0E+00    8    2.4E-002 
 249*       -94.0986407308 -8.2E-12  3.2E-04  1.3E-06  2.5E-06    8    4.0E-002 
 250        -94.0986407309 -4.0E-11  3.2E-04  1.0E-06  5.8E-06    8    4.3E-002 
 251        -94.0986407309 -3.2E-11  3.8E-04  9.3E-07  2.2E-05    8    4.2E-002 
 252        -94.0986407309 -2.1E-11  4.6E-04  3.0E-07  5.5E-06    8    4.2E-002 
 253        -94.0986407309 -1.1E-11  5.5E-04  1.7E-07  2.4E-06    8    4.3E-002 
 254        -94.0986407309 -1.0E-12  7.6E-05  2.2E-07  0.0E+00    8    2.4E-002 
 255        -94.0986407309 -1.1E-13  4.5E-05  1.1E-07  0.0E+00    8    2.4E-002 
 256        -94.0986407309 -2.1E-13  2.2E-07  1.5E-07  0.0E+00    8    2.4E-002 
 ------------------------------------------------------------------------------
 SCF converged
 Converged energy                        -94.098640730924    
 ------------------------------------------------------------------------------
 Ehomo(Alpha) [eV]                       -6.486415376068     
 Elumo(Alpha) [eV]                       1.207214464912      
 Ehomo(Beta) [eV]                        -8.880368408088     
 Elumo(Beta) [eV]                        0.673890272784      

 dipole moment (Debye)
        x              y              z       
     -3.027E-007     1.905E-007     2.465E-007

 traceless quadrupole moment (Debye*Angs)
                       x              y              z       
 x                   4.989E-005     1.536E-005    -1.320E-006
 y                   1.536E-005     7.268E-005    -1.562E-006
 z                  -1.320E-006    -1.562E-006    -1.226E-004

 ----------------------------------------------------------------------------
 Timings (seconds)
 * mean-field hamiltonian     6.5E+000
 * solver (setting up eqns)   1.1E-001
 * solver (energy estimate)   1.9E-001
 * solver (orthogonalization) 1.7E-002
 * solver (rotation matrix X) 3.5E+000
 * solver (exponential of X)  3.7E-002
 * solver (total)             3.8E+000
 * total SCF                  1.0E+001
 Atomic guess: RU, ../../../../basis-sets/bse/def2-svp.txt
 ---------------------------------------------------------
 E(HF) [a.u.]                            -9.4098640731E+001
 Tr(RhoAvg S), Cartesian AOs              1.6000000000E+001
 Tr(RhoAvg S), spherical AOs              1.6000000000E+001
 max|T RhoAvg T**T - RhoAvg_sao|                  1.33E-015
 max|c(RhoAvg) - c(Rho)|                          2.22E-016
 max|RhoAvg - Rho|                                3.58E-001
 Saved /mnt/storage_6/project_data/pl0415-03/marcin/beyond-rpa/guess/electron-densities/bse/def2-svp/ru.txt
 ----------------------------------------------------------------------------
                             SCF for RH (2S+1=4)                             
 ----------------------------------------------------------------------------
 NUMBER OF ATOMS                         1
 CHARGE                                  0
 Prescreening (pq|pq) integrals for the Cholesky decomposition
 Shell pairs will be sorted according to their max elements
 Max diagonal integral MaxDrs=2.2E+000
 Applying Eq. 15 in J. Chem. Phys. 150, 194112 (2019); doi: 10.1063/1.5083802
 Schwarz inequality: Dpq<min(10**(-8),Tau)**2/MaxDrs=4.5E-017
 Trace of exact Coulomb matrix: 3.5E+001
 Trace of discarded integrals: 0.0E+000
 Discarded 0 out of 66 shell pairs
 (0 out of 496 orbital pairs)

 Step 1 of Cholesky decomposition: locating pivots
 -------------------------------------------------
 Dimensions of the Coulomb matrix: (496,496)
 Threshold for diagonal matrix elements: Dpq > 1.0E-007
 Max number of Cholesky vectors: 465
 Rk storage block size: 500
 Max dimension of 2e integrals buffer: (496,496)

 ----------------------------------------------------------------------------
 #    Dmax        Memory (MB)    NPivots     %    Time        
 ----------------------------------------------------------------------------
 1    2.2E-002    3.8E+000       36          7    1.1E-002    
 2    2.2E-004    3.7E+000       159         43   1.5E-002    
 3    9.0E-007    2.9E+000       231         89   1.2E-002    
 4    9.7E-008    7.0E-001       248         100  4.3E-003    

 Step 1 of the Cholesky decomposition completed
 Computed 248 pivots
 Largest residual Dpq: 9.7E-008
 NCholesky/NAO = 8.0E+000
 Step 1 of Cholesky decomposition completed in 4.3E-002 seconds
 Detailed timings in seconds
 Subtract prev contribs I (M-R**T*R)     2.4E-003
 Subtract prev contribs II (Rk)          3.9E-003
 Two-electron integrals                  3.5E-002
 Reallocation                            6.7E-004

 Step 2 of Cholesky decomposition completed in 3.8E-003 seconds
 Detailed timings in seconds
 Reduced-dimension matrix V    3.0E-003
 V=L*L**T                      3.5E-004
 L**(-1)                       4.5E-004

 Full-dimension Cholesky vectors of the Coulomb matrix will be stored in memory
 Cholesky vectors computed in 5.8E-003 seconds

 ┌─────────────────────────────────────────┐
 │          Self-consistent field          │
 └─────────────────────────────────────────┘

 Atomic orbital basis set
 . . . . . . . . . . . . . . . . . . . . . . . . . . . . . . . . . . . . . . 
 atomic centers                               1
 shell parameter sets                         11
 spherical AOs                                31
 max angular momentum                         3
 parameter set                                ../../../../basis-sets/bse/def2-svp.txt
 . . . . . . . . . . . . . . . . . . . . . . . . . . . . . . . . . . . . . . 
 SCF guess: bare nuclei Hamiltonian
 Starting self-consistent field iterations (spin-unrestricted)
 Alpha electrons: 10
 Beta electrons: 7
 ----------------------------------------------------------------------------
 Exchange-correlation: Hartree-Fock
 ----------------------------------------------------------------------------
 Replicated-data parallel SCF
 ----------------------------
 Processes                               1
 Threads/process                         16
 Allocated 2.0E-004 GiB of scratch space for the KS matrix build
 ----------------------------------------------------------------------------
 Loaded pseudopotential parameters
 ----------------------------------------------------------------------------

 RHODIUM     
 Parameters file: ../../../../basis-sets/bse/def2-svp.txt
 ECP accounts for 28 core electrons

          Coeff         R^n       Exponent                                       

 Local part

        -30.09345572      2        12.31000000                                   
         -5.21848192      2         6.16000000                                   

 L = 0

        225.34775353      2        11.72000000                                   
         32.82318898      2         5.82000000                                   
         30.09345572      2        12.31000000                                   
          5.21848192      2         6.16000000                                   

 L = 1

        158.70941159      2        10.42000000                                   
         26.44410049      2         5.45000000                                   
         30.09345572      2        12.31000000                                   
          5.21848192      2         6.16000000                                   

 L = 2

         62.75862572      2         8.82000000                                   
         10.97871947      2         3.87000000                                   
         30.09345572      2        12.31000000                                   
          5.21848192      2         6.16000000                                   

 ----------------------------------------------------------------------------
 Spherical harmonic basis contains 31 vectors
 Linear independence thresh: Eig(S) > 1.0E-006
 Computations will be carried out in the space of 31 MOs
 Threshold for J, K: |Rho(r,s)*(pq|rs)|,|Rho(q,s)*(pq|rs)| > 1.0E-011
 Convergence conditions
 ----------------------
 RhoDiff < 1.0E-006
 OrbGrad < 1.0E-006
 Max number of macroiters: 1024
 ------------------------------------------------------------------------------
 #           Energy        EDiff    RhoDiff  OrbGrad  OrbShift NStored Time     
 ------------------------------------------------------------------------------
 0          -15.6337058510                                        0    4.5E-002 
 1         -107.4267569905           1.6E+01                      0    2.3E-002 
 2         -109.2029398631 -1.8E+00  5.8E+00  1.1E+00  1.5E+00    1    2.5E-002 
 3         -109.5925684687 -3.9E-01  1.9E+00  3.5E-01  6.1E-02    2    2.5E-002 
 4         -109.7027549912 -1.1E-01  2.2E-01  1.4E-01  0.0E+00    3    2.4E-002 
 5         -109.7057638500 -3.0E-03  1.4E-01  2.4E-02  0.0E+00    4    2.4E-002 
 6         -109.7075934519 -1.8E-03  5.0E-02  1.1E-02  0.0E+00    5    2.4E-002 
 7         -109.7128065419 -5.2E-03  1.5E-01  9.8E-03  0.0E+00    6    2.4E-002 
 8         -109.7141243051 -1.3E-03  5.4E-02  1.0E-02  0.0E+00    7    2.5E-002 
 9         -109.7154181740 -1.3E-03  5.9E-02  9.1E-03  0.0E+00    8    2.5E-002 
 10        -109.7164504461 -1.0E-03  5.9E-02  6.6E-03  0.0E+00    8    2.5E-002 
 11        -109.7168620342 -4.1E-04  5.6E-02  3.3E-03  0.0E+00    8    2.5E-002 
 12        -109.7168707154 -8.7E-06  2.3E-03  5.9E-04  0.0E+00    8    2.5E-002 
 13        -109.7168743923 -3.7E-06  2.4E-03  4.6E-04  0.0E+00    8    2.5E-002 
 14        -109.7168754540 -1.1E-06  1.7E-03  1.7E-04  0.0E+00    8    2.5E-002 
 15        -109.7168756127 -1.6E-07  5.8E-04  9.1E-05  0.0E+00    8    2.5E-002 
 16        -109.7168757293 -1.2E-07  4.0E-04  6.0E-05  0.0E+00    8    2.5E-002 
 17        -109.7168758474 -1.2E-07  7.4E-04  5.2E-05  0.0E+00    8    2.5E-002 
 18        -109.7168758528 -5.3E-09  1.0E-04  2.7E-05  0.0E+00    8    2.5E-002 
 19        -109.7168758534 -5.8E-10  2.4E-05  8.1E-06  0.0E+00    8    2.5E-002 
 20        -109.7168758534 -6.3E-11  8.8E-06  2.2E-06  0.0E+00    8    2.5E-002 
 21        -109.7168758535 -6.0E-11  9.6E-06  1.6E-06  0.0E+00    8    2.5E-002 
 22        -109.7168758539 -4.1E-10  6.7E-05  1.7E-06  0.0E+00    8    2.5E-002 
 23        -109.7168758579 -4.0E-09  7.9E-04  1.6E-06  3.1E-04    8    3.8E-002 
 24        -109.7168758633 -5.4E-09  9.5E-04  6.4E-06  2.0E-04    8    3.9E-002 
 25        -109.7168758723 -9.0E-09  1.1E-03  1.1E-05  1.0E-03    8    3.8E-002 
 26        -109.7168758825 -1.0E-08  1.4E-03  8.9E-06  1.0E-03    8    3.9E-002 
 27        -109.7168758941 -1.2E-08  1.7E-03  3.4E-06  9.0E-04    8    3.8E-002 
 28        -109.7168759077 -1.4E-08  2.0E-03  3.3E-06  7.5E-04    8    3.9E-002 
 29        -109.7168759242 -1.7E-08  2.4E-03  4.3E-06  6.5E-04    8    3.8E-002 
 30        -109.7168759448 -2.1E-08  2.9E-03  4.7E-06  5.4E-04    8    3.9E-002 
 31        -109.7168759696 -2.5E-08  3.5E-03  3.8E-06  4.7E-04    8    3.9E-002 
 32        -109.7168759992 -3.0E-08  4.2E-03  2.7E-06  4.1E-04    8    3.9E-002 
 33        -109.7168760338 -3.5E-08  5.1E-03  5.6E-06  3.2E-04    8    3.9E-002 
 34        -109.7168760757 -4.2E-08  6.2E-03  7.2E-06  2.4E-04    8    4.0E-002 
 35        -109.7168761261 -5.0E-08  7.5E-03  9.2E-06  2.0E-04    8    4.0E-002 
 36        -109.7168761868 -6.1E-08  9.1E-03  1.1E-05  1.8E-04    8    4.0E-002 
 37        -109.7168762606 -7.4E-08  1.1E-02  1.9E-05  1.5E-04    8    4.0E-002 
 38        -109.7168763509 -9.0E-08  1.3E-02  2.4E-05  1.3E-04    8    4.1E-002 
 39        -109.7168764542 -1.0E-07  1.6E-02  3.8E-05  9.5E-05    8    4.2E-002 
 40        -109.7168765771 -1.2E-07  2.0E-02  5.9E-05  6.4E-05    8    4.1E-002 
 41        -109.7168767204 -1.4E-07  2.4E-02  9.1E-05  4.4E-05    8    4.2E-002 
 42        -109.7168768782 -1.6E-07  2.9E-02  1.3E-04  2.8E-05    8    4.2E-002 
 43        -109.7168770336 -1.6E-07  3.6E-02  1.8E-04  4.4E-06    8    4.2E-002 
 44        -109.7168771690 -1.4E-07  1.4E-02  2.6E-04  0.0E+00    8    2.5E-002 
 45        -109.7168773524 -1.8E-07  3.6E-02  7.7E-05  7.5E-05    8    4.3E-002 
 46        -109.7168775725 -2.2E-07  3.6E-02  1.6E-04  4.9E-05    8    4.2E-002 
 47        -109.7168776353 -6.3E-08  1.5E-03  2.2E-04  0.0E+00    8    2.5E-002 
 48        -109.7168776482 -1.3E-08  4.2E-05  4.6E-05  0.0E+00    8    2.5E-002 
 49        -109.7168776567 -8.6E-09  3.6E-05  3.7E-05  0.0E+00    8    4.1E-002 
 50        -109.7168776315  2.5E-08  1.1E-02  3.5E-05  0.0E+00    8    2.5E-002 
 50*       -109.7168776512  5.5E-09  7.6E-03  3.5E-05  3.5E-05    8    3.9E-002 
 50*       -109.7168776656 -8.9E-09  5.3E-03  3.5E-05  5.9E-05    8    4.0E-002 
 51        -109.7168777017 -3.6E-08  5.3E-03  1.6E-05  4.7E-04    8    3.9E-002 
 52        -109.7168777421 -4.0E-08  6.3E-03  8.2E-06  4.6E-04    8    4.0E-002 
 53        -109.7168777888 -4.7E-08  7.6E-03  8.6E-06  3.2E-04    8    3.9E-002 
 54        -109.7168778442 -5.5E-08  9.1E-03  1.1E-05  1.3E-04    8    4.1E-002 
 55        -109.7168779101 -6.6E-08  1.1E-02  1.8E-05  1.1E-04    8    4.0E-002 
 56        -109.7168779889 -7.9E-08  1.3E-02  2.7E-05  1.7E-04    8    4.2E-002 
 57        -109.7168780795 -9.1E-08  1.5E-02  3.2E-05  1.4E-04    8    4.1E-002 
 58        -109.7168781833 -1.0E-07  1.8E-02  4.5E-05  2.4E-05    8    5.2E-002 
 59        -109.7168782851 -1.0E-07  1.8E-02  6.8E-05  0.0E+00    8    2.5E-002 
 60        -109.7168784263 -1.4E-07  2.5E-02  6.0E-05  7.4E-05    8    4.3E-002 
 61        -109.7168785754 -1.5E-07  2.8E-02  1.2E-04  4.6E-05    8    4.2E-002 
 62        -109.7168787154 -1.4E-07  3.2E-02  1.7E-04  4.5E-06    8    4.2E-002 
 63        -109.7168788050 -9.0E-08  9.9E-04  3.2E-04  0.0E+00    8    2.5E-002 
 64        -109.7168789196 -1.1E-07  3.0E-02  5.0E-05  4.7E-05    8    4.3E-002 
 65        -109.7168790446 -1.3E-07  2.7E-02  2.5E-04  5.0E-05    8    4.1E-002 
 66        -109.7168791479 -1.0E-07  2.9E-02  2.4E-04  6.7E-06    8    4.2E-002 
 67        -109.7168792475 -1.0E-07  3.1E-02  2.4E-04  9.3E-05    8    4.1E-002 
 68        -109.7168793211 -7.4E-08  2.6E-02  2.6E-04  0.0E+00    8    2.5E-002 
 69        -109.7168793719 -5.1E-08  3.3E-02  2.2E-04  2.7E-05    8    4.8E-002 
 70        -109.7168794626 -9.1E-08  3.4E-02  2.7E-04  1.4E-04    8    4.3E-002 
 71        -109.7168795669 -1.0E-07  3.5E-02  2.7E-04  2.5E-04    8    4.3E-002 
 72        -109.7168796286 -6.2E-08  3.6E-02  2.2E-04  1.3E-04    8    4.5E-002 
 73        -109.7168797944 -1.7E-07  5.1E-03  3.1E-04  0.0E+00    8    2.5E-002 
 74        -109.7168799233 -1.3E-07  1.5E-02  6.2E-05  0.0E+00    8    2.5E-002 
 75        -109.7168800071 -8.4E-08  1.4E-02  3.6E-05  0.0E+00    8    2.5E-002 
 76        -109.7168800205 -1.3E-08  2.4E-03  4.4E-05  0.0E+00    8    2.5E-002 
 77        -109.7168800278 -7.2E-09  2.8E-03  1.6E-05  0.0E+00    8    2.5E-002 
 78        -109.7168800307 -2.9E-09  1.9E-03  5.4E-06  0.0E+00    8    2.5E-002 
 79        -109.7168800369 -6.2E-09  4.7E-03  4.3E-06  0.0E+00    8    2.5E-002 
 80        -109.7168800443 -7.4E-09  7.1E-03  6.1E-06  0.0E+00    8    2.5E-002 
 81        -109.7168800536 -9.3E-09  1.3E-02  1.3E-05  2.5E-05    8    4.2E-002 
 82        -109.7168800586 -5.1E-09  1.2E-02  3.2E-05  1.0E-05    8    4.3E-002 
 83        -109.7168800629 -4.3E-09  5.0E-03  4.1E-05  0.0E+00    8    2.5E-002 
 84        -109.7168800710 -8.1E-09  1.5E-03  1.3E-05  0.0E+00    8    2.5E-002 
 85        -109.7168800812 -1.0E-08  8.7E-03  1.3E-05  2.0E-05    8    4.2E-002 
 86        -109.7168800898 -8.7E-09  1.0E-02  1.4E-05  5.2E-07    8    4.3E-002 
 87        -109.7168800932 -3.3E-09  9.2E-04  3.6E-05  0.0E+00    8    2.5E-002 
 88        -109.7168801023 -9.1E-09  1.0E-02  6.2E-06  2.2E-05    8    4.3E-002 
 89        -109.7168801121 -9.8E-09  1.2E-02  1.2E-05  3.7E-05    8    4.2E-002 
 90        -109.7168801202 -8.1E-09  1.2E-02  2.7E-05  1.5E-05    8    4.2E-002 
 91        -109.7168801263 -6.0E-09  8.2E-03  3.0E-05  0.0E+00    8    2.5E-002 
 92        -109.7168801306 -4.3E-09  7.5E-03  1.9E-05  0.0E+00    8    2.5E-002 
 SCF solver: failed to solve ||X(shift)|| = trust_radius
 93        -109.7168801341 -3.5E-09  1.4E-02  1.3E-05  1.3E-06    8    6.2E-002 
 94        -109.7168801354 -1.3E-09  3.4E-03  5.0E-05  0.0E+00    8    2.5E-002 
 SCF solver: failed to solve ||X(shift)|| = trust_radius
 95        -109.7168801378 -2.4E-09  1.4E-02  5.4E-06  1.4E-06    8    6.2E-002 
 SCF solver: failed to solve ||X(shift)|| = trust_radius
 96        -109.7168801394 -1.6E-09  1.4E-02  4.0E-05  1.4E-05    8    6.2E-002 
 97        -109.7168801380  1.4E-09  1.4E-02  4.2E-05  2.1E-05    8    4.3E-002 
 97*       -109.7168801409 -1.5E-09  9.5E-03  4.2E-05  3.6E-05    8    4.1E-002 
 98        -109.7168801398  1.1E-09  9.4E-03  2.2E-05  2.5E-05    8    4.2E-002 
 98*       -109.7168801409  4.3E-11  6.6E-03  2.2E-05  1.3E-05    8    4.2E-002 
 98*       -109.7168801414 -4.7E-10  4.6E-03  2.2E-05  2.3E-05    8    4.0E-002 
 99        -109.7168801419 -4.9E-10  2.0E-04  5.3E-06  0.0E+00    8    2.5E-002 
 100       -109.7168801431 -1.2E-09  3.9E-03  5.4E-06  6.0E-06    8    4.5E-002 
 101       -109.7168801435 -4.3E-10  4.6E-03  4.2E-06  7.7E-06    8    4.9E-002 
 102       -109.7168801439 -3.5E-10  4.6E-03  6.5E-06  1.3E-05    8    4.7E-002 
 103       -109.7168801445 -6.9E-10  4.6E-03  7.1E-06  2.7E-05    8    4.2E-002 
 104       -109.7168801463 -1.8E-09  2.6E-03  1.1E-05  0.0E+00    8    2.5E-002 
 105       -109.7168801490 -2.7E-09  5.5E-03  6.0E-06  3.1E-05    8    4.2E-002 
 106       -109.7168801536 -4.6E-09  5.5E-03  8.9E-06  1.9E-05    8    4.3E-002 
 107       -109.7168801618 -8.2E-09  6.6E-03  1.7E-05  3.0E-05    8    4.2E-002 
 108       -109.7168801872 -2.5E-08  7.6E-03  2.1E-05  1.2E-04    8    4.1E-002 
 109       -109.7168802402 -5.3E-08  6.9E-03  2.0E-05  1.6E-04    8    4.0E-002 
 110       -109.7168803379 -9.8E-08  8.1E-03  1.7E-05  9.9E-05    8    4.0E-002 
 111       -109.7168804836 -1.5E-07  9.5E-03  2.5E-05  6.8E-05    8    4.0E-002 
 112       -109.7168807567 -2.7E-07  1.1E-02  4.5E-05  1.9E-04    8    4.0E-002 
 113       -109.7168811369 -3.8E-07  1.2E-02  4.0E-05  2.3E-04    8    4.0E-002 
 114       -109.7168815325 -4.0E-07  1.5E-02  5.6E-05  1.1E-04    8    4.0E-002 
 115       -109.7168818272 -2.9E-07  1.1E-02  1.3E-04  0.0E+00    8    2.5E-002 
 116       -109.7168822885 -4.6E-07  2.1E-02  1.1E-04  3.4E-05    8    4.1E-002 
 117       -109.7168825339 -2.5E-07  2.6E-02  2.0E-04  3.4E-05    8    4.2E-002 
 118       -109.7168827467 -2.1E-07  5.4E-03  3.9E-04  0.0E+00    8    2.5E-002 
 119       -109.7168833625 -6.2E-07  2.3E-02  9.1E-05  2.0E-04    8    4.1E-002 
 120       -109.7168845998 -1.2E-06  2.3E-02  1.1E-04  1.0E-04    8    4.0E-002 
 121       -109.7168853206 -7.2E-07  2.1E-02  1.9E-04  0.0E+00    8    2.5E-002 
 122       -109.7168861508 -8.3E-07  3.7E-02  2.2E-04  1.3E-05    8    4.1E-002 
 123       -109.7168871407 -9.9E-07  4.6E-02  4.7E-04  1.8E-04    8    4.0E-002 
 124       -109.7168883587 -1.2E-06  4.8E-02  5.7E-04  4.9E-05    8    4.5E-002 
 125       -109.7168880942  2.6E-07  3.7E-02  7.5E-04  0.0E+00    8    2.5E-002 
 125*      -109.7168889966 -6.4E-07  1.4E-02  7.5E-04  0.0E+00    8    2.5E-002 
 126       -109.7168900586 -1.1E-06  3.1E-02  1.2E-04  1.5E-04    8    4.1E-002 
 127       -109.7168909601 -9.0E-07  3.9E-02  2.4E-04  9.2E-05    8    4.0E-002 
 128       -109.7168915823 -6.2E-07  1.4E-02  4.5E-04  0.0E+00    8    2.5E-002 
 129       -109.7168925935 -1.0E-06  4.0E-02  1.2E-04  4.7E-05    8    4.0E-002 
 130       -109.7168936635 -1.1E-06  4.7E-02  3.0E-04  2.0E-05    8    4.0E-002 
 131       -109.7168946374 -9.7E-07  5.5E-02  6.3E-04  9.2E-05    8    4.1E-002 
 132       -109.7168955682 -9.3E-07  5.1E-02  9.8E-04  1.9E-04    8    4.0E-002 
 133       -109.7168961096 -5.4E-07  4.8E-02  9.8E-04  1.6E-04    8    4.0E-002 
 134       -109.7168964490 -3.4E-07  5.0E-02  8.9E-04  1.4E-04    8    4.0E-002 
 135       -109.7168968487 -4.0E-07  5.0E-02  8.8E-04  6.0E-05    8    4.0E-002 
 136       -109.7168972403 -3.9E-07  4.9E-02  9.7E-04  1.6E-04    8    4.0E-002 
 137       -109.7168979955 -7.6E-07  1.9E-02  9.0E-04  0.0E+00    8    2.5E-002 
 138       -109.7168978846  1.1E-07  3.1E-02  2.4E-04  0.0E+00    8    2.5E-002 
 138*      -109.7168979395  5.6E-08  2.8E-02  2.4E-04  1.5E-06    8    3.8E-002 
 138*      -109.7168981072 -1.1E-07  2.0E-02  2.4E-04  9.4E-05    8    3.9E-002 
 139       -109.7168982450 -1.4E-07  4.0E-03  7.5E-05  0.0E+00    8    2.5E-002 
 140       -109.7168983896 -1.4E-07  7.2E-03  4.5E-05  0.0E+00    8    2.5E-002 
 141       -109.7168984839 -9.4E-08  1.4E-02  2.4E-05  0.0E+00    8    2.5E-002 
 142       -109.7168985451 -6.1E-08  9.5E-03  6.5E-05  0.0E+00    8    2.5E-002 
 143       -109.7168985516 -6.5E-09  4.9E-05  2.1E-05  0.0E+00    8    4.3E-002 
 144       -109.7168985548 -3.1E-09  3.7E-05  1.3E-05  0.0E+00    8    4.4E-002 
 145       -109.7168986031 -4.8E-08  1.4E-02  9.1E-06  0.0E+00    8    2.5E-002 
 146       -109.7168986168 -1.4E-08  3.4E-03  7.9E-05  0.0E+00    8    2.5E-002 
 147       -109.7168986317 -1.5E-08  1.4E-02  1.9E-05  9.9E-06    8    5.1E-002 
 148       -109.7168986234  8.3E-09  1.5E-02  5.8E-05  1.9E-05    8    4.2E-002 
 148*      -109.7168986347 -3.1E-09  1.0E-02  5.8E-05  6.0E-05    8    5.3E-002 
 149       -109.7168986223  1.2E-08  1.0E-02  2.4E-05  2.6E-05    8    4.1E-002 
 149*      -109.7168986292  5.6E-09  7.1E-03  2.4E-05  4.9E-05    8    3.9E-002 
 149*      -109.7168986330  1.7E-09  5.0E-03  2.4E-05  7.7E-05    8    3.9E-002 
 149*      -109.7168986351 -3.9E-10  3.5E-03  2.4E-05  1.2E-04    8    3.9E-002 
 150       -109.7168986395 -4.3E-09  3.5E-03  8.0E-06  5.9E-05    8    4.0E-002 
 151       -109.7168986417 -2.2E-09  4.2E-03  8.1E-06  5.2E-05    8    4.2E-002 
 152       -109.7168986426 -8.9E-10  3.6E-03  8.3E-06  0.0E+00    8    2.5E-002 
 153       -109.7168986446 -2.0E-09  4.2E-03  8.1E-06  4.8E-05    8    4.1E-002 
 154       -109.7168986432  1.4E-09  4.2E-03  5.4E-06  3.3E-05    8    4.2E-002 
 154*      -109.7168986442  3.9E-10  2.9E-03  5.4E-06  4.3E-05    8    3.9E-002 
 154*      -109.7168986447 -1.7E-10  2.1E-03  5.4E-06  6.4E-05    8    3.9E-002 
 155       -109.7168986457 -9.6E-10  2.0E-03  2.2E-06  7.7E-05    8    4.1E-002 
 156       -109.7168986463 -6.5E-10  2.0E-03  3.3E-06  3.9E-05    8    4.2E-002 
 157       -109.7168986461  1.9E-10  2.0E-03  2.7E-06  2.7E-05    8    4.2E-002 
 157*      -109.7168986463 -3.0E-12  1.4E-03  2.7E-06  4.5E-05    8    3.9E-002 
 158       -109.7168986459  4.5E-10  1.4E-03  1.7E-06  2.3E-05    8    4.1E-002 
 158*      -109.7168986463  3.0E-11  4.1E-04  1.7E-06  0.0E+00    8    2.5E-002 
 158*      -109.7168986463 -1.1E-11  2.9E-04  1.7E-06  7.7E-06    8    4.0E-002 
 159       -109.7168986465 -1.7E-10  2.9E-04  1.3E-06  2.8E-04    8    4.0E-002 
 160       -109.7168986468 -2.4E-10  3.5E-04  1.5E-06  5.0E-04    8    4.0E-002 
 161       -109.7168986470 -2.8E-10  3.4E-04  1.5E-06  2.9E-04    8    4.0E-002 
 162       -109.7168986471 -3.4E-11  4.3E-04  1.4E-06  1.5E-05    8    4.3E-002 
 163       -109.7168986472 -1.0E-10  4.3E-04  1.9E-06  2.2E-04    8    4.1E-002 
 164       -109.7168986478 -6.1E-10  3.7E-04  2.7E-06  3.0E-04    8    3.9E-002 
 165       -109.7168986497 -1.9E-09  4.7E-04  4.1E-06  2.8E-04    8    4.0E-002 
 166       -109.7168986524 -2.7E-09  6.1E-04  4.1E-06  1.0E-03    8    3.9E-002 
 167       -109.7168986569 -4.5E-09  5.6E-04  5.0E-06  1.0E-03    8    3.9E-002 
 168       -109.7168986627 -5.8E-09  9.1E-04  4.9E-06  9.3E-04    8    3.9E-002 
 169       -109.7168986692 -6.5E-09  1.1E-03  3.4E-06  8.2E-04    8    3.9E-002 
 170       -109.7168986771 -7.8E-09  1.3E-03  2.4E-06  6.4E-04    8    3.9E-002 
 171       -109.7168986858 -8.8E-09  1.4E-03  2.4E-06  5.0E-04    8    4.0E-002 
 172       -109.7168986961 -1.0E-08  1.8E-03  2.2E-06  4.0E-04    8    3.9E-002 
 173       -109.7168987077 -1.2E-08  2.3E-03  1.7E-06  3.2E-04    8    4.0E-002 
 174       -109.7168987205 -1.3E-08  2.7E-03  3.6E-06  2.4E-04    8    4.0E-002 
 175       -109.7168987339 -1.3E-08  3.3E-03  3.3E-06  1.7E-04    8    4.1E-002 
 176       -109.7168987475 -1.4E-08  3.9E-03  4.1E-06  1.1E-04    8    4.0E-002 
 177       -109.7168987603 -1.3E-08  4.8E-03  6.3E-06  6.3E-05    8    4.1E-002 
 178       -109.7168987713 -1.1E-08  5.8E-03  8.9E-06  2.2E-05    8    4.2E-002 
 179       -109.7168987802 -8.9E-09  7.0E-03  1.4E-05  7.4E-06    8    4.2E-002 
 180       -109.7168987827 -2.5E-09  3.8E-03  1.8E-05  0.0E+00    8    2.5E-002 
 181       -109.7168987834 -6.7E-10  3.9E-04  7.3E-06  0.0E+00    8    2.5E-002 
 182       -109.7168987838 -4.7E-10  1.2E-03  3.3E-06  0.0E+00    8    2.5E-002 
 183       -109.7168987840 -1.8E-10  4.5E-04  2.2E-06  0.0E+00    8    2.5E-002 
 184       -109.7168987841 -8.6E-11  5.4E-04  1.1E-06  0.0E+00    8    2.5E-002 
 185       -109.7168987841 -3.4E-11  4.8E-05  1.1E-06  0.0E+00    8    2.5E-002 
 186       -109.7168987842 -7.5E-11  2.1E-04  1.1E-06  0.0E+00    8    2.5E-002 
 187       -109.7168987842 -1.3E-11  5.6E-05  9.6E-07  0.0E+00    8    2.5E-002 
 188       -109.7168987842  1.5E-11  1.3E-04  6.3E-07  0.0E+00    8    2.5E-002 
 188*      -109.7168987842 -1.9E-11  6.1E-05  6.3E-07  0.0E+00    8    2.5E-002 
 189       -109.7168987843 -2.7E-11  1.1E-04  1.0E-06  2.4E-05    8    4.2E-002 
 190       -109.7168987843 -5.5E-11  1.3E-04  1.0E-06  2.9E-04    8    4.0E-002 
 191       -109.7168987844 -5.6E-11  1.3E-04  3.2E-06  2.7E-04    8    4.0E-002 
 192       -109.7168987844 -2.6E-12  1.6E-04  1.7E-06  2.2E-04    8    4.0E-002 
 193       -109.7168987844 -7.2E-11  1.4E-04  1.8E-06  1.5E-05    8    4.1E-002 
 194       -109.7168987845 -8.8E-11  1.9E-04  1.1E-06  3.2E-04    8    4.0E-002 
 195       -109.7168987844  1.4E-10  2.0E-04  2.4E-06  3.2E-05    8    4.1E-002 
 195*      -109.7168987846 -8.0E-11  1.3E-04  2.4E-06  3.5E-04    8    3.8E-002 
 196       -109.7168987847 -6.1E-11  1.6E-04  9.2E-07  2.6E-04    8    4.0E-002 
 197       -109.7168987847 -6.3E-11  1.8E-04  5.8E-07  1.8E-04    8    4.1E-002 
 198       -109.7168987848 -7.0E-11  2.2E-04  5.0E-07  1.5E-04    8    4.0E-002 
 199       -109.7168987849 -6.8E-11  2.7E-04  3.3E-07  1.2E-04    8    4.2E-002 
 200       -109.7168987849 -6.9E-11  3.2E-04  3.2E-07  8.4E-05    8    4.1E-002 
 201       -109.7168987850 -6.4E-11  3.9E-04  4.2E-07  5.4E-05    8    4.1E-002 
 202       -109.7168987851 -5.2E-11  4.7E-04  3.4E-07  2.2E-05    8    4.2E-002 
 203       -109.7168987851 -3.0E-11  5.6E-04  5.9E-07  2.5E-07    8    4.3E-002 
 204       -109.7168987851 -3.2E-12  7.6E-05  2.4E-07  0.0E+00    8    2.5E-002 
 205       -109.7168987851 -7.7E-13  2.5E-07  1.9E-07  0.0E+00    8    2.5E-002 
 ------------------------------------------------------------------------------
 SCF converged
 Converged energy                        -109.716898785098   
 ------------------------------------------------------------------------------
 Ehomo(Alpha) [eV]                       -6.446156218491     
 Elumo(Alpha) [eV]                       1.218073020936      
 Ehomo(Beta) [eV]                        -10.585520472911    
 Elumo(Beta) [eV]                        0.527039706894      

 dipole moment (Debye)
        x              y              z       
      5.742E-006    -7.987E-007     1.537E-006

 traceless quadrupole moment (Debye*Angs)
                       x              y              z       
 x                  -1.034E-004    -1.100E-004     8.227E-007
 y                  -1.100E-004    -1.023E-004    -2.804E-006
 z                   8.227E-007    -2.804E-006     2.056E-004

 ----------------------------------------------------------------------------
 Timings (seconds)
 * mean-field hamiltonian     5.1E+000
 * solver (setting up eqns)   8.2E-002
 * solver (energy estimate)   1.4E-001
 * solver (orthogonalization) 1.3E-002
 * solver (rotation matrix X) 2.7E+000
 * solver (exponential of X)  2.8E-002
 * solver (total)             3.0E+000
 * total SCF                  8.1E+000
 Atomic guess: RH, ../../../../basis-sets/bse/def2-svp.txt
 ---------------------------------------------------------
 E(HF) [a.u.]                            -1.0971689879E+002
 Tr(RhoAvg S), Cartesian AOs              1.7000000000E+001
 Tr(RhoAvg S), spherical AOs              1.7000000000E+001
 max|T RhoAvg T**T - RhoAvg_sao|                  1.78E-015
 max|c(RhoAvg) - c(Rho)|                          2.22E-016
 max|RhoAvg - Rho|                                4.09E-001
 Saved /mnt/storage_6/project_data/pl0415-03/marcin/beyond-rpa/guess/electron-densities/bse/def2-svp/rh.txt
 ----------------------------------------------------------------------------
                                  SCF for PD                                 
 ----------------------------------------------------------------------------
 NUMBER OF ATOMS                         1
 CHARGE                                  0
 Prescreening (pq|pq) integrals for the Cholesky decomposition
 Shell pairs will be sorted according to their max elements
 Max diagonal integral MaxDrs=2.3E+000
 Applying Eq. 15 in J. Chem. Phys. 150, 194112 (2019); doi: 10.1063/1.5083802
 Schwarz inequality: Dpq<min(10**(-8),Tau)**2/MaxDrs=4.3E-017
 Trace of exact Coulomb matrix: 3.6E+001
 Trace of discarded integrals: 0.0E+000
 Discarded 0 out of 66 shell pairs
 (0 out of 496 orbital pairs)

 Step 1 of Cholesky decomposition: locating pivots
 -------------------------------------------------
 Dimensions of the Coulomb matrix: (496,496)
 Threshold for diagonal matrix elements: Dpq > 1.0E-007
 Max number of Cholesky vectors: 465
 Rk storage block size: 500
 Max dimension of 2e integrals buffer: (496,496)

 ----------------------------------------------------------------------------
 #    Dmax        Memory (MB)    NPivots     %    Time        
 ----------------------------------------------------------------------------
 1    2.3E-002    3.8E+000       43          9    1.8E-002    
 2    2.2E-004    3.6E+000       166         46   1.6E-002    
 3    1.8E-006    2.7E+000       229         89   8.9E-003    
 4    8.0E-008    7.7E-001       248         100  4.3E-003    

 Step 1 of the Cholesky decomposition completed
 Computed 248 pivots
 Largest residual Dpq: 8.0E-008
 NCholesky/NAO = 8.0E+000
 Step 1 of Cholesky decomposition completed in 4.8E-002 seconds
 Detailed timings in seconds
 Subtract prev contribs I (M-R**T*R)     2.2E-003
 Subtract prev contribs II (Rk)          3.4E-003
 Two-electron integrals                  4.0E-002
 Reallocation                            1.1E-003

 Step 2 of Cholesky decomposition completed in 4.5E-003 seconds
 Detailed timings in seconds
 Reduced-dimension matrix V    3.7E-003
 V=L*L**T                      3.6E-004
 L**(-1)                       4.5E-004

 Full-dimension Cholesky vectors of the Coulomb matrix will be stored in memory
 Cholesky vectors computed in 5.8E-003 seconds

 ┌─────────────────────────────────────────┐
 │          Self-consistent field          │
 └─────────────────────────────────────────┘

 Atomic orbital basis set
 . . . . . . . . . . . . . . . . . . . . . . . . . . . . . . . . . . . . . . 
 atomic centers                               1
 shell parameter sets                         11
 spherical AOs                                31
 max angular momentum                         3
 parameter set                                ../../../../basis-sets/bse/def2-svp.txt
 . . . . . . . . . . . . . . . . . . . . . . . . . . . . . . . . . . . . . . 
 SCF guess: bare nuclei Hamiltonian
 Starting self-consistent field iterations (spin-restricted singlet)
 Alpha+beta electrons: 18
 ----------------------------------------------------------------------------
 Exchange-correlation: Hartree-Fock
 ----------------------------------------------------------------------------
 Replicated-data parallel SCF
 ----------------------------
 Processes                               1
 Threads/process                         16
 Allocated 1.1E-004 GiB of scratch space for the KS matrix build
 ----------------------------------------------------------------------------
 Loaded pseudopotential parameters
 ----------------------------------------------------------------------------

 PALLADIUM   
 Parameters file: ../../../../basis-sets/bse/def2-svp.txt
 ECP accounts for 28 core electrons

          Coeff         R^n       Exponent                                       

 Local part

        -31.92955431      2        13.27000000                                   
         -5.39821694      2         6.63000000                                   

 L = 0

        240.22904033      2        12.43000000                                   
         35.17194347      2         6.17075940                                   
         31.92955431      2        13.27000000                                   
          5.39821694      2         6.63000000                                   

 L = 1

        170.41727605      2        11.08000000                                   
         28.47213287      2         5.82955410                                   
         31.92955431      2        13.27000000                                   
          5.39821694      2         6.63000000                                   

 L = 2

         69.01384488      2         9.51000000                                   
         11.75086158      2         4.13978110                                   
         31.92955431      2        13.27000000                                   
          5.39821694      2         6.63000000                                   

 ----------------------------------------------------------------------------
 Spherical harmonic basis contains 31 vectors
 Linear independence thresh: Eig(S) > 1.0E-006
 Computations will be carried out in the space of 31 MOs
 Threshold for J, K: |Rho(r,s)*(pq|rs)|,|Rho(q,s)*(pq|rs)| > 1.0E-011
 Convergence conditions
 ----------------------
 RhoDiff < 1.0E-006
 OrbGrad < 1.0E-006
 Max number of macroiters: 1024
 ------------------------------------------------------------------------------
 #           Energy        EDiff    RhoDiff  OrbGrad  OrbShift NStored Time     
 ------------------------------------------------------------------------------
 0          -27.5416574317                                        0    3.3E-002 
 1         -124.8132808953           3.1E+01                      0    1.2E-002 
 2         -126.8166249315 -2.0E+00  1.7E+00  6.8E-01  4.6E-01    1    1.2E-002 
 3         -126.9095293553 -9.3E-02  4.1E-01  2.0E-01  0.0E+00    2    1.2E-002 
 4         -126.9982309892 -8.9E-02  1.8E-01  1.1E-01  0.0E+00    3    1.2E-002 
 5         -127.0002309490 -2.0E-03  2.8E-02  1.8E-02  0.0E+00    4    1.2E-002 
 6         -127.0003274203 -9.6E-05  1.3E-02  1.8E-03  0.0E+00    5    1.2E-002 
 7         -127.0003505130 -2.3E-05  1.2E-02  9.1E-04  0.0E+00    6    1.3E-002 
 8         -127.0003506777 -1.6E-07  8.6E-04  9.6E-05  0.0E+00    7    1.3E-002 
 9         -127.0003506847 -7.0E-09  1.5E-04  3.1E-05  0.0E+00    8    1.3E-002 
 10        -127.0003506850 -3.2E-10  1.8E-05  4.5E-06  0.0E+00    8    1.3E-002 
 11        -127.0003506854 -4.1E-10  3.5E-05  3.3E-06  0.0E+00    8    1.3E-002 
 12        -127.0003506855 -2.8E-11  1.2E-05  1.9E-06  0.0E+00    8    1.3E-002 
 13        -127.0003506855 -1.5E-12  2.7E-06  4.7E-07  0.0E+00    8    1.3E-002 
 14        -127.0003506855 -2.1E-13  6.3E-07  1.0E-07  0.0E+00    8    1.3E-002 
 ------------------------------------------------------------------------------
 SCF converged
 Converged energy                        -127.000350685458   
 ------------------------------------------------------------------------------
 Ehomo [eV]                              -8.747324644112     
 Elumo [eV]                              0.793700162700      

 dipole moment (Debye)
        x              y              z       
      2.216E-015     3.345E-015     2.425E-015

 traceless quadrupole moment (Debye*Angs)
                       x              y              z       
 x                  -3.227E-007    -1.439E-007     7.147E-007
 y                  -1.439E-007    -7.674E-008     6.034E-008
 z                   7.147E-007     6.034E-008     3.995E-007

 ----------------------------------------------------------------------------
 Timings (seconds)
 * mean-field hamiltonian     1.8E-001
 * solver (setting up eqns)   2.4E-003
 * solver (energy estimate)   2.9E-003
 * solver (orthogonalization) 4.0E-004
 * solver (rotation matrix X) 3.9E-003
 * solver (exponential of X)  9.1E-004
 * solver (total)             1.1E-002
 * total SCF                  2.1E-001
 Atomic guess: PD, ../../../../basis-sets/bse/def2-svp.txt
 ---------------------------------------------------------
 E(HF) [a.u.]                            -1.2700035069E+002
 Tr(RhoAvg S), Cartesian AOs              1.8000000000E+001
 Tr(RhoAvg S), spherical AOs              1.8000000000E+001
 max|T RhoAvg T**T - RhoAvg_sao|                  2.22E-015
 max|c(RhoAvg) - c(Rho)|                          4.44E-016
 max|RhoAvg - Rho|                                2.86E-007
 Saved /mnt/storage_6/project_data/pl0415-03/marcin/beyond-rpa/guess/electron-densities/bse/def2-svp/pd.txt
 ----------------------------------------------------------------------------
                             SCF for AG (2S+1=2)                             
 ----------------------------------------------------------------------------
 NUMBER OF ATOMS                         1
 CHARGE                                  0
 Prescreening (pq|pq) integrals for the Cholesky decomposition
 Shell pairs will be sorted according to their max elements
 Max diagonal integral MaxDrs=2.4E+000
 Applying Eq. 15 in J. Chem. Phys. 150, 194112 (2019); doi: 10.1063/1.5083802
 Schwarz inequality: Dpq<min(10**(-8),Tau)**2/MaxDrs=4.2E-017
 Trace of exact Coulomb matrix: 3.8E+001
 Trace of discarded integrals: 0.0E+000
 Discarded 0 out of 66 shell pairs
 (0 out of 496 orbital pairs)

 Step 1 of Cholesky decomposition: locating pivots
 -------------------------------------------------
 Dimensions of the Coulomb matrix: (496,496)
 Threshold for diagonal matrix elements: Dpq > 1.0E-007
 Max number of Cholesky vectors: 465
 Rk storage block size: 500
 Max dimension of 2e integrals buffer: (496,496)

 ----------------------------------------------------------------------------
 #    Dmax        Memory (MB)    NPivots     %    Time        
 ----------------------------------------------------------------------------
 1    2.4E-002    3.8E+000       43          9    7.9E-003    
 2    2.2E-004    3.6E+000       164         42   1.6E-002    
 3    1.8E-006    2.8E+000       228         87   1.0E-002    
 4    9.7E-008    9.2E-001       247         100  3.8E-003    

 Step 1 of the Cholesky decomposition completed
 Computed 247 pivots
 Largest residual Dpq: 9.7E-008
 NCholesky/NAO = 8.0E+000
 Step 1 of Cholesky decomposition completed in 3.9E-002 seconds
 Detailed timings in seconds
 Subtract prev contribs I (M-R**T*R)     5.4E-003
 Subtract prev contribs II (Rk)          3.4E-003
 Two-electron integrals                  2.8E-002
 Reallocation                            8.3E-004

 Step 2 of Cholesky decomposition completed in 3.7E-003 seconds
 Detailed timings in seconds
 Reduced-dimension matrix V    2.6E-003
 V=L*L**T                      4.6E-004
 L**(-1)                       6.1E-004

 Full-dimension Cholesky vectors of the Coulomb matrix will be stored in memory
 Cholesky vectors computed in 6.1E-003 seconds

 ┌─────────────────────────────────────────┐
 │          Self-consistent field          │
 └─────────────────────────────────────────┘

 Atomic orbital basis set
 . . . . . . . . . . . . . . . . . . . . . . . . . . . . . . . . . . . . . . 
 atomic centers                               1
 shell parameter sets                         11
 spherical AOs                                31
 max angular momentum                         3
 parameter set                                ../../../../basis-sets/bse/def2-svp.txt
 . . . . . . . . . . . . . . . . . . . . . . . . . . . . . . . . . . . . . . 
 SCF guess: bare nuclei Hamiltonian
 Starting self-consistent field iterations (spin-unrestricted)
 Alpha electrons: 10
 Beta electrons: 9
 ----------------------------------------------------------------------------
 Exchange-correlation: Hartree-Fock
 ----------------------------------------------------------------------------
 Replicated-data parallel SCF
 ----------------------------
 Processes                               1
 Threads/process                         16
 Allocated 2.0E-004 GiB of scratch space for the KS matrix build
 ----------------------------------------------------------------------------
 Loaded pseudopotential parameters
 ----------------------------------------------------------------------------

 SILVER      
 Parameters file: ../../../../basis-sets/bse/def2-svp.txt
 ECP accounts for 28 core electrons

          Coeff         R^n       Exponent                                       

 Local part

        -33.68992012      2        14.22000000                                   
         -5.53112021      2         7.11000000                                   

 L = 0

        255.13936452      2        13.13000000                                   
         36.86612154      2         6.51000000                                   
         33.68992012      2        14.22000000                                   
          5.53112021      2         7.11000000                                   

 L = 1

        182.18186871      2        11.74000000                                   
         30.35775148      2         6.20000000                                   
         33.68992012      2        14.22000000                                   
          5.53112021      2         7.11000000                                   

 L = 2

         73.71926087      2        10.21000000                                   
         12.50211712      2         4.38000000                                   
         33.68992012      2        14.22000000                                   
          5.53112021      2         7.11000000                                   

 ----------------------------------------------------------------------------
 Spherical harmonic basis contains 31 vectors
 Linear independence thresh: Eig(S) > 1.0E-006
 Computations will be carried out in the space of 31 MOs
 Threshold for J, K: |Rho(r,s)*(pq|rs)|,|Rho(q,s)*(pq|rs)| > 1.0E-011
 Convergence conditions
 ----------------------
 RhoDiff < 1.0E-006
 OrbGrad < 1.0E-006
 Max number of macroiters: 1024
 ------------------------------------------------------------------------------
 #           Energy        EDiff    RhoDiff  OrbGrad  OrbShift NStored Time     
 ------------------------------------------------------------------------------
 0          -36.5046767034                                        0    4.5E-002 
 1         -143.0917372492           1.5E+01                      0    2.4E-002 
 2         -145.2969318802 -2.2E+00  5.8E+00  1.2E+00  2.0E+00    1    2.7E-002 
 3         -145.9132031665 -6.2E-01  1.6E+00  5.3E-01  1.6E-01    2    2.7E-002 
 4         -146.0800170645 -1.7E-01  2.5E-01  1.9E-01  0.0E+00    3    2.5E-002 
 5         -146.0838896477 -3.9E-03  1.9E-01  3.6E-02  0.0E+00    4    2.5E-002 
 6         -146.0840979382 -2.1E-04  3.6E-02  4.8E-03  0.0E+00    5    2.5E-002 
 7         -146.0841003340 -2.4E-06  1.4E-03  5.9E-04  0.0E+00    6    2.5E-002 
 8         -146.0841006103 -2.8E-07  5.9E-04  1.0E-04  0.0E+00    7    2.6E-002 
 9         -146.0841006277 -1.7E-08  1.2E-04  4.5E-05  0.0E+00    8    2.6E-002 
 10        -146.0841006321 -4.4E-09  6.8E-05  2.1E-05  0.0E+00    8    2.6E-002 
 11        -146.0841006322 -6.8E-11  4.5E-06  2.8E-06  0.0E+00    8    2.6E-002 
 12        -146.0841006322 -1.0E-11  1.5E-06  1.1E-06  0.0E+00    8    2.6E-002 
 13        -146.0841006322 -2.0E-12  8.9E-07  4.3E-07  0.0E+00    8    2.6E-002 
 ------------------------------------------------------------------------------
 SCF converged
 Converged energy                        -146.084100632177   
 ------------------------------------------------------------------------------
 Ehomo(Alpha) [eV]                       -6.463531432720     
 Elumo(Alpha) [eV]                       1.304952086957      
 Ehomo(Beta) [eV]                        -13.851987735328    
 Elumo(Beta) [eV]                        0.360647288055      

 dipole moment (Debye)
        x              y              z       
     -4.343E-016    -1.339E-015     1.236E-015

 traceless quadrupole moment (Debye*Angs)
                       x              y              z       
 x                   5.985E-007     1.017E-007     2.893E-008
 y                   1.017E-007    -7.226E-008    -8.290E-008
 z                   2.893E-008    -8.290E-008    -5.262E-007

 ----------------------------------------------------------------------------
 Timings (seconds)
 * mean-field hamiltonian     3.3E-001
 * solver (setting up eqns)   4.1E-003
 * solver (energy estimate)   5.1E-003
 * solver (orthogonalization) 6.7E-004
 * solver (rotation matrix X) 1.0E-002
 * solver (exponential of X)  1.5E-003
 * solver (total)             2.2E-002
 * total SCF                  3.8E-001
 Atomic guess: AG, ../../../../basis-sets/bse/def2-svp.txt
 ---------------------------------------------------------
 E(HF) [a.u.]                            -1.4608410063E+002
 Tr(RhoAvg S), Cartesian AOs              1.9000000000E+001
 Tr(RhoAvg S), spherical AOs              1.9000000000E+001
 max|T RhoAvg T**T - RhoAvg_sao|                  2.22E-015
 max|c(RhoAvg) - c(Rho)|                          4.44E-016
 max|RhoAvg - Rho|                                1.09E-007
 Saved /mnt/storage_6/project_data/pl0415-03/marcin/beyond-rpa/guess/electron-densities/bse/def2-svp/ag.txt
 ----------------------------------------------------------------------------
                                  SCF for CD                                 
 ----------------------------------------------------------------------------
 NUMBER OF ATOMS                         1
 CHARGE                                  0
 Prescreening (pq|pq) integrals for the Cholesky decomposition
 Shell pairs will be sorted according to their max elements
 Max diagonal integral MaxDrs=2.5E+000
 Applying Eq. 15 in J. Chem. Phys. 150, 194112 (2019); doi: 10.1063/1.5083802
 Schwarz inequality: Dpq<min(10**(-8),Tau)**2/MaxDrs=4.0E-017
 Trace of exact Coulomb matrix: 4.0E+001
 Trace of discarded integrals: 0.0E+000
 Discarded 0 out of 66 shell pairs
 (0 out of 496 orbital pairs)

 Step 1 of Cholesky decomposition: locating pivots
 -------------------------------------------------
 Dimensions of the Coulomb matrix: (496,496)
 Threshold for diagonal matrix elements: Dpq > 1.0E-007
 Max number of Cholesky vectors: 465
 Rk storage block size: 500
 Max dimension of 2e integrals buffer: (496,496)

 ----------------------------------------------------------------------------
 #    Dmax        Memory (MB)    NPivots     %    Time        
 ----------------------------------------------------------------------------
 1    2.5E-002    3.8E+000       40          9    9.4E-003    
 2    2.4E-004    3.6E+000       160         39   1.2E-002    
 3    2.3E-006    2.8E+000       226         85   1.2E-002    
 4    7.7E-008    1.2E+000       247         100  5.2E-003    

 Step 1 of the Cholesky decomposition completed
 Computed 247 pivots
 Largest residual Dpq: 7.7E-008
 NCholesky/NAO = 8.0E+000
 Step 1 of Cholesky decomposition completed in 3.9E-002 seconds
 Detailed timings in seconds
 Subtract prev contribs I (M-R**T*R)     2.1E-003
 Subtract prev contribs II (Rk)          3.1E-003
 Two-electron integrals                  3.2E-002
 Reallocation                            4.9E-004

 Step 2 of Cholesky decomposition completed in 4.0E-003 seconds
 Detailed timings in seconds
 Reduced-dimension matrix V    2.9E-003
 V=L*L**T                      5.0E-004
 L**(-1)                       6.2E-004

 Full-dimension Cholesky vectors of the Coulomb matrix will be stored in memory
 Cholesky vectors computed in 5.8E-003 seconds

 ┌─────────────────────────────────────────┐
 │          Self-consistent field          │
 └─────────────────────────────────────────┘

 Atomic orbital basis set
 . . . . . . . . . . . . . . . . . . . . . . . . . . . . . . . . . . . . . . 
 atomic centers                               1
 shell parameter sets                         11
 spherical AOs                                31
 max angular momentum                         3
 parameter set                                ../../../../basis-sets/bse/def2-svp.txt
 . . . . . . . . . . . . . . . . . . . . . . . . . . . . . . . . . . . . . . 
 SCF guess: bare nuclei Hamiltonian
 Starting self-consistent field iterations (spin-restricted singlet)
 Alpha+beta electrons: 20
 ----------------------------------------------------------------------------
 Exchange-correlation: Hartree-Fock
 ----------------------------------------------------------------------------
 Replicated-data parallel SCF
 ----------------------------
 Processes                               1
 Threads/process                         16
 Allocated 1.1E-004 GiB of scratch space for the KS matrix build
 ----------------------------------------------------------------------------
 Loaded pseudopotential parameters
 ----------------------------------------------------------------------------

 CADMIUM     
 Parameters file: ../../../../basis-sets/bse/def2-svp.txt
 ECP accounts for 28 core electrons

          Coeff         R^n       Exponent                                       

 Local part

        -35.47662555      2        15.18479570                                   
         -5.61767685      2         7.59239780                                   

 L = 0

        270.00948324      2        13.83586890                                   
         38.76730798      2         6.85727040                                   
         35.47662555      2        15.18479570                                   
          5.61767685      2         7.59239780                                   

 L = 1

        193.82962939      2        12.40497100                                   
         31.89652523      2         6.56779950                                   
         35.47662555      2        15.18479570                                   
          5.61767685      2         7.59239780                                   

 L = 2

         79.19364700      2        10.89692530                                   
         13.23082674      2         4.64116490                                   
         35.47662555      2        15.18479570                                   
          5.61767685      2         7.59239780                                   

 ----------------------------------------------------------------------------
 Spherical harmonic basis contains 31 vectors
 Linear independence thresh: Eig(S) > 1.0E-006
 Computations will be carried out in the space of 31 MOs
 Threshold for J, K: |Rho(r,s)*(pq|rs)|,|Rho(q,s)*(pq|rs)| > 1.0E-011
 Convergence conditions
 ----------------------
 RhoDiff < 1.0E-006
 OrbGrad < 1.0E-006
 Max number of macroiters: 1024
 ------------------------------------------------------------------------------
 #           Energy        EDiff    RhoDiff  OrbGrad  OrbShift NStored Time     
 ------------------------------------------------------------------------------
 0          -49.9476382393                                        0    3.4E-002 
 1         -162.5636054809           2.4E+01                      0    1.2E-002 
 2         -166.1027371630 -3.5E+00  1.2E+01  1.3E+00  1.9E+00    1    1.4E-002 
 3         -166.6868393442 -5.8E-01  3.5E+00  4.1E-01  1.1E-01    2    1.3E-002 
 4         -166.8431585214 -1.6E-01  4.8E-01  1.8E-01  0.0E+00    3    1.3E-002 
 5         -166.8465053625 -3.3E-03  1.7E-01  3.2E-02  0.0E+00    4    1.3E-002 
 6         -166.8465458094 -4.0E-05  1.6E-02  3.6E-03  0.0E+00    5    1.3E-002 
 7         -166.8465461610 -3.5E-07  9.5E-04  3.0E-04  0.0E+00    6    1.3E-002 
 8         -166.8465461616 -5.5E-10  1.5E-05  8.8E-06  0.0E+00    7    1.3E-002 
 9         -166.8465461616 -3.6E-11  3.1E-06  1.6E-06  0.0E+00    8    1.3E-002 
 10        -166.8465461616 -3.1E-12  1.0E-06  4.4E-07  0.0E+00    8    1.3E-002 
 11        -166.8465461616 -4.3E-13  4.0E-07  1.3E-07  0.0E+00    8    1.3E-002 
 ------------------------------------------------------------------------------
 SCF converged
 Converged energy                        -166.846546161620   
 ------------------------------------------------------------------------------
 Ehomo [eV]                              -7.640253847078     
 Elumo [eV]                              1.537406252704      

 dipole moment (Debye)
        x              y              z       
      3.996E-015     3.068E-015    -3.302E-015

 traceless quadrupole moment (Debye*Angs)
                       x              y              z       
 x                   1.605E-005    -5.791E-009    -7.949E-009
 y                  -5.791E-009     1.485E-005     5.257E-008
 z                  -7.949E-009     5.257E-008    -3.090E-005

 ----------------------------------------------------------------------------
 Timings (seconds)
 * mean-field hamiltonian     1.5E-001
 * solver (setting up eqns)   1.7E-003
 * solver (energy estimate)   2.0E-003
 * solver (orthogonalization) 3.1E-004
 * solver (rotation matrix X) 4.3E-003
 * solver (exponential of X)  6.7E-004
 * solver (total)             9.5E-003
 * total SCF                  1.8E-001
 Atomic guess: CD, ../../../../basis-sets/bse/def2-svp.txt
 ---------------------------------------------------------
 E(HF) [a.u.]                            -1.6684654616E+002
 Tr(RhoAvg S), Cartesian AOs              2.0000000000E+001
 Tr(RhoAvg S), spherical AOs              2.0000000000E+001
 max|T RhoAvg T**T - RhoAvg_sao|                  2.44E-015
 max|c(RhoAvg) - c(Rho)|                          4.44E-016
 max|RhoAvg - Rho|                                1.34E-005
 Saved /mnt/storage_6/project_data/pl0415-03/marcin/beyond-rpa/guess/electron-densities/bse/def2-svp/cd.txt
 ----------------------------------------------------------------------------
                             SCF for IN (2S+1=2)                             
 ----------------------------------------------------------------------------
 NUMBER OF ATOMS                         1
 CHARGE                                  0
 Prescreening (pq|pq) integrals for the Cholesky decomposition
 Shell pairs will be sorted according to their max elements
 Max diagonal integral MaxDrs=1.4E+000
 Applying Eq. 15 in J. Chem. Phys. 150, 194112 (2019); doi: 10.1063/1.5083802
 Schwarz inequality: Dpq<min(10**(-8),Tau)**2/MaxDrs=7.1E-017
 Trace of exact Coulomb matrix: 3.3E+001
 Trace of discarded integrals: 0.0E+000
 Discarded 0 out of 55 shell pairs
 (0 out of 351 orbital pairs)

 Step 1 of Cholesky decomposition: locating pivots
 -------------------------------------------------
 Dimensions of the Coulomb matrix: (351,351)
 Threshold for diagonal matrix elements: Dpq > 1.0E-007
 Max number of Cholesky vectors: 351
 Rk storage block size: 500
 Max dimension of 2e integrals buffer: (351,351)

 ----------------------------------------------------------------------------
 #    Dmax        Memory (MB)    NPivots     %    Time        
 ----------------------------------------------------------------------------
 1    1.3E-002    2.3E+000       51          17   1.8E-002    
 2    6.1E-005    2.1E+000       126         50   1.8E-002    
 3    5.9E-007    1.3E+000       157         85   1.0E-002    
 4    9.9E-008    6.2E-001       175         100  6.1E-003    

 Step 1 of the Cholesky decomposition completed
 Computed 175 pivots
 Largest residual Dpq: 9.9E-008
 NCholesky/NAO = 6.7E+000
 Step 1 of Cholesky decomposition completed in 5.3E-002 seconds
 Detailed timings in seconds
 Subtract prev contribs I (M-R**T*R)     8.8E-004
 Subtract prev contribs II (Rk)          9.0E-004
 Two-electron integrals                  5.0E-002
 Reallocation                            3.9E-004

 Step 2 of Cholesky decomposition completed in 8.5E-003 seconds
 Detailed timings in seconds
 Reduced-dimension matrix V    7.9E-003
 V=L*L**T                      3.2E-004
 L**(-1)                       2.2E-004

 Full-dimension Cholesky vectors of the Coulomb matrix will be stored in memory
 Cholesky vectors computed in 9.8E-003 seconds

 ┌─────────────────────────────────────────┐
 │          Self-consistent field          │
 └─────────────────────────────────────────┘

 Atomic orbital basis set
 . . . . . . . . . . . . . . . . . . . . . . . . . . . . . . . . . . . . . . 
 atomic centers                               1
 shell parameter sets                         10
 spherical AOs                                26
 max angular momentum                         2
 parameter set                                ../../../../basis-sets/bse/def2-svp.txt
 . . . . . . . . . . . . . . . . . . . . . . . . . . . . . . . . . . . . . . 
 SCF guess: bare nuclei Hamiltonian
 Starting self-consistent field iterations (spin-unrestricted)
 Alpha electrons: 11
 Beta electrons: 10
 ----------------------------------------------------------------------------
 Exchange-correlation: Hartree-Fock
 ----------------------------------------------------------------------------
 Replicated-data parallel SCF
 ----------------------------
 Processes                               1
 Threads/process                         16
 Allocated 1.2E-004 GiB of scratch space for the KS matrix build
 ----------------------------------------------------------------------------
 Loaded pseudopotential parameters
 ----------------------------------------------------------------------------

 INDIUM      
 Parameters file: ../../../../basis-sets/bse/def2-svp.txt
 ECP accounts for 28 core electrons

          Coeff         R^n       Exponent                                       

 Local part

        -13.72807800      2        12.53905600                                   
        -18.20686600      2        12.55256100                                   

 L = 0

        281.12235000      2        15.39282200                                   
         61.90147000      2         8.05586400                                   
         13.72807800      2        12.53905600                                   
         18.20686600      2        12.55256100                                   

 L = 1

         67.46215400      2        13.92867200                                   
        134.94925000      2        13.34723400                                   
         14.74614000      2         7.61413200                                   
         29.63926200      2         7.31836500                                   
         13.72807800      2        12.53905600                                   
         18.20686600      2        12.55256100                                   

 L = 2

         35.49325400      2        14.03471500                                   
         53.17877300      2        14.51161600                                   
          9.17728100      2         5.55055000                                   
         12.39241000      2         5.05941500                                   
         13.72807800      2        12.53905600                                   
         18.20686600      2        12.55256100                                   

 ----------------------------------------------------------------------------
 Spherical harmonic basis contains 26 vectors
 Linear independence thresh: Eig(S) > 1.0E-006
 Computations will be carried out in the space of 26 MOs
 Threshold for J, K: |Rho(r,s)*(pq|rs)|,|Rho(q,s)*(pq|rs)| > 1.0E-011
 Convergence conditions
 ----------------------
 RhoDiff < 1.0E-006
 OrbGrad < 1.0E-006
 Max number of macroiters: 1024
 ------------------------------------------------------------------------------
 #           Energy        EDiff    RhoDiff  OrbGrad  OrbShift NStored Time     
 ------------------------------------------------------------------------------
 0           72.1466531792                                        0    3.5E-002 
 1         -188.2342333412           1.3E+01                      0    1.6E-002 
 2         -189.1649377303 -9.3E-01  2.4E+00  5.9E-01  1.9E-01    1    1.9E-002 
 3         -189.2023209049 -3.7E-02  3.3E-01  9.9E-02  0.0E+00    2    1.7E-002 
 4         -189.2061747926 -3.9E-03  1.3E-01  2.8E-02  0.0E+00    3    1.7E-002 
 5         -189.2063206935 -1.5E-04  3.7E-02  6.2E-03  0.0E+00    4    1.7E-002 
 6         -189.2063352389 -1.5E-05  1.1E-02  1.1E-03  0.0E+00    5    1.8E-002 
 7         -189.2063354231 -1.8E-07  1.4E-03  2.3E-04  0.0E+00    6    1.8E-002 
 8         -189.2063354283 -5.2E-09  2.6E-04  4.2E-05  0.0E+00    7    1.8E-002 
 9         -189.2063354284 -8.9E-11  1.5E-05  2.5E-06  0.0E+00    8    1.8E-002 
 10        -189.2063354284 -4.1E-12  2.3E-06  9.1E-07  0.0E+00    8    1.8E-002 
 11        -189.2063354284 -3.4E-13  5.1E-07  3.4E-07  0.0E+00    8    1.8E-002 
 ------------------------------------------------------------------------------
 SCF converged
 Converged energy                        -189.206335428383   
 ------------------------------------------------------------------------------
 Ehomo(Alpha) [eV]                       -5.432754634895     
 Elumo(Alpha) [eV]                       0.491060902613      
 Ehomo(Beta) [eV]                        -10.013576883440    
 Elumo(Beta) [eV]                        0.797674901579      

 dipole moment (Debye)
        x              y              z       
      2.652E-015     5.745E-016     2.567E-015

 traceless quadrupole moment (Debye*Angs)
                       x              y              z       
 x                  -6.848E+000    -4.536E+000    -4.643E-002
 y                  -4.536E+000     2.505E+000    -1.882E-002
 z                  -4.643E-002    -1.882E-002     4.343E+000

 ----------------------------------------------------------------------------
 Timings (seconds)
 * mean-field hamiltonian     1.9E-001
 * solver (setting up eqns)   2.7E-003
 * solver (energy estimate)   3.8E-003
 * solver (orthogonalization) 5.4E-004
 * solver (rotation matrix X) 6.3E-003
 * solver (exponential of X)  1.2E-003
 * solver (total)             1.5E-002
 * total SCF                  2.3E-001
 Atomic guess: IN, ../../../../basis-sets/bse/def2-svp.txt
 ---------------------------------------------------------
 E(HF) [a.u.]                            -1.8920633543E+002
 Tr(RhoAvg S), Cartesian AOs              2.1000000000E+001
 Tr(RhoAvg S), spherical AOs              2.1000000000E+001
 max|T RhoAvg T**T - RhoAvg_sao|                  2.89E-015
 max|c(RhoAvg) - c(Rho)|                          4.44E-016
 max|RhoAvg - Rho|                                2.01E-001
 Saved /mnt/storage_6/project_data/pl0415-03/marcin/beyond-rpa/guess/electron-densities/bse/def2-svp/in.txt
 ----------------------------------------------------------------------------
                             SCF for SN (2S+1=3)                             
 ----------------------------------------------------------------------------
 NUMBER OF ATOMS                         1
 CHARGE                                  0
 Prescreening (pq|pq) integrals for the Cholesky decomposition
 Shell pairs will be sorted according to their max elements
 Max diagonal integral MaxDrs=1.5E+000
 Applying Eq. 15 in J. Chem. Phys. 150, 194112 (2019); doi: 10.1063/1.5083802
 Schwarz inequality: Dpq<min(10**(-8),Tau)**2/MaxDrs=6.9E-017
 Trace of exact Coulomb matrix: 3.5E+001
 Trace of discarded integrals: 0.0E+000
 Discarded 0 out of 55 shell pairs
 (0 out of 351 orbital pairs)

 Step 1 of Cholesky decomposition: locating pivots
 -------------------------------------------------
 Dimensions of the Coulomb matrix: (351,351)
 Threshold for diagonal matrix elements: Dpq > 1.0E-007
 Max number of Cholesky vectors: 351
 Rk storage block size: 500
 Max dimension of 2e integrals buffer: (351,351)

 ----------------------------------------------------------------------------
 #    Dmax        Memory (MB)    NPivots     %    Time        
 ----------------------------------------------------------------------------
 1    1.4E-002    2.3E+000       48          16   1.5E-002    
 2    1.1E-004    2.1E+000       126         49   1.8E-002    
 3    9.7E-007    1.5E+000       150         80   8.5E-003    
 4    9.0E-008    5.4E-001       176         100  6.1E-003    

 Step 1 of the Cholesky decomposition completed
 Computed 176 pivots
 Largest residual Dpq: 9.0E-008
 NCholesky/NAO = 6.8E+000
 Step 1 of Cholesky decomposition completed in 4.8E-002 seconds
 Detailed timings in seconds
 Subtract prev contribs I (M-R**T*R)     8.7E-004
 Subtract prev contribs II (Rk)          1.5E-003
 Two-electron integrals                  4.5E-002
 Reallocation                            3.4E-004

 Step 2 of Cholesky decomposition completed in 7.4E-003 seconds
 Detailed timings in seconds
 Reduced-dimension matrix V    7.0E-003
 V=L*L**T                      2.7E-004
 L**(-1)                       1.9E-004

 Full-dimension Cholesky vectors of the Coulomb matrix will be stored in memory
 Cholesky vectors computed in 9.9E-003 seconds

 ┌─────────────────────────────────────────┐
 │          Self-consistent field          │
 └─────────────────────────────────────────┘

 Atomic orbital basis set
 . . . . . . . . . . . . . . . . . . . . . . . . . . . . . . . . . . . . . . 
 atomic centers                               1
 shell parameter sets                         10
 spherical AOs                                26
 max angular momentum                         2
 parameter set                                ../../../../basis-sets/bse/def2-svp.txt
 . . . . . . . . . . . . . . . . . . . . . . . . . . . . . . . . . . . . . . 
 SCF guess: bare nuclei Hamiltonian
 Starting self-consistent field iterations (spin-unrestricted)
 Alpha electrons: 12
 Beta electrons: 10
 ----------------------------------------------------------------------------
 Exchange-correlation: Hartree-Fock
 ----------------------------------------------------------------------------
 Replicated-data parallel SCF
 ----------------------------
 Processes                               1
 Threads/process                         16
 Allocated 1.2E-004 GiB of scratch space for the KS matrix build
 ----------------------------------------------------------------------------
 Loaded pseudopotential parameters
 ----------------------------------------------------------------------------

 TIN         
 Parameters file: ../../../../basis-sets/bse/def2-svp.txt
 ECP accounts for 28 core electrons

          Coeff         R^n       Exponent                                       

 Local part

        -12.57633300      2        12.28234800                                   
        -16.59594400      2        12.27215000                                   

 L = 0

        279.98868200      2        17.42041400                                   
         62.37781000      2         7.63115500                                   
         12.57633300      2        12.28234800                                   
         16.59594400      2        12.27215000                                   

 L = 1

         66.16252300      2        16.13102400                                   
        132.17439600      2        15.62807700                                   
         16.33941700      2         7.32560800                                   
         32.48895900      2         6.94251900                                   
         12.57633300      2        12.28234800                                   
         16.59594400      2        12.27215000                                   

 L = 2

         36.38744100      2        15.51497600                                   
         54.50784100      2        15.18816000                                   
          8.69682300      2         5.45602400                                   
         12.84020800      2         5.36310500                                   
         12.57633300      2        12.28234800                                   
         16.59594400      2        12.27215000                                   

 ----------------------------------------------------------------------------
 Spherical harmonic basis contains 26 vectors
 Linear independence thresh: Eig(S) > 1.0E-006
 Computations will be carried out in the space of 26 MOs
 Threshold for J, K: |Rho(r,s)*(pq|rs)|,|Rho(q,s)*(pq|rs)| > 1.0E-011
 Convergence conditions
 ----------------------
 RhoDiff < 1.0E-006
 OrbGrad < 1.0E-006
 Max number of macroiters: 1024
 ------------------------------------------------------------------------------
 #           Energy        EDiff    RhoDiff  OrbGrad  OrbShift NStored Time     
 ------------------------------------------------------------------------------
 0           30.3488858206                                        0    3.5E-002 
 1         -212.1065902152           6.0E+00                      0    1.7E-002 
 2         -213.2730979878 -1.2E+00  2.3E+00  6.3E-01  2.5E-01    1    1.9E-002 
 3         -213.3318497979 -5.9E-02  4.7E-01  1.0E-01  0.0E+00    2    1.7E-002 
 4         -213.3359658592 -4.1E-03  1.4E-01  2.4E-02  0.0E+00    3    1.8E-002 
 5         -213.3361305435 -1.6E-04  4.9E-02  6.3E-03  0.0E+00    4    1.8E-002 
 6         -213.3361330098 -2.5E-06  5.5E-03  7.6E-04  0.0E+00    5    1.8E-002 
 7         -213.3361330199 -1.0E-08  7.9E-05  5.2E-05  0.0E+00    6    1.8E-002 
 8         -213.3361330204 -5.0E-10  4.4E-05  1.0E-05  0.0E+00    7    1.8E-002 
 9         -213.3361330204 -1.6E-11  4.5E-06  1.9E-06  0.0E+00    8    1.8E-002 
 10        -213.3361330204 -1.5E-12  1.9E-06  5.7E-07  0.0E+00    8    1.9E-002 
 11        -213.3361330204 -5.7E-14  4.0E-07  1.8E-07  0.0E+00    8    1.8E-002 
 ------------------------------------------------------------------------------
 SCF converged
 Converged energy                        -213.336133020404   
 ------------------------------------------------------------------------------
 Ehomo(Alpha) [eV]                       -7.230630290540     
 Elumo(Alpha) [eV]                       -0.325498351325     
 Ehomo(Beta) [eV]                        -12.002857087170    
 Elumo(Beta) [eV]                        0.373381696945      

 dipole moment (Debye)
        x              y              z       
     -4.033E-015     3.018E-015     1.636E-015

 traceless quadrupole moment (Debye*Angs)
                       x              y              z       
 x                  -3.184E+000     2.211E-002    -5.173E-003
 y                   2.211E-002     5.872E+000    -2.119E+000
 z                  -5.173E-003    -2.119E+000    -2.688E+000

 ----------------------------------------------------------------------------
 Timings (seconds)
 * mean-field hamiltonian     2.0E-001
 * solver (setting up eqns)   2.7E-003
 * solver (energy estimate)   3.7E-003
 * solver (orthogonalization) 5.4E-004
 * solver (rotation matrix X) 6.3E-003
 * solver (exponential of X)  1.2E-003
 * solver (total)             1.5E-002
 * total SCF                  2.3E-001
 Atomic guess: SN, ../../../../basis-sets/bse/def2-svp.txt
 ---------------------------------------------------------
 E(HF) [a.u.]                            -2.1333613302E+002
 Tr(RhoAvg S), Cartesian AOs              2.2000000000E+001
 Tr(RhoAvg S), spherical AOs              2.2000000000E+001
 max|T RhoAvg T**T - RhoAvg_sao|                  2.44E-015
 max|c(RhoAvg) - c(Rho)|                          3.33E-016
 max|RhoAvg - Rho|                                2.13E-001
 Saved /mnt/storage_6/project_data/pl0415-03/marcin/beyond-rpa/guess/electron-densities/bse/def2-svp/sn.txt
 ----------------------------------------------------------------------------
                             SCF for SB (2S+1=4)                             
 ----------------------------------------------------------------------------
 NUMBER OF ATOMS                         1
 CHARGE                                  0
 Prescreening (pq|pq) integrals for the Cholesky decomposition
 Shell pairs will be sorted according to their max elements
 Max diagonal integral MaxDrs=1.5E+000
 Applying Eq. 15 in J. Chem. Phys. 150, 194112 (2019); doi: 10.1063/1.5083802
 Schwarz inequality: Dpq<min(10**(-8),Tau)**2/MaxDrs=6.7E-017
 Trace of exact Coulomb matrix: 3.8E+001
 Trace of discarded integrals: 0.0E+000
 Discarded 0 out of 55 shell pairs
 (0 out of 351 orbital pairs)

 Step 1 of Cholesky decomposition: locating pivots
 -------------------------------------------------
 Dimensions of the Coulomb matrix: (351,351)
 Threshold for diagonal matrix elements: Dpq > 1.0E-007
 Max number of Cholesky vectors: 351
 Rk storage block size: 500
 Max dimension of 2e integrals buffer: (351,351)

 ----------------------------------------------------------------------------
 #    Dmax        Memory (MB)    NPivots     %    Time        
 ----------------------------------------------------------------------------
 1    1.4E-002    2.3E+000       46          15   1.4E-002    
 2    1.1E-004    2.1E+000       126         46   1.0E-002    
 3    1.0E-006    1.4E+000       153         83   1.3E-002    
 4    9.6E-008    4.9E-001       178         100  5.9E-003    

 Step 1 of the Cholesky decomposition completed
 Computed 178 pivots
 Largest residual Dpq: 9.6E-008
 NCholesky/NAO = 6.8E+000
 Step 1 of Cholesky decomposition completed in 4.4E-002 seconds
 Detailed timings in seconds
 Subtract prev contribs I (M-R**T*R)     6.8E-004
 Subtract prev contribs II (Rk)          8.5E-004
 Two-electron integrals                  4.1E-002
 Reallocation                            3.2E-004

 Step 2 of Cholesky decomposition completed in 6.9E-003 seconds
 Detailed timings in seconds
 Reduced-dimension matrix V    6.4E-003
 V=L*L**T                      3.1E-004
 L**(-1)                       2.2E-004

 Full-dimension Cholesky vectors of the Coulomb matrix will be stored in memory
 Cholesky vectors computed in 9.5E-003 seconds

 ┌─────────────────────────────────────────┐
 │          Self-consistent field          │
 └─────────────────────────────────────────┘

 Atomic orbital basis set
 . . . . . . . . . . . . . . . . . . . . . . . . . . . . . . . . . . . . . . 
 atomic centers                               1
 shell parameter sets                         10
 spherical AOs                                26
 max angular momentum                         2
 parameter set                                ../../../../basis-sets/bse/def2-svp.txt
 . . . . . . . . . . . . . . . . . . . . . . . . . . . . . . . . . . . . . . 
 SCF guess: bare nuclei Hamiltonian
 Starting self-consistent field iterations (spin-unrestricted)
 Alpha electrons: 13
 Beta electrons: 10
 ----------------------------------------------------------------------------
 Exchange-correlation: Hartree-Fock
 ----------------------------------------------------------------------------
 Replicated-data parallel SCF
 ----------------------------
 Processes                               1
 Threads/process                         16
 Allocated 1.2E-004 GiB of scratch space for the KS matrix build
 ----------------------------------------------------------------------------
 Loaded pseudopotential parameters
 ----------------------------------------------------------------------------

 ANTIMONY    
 Parameters file: ../../../../basis-sets/bse/def2-svp.txt
 ECP accounts for 28 core electrons

          Coeff         R^n       Exponent                                       

 Local part

        -15.36680100      2        14.44497800                                   
        -20.29613800      2        14.44929500                                   

 L = 0

        281.07158100      2        16.33086500                                   
         61.71660400      2         8.55654200                                   
         15.36680100      2        14.44497800                                   
         20.29613800      2        14.44929500                                   

 L = 1

         67.45738000      2        14.47033700                                   
        134.93350300      2        13.81619400                                   
         14.71634400      2         8.42492400                                   
         29.51851200      2         8.09272800                                   
         15.36680100      2        14.44497800                                   
         20.29613800      2        14.44929500                                   

 L = 2

         35.44781500      2        14.88633100                                   
         53.14346600      2        15.14631900                                   
          9.17922300      2         5.90826700                                   
         13.24025300      2         5.59432200                                   
         15.36680100      2        14.44497800                                   
         20.29613800      2        14.44929500                                   

 ----------------------------------------------------------------------------
 Spherical harmonic basis contains 26 vectors
 Linear independence thresh: Eig(S) > 1.0E-006
 Computations will be carried out in the space of 26 MOs
 Threshold for J, K: |Rho(r,s)*(pq|rs)|,|Rho(q,s)*(pq|rs)| > 1.0E-011
 Convergence conditions
 ----------------------
 RhoDiff < 1.0E-006
 OrbGrad < 1.0E-006
 Max number of macroiters: 1024
 ------------------------------------------------------------------------------
 #           Energy        EDiff    RhoDiff  OrbGrad  OrbShift NStored Time     
 ------------------------------------------------------------------------------
 0           37.0433246754                                        0    2.4E-002 
 1         -237.8245616274           9.6E+00                      0    5.8E-003 
 2         -239.2188661988 -1.4E+00  2.5E+00  5.2E-01  2.6E-01    1    6.3E-003 
 3         -239.2697101754 -5.1E-02  4.3E-01  1.0E-01  0.0E+00    2    6.0E-003 
 4         -239.2732025852 -3.5E-03  1.3E-01  2.7E-02  0.0E+00    3    6.2E-003 
 5         -239.2733448127 -1.4E-04  5.3E-02  7.5E-03  0.0E+00    4    6.1E-003 
 6         -239.2733462154 -1.4E-06  1.2E-03  5.9E-04  0.0E+00    5    6.2E-003 
 7         -239.2733462479 -3.2E-08  4.2E-04  1.1E-04  0.0E+00    6    6.3E-003 
 8         -239.2733462482 -2.8E-10  3.2E-05  8.5E-06  0.0E+00    7    6.3E-003 
 9         -239.2733462482 -1.1E-11  7.2E-06  1.9E-06  0.0E+00    8    6.4E-003 
 10        -239.2733462482 -5.1E-13  1.6E-06  4.1E-07  0.0E+00    8    6.4E-003 
 11        -239.2733462482 -1.1E-13  4.0E-07  8.9E-08  0.0E+00    8    6.4E-003 
 ------------------------------------------------------------------------------
 SCF converged
 Converged energy                        -239.273346248195   
 ------------------------------------------------------------------------------
 Ehomo(Alpha) [eV]                       -9.070066534586     
 Elumo(Alpha) [eV]                       7.993943912476      
 Ehomo(Beta) [eV]                        -13.795004219603    
 Elumo(Beta) [eV]                        1.051490270988      

 dipole moment (Debye)
        x              y              z       
     -6.572E-015    -1.172E-014    -3.860E-015

 traceless quadrupole moment (Debye*Angs)
                       x              y              z       
 x                   5.151E-007    -7.884E-010    -1.076E-009
 y                  -7.884E-010     8.562E-007     2.241E-009
 z                  -1.076E-009     2.241E-009    -1.371E-006

 ----------------------------------------------------------------------------
 Timings (seconds)
 * mean-field hamiltonian     6.9E-002
 * solver (setting up eqns)   1.9E-003
 * solver (energy estimate)   7.7E-004
 * solver (orthogonalization) 1.6E-004
 * solver (rotation matrix X) 1.4E-003
 * solver (exponential of X)  5.2E-004
 * solver (total)             5.0E-003
 * total SCF                  9.4E-002
 Atomic guess: SB, ../../../../basis-sets/bse/def2-svp.txt
 ---------------------------------------------------------
 E(HF) [a.u.]                            -2.3927334625E+002
 Tr(RhoAvg S), Cartesian AOs              2.3000000000E+001
 Tr(RhoAvg S), spherical AOs              2.3000000000E+001
 max|T RhoAvg T**T - RhoAvg_sao|                  2.44E-015
 max|c(RhoAvg) - c(Rho)|                          4.44E-016
 max|RhoAvg - Rho|                                1.34E-007
 Saved /mnt/storage_6/project_data/pl0415-03/marcin/beyond-rpa/guess/electron-densities/bse/def2-svp/sb.txt
 ----------------------------------------------------------------------------
                             SCF for TE (2S+1=3)                             
 ----------------------------------------------------------------------------
 NUMBER OF ATOMS                         1
 CHARGE                                  0
 Prescreening (pq|pq) integrals for the Cholesky decomposition
 Shell pairs will be sorted according to their max elements
 Max diagonal integral MaxDrs=1.5E+000
 Applying Eq. 15 in J. Chem. Phys. 150, 194112 (2019); doi: 10.1063/1.5083802
 Schwarz inequality: Dpq<min(10**(-8),Tau)**2/MaxDrs=6.5E-017
 Trace of exact Coulomb matrix: 4.0E+001
 Trace of discarded integrals: 0.0E+000
 Discarded 0 out of 55 shell pairs
 (0 out of 351 orbital pairs)

 Step 1 of Cholesky decomposition: locating pivots
 -------------------------------------------------
 Dimensions of the Coulomb matrix: (351,351)
 Threshold for diagonal matrix elements: Dpq > 1.0E-007
 Max number of Cholesky vectors: 351
 Rk storage block size: 500
 Max dimension of 2e integrals buffer: (351,351)

 ----------------------------------------------------------------------------
 #    Dmax        Memory (MB)    NPivots     %    Time        
 ----------------------------------------------------------------------------
 1    1.5E-002    2.3E+000       46          15   1.4E-002    
 2    1.2E-004    2.1E+000       126         47   1.7E-002    
 3    1.0E-006    1.5E+000       153         86   1.0E-002    
 4    8.4E-008    4.8E-001       175         100  5.9E-003    

 Step 1 of the Cholesky decomposition completed
 Computed 175 pivots
 Largest residual Dpq: 8.4E-008
 NCholesky/NAO = 6.7E+000
 Step 1 of Cholesky decomposition completed in 4.8E-002 seconds
 Detailed timings in seconds
 Subtract prev contribs I (M-R**T*R)     1.2E-003
 Subtract prev contribs II (Rk)          8.2E-004
 Two-electron integrals                  4.4E-002
 Reallocation                            3.3E-004

 Step 2 of Cholesky decomposition completed in 6.8E-003 seconds
 Detailed timings in seconds
 Reduced-dimension matrix V    6.2E-003
 V=L*L**T                      3.0E-004
 L**(-1)                       2.4E-004

 Full-dimension Cholesky vectors of the Coulomb matrix will be stored in memory
 Cholesky vectors computed in 9.6E-003 seconds

 ┌─────────────────────────────────────────┐
 │          Self-consistent field          │
 └─────────────────────────────────────────┘

 Atomic orbital basis set
 . . . . . . . . . . . . . . . . . . . . . . . . . . . . . . . . . . . . . . 
 atomic centers                               1
 shell parameter sets                         10
 spherical AOs                                26
 max angular momentum                         2
 parameter set                                ../../../../basis-sets/bse/def2-svp.txt
 . . . . . . . . . . . . . . . . . . . . . . . . . . . . . . . . . . . . . . 
 SCF guess: bare nuclei Hamiltonian
 Starting self-consistent field iterations (spin-unrestricted)
 Alpha electrons: 13
 Beta electrons: 11
 ----------------------------------------------------------------------------
 Exchange-correlation: Hartree-Fock
 ----------------------------------------------------------------------------
 Replicated-data parallel SCF
 ----------------------------
 Processes                               1
 Threads/process                         16
 Allocated 1.2E-004 GiB of scratch space for the KS matrix build
 ----------------------------------------------------------------------------
 Loaded pseudopotential parameters
 ----------------------------------------------------------------------------

 TELLURIUM   
 Parameters file: ../../../../basis-sets/bse/def2-svp.txt
 ECP accounts for 28 core electrons

          Coeff         R^n       Exponent                                       

 Local part

        -15.74545000      2        15.20616800                                   
        -20.74244800      2        15.20170200                                   

 L = 0

        281.04584300      2        16.81447300                                   
         61.62065600      2         8.79352600                                   
         15.74545000      2        15.20616800                                   
         20.74244800      2        15.20170200                                   

 L = 1

         67.44946400      2        14.87780100                                   
        134.90430400      2        14.26973100                                   
         14.68954700      2         8.72443500                                   
         29.41506300      2         8.29151500                                   
         15.74545000      2        15.20616800                                   
         20.74244800      2        15.20170200                                   

 L = 2

         35.43205700      2        15.20500800                                   
         53.13568700      2        15.22584800                                   
          9.06980200      2         6.07176900                                   
         13.12230400      2         5.80476000                                   
         15.74545000      2        15.20616800                                   
         20.74244800      2        15.20170200                                   

 ----------------------------------------------------------------------------
 Spherical harmonic basis contains 26 vectors
 Linear independence thresh: Eig(S) > 1.0E-006
 Computations will be carried out in the space of 26 MOs
 Threshold for J, K: |Rho(r,s)*(pq|rs)|,|Rho(q,s)*(pq|rs)| > 1.0E-011
 Convergence conditions
 ----------------------
 RhoDiff < 1.0E-006
 OrbGrad < 1.0E-006
 Max number of macroiters: 1024
 ------------------------------------------------------------------------------
 #           Energy        EDiff    RhoDiff  OrbGrad  OrbShift NStored Time     
 ------------------------------------------------------------------------------
 0           16.4783251808                                        0    2.5E-002 
 1         -265.2082759291           6.6E+00                      0    5.8E-003 
 2         -266.8729391002 -1.7E+00  2.1E+00  5.1E-01  4.3E-01    1    6.5E-003 
 3         -266.9933366897 -1.2E-01  5.7E-01  1.4E-01  0.0E+00    2    6.1E-003 
 4         -266.9965874871 -3.3E-03  5.3E-02  2.8E-02  0.0E+00    3    6.2E-003 
 5         -266.9967883984 -2.0E-04  3.3E-02  8.3E-03  0.0E+00    4    6.2E-003 
 6         -266.9968113087 -2.3E-05  1.2E-02  2.5E-03  0.0E+00    5    6.3E-003 
 7         -266.9968117704 -4.6E-07  6.3E-04  3.2E-04  0.0E+00    6    6.3E-003 
 8         -266.9968117804 -1.0E-08  8.1E-05  5.4E-05  0.0E+00    7    6.3E-003 
 9         -266.9968117806 -2.1E-10  1.3E-05  4.5E-06  0.0E+00    8    6.4E-003 
 10        -266.9968117807 -1.5E-11  5.0E-06  1.6E-06  0.0E+00    8    6.4E-003 
 11        -266.9968117807 -1.3E-12  1.7E-06  4.4E-07  0.0E+00    8    6.5E-003 
 Skipping trust radius update
 12        -266.9968117807  5.7E-14  1.4E-07  5.2E-08  0.0E+00    8    6.4E-003 
 ------------------------------------------------------------------------------
 SCF converged
 Converged energy                        -266.996811780655   
 ------------------------------------------------------------------------------
 Ehomo(Alpha) [eV]                       -9.280444654716     
 Elumo(Alpha) [eV]                       9.301938101971      
 Ehomo(Beta) [eV]                        -8.314264104441     
 Elumo(Beta) [eV]                        -0.109756811875     

 dipole moment (Debye)
        x              y              z       
     -3.324E-015     1.342E-015     5.271E-015

 traceless quadrupole moment (Debye*Angs)
                       x              y              z       
 x                  -7.644E-001     1.845E+000    -2.988E+000
 y                   1.845E+000     1.267E+000     1.765E+000
 z                  -2.988E+000     1.765E+000    -5.026E-001

 ----------------------------------------------------------------------------
 Timings (seconds)
 * mean-field hamiltonian     7.5E-002
 * solver (setting up eqns)   2.2E-003
 * solver (energy estimate)   9.1E-004
 * solver (orthogonalization) 1.8E-004
 * solver (rotation matrix X) 1.8E-003
 * solver (exponential of X)  5.5E-004
 * solver (total)             5.9E-003
 * total SCF                  1.0E-001
 Atomic guess: TE, ../../../../basis-sets/bse/def2-svp.txt
 ---------------------------------------------------------
 E(HF) [a.u.]                            -2.6699681178E+002
 Tr(RhoAvg S), Cartesian AOs              2.4000000000E+001
 Tr(RhoAvg S), spherical AOs              2.4000000000E+001
 max|T RhoAvg T**T - RhoAvg_sao|                  2.89E-015
 max|c(RhoAvg) - c(Rho)|                          6.66E-016
 max|RhoAvg - Rho|                                1.55E-001
 Saved /mnt/storage_6/project_data/pl0415-03/marcin/beyond-rpa/guess/electron-densities/bse/def2-svp/te.txt
 ----------------------------------------------------------------------------
                              SCF for I (2S+1=2)                             
 ----------------------------------------------------------------------------
 NUMBER OF ATOMS                         1
 CHARGE                                  0
 Prescreening (pq|pq) integrals for the Cholesky decomposition
 Shell pairs will be sorted according to their max elements
 Max diagonal integral MaxDrs=1.6E+000
 Applying Eq. 15 in J. Chem. Phys. 150, 194112 (2019); doi: 10.1063/1.5083802
 Schwarz inequality: Dpq<min(10**(-8),Tau)**2/MaxDrs=6.2E-017
 Trace of exact Coulomb matrix: 4.2E+001
 Trace of discarded integrals: 0.0E+000
 Discarded 0 out of 55 shell pairs
 (0 out of 351 orbital pairs)

 Step 1 of Cholesky decomposition: locating pivots
 -------------------------------------------------
 Dimensions of the Coulomb matrix: (351,351)
 Threshold for diagonal matrix elements: Dpq > 1.0E-007
 Max number of Cholesky vectors: 351
 Rk storage block size: 500
 Max dimension of 2e integrals buffer: (351,351)

 ----------------------------------------------------------------------------
 #    Dmax        Memory (MB)    NPivots     %    Time        
 ----------------------------------------------------------------------------
 1    1.6E-002    2.3E+000       49          16   2.0E-002    
 2    1.6E-004    2.1E+000       122         44   1.6E-002    
 3    1.4E-006    1.7E+000       150         81   1.2E-002    
 4    9.6E-008    6.4E-001       172         100  7.2E-003    

 Step 1 of the Cholesky decomposition completed
 Computed 172 pivots
 Largest residual Dpq: 9.6E-008
 NCholesky/NAO = 6.6E+000
 Step 1 of Cholesky decomposition completed in 5.6E-002 seconds
 Detailed timings in seconds
 Subtract prev contribs I (M-R**T*R)     1.0E-003
 Subtract prev contribs II (Rk)          7.6E-004
 Two-electron integrals                  5.2E-002
 Reallocation                            5.4E-004

 Step 2 of Cholesky decomposition completed in 6.8E-003 seconds
 Detailed timings in seconds
 Reduced-dimension matrix V    6.4E-003
 V=L*L**T                      2.6E-004
 L**(-1)                       1.9E-004

 Full-dimension Cholesky vectors of the Coulomb matrix will be stored in memory
 Cholesky vectors computed in 9.9E-003 seconds

 ┌─────────────────────────────────────────┐
 │          Self-consistent field          │
 └─────────────────────────────────────────┘

 Atomic orbital basis set
 . . . . . . . . . . . . . . . . . . . . . . . . . . . . . . . . . . . . . . 
 atomic centers                               1
 shell parameter sets                         10
 spherical AOs                                26
 max angular momentum                         2
 parameter set                                ../../../../basis-sets/bse/def2-svp.txt
 . . . . . . . . . . . . . . . . . . . . . . . . . . . . . . . . . . . . . . 
 SCF guess: bare nuclei Hamiltonian
 Starting self-consistent field iterations (spin-unrestricted)
 Alpha electrons: 13
 Beta electrons: 12
 ----------------------------------------------------------------------------
 Exchange-correlation: Hartree-Fock
 ----------------------------------------------------------------------------
 Replicated-data parallel SCF
 ----------------------------
 Processes                               1
 Threads/process                         16
 Allocated 1.2E-004 GiB of scratch space for the KS matrix build
 ----------------------------------------------------------------------------
 Loaded pseudopotential parameters
 ----------------------------------------------------------------------------

 IODINE      
 Parameters file: ../../../../basis-sets/bse/def2-svp.txt
 ECP accounts for 28 core electrons

          Coeff         R^n       Exponent                                       

 Local part

        -21.84204000      2        19.45860900                                   
        -28.46819100      2        19.34926000                                   
         -0.24371300      2         4.82376700                                   
         -0.32080400      2         4.88431500                                   

 L = 0

         49.99429300      2        40.01583500                                   
        281.02531700      2        17.42974700                                   
         61.57332600      2         9.00548400                                   
         21.84204000      2        19.45860900                                   
         28.46819100      2        19.34926000                                   
          0.24371300      2         4.82376700                                   
          0.32080400      2         4.88431500                                   

 L = 1

         67.44284100      2        15.35546600                                   
        134.88113700      2        14.97183300                                   
         14.67505100      2         8.96016400                                   
         29.37566600      2         8.25909600                                   
         21.84204000      2        19.45860900                                   
         28.46819100      2        19.34926000                                   
          0.24371300      2         4.82376700                                   
          0.32080400      2         4.88431500                                   

 L = 2

         35.43952900      2        15.06890800                                   
         53.17605700      2        14.55532200                                   
          9.06719500      2         6.71864700                                   
         13.20693700      2         6.45639300                                   
          0.08933500      2         1.19177900                                   
          0.05238000      2         1.29115700                                   
         21.84204000      2        19.45860900                                   
         28.46819100      2        19.34926000                                   
          0.24371300      2         4.82376700                                   
          0.32080400      2         4.88431500                                   

 ----------------------------------------------------------------------------
 Spherical harmonic basis contains 26 vectors
 Linear independence thresh: Eig(S) > 1.0E-006
 Computations will be carried out in the space of 26 MOs
 Threshold for J, K: |Rho(r,s)*(pq|rs)|,|Rho(q,s)*(pq|rs)| > 1.0E-011
 Convergence conditions
 ----------------------
 RhoDiff < 1.0E-006
 OrbGrad < 1.0E-006
 Max number of macroiters: 1024
 ------------------------------------------------------------------------------
 #           Energy        EDiff    RhoDiff  OrbGrad  OrbShift NStored Time     
 ------------------------------------------------------------------------------
 0           -0.0418836219                                        0    2.5E-002 
 1         -294.4333449758           6.7E+00                      0    6.0E-003 
 2         -296.5678417789 -2.1E+00  2.1E+00  5.5E-01  4.7E-01    1    6.7E-003 
 3         -296.6481420053 -8.0E-02  4.2E-01  1.2E-01  0.0E+00    2    6.3E-003 
 4         -296.6495428053 -1.4E-03  4.1E-02  2.6E-02  0.0E+00    3    6.4E-003 
 5         -296.6495994548 -5.7E-05  1.9E-02  5.3E-03  0.0E+00    4    6.4E-003 
 6         -296.6496051607 -5.7E-06  3.3E-03  1.1E-03  0.0E+00    5    6.4E-003 
 7         -296.6496054623 -3.0E-07  9.5E-04  2.1E-04  0.0E+00    6    6.5E-003 
 8         -296.6496054651 -2.9E-09  5.7E-05  2.9E-05  0.0E+00    7    6.5E-003 
 9         -296.6496054652 -1.2E-10  9.2E-06  6.2E-06  0.0E+00    8    6.6E-003 
 10        -296.6496054653 -1.0E-11  2.9E-06  2.1E-06  0.0E+00    8    6.7E-003 
 11        -296.6496054653 -1.2E-12  1.1E-06  7.3E-07  0.0E+00    8    6.7E-003 
 12        -296.6496054653 -1.7E-13  3.6E-07  1.9E-07  0.0E+00    8    6.7E-003 
 ------------------------------------------------------------------------------
 SCF converged
 Converged energy                        -296.649605465255   
 ------------------------------------------------------------------------------
 Ehomo(Alpha) [eV]                       -10.824749734458    
 Elumo(Alpha) [eV]                       10.784216611321     
 Ehomo(Beta) [eV]                        -10.293550532970    
 Elumo(Beta) [eV]                        -1.371131136723     

 dipole moment (Debye)
        x              y              z       
     -3.859E-015     6.393E-016    -5.486E-015

 traceless quadrupole moment (Debye*Angs)
                       x              y              z       
 x                  -1.864E+000    -5.285E-001     5.673E-001
 y                  -5.285E-001     7.268E-001    -2.892E+000
 z                   5.673E-001    -2.892E+000     1.137E+000

 ----------------------------------------------------------------------------
 Timings (seconds)
 * mean-field hamiltonian     7.7E-002
 * solver (setting up eqns)   2.1E-003
 * solver (energy estimate)   9.4E-004
 * solver (orthogonalization) 1.8E-004
 * solver (rotation matrix X) 1.8E-003
 * solver (exponential of X)  5.7E-004
 * solver (total)             5.9E-003
 * total SCF                  1.0E-001
 Atomic guess: I, ../../../../basis-sets/bse/def2-svp.txt
 --------------------------------------------------------
 E(HF) [a.u.]                            -2.9664960547E+002
 Tr(RhoAvg S), Cartesian AOs              2.5000000000E+001
 Tr(RhoAvg S), spherical AOs              2.5000000000E+001
 max|T RhoAvg T**T - RhoAvg_sao|                  2.66E-015
 max|c(RhoAvg) - c(Rho)|                          2.22E-016
 max|RhoAvg - Rho|                                1.67E-001
 Saved /mnt/storage_6/project_data/pl0415-03/marcin/beyond-rpa/guess/electron-densities/bse/def2-svp/i.txt
 ----------------------------------------------------------------------------
                                  SCF for XE                                 
 ----------------------------------------------------------------------------
 NUMBER OF ATOMS                         1
 CHARGE                                  0
 Prescreening (pq|pq) integrals for the Cholesky decomposition
 Shell pairs will be sorted according to their max elements
 Max diagonal integral MaxDrs=4.6E+000
 Applying Eq. 15 in J. Chem. Phys. 150, 194112 (2019); doi: 10.1063/1.5083802
 Schwarz inequality: Dpq<min(10**(-8),Tau)**2/MaxDrs=2.2E-017
 Trace of exact Coulomb matrix: 1.0E+002
 Trace of discarded integrals: 0.0E+000
 Discarded 0 out of 136 shell pairs
 (0 out of 1275 orbital pairs)

 Step 1 of Cholesky decomposition: locating pivots
 -------------------------------------------------
 Dimensions of the Coulomb matrix: (1275,1275)
 Threshold for diagonal matrix elements: Dpq > 1.0E-007
 Max number of Cholesky vectors: 750
 Rk storage block size: 500
 Max dimension of 2e integrals buffer: (1275,1000)

 ----------------------------------------------------------------------------
 #    Dmax        Memory (MB)    NPivots     %    Time        
 ----------------------------------------------------------------------------
 1    4.3E-002    1.5E+001       39          4    7.0E-002    
 2    4.3E-004    1.4E+001       235         32   7.9E-002    
 3    4.0E-006    1.3E+001       337         84   5.7E-002    
 4    9.8E-008    6.3E+000       385         100  2.6E-002    

 Step 1 of the Cholesky decomposition completed
 Computed 385 pivots
 Largest residual Dpq: 9.8E-008
 NCholesky/NAO = 7.7E+000
 Step 1 of Cholesky decomposition completed in 2.3E-001 seconds
 Detailed timings in seconds
 Subtract prev contribs I (M-R**T*R)     6.6E-003
 Subtract prev contribs II (Rk)          8.9E-003
 Two-electron integrals                  2.1E-001
 Reallocation                            2.1E-003

 Step 2 of Cholesky decomposition completed in 1.7E-002 seconds
 Detailed timings in seconds
 Reduced-dimension matrix V    1.5E-002
 V=L*L**T                      6.3E-004
 L**(-1)                       1.7E-003

 Full-dimension Cholesky vectors of the Coulomb matrix will be stored in memory
 Cholesky vectors computed in 2.7E-002 seconds

 ┌─────────────────────────────────────────┐
 │          Self-consistent field          │
 └─────────────────────────────────────────┘

 Atomic orbital basis set
 . . . . . . . . . . . . . . . . . . . . . . . . . . . . . . . . . . . . . . 
 atomic centers                               1
 shell parameter sets                         16
 spherical AOs                                50
 max angular momentum                         3
 parameter set                                ../../../../basis-sets/bse/def2-svp.txt
 . . . . . . . . . . . . . . . . . . . . . . . . . . . . . . . . . . . . . . 
 SCF guess: bare nuclei Hamiltonian
 Starting self-consistent field iterations (spin-restricted singlet)
 Alpha+beta electrons: 26
 ----------------------------------------------------------------------------
 Exchange-correlation: Hartree-Fock
 ----------------------------------------------------------------------------
 Replicated-data parallel SCF
 ----------------------------
 Processes                               1
 Threads/process                         16
 Allocated 2.8E-004 GiB of scratch space for the KS matrix build
 ----------------------------------------------------------------------------
 Loaded pseudopotential parameters
 ----------------------------------------------------------------------------

 XENON       
 Parameters file: ../../../../basis-sets/bse/def2-svp.txt
 ECP accounts for 28 core electrons

          Coeff         R^n       Exponent                                       

 Local part

        -23.08929500      2        20.88155700                                   
        -30.07447500      2        20.78344300                                   
         -0.28822700      2         5.25338900                                   
         -0.38692400      2         5.36118800                                   

 L = 0

         49.99796200      2        40.00518400                                   
        281.01330300      2        17.81221400                                   
         61.53825500      2         9.30415000                                   
         23.08929500      2        20.88155700                                   
         30.07447500      2        20.78344300                                   
          0.28822700      2         5.25338900                                   
          0.38692400      2         5.36118800                                   

 L = 1

         67.43914200      2        15.70177200                                   
        134.87471100      2        15.25860800                                   
         14.66330000      2         9.29218400                                   
         29.35473000      2         8.55900300                                   
         23.08929500      2        20.88155700                                   
         30.07447500      2        20.78344300                                   
          0.28822700      2         5.25338900                                   
          0.38692400      2         5.36118800                                   

 L = 2

         35.43690800      2        15.18560000                                   
         53.19577200      2        14.28450000                                   
          9.04623200      2         7.12188900                                   
         13.22368100      2         6.99196300                                   
          0.08485300      2         0.62394600                                   
          0.04415500      2         0.64728400                                   
         23.08929500      2        20.88155700                                   
         30.07447500      2        20.78344300                                   
          0.28822700      2         5.25338900                                   
          0.38692400      2         5.36118800                                   

 ----------------------------------------------------------------------------
 Spherical harmonic basis contains 50 vectors
 Linear independence thresh: Eig(S) > 1.0E-006
 Computations will be carried out in the space of 50 MOs
 Threshold for J, K: |Rho(r,s)*(pq|rs)|,|Rho(q,s)*(pq|rs)| > 1.0E-011
 Convergence conditions
 ----------------------
 RhoDiff < 1.0E-006
 OrbGrad < 1.0E-006
 Max number of macroiters: 1024
 ------------------------------------------------------------------------------
 #           Energy        EDiff    RhoDiff  OrbGrad  OrbShift NStored Time     
 ------------------------------------------------------------------------------
 0            0.7664273940                                        0    6.7E-002 
 1         -319.9202377879           1.1E+02                      0    4.3E-002 
 2         -327.9330084409 -8.0E+00  1.2E+01  2.0E+00  1.5E+00    1    4.5E-002 
 3         -328.2976894000 -3.6E-01  9.3E-01  2.7E-01  0.0E+00    2    4.4E-002 
 4         -328.2983752072 -6.9E-04  3.6E-02  2.1E-02  0.0E+00    3    4.4E-002 
 5         -328.2983909072 -1.6E-05  9.5E-03  1.9E-03  0.0E+00    4    4.4E-002 
 6         -328.2983913010 -3.9E-07  8.2E-04  3.4E-04  0.0E+00    5    4.4E-002 
 7         -328.2983913139 -1.3E-08  1.1E-04  4.1E-05  0.0E+00    6    4.5E-002 
 8         -328.2983913141 -1.4E-10  3.1E-05  4.2E-06  0.0E+00    7    4.5E-002 
 9         -328.2983913141 -7.2E-12  4.7E-06  7.9E-07  0.0E+00    8    4.5E-002 
 10        -328.2983913141 -6.3E-13  7.2E-07  2.1E-07  0.0E+00    8    4.5E-002 
 ------------------------------------------------------------------------------
 SCF converged
 Converged energy                        -328.298391314070   
 ------------------------------------------------------------------------------
 Ehomo [eV]                              -12.410037746822    
 Elumo [eV]                              8.124935083587      

 dipole moment (Debye)
        x              y              z       
      5.310E-016     1.043E-014    -7.134E-015

 traceless quadrupole moment (Debye*Angs)
                       x              y              z       
 x                  -4.116E-007     8.174E-008    -1.010E-007
 y                   8.174E-008     9.042E-007     1.759E-007
 z                  -1.010E-007     1.759E-007    -4.926E-007

 ----------------------------------------------------------------------------
 Timings (seconds)
 * mean-field hamiltonian     4.8E-001
 * solver (setting up eqns)   3.4E-003
 * solver (energy estimate)   1.7E-003
 * solver (orthogonalization) 3.4E-004
 * solver (rotation matrix X) 3.7E-003
 * solver (exponential of X)  1.0E-003
 * solver (total)             1.1E-002
 * total SCF                  5.2E-001
 Atomic guess: XE, ../../../../basis-sets/bse/def2-svp.txt
 ---------------------------------------------------------
 E(HF) [a.u.]                            -3.2829839131E+002
 Tr(RhoAvg S), Cartesian AOs              2.6000000000E+001
 Tr(RhoAvg S), spherical AOs              2.6000000000E+001
 max|T RhoAvg T**T - RhoAvg_sao|                  2.22E-015
 max|c(RhoAvg) - c(Rho)|                          8.88E-016
 max|RhoAvg - Rho|                                9.81E-007
 Saved /mnt/storage_6/project_data/pl0415-03/marcin/beyond-rpa/guess/electron-densities/bse/def2-svp/xe.txt
 ----------------------------------------------------------------------------
                             SCF for CS (2S+1=2)                             
 ----------------------------------------------------------------------------
 NUMBER OF ATOMS                         1
 CHARGE                                  0
 Prescreening (pq|pq) integrals for the Cholesky decomposition
 Shell pairs will be sorted according to their max elements
 Max diagonal integral MaxDrs=1.3E+000
 Applying Eq. 15 in J. Chem. Phys. 150, 194112 (2019); doi: 10.1063/1.5083802
 Schwarz inequality: Dpq<min(10**(-8),Tau)**2/MaxDrs=7.7E-017
 Trace of exact Coulomb matrix: 1.3E+001
 Trace of discarded integrals: 0.0E+000
 Discarded 0 out of 55 shell pairs
 (0 out of 300 orbital pairs)

 Step 1 of Cholesky decomposition: locating pivots
 -------------------------------------------------
 Dimensions of the Coulomb matrix: (300,300)
 Threshold for diagonal matrix elements: Dpq > 1.0E-007
 Max number of Cholesky vectors: 300
 Rk storage block size: 500
 Max dimension of 2e integrals buffer: (300,300)

 ----------------------------------------------------------------------------
 #    Dmax        Memory (MB)    NPivots     %    Time        
 ----------------------------------------------------------------------------
 1    1.2E-002    1.8E+000       29          11   1.1E-003    
 2    1.1E-004    1.7E+000       102         52   1.5E-003    
 3    1.0E-006    1.0E+000       136         87   7.4E-004    
 4    9.2E-008    3.3E-001       154         100  2.8E-004    

 Step 1 of the Cholesky decomposition completed
 Computed 154 pivots
 Largest residual Dpq: 9.2E-008
 NCholesky/NAO = 6.4E+000
 Step 1 of Cholesky decomposition completed in 4.1E-003 seconds
 Detailed timings in seconds
 Subtract prev contribs I (M-R**T*R)     6.7E-004
 Subtract prev contribs II (Rk)          5.8E-004
 Two-electron integrals                  1.7E-003
 Reallocation                            3.1E-004

 Step 2 of Cholesky decomposition completed in 7.8E-004 seconds
 Detailed timings in seconds
 Reduced-dimension matrix V    3.7E-004
 V=L*L**T                      2.4E-004
 L**(-1)                       1.6E-004

 Full-dimension Cholesky vectors of the Coulomb matrix will be stored in memory
 Cholesky vectors computed in 9.6E-004 seconds

 ┌─────────────────────────────────────────┐
 │          Self-consistent field          │
 └─────────────────────────────────────────┘

 Atomic orbital basis set
 . . . . . . . . . . . . . . . . . . . . . . . . . . . . . . . . . . . . . . 
 atomic centers                               1
 shell parameter sets                         10
 spherical AOs                                24
 max angular momentum                         2
 parameter set                                ../../../../basis-sets/bse/def2-svp.txt
 . . . . . . . . . . . . . . . . . . . . . . . . . . . . . . . . . . . . . . 
 SCF guess: bare nuclei Hamiltonian
 Starting self-consistent field iterations (spin-unrestricted)
 Alpha electrons: 5
 Beta electrons: 4
 ----------------------------------------------------------------------------
 Exchange-correlation: Hartree-Fock
 ----------------------------------------------------------------------------
 Replicated-data parallel SCF
 ----------------------------
 Processes                               1
 Threads/process                         16
 Allocated 1.1E-004 GiB of scratch space for the KS matrix build
 ----------------------------------------------------------------------------
 Loaded pseudopotential parameters
 ----------------------------------------------------------------------------

 CESIUM      
 Parameters file: ../../../../basis-sets/bse/def2-svp.txt
 ECP accounts for 46 core electrons

          Coeff         R^n       Exponent                                       

 Local part

        -28.88430900      2         3.12326900                                   

 L = 0

         84.54773000      2         4.07975000                                   
         16.65417300      2         2.41740600                                   
         28.88430900      2         3.12326900                                   

 L = 1

        157.04905900      2         5.51408000                                   
         26.42330700      2         2.16031600                                   
         28.88430900      2         3.12326900                                   

 L = 2

         13.17275300      2         1.80741000                                   
          3.34283300      2         0.85818200                                   
         28.88430900      2         3.12326900                                   

 ----------------------------------------------------------------------------
 Spherical harmonic basis contains 24 vectors
 Linear independence thresh: Eig(S) > 1.0E-006
 Computations will be carried out in the space of 24 MOs
 Threshold for J, K: |Rho(r,s)*(pq|rs)|,|Rho(q,s)*(pq|rs)| > 1.0E-011
 Convergence conditions
 ----------------------
 RhoDiff < 1.0E-006
 OrbGrad < 1.0E-006
 Max number of macroiters: 1024
 ------------------------------------------------------------------------------
 #           Energy        EDiff    RhoDiff  OrbGrad  OrbShift NStored Time     
 ------------------------------------------------------------------------------
 0           -5.0472632642                                        0    3.0E-002 
 1          -19.1032556692           1.2E+01                      0    1.2E-002 
 2          -19.7823946883 -6.8E-01  5.8E+00  3.2E-01  4.3E-01    1    1.4E-002 
 3          -19.8514416178 -6.9E-02  1.1E+00  1.1E-01  0.0E+00    2    1.2E-002 
 4          -19.8550943919 -3.7E-03  8.5E-01  1.5E-02  0.0E+00    3    1.3E-002 
 5          -19.8551892412 -9.5E-05  8.1E-02  3.5E-03  0.0E+00    4    1.3E-002 
 6          -19.8551950489 -5.8E-06  6.9E-03  7.4E-04  0.0E+00    5    1.3E-002 
 7          -19.8551956997 -6.5E-07  1.6E-03  2.0E-04  0.0E+00    6    1.3E-002 
 8          -19.8551957550 -5.5E-08  3.0E-04  5.2E-05  0.0E+00    7    1.3E-002 
 9          -19.8551957582 -3.2E-09  6.5E-05  2.5E-05  0.0E+00    8    1.3E-002 
 10         -19.8551957585 -2.9E-10  3.4E-05  7.0E-06  0.0E+00    8    1.3E-002 
 11         -19.8551957585 -3.0E-12  3.1E-06  9.8E-07  0.0E+00    8    1.3E-002 
 12         -19.8551957585 -1.6E-13  7.3E-07  2.3E-07  0.0E+00    8    1.3E-002 
 ------------------------------------------------------------------------------
 SCF converged
 Converged energy                        -19.855195758499    
 ------------------------------------------------------------------------------
 Ehomo(Alpha) [eV]                       -3.507293872600     
 Elumo(Alpha) [eV]                       0.429807075478      
 Ehomo(Beta) [eV]                        -18.451183682216    
 Elumo(Beta) [eV]                        0.238516993063      

 dipole moment (Debye)
        x              y              z       
      4.526E-015     5.792E-015     4.937E-015

 traceless quadrupole moment (Debye*Angs)
                       x              y              z       
 x                  -8.493E-007    -4.087E-007    -8.638E-009
 y                  -4.087E-007     3.527E-007    -2.658E-009
 z                  -8.638E-009    -2.658E-009     4.966E-007

 ----------------------------------------------------------------------------
 Timings (seconds)
 * mean-field hamiltonian     1.5E-001
 * solver (setting up eqns)   2.7E-003
 * solver (energy estimate)   4.3E-003
 * solver (orthogonalization) 6.1E-004
 * solver (rotation matrix X) 6.4E-003
 * solver (exponential of X)  1.2E-003
 * solver (total)             1.6E-002
 * total SCF                  1.9E-001
 Atomic guess: CS, ../../../../basis-sets/bse/def2-svp.txt
 ---------------------------------------------------------
 E(HF) [a.u.]                            -1.9855195758E+001
 Tr(RhoAvg S), Cartesian AOs              9.0000000000E+000
 Tr(RhoAvg S), spherical AOs              9.0000000000E+000
 max|T RhoAvg T**T - RhoAvg_sao|                  4.34E-019
 max|c(RhoAvg) - c(Rho)|                          6.66E-016
 max|RhoAvg - Rho|                                3.60E-008
 Saved /mnt/storage_6/project_data/pl0415-03/marcin/beyond-rpa/guess/electron-densities/bse/def2-svp/cs.txt
 ----------------------------------------------------------------------------
                                  SCF for BA                                 
 ----------------------------------------------------------------------------
 NUMBER OF ATOMS                         1
 CHARGE                                  0
 Prescreening (pq|pq) integrals for the Cholesky decomposition
 Shell pairs will be sorted according to their max elements
 Max diagonal integral MaxDrs=1.1E+000
 Applying Eq. 15 in J. Chem. Phys. 150, 194112 (2019); doi: 10.1063/1.5083802
 Schwarz inequality: Dpq<min(10**(-8),Tau)**2/MaxDrs=9.1E-017
 Trace of exact Coulomb matrix: 1.9E+001
 Trace of discarded integrals: 0.0E+000
 Discarded 0 out of 55 shell pairs
 (0 out of 465 orbital pairs)

 Step 1 of Cholesky decomposition: locating pivots
 -------------------------------------------------
 Dimensions of the Coulomb matrix: (465,465)
 Threshold for diagonal matrix elements: Dpq > 1.0E-007
 Max number of Cholesky vectors: 450
 Rk storage block size: 500
 Max dimension of 2e integrals buffer: (465,465)

 ----------------------------------------------------------------------------
 #    Dmax        Memory (MB)    NPivots     %    Time        
 ----------------------------------------------------------------------------
 1    1.1E-002    3.4E+000       59          15   4.9E-002    
 2    9.6E-005    3.2E+000       167         44   5.8E-002    
 3    8.9E-007    2.2E+000       237         81   1.1E-002    
 4    7.9E-008    1.2E+000       263         100  1.4E-002    

 Step 1 of the Cholesky decomposition completed
 Computed 263 pivots
 Largest residual Dpq: 7.9E-008
 NCholesky/NAO = 8.8E+000
 Step 1 of Cholesky decomposition completed in 1.3E-001 seconds
 Detailed timings in seconds
 Subtract prev contribs I (M-R**T*R)     6.4E-003
 Subtract prev contribs II (Rk)          2.9E-003
 Two-electron integrals                  1.2E-001
 Reallocation                            4.6E-004

 Step 2 of Cholesky decomposition completed in 2.0E-002 seconds
 Detailed timings in seconds
 Reduced-dimension matrix V    1.9E-002
 V=L*L**T                      4.2E-004
 L**(-1)                       6.4E-004

 Full-dimension Cholesky vectors of the Coulomb matrix will be stored in memory
 Cholesky vectors computed in 3.1E-002 seconds

 ┌─────────────────────────────────────────┐
 │          Self-consistent field          │
 └─────────────────────────────────────────┘

 Atomic orbital basis set
 . . . . . . . . . . . . . . . . . . . . . . . . . . . . . . . . . . . . . . 
 atomic centers                               1
 shell parameter sets                         10
 spherical AOs                                30
 max angular momentum                         3
 parameter set                                ../../../../basis-sets/bse/def2-svp.txt
 . . . . . . . . . . . . . . . . . . . . . . . . . . . . . . . . . . . . . . 
 SCF guess: bare nuclei Hamiltonian
 Starting self-consistent field iterations (spin-restricted singlet)
 Alpha+beta electrons: 10
 ----------------------------------------------------------------------------
 Exchange-correlation: Hartree-Fock
 ----------------------------------------------------------------------------
 Replicated-data parallel SCF
 ----------------------------
 Processes                               1
 Threads/process                         16
 Allocated 1.1E-004 GiB of scratch space for the KS matrix build
 ----------------------------------------------------------------------------
 Loaded pseudopotential parameters
 ----------------------------------------------------------------------------

 BARIUM      
 Parameters file: ../../../../basis-sets/bse/def2-svp.txt
 ECP accounts for 46 core electrons

          Coeff         R^n       Exponent                                       

 Local part

        -33.47317400      2         3.58946500                                   

 L = 0

        427.84581600      2         9.52698600                                   
        204.41753000      2         4.48751000                                   
         33.47317400      2         3.58946500                                   

 L = 1

        293.60586400      2         8.31593000                                   
        294.19331600      2         4.29221700                                   
         33.47317400      2         3.58946500                                   

 L = 2

        112.55040200      2         5.91610800                                   
        181.78262100      2         2.87484200                                   
         33.47317400      2         3.58946500                                   

 ----------------------------------------------------------------------------
 Spherical harmonic basis contains 30 vectors
 Linear independence thresh: Eig(S) > 1.0E-006
 Computations will be carried out in the space of 30 MOs
 Threshold for J, K: |Rho(r,s)*(pq|rs)|,|Rho(q,s)*(pq|rs)| > 1.0E-011
 Convergence conditions
 ----------------------
 RhoDiff < 1.0E-006
 OrbGrad < 1.0E-006
 Max number of macroiters: 1024
 ------------------------------------------------------------------------------
 #           Energy        EDiff    RhoDiff  OrbGrad  OrbShift NStored Time     
 ------------------------------------------------------------------------------
 0           -8.6526168111                                        0    3.1E-002 
 1          -23.3936772190           1.4E+01                      0    8.8E-003 
 2          -23.9699302612 -5.8E-01  8.0E-01  3.8E-01  7.3E-01    1    9.3E-003 
 3          -24.2412708896 -2.7E-01  7.0E-01  1.2E-01  5.7E-01    2    9.3E-003 
 4          -24.6615624028 -4.2E-01  1.2E+00  2.0E-01  6.3E-01    3    1.3E-002 
 5          -24.9041161281 -2.4E-01  9.1E-01  1.7E-01  7.2E-02    4    1.1E-002 
 6          -24.9103661048 -6.2E-03  9.9E-02  4.0E-02  0.0E+00    5    9.6E-003 
 7          -24.9104001991 -3.4E-05  8.8E-03  1.8E-03  0.0E+00    6    9.6E-003 
 8          -24.9104005372 -3.4E-07  5.2E-04  2.2E-04  0.0E+00    7    9.7E-003 
 9          -24.9104005466 -9.4E-09  1.9E-04  3.0E-05  0.0E+00    8    9.8E-003 
 10         -24.9104005467 -1.5E-10  1.5E-05  5.1E-06  0.0E+00    8    9.8E-003 
 11         -24.9104005468 -6.7E-12  2.4E-06  1.0E-06  0.0E+00    8    9.8E-003 
 12         -24.9104005468 -4.3E-13  5.6E-07  2.3E-07  0.0E+00    8    9.8E-003 
 ------------------------------------------------------------------------------
 SCF converged
 Converged energy                        -24.910400546751    
 ------------------------------------------------------------------------------
 Ehomo [eV]                              -2.445023031066     
 Elumo [eV]                              -1.603821904836     

 dipole moment (Debye)
        x              y              z       
      4.322E-009     5.421E-010     9.727E-011

 traceless quadrupole moment (Debye*Angs)
                       x              y              z       
 x                  -4.404E+001    -8.352E+000    -1.483E+000
 y                  -8.352E+000     2.151E+001    -1.860E-001
 z                  -1.483E+000    -1.860E-001     2.252E+001

 ----------------------------------------------------------------------------
 Timings (seconds)
 * mean-field hamiltonian     1.2E-001
 * solver (setting up eqns)   1.8E-003
 * solver (energy estimate)   2.4E-003
 * solver (orthogonalization) 3.9E-004
 * solver (rotation matrix X) 7.3E-003
 * solver (exponential of X)  7.5E-004
 * solver (total)             1.3E-002
 * total SCF                  1.5E-001
 Atomic guess: BA, ../../../../basis-sets/bse/def2-svp.txt
 ---------------------------------------------------------
 E(HF) [a.u.]                            -2.4910400547E+001
 Tr(RhoAvg S), Cartesian AOs              1.0000000000E+001
 Tr(RhoAvg S), spherical AOs              1.0000000000E+001
 max|T RhoAvg T**T - RhoAvg_sao|                  4.44E-016
 max|c(RhoAvg) - c(Rho)|                          2.22E-016
 max|RhoAvg - Rho|                                1.56E+000
 Saved /mnt/storage_6/project_data/pl0415-03/marcin/beyond-rpa/guess/electron-densities/bse/def2-svp/ba.txt
 ----------------------------------------------------------------------------
                             SCF for LA (2S+1=2)                             
 ----------------------------------------------------------------------------
 NUMBER OF ATOMS                         1
 CHARGE                                  0
 Prescreening (pq|pq) integrals for the Cholesky decomposition
 Shell pairs will be sorted according to their max elements
 Max diagonal integral MaxDrs=2.1E+000
 Applying Eq. 15 in J. Chem. Phys. 150, 194112 (2019); doi: 10.1063/1.5083802
 Schwarz inequality: Dpq<min(10**(-8),Tau)**2/MaxDrs=4.7E-017
 Trace of exact Coulomb matrix: 2.7E+001
 Trace of discarded integrals: 0.0E+000
 Discarded 0 out of 78 shell pairs
 (0 out of 528 orbital pairs)

 Step 1 of Cholesky decomposition: locating pivots
 -------------------------------------------------
 Dimensions of the Coulomb matrix: (528,528)
 Threshold for diagonal matrix elements: Dpq > 1.0E-007
 Max number of Cholesky vectors: 480
 Rk storage block size: 500
 Max dimension of 2e integrals buffer: (528,528)

 ----------------------------------------------------------------------------
 #    Dmax        Memory (MB)    NPivots     %    Time        
 ----------------------------------------------------------------------------
 1    2.1E-002    4.1E+000       30          6    1.1E-002    
 2    2.1E-004    4.0E+000       133         34   1.3E-002    
 3    2.0E-006    3.2E+000       208         74   1.1E-002    
 4    9.5E-008    1.7E+000       254         100  5.1E-003    

 Step 1 of the Cholesky decomposition completed
 Computed 254 pivots
 Largest residual Dpq: 9.5E-008
 NCholesky/NAO = 7.9E+000
 Step 1 of Cholesky decomposition completed in 4.1E-002 seconds
 Detailed timings in seconds
 Subtract prev contribs I (M-R**T*R)     2.3E-003
 Subtract prev contribs II (Rk)          4.0E-003
 Two-electron integrals                  3.1E-002
 Reallocation                            1.8E-003

 Step 2 of Cholesky decomposition completed in 4.2E-003 seconds
 Detailed timings in seconds
 Reduced-dimension matrix V    3.2E-003
 V=L*L**T                      4.1E-004
 L**(-1)                       6.2E-004

 Full-dimension Cholesky vectors of the Coulomb matrix will be stored in memory
 Cholesky vectors computed in 1.0E-002 seconds

 ┌─────────────────────────────────────────┐
 │          Self-consistent field          │
 └─────────────────────────────────────────┘

 Atomic orbital basis set
 . . . . . . . . . . . . . . . . . . . . . . . . . . . . . . . . . . . . . . 
 atomic centers                               1
 shell parameter sets                         12
 spherical AOs                                32
 max angular momentum                         3
 parameter set                                ../../../../basis-sets/bse/def2-svp.txt
 . . . . . . . . . . . . . . . . . . . . . . . . . . . . . . . . . . . . . . 
 SCF guess: bare nuclei Hamiltonian
 Starting self-consistent field iterations (spin-unrestricted)
 Alpha electrons: 6
 Beta electrons: 5
 ----------------------------------------------------------------------------
 Exchange-correlation: Hartree-Fock
 ----------------------------------------------------------------------------
 Replicated-data parallel SCF
 ----------------------------
 Processes                               1
 Threads/process                         16
 Allocated 2.1E-004 GiB of scratch space for the KS matrix build
 ----------------------------------------------------------------------------
 Loaded pseudopotential parameters
 ----------------------------------------------------------------------------

 LANTHANUM   
 Parameters file: ../../../../basis-sets/bse/def2-svp.txt
 ECP accounts for 46 core electrons

          Coeff         R^n       Exponent                                       

 Local part

        -36.01001600      2         4.02860000                                   

 L = 0

         91.93217700      2         3.30990000                                   
         -3.78876400      2         1.65500000                                   
         36.01001600      2         4.02860000                                   

 L = 1

         63.75948600      2         2.83680000                                   
         -0.64795800      2         1.41840000                                   
         36.01001600      2         4.02860000                                   

 L = 2

         36.11617300      2         2.02130000                                   
          0.21911400      2         1.01070000                                   
         36.01001600      2         4.02860000                                   

 ----------------------------------------------------------------------------
 Spherical harmonic basis contains 32 vectors
 Linear independence thresh: Eig(S) > 1.0E-006
 Computations will be carried out in the space of 32 MOs
 Threshold for J, K: |Rho(r,s)*(pq|rs)|,|Rho(q,s)*(pq|rs)| > 1.0E-011
 Convergence conditions
 ----------------------
 RhoDiff < 1.0E-006
 OrbGrad < 1.0E-006
 Max number of macroiters: 1024
 ------------------------------------------------------------------------------
 #           Energy        EDiff    RhoDiff  OrbGrad  OrbShift NStored Time     
 ------------------------------------------------------------------------------
 0           19.3157075973                                        0    4.4E-002 
 1          -30.4959019600           3.5E+01                      0    2.2E-002 
 2          -31.0524728103 -5.6E-01  4.0E+00  3.5E-01  2.0E-01    1    2.5E-002 
 3          -31.0710496997 -1.9E-02  8.5E-01  4.2E-02  0.0E+00    2    2.3E-002 
 4          -31.0744271373 -3.4E-03  3.7E-01  1.4E-02  0.0E+00    3    2.3E-002 
 5          -31.0750989348 -6.7E-04  2.1E-02  6.3E-03  0.0E+00    4    2.3E-002 
 6          -31.0753141546 -2.2E-04  1.7E-02  3.0E-03  0.0E+00    5    2.3E-002 
 7          -31.0753424840 -2.8E-05  1.0E-02  1.8E-03  0.0E+00    6    2.3E-002 
 8          -31.0753446308 -2.1E-06  6.7E-03  4.4E-04  0.0E+00    7    2.3E-002 
 9          -31.0753447024 -7.2E-08  1.5E-03  7.8E-05  0.0E+00    8    2.4E-002 
 10         -31.0753447091 -6.7E-09  4.9E-04  1.8E-05  0.0E+00    8    2.4E-002 
 11         -31.0753447092 -1.4E-10  4.4E-05  3.9E-06  0.0E+00    8    2.4E-002 
 12         -31.0753447092 -1.1E-11  8.0E-06  9.6E-07  0.0E+00    8    2.4E-002 
 13         -31.0753447092 -2.5E-12  2.3E-06  4.7E-07  0.0E+00    8    2.4E-002 
 14         -31.0753447092 -9.3E-13  1.7E-06  2.3E-07  0.0E+00    8    2.4E-002 
 15         -31.0753447092 -4.7E-13  5.4E-07  9.2E-08  0.0E+00    8    2.4E-002 
 ------------------------------------------------------------------------------
 SCF converged
 Converged energy                        -31.075344709212    
 ------------------------------------------------------------------------------
 Ehomo(Alpha) [eV]                       -5.067583548308     
 Elumo(Alpha) [eV]                       0.494926751001      
 Ehomo(Beta) [eV]                        -4.716769311708     
 Elumo(Beta) [eV]                        0.554745888851      

 dipole moment (Debye)
        x              y              z       
     -8.764E-015     1.853E-014    -2.496E-015

 traceless quadrupole moment (Debye*Angs)
                       x              y              z       
 x                  -1.230E-001     1.378E-001     8.546E-002
 y                   1.378E-001     1.679E-001     2.145E-001
 z                   8.546E-002     2.145E-001    -4.491E-002

 ----------------------------------------------------------------------------
 Timings (seconds)
 * mean-field hamiltonian     3.5E-001
 * solver (setting up eqns)   6.5E-003
 * solver (energy estimate)   6.6E-003
 * solver (orthogonalization) 7.7E-004
 * solver (rotation matrix X) 9.1E-003
 * solver (exponential of X)  1.7E-003
 * solver (total)             2.6E-002
 * total SCF                  4.0E-001
 Atomic guess: LA, ../../../../basis-sets/bse/def2-svp.txt
 ---------------------------------------------------------
 E(HF) [a.u.]                            -3.1075344709E+001
 Tr(RhoAvg S), Cartesian AOs              1.1000000000E+001
 Tr(RhoAvg S), spherical AOs              1.1000000000E+001
 max|T RhoAvg T**T - RhoAvg_sao|                  2.22E-016
 max|c(RhoAvg) - c(Rho)|                          4.44E-016
 max|RhoAvg - Rho|                                2.70E-001
 Saved /mnt/storage_6/project_data/pl0415-03/marcin/beyond-rpa/guess/electron-densities/bse/def2-svp/la.txt
 ----------------------------------------------------------------------------
                             SCF for CE (2S+1=3)                             
 ----------------------------------------------------------------------------
 NUMBER OF ATOMS                         1
 CHARGE                                  0
 Prescreening (pq|pq) integrals for the Cholesky decomposition
 Shell pairs will be sorted according to their max elements
 Max diagonal integral MaxDrs=1.4E+001
 Applying Eq. 15 in J. Chem. Phys. 150, 194112 (2019); doi: 10.1063/1.5083802
 Schwarz inequality: Dpq<min(10**(-8),Tau)**2/MaxDrs=6.9E-018
 Trace of exact Coulomb matrix: 2.0E+002
 Trace of discarded integrals: 0.0E+000
 Discarded 0 out of 300 shell pairs
 (0 out of 3081 orbital pairs)

 Step 1 of Cholesky decomposition: locating pivots
 -------------------------------------------------
 Dimensions of the Coulomb matrix: (3081,3081)
 Threshold for diagonal matrix elements: Dpq > 1.0E-007
 Max number of Cholesky vectors: 1170
 Rk storage block size: 500
 Max dimension of 2e integrals buffer: (3081,1000)

 ----------------------------------------------------------------------------
 #    Dmax        Memory (MB)    NPivots     %    Time        
 ----------------------------------------------------------------------------
 1    1.4E-001    3.4E+001       11          3    3.5E-001    
 2    6.5E-003    3.4E+001       278         22   3.0E-001    
 3    8.6E-005    3.1E+001       432         50   3.3E-001    
 4    3.0E-006    3.2E+001       567         93   2.6E-001    
 5    8.4E-008    1.0E+001       625         100  1.7E-001    

 Step 1 of the Cholesky decomposition completed
 Computed 625 pivots
 Largest residual Dpq: 8.4E-008
 NCholesky/NAO = 8.0E+000
 Step 1 of Cholesky decomposition completed in 1.4E+000 seconds
 Detailed timings in seconds
 Subtract prev contribs I (M-R**T*R)     1.2E-002
 Subtract prev contribs II (Rk)          3.4E-002
 Two-electron integrals                  1.4E+000
 Reallocation                            5.0E-003

 Step 2 of Cholesky decomposition completed in 1.2E-001 seconds
 Detailed timings in seconds
 Reduced-dimension matrix V    1.2E-001
 V=L*L**T                      1.1E-003
 L**(-1)                       1.3E-003

 Full-dimension Cholesky vectors of the Coulomb matrix will be stored in memory
 Cholesky vectors computed in 2.3E-001 seconds

 ┌─────────────────────────────────────────┐
 │          Self-consistent field          │
 └─────────────────────────────────────────┘

 Atomic orbital basis set
 . . . . . . . . . . . . . . . . . . . . . . . . . . . . . . . . . . . . . . 
 atomic centers                               1
 shell parameter sets                         24
 spherical AOs                                78
 max angular momentum                         4
 parameter set                                ../../../../basis-sets/bse/def2-svp.txt
 . . . . . . . . . . . . . . . . . . . . . . . . . . . . . . . . . . . . . . 
 SCF guess: bare nuclei Hamiltonian
 Starting self-consistent field iterations (spin-unrestricted)
 Alpha electrons: 16
 Beta electrons: 14
 ----------------------------------------------------------------------------
 Exchange-correlation: Hartree-Fock
 ----------------------------------------------------------------------------
 Replicated-data parallel SCF
 ----------------------------
 Processes                               1
 Threads/process                         16
 Allocated 1.3E-003 GiB of scratch space for the KS matrix build
 ----------------------------------------------------------------------------
 Loaded pseudopotential parameters
 ----------------------------------------------------------------------------

 CERIUM      
 Parameters file: ../../../../basis-sets/bse/def2-svp.txt
 ECP accounts for 28 core electrons

          Coeff         R^n       Exponent                                       

 Local part

 (Local part not present)
          0.00000000      2         1.00000000                                   

 L = 0

        580.08345700      2        20.13782900                                   

 L = 1

        310.30283300      2        15.99848200                                   

 L = 2

        167.81394400      2        14.97418700                                   

 L = 3

        -49.39022900      2        23.40245500                                   

 L = 4

        -21.33187900      2        16.57055300                                   

 ----------------------------------------------------------------------------
 Spherical harmonic basis contains 78 vectors
 Linear independence thresh: Eig(S) > 1.0E-006
 Computations will be carried out in the space of 78 MOs
 Threshold for J, K: |Rho(r,s)*(pq|rs)|,|Rho(q,s)*(pq|rs)| > 1.0E-011
 Convergence conditions
 ----------------------
 RhoDiff < 1.0E-006
 OrbGrad < 1.0E-006
 Max number of macroiters: 1024
 ------------------------------------------------------------------------------
 #           Energy        EDiff    RhoDiff  OrbGrad  OrbShift NStored Time     
 ------------------------------------------------------------------------------
 0          717.6015954348                                        0    2.0E-001 
 1         -428.6007118803           4.5E+02                      0    1.4E-001 
 2         -460.0907770217 -3.1E+01  6.3E+00  3.7E+00  7.2E+00    1    1.5E-001 
 3         -464.3028330595 -4.2E+00  2.7E+00  7.1E-01  2.1E+00    2    1.5E-001 
 4         -465.2444867196 -9.4E-01  4.7E-01  4.8E-01  9.9E-01    3    1.5E-001 
 5         -466.3731845082 -1.1E+00  1.3E-01  2.0E-01  1.1E+00    4    1.5E-001 
 6         -468.7560874334 -2.4E+00  1.9E-01  3.8E-01  1.2E+00    5    1.5E-001 
 7         -470.4301692279 -1.7E+00  1.5E-01  4.6E-01  1.1E+00    6    1.5E-001 
 8         -470.9040726515 -4.7E-01  6.3E-02  3.1E-01  1.1E+00    7    1.5E-001 
 9         -471.1614209749 -2.6E-01  1.2E-01  2.0E-01  1.1E+00    8    1.5E-001 
 10        -471.8753085409 -7.1E-01  2.0E-01  2.4E-01  1.8E+00    8    1.6E-001 
 11        -472.8446389385 -9.7E-01  2.7E-01  7.9E-01  1.6E+00    8    1.6E-001 
 12        -473.1014836946 -2.6E-01  1.6E-01  3.7E-01  5.1E-02    8    1.5E-001 
 13        -473.1405893225 -3.9E-02  1.5E-01  4.9E-02  2.8E-02    8    1.5E-001 
 14        -473.2715531140 -1.3E-01  5.9E-01  3.8E-02  1.0E-01    8    1.6E-001 
 15        -473.2927452125 -2.1E-02  2.0E-01  5.7E-02  0.0E+00    8    1.5E-001 
 16        -473.3439209887 -5.1E-02  1.8E-01  7.9E-02  0.0E+00    8    1.5E-001 
 17        -473.3697252601 -2.6E-02  4.2E-01  3.7E-02  3.1E-02    8    1.6E-001 
 18        -473.3875105641 -1.8E-02  8.8E-02  5.1E-02  0.0E+00    8    1.5E-001 
 19        -473.3905596152 -3.0E-03  6.3E-02  2.1E-02  0.0E+00    8    1.5E-001 
 20        -473.3895792764  9.8E-04  2.3E-01  7.4E-03  0.0E+00    8    1.5E-001 
 20*       -473.3914454842 -8.9E-04  1.5E-01  7.4E-03  6.2E-03    8    1.5E-001 
 21        -473.4032205645 -1.2E-02  1.2E-01  3.2E-02  1.0E-01    8    1.6E-001 
 22        -473.4184465828 -1.5E-02  1.4E-01  2.4E-02  1.6E-01    8    1.6E-001 
 23        -473.4363748863 -1.8E-02  1.5E-01  3.0E-02  1.5E-01    8    1.6E-001 
 24        -473.4534950528 -1.7E-02  2.1E-01  2.7E-02  7.1E-02    8    1.5E-001 
 25        -473.4595226931 -6.0E-03  1.1E-01  1.3E-02  0.0E+00    8    1.5E-001 
 26        -473.4608164182 -1.3E-03  3.1E-02  1.5E-02  0.0E+00    8    1.5E-001 
 27        -473.4617959626 -9.8E-04  1.6E-02  9.4E-03  4.0E-02    8    1.5E-001 
 28        -473.4623189817 -5.2E-04  2.3E-02  3.9E-03  1.3E-02    8    1.5E-001 
 29        -473.4626320601 -3.1E-04  2.0E-02  2.4E-03  0.0E+00    8    1.5E-001 
 30        -473.4628577830 -2.3E-04  1.8E-02  2.0E-03  0.0E+00    8    1.5E-001 
 31        -473.4630810249 -2.2E-04  1.6E-02  1.7E-03  0.0E+00    8    1.5E-001 
 32        -473.4633057546 -2.2E-04  1.5E-02  2.6E-03  0.0E+00    8    1.5E-001 
 33        -473.4638806587 -5.7E-04  2.9E-02  3.4E-03  2.5E-03    8    1.6E-001 
 34        -473.4649463748 -1.1E-03  3.4E-02  3.9E-03  1.5E-02    8    1.6E-001 
 35        -473.4687491779 -3.8E-03  4.9E-02  6.6E-03  2.1E-02    8    1.6E-001 
 36        -473.4788118316 -1.0E-02  4.5E-02  2.1E-02  1.4E-01    8    1.6E-001 
 37        -473.4966035314 -1.8E-02  7.0E-02  2.4E-02  1.4E-01    8    1.6E-001 
 38        -473.5126864999 -1.6E-02  9.0E-02  3.3E-02  7.8E-02    8    1.5E-001 
 39        -473.5165632677 -3.9E-03  4.8E-02  1.5E-02  0.0E+00    8    1.5E-001 
 40        -473.5171487401 -5.9E-04  1.4E-02  6.4E-03  0.0E+00    8    1.5E-001 
 41        -473.5176794276 -5.3E-04  1.9E-02  6.2E-03  0.0E+00    8    1.5E-001 
 42        -473.5182317652 -5.5E-04  3.3E-02  5.7E-03  0.0E+00    8    1.5E-001 
 43        -473.5187617671 -5.3E-04  2.5E-02  6.8E-03  0.0E+00    8    1.5E-001 
 44        -473.5189163161 -1.5E-04  7.6E-03  3.0E-03  0.0E+00    8    1.5E-001 
 45        -473.5190515010 -1.4E-04  8.2E-03  2.7E-03  0.0E+00    8    1.5E-001 
 46        -473.5191406157 -8.9E-05  6.1E-03  2.2E-03  0.0E+00    8    1.5E-001 
 47        -473.5192254959 -8.5E-05  7.2E-03  1.6E-03  0.0E+00    8    1.5E-001 
 48        -473.5192867652 -6.1E-05  6.0E-03  1.5E-03  0.0E+00    8    1.5E-001 
 49        -473.5193074230 -2.1E-05  2.2E-03  1.1E-03  0.0E+00    8    1.5E-001 
 50        -473.5193284290 -2.1E-05  3.1E-03  1.0E-03  0.0E+00    8    1.5E-001 
 51        -473.5193413231 -1.3E-05  2.0E-03  1.0E-03  0.0E+00    8    1.5E-001 
 52        -473.5193589977 -1.8E-05  2.6E-03  9.6E-04  0.0E+00    8    1.5E-001 
 53        -473.5193952462 -3.6E-05  6.3E-03  8.9E-04  0.0E+00    8    1.5E-001 
 54        -473.5194302499 -3.5E-05  8.4E-03  6.9E-04  0.0E+00    8    1.5E-001 
 55        -473.5194464925 -1.6E-05  5.6E-03  5.7E-04  0.0E+00    8    1.5E-001 
 56        -473.5194620958 -1.6E-05  6.4E-03  7.2E-04  0.0E+00    8    1.5E-001 
 57        -473.5194666882 -4.6E-06  2.6E-03  4.9E-04  0.0E+00    8    1.5E-001 
 58        -473.5194690374 -2.3E-06  1.6E-03  3.6E-04  0.0E+00    8    1.5E-001 
 59        -473.5194704886 -1.5E-06  1.1E-03  2.5E-04  0.0E+00    8    1.5E-001 
 60        -473.5194711231 -6.3E-07  1.0E-03  2.4E-04  0.0E+00    8    1.5E-001 
 61        -473.5194715250 -4.0E-07  5.0E-04  2.3E-04  0.0E+00    8    1.5E-001 
 62        -473.5194717139 -1.9E-07  3.9E-04  6.9E-05  0.0E+00    8    1.5E-001 
 63        -473.5194718114 -9.8E-08  2.6E-04  1.0E-04  0.0E+00    8    1.5E-001 
 64        -473.5194719006 -8.9E-08  2.6E-04  9.9E-05  0.0E+00    8    1.5E-001 
 65        -473.5194719862 -8.6E-08  2.6E-04  7.9E-05  0.0E+00    8    1.5E-001 
 66        -473.5194720475 -6.1E-08  2.5E-04  6.2E-05  0.0E+00    8    1.5E-001 
 67        -473.5194720863 -3.9E-08  1.9E-04  3.9E-05  0.0E+00    8    1.5E-001 
 68        -473.5194721399 -5.4E-08  2.4E-04  4.4E-05  0.0E+00    8    1.5E-001 
 69        -473.5194721931 -5.3E-08  1.5E-04  5.9E-05  0.0E+00    8    1.5E-001 
 70        -473.5194723032 -1.1E-07  4.0E-04  4.6E-05  0.0E+00    8    1.5E-001 
 71        -473.5194723777 -7.4E-08  4.3E-04  3.4E-05  0.0E+00    8    1.5E-001 
 72        -473.5194723970 -1.9E-08  1.6E-04  3.7E-05  0.0E+00    8    1.5E-001 
 73        -473.5194724090 -1.2E-08  1.2E-04  2.7E-05  0.0E+00    8    1.5E-001 
 74        -473.5194724154 -6.3E-09  1.0E-04  1.0E-05  0.0E+00    8    1.5E-001 
 75        -473.5194724200 -4.6E-09  1.0E-04  1.3E-05  0.0E+00    8    1.5E-001 
 76        -473.5194724212 -1.2E-09  7.2E-05  9.6E-06  0.0E+00    8    1.5E-001 
 77        -473.5194724242 -3.0E-09  1.9E-05  2.3E-05  0.0E+00    8    1.5E-001 
 78        -473.5194724259 -1.7E-09  4.1E-05  6.7E-06  0.0E+00    8    1.5E-001 
 79        -473.5194724287 -2.8E-09  7.5E-05  6.6E-06  0.0E+00    8    1.5E-001 
 80        -473.5194724308 -2.0E-09  7.9E-05  1.2E-05  0.0E+00    8    1.5E-001 
 81        -473.5194724334 -2.6E-09  9.6E-05  1.7E-05  0.0E+00    8    1.5E-001 
 82        -473.5194724357 -2.4E-09  7.4E-05  1.4E-05  0.0E+00    8    1.5E-001 
 83        -473.5194724366 -8.5E-10  2.1E-05  6.1E-06  0.0E+00    8    1.5E-001 
 84        -473.5194724376 -9.9E-10  3.7E-05  6.2E-06  0.0E+00    8    1.5E-001 
 85        -473.5194724385 -9.2E-10  2.9E-05  6.2E-06  0.0E+00    8    1.5E-001 
 86        -473.5194724388 -3.0E-10  2.1E-05  3.9E-06  0.0E+00    8    1.5E-001 
 87        -473.5194724389 -1.3E-10  1.5E-05  2.1E-06  0.0E+00    8    1.5E-001 
 88        -473.5194724391 -1.2E-10  7.6E-06  2.6E-06  0.0E+00    8    1.5E-001 
 89        -473.5194724392 -1.2E-10  8.8E-06  2.7E-06  0.0E+00    8    1.5E-001 
 90        -473.5194724394 -2.0E-10  2.1E-05  1.9E-06  0.0E+00    8    1.5E-001 
 91        -473.5194724395 -1.2E-10  1.7E-05  1.7E-06  0.0E+00    8    1.5E-001 
 92        -473.5194724396 -1.3E-10  2.2E-05  2.7E-06  0.0E+00    8    1.5E-001 
 93        -473.5194724397 -6.2E-11  1.3E-05  1.6E-06  0.0E+00    8    1.5E-001 
 94        -473.5194724397 -2.6E-11  5.5E-06  1.1E-06  0.0E+00    8    1.5E-001 
 95        -473.5194724398 -4.1E-11  8.8E-06  2.0E-06  0.0E+00    8    1.5E-001 
 96        -473.5194724398 -3.9E-11  6.0E-06  1.6E-06  0.0E+00    8    1.5E-001 
 97        -473.5194724398 -2.6E-11  6.2E-06  6.2E-07  0.0E+00    8    1.5E-001 
 98        -473.5194724398 -2.0E-11  4.0E-06  1.1E-06  0.0E+00    8    1.5E-001 
 99        -473.5194724399 -2.3E-11  5.6E-06  4.2E-07  0.0E+00    8    1.5E-001 
 100       -473.5194724399 -2.1E-11  6.2E-06  6.0E-07  0.0E+00    8    1.5E-001 
 101       -473.5194724399 -2.5E-11  1.1E-05  4.2E-07  0.0E+00    8    1.5E-001 
 102       -473.5194724399 -9.8E-12  5.4E-06  5.4E-07  0.0E+00    8    1.5E-001 
 103       -473.5194724399 -7.5E-12  3.4E-06  4.1E-07  0.0E+00    8    1.5E-001 
 104       -473.5194724399 -6.9E-12  4.0E-06  6.8E-07  0.0E+00    8    1.5E-001 
 105       -473.5194724399 -6.0E-12  2.9E-06  6.0E-07  0.0E+00    8    1.5E-001 
 106       -473.5194724399 -3.0E-12  2.0E-06  4.1E-07  0.0E+00    8    1.5E-001 
 107       -473.5194724399 -1.4E-12  1.3E-06  2.3E-07  0.0E+00    8    1.5E-001 
 108       -473.5194724399 -8.5E-13  1.0E-06  3.3E-07  0.0E+00    8    1.5E-001 
 109       -473.5194724399 -4.5E-13  4.9E-07  3.2E-07  0.0E+00    8    1.5E-001 
 ------------------------------------------------------------------------------
 SCF converged
 Converged energy                        -473.519472439946   
 ------------------------------------------------------------------------------
 Ehomo(Alpha) [eV]                       -5.152665962323     
 Elumo(Alpha) [eV]                       0.804851768204      
 Ehomo(Beta) [eV]                        -4.854517342764     
 Elumo(Beta) [eV]                        0.759622104031      

 dipole moment (Debye)
        x              y              z       
      2.012E-006     1.758E-006    -1.174E-006

 traceless quadrupole moment (Debye*Angs)
                       x              y              z       
 x                  -9.044E-002     7.261E-001     3.709E-001
 y                   7.261E-001     7.486E-001    -1.482E-001
 z                   3.709E-001    -1.482E-001    -6.581E-001

 ----------------------------------------------------------------------------
 Timings (seconds)
 * mean-field hamiltonian     1.6E+001
 * solver (setting up eqns)   1.4E-001
 * solver (energy estimate)   1.4E-002
 * solver (orthogonalization) 7.1E-003
 * solver (rotation matrix X) 2.4E-001
 * solver (exponential of X)  8.9E-002
 * solver (total)             5.0E-001
 * total SCF                  1.7E+001
 Atomic guess: CE, ../../../../basis-sets/bse/def2-svp.txt
 ---------------------------------------------------------
 E(HF) [a.u.]                            -4.7351947244E+002
 Tr(RhoAvg S), Cartesian AOs              3.0000000000E+001
 Tr(RhoAvg S), spherical AOs              3.0000000000E+001
 max|T RhoAvg T**T - RhoAvg_sao|                  1.55E-015
 max|c(RhoAvg) - c(Rho)|                          3.55E-015
 max|RhoAvg - Rho|                                1.85E-001
 Saved /mnt/storage_6/project_data/pl0415-03/marcin/beyond-rpa/guess/electron-densities/bse/def2-svp/ce.txt
 ----------------------------------------------------------------------------
                             SCF for PR (2S+1=4)                             
 ----------------------------------------------------------------------------
 NUMBER OF ATOMS                         1
 CHARGE                                  0
 Prescreening (pq|pq) integrals for the Cholesky decomposition
 Shell pairs will be sorted according to their max elements
 Max diagonal integral MaxDrs=1.6E+001
 Applying Eq. 15 in J. Chem. Phys. 150, 194112 (2019); doi: 10.1063/1.5083802
 Schwarz inequality: Dpq<min(10**(-8),Tau)**2/MaxDrs=6.4E-018
 Trace of exact Coulomb matrix: 2.1E+002
 Trace of discarded integrals: 0.0E+000
 Discarded 0 out of 300 shell pairs
 (0 out of 3081 orbital pairs)

 Step 1 of Cholesky decomposition: locating pivots
 -------------------------------------------------
 Dimensions of the Coulomb matrix: (3081,3081)
 Threshold for diagonal matrix elements: Dpq > 1.0E-007
 Max number of Cholesky vectors: 1170
 Rk storage block size: 500
 Max dimension of 2e integrals buffer: (3081,1000)

 ----------------------------------------------------------------------------
 #    Dmax        Memory (MB)    NPivots     %    Time        
 ----------------------------------------------------------------------------
 1    1.4E-001    3.4E+001       11          3    3.0E-001    
 2    8.6E-003    3.4E+001       279         18   4.2E-001    
 3    3.0E-004    3.2E+001       412         40   1.0E-001    
 4    3.0E-006    3.6E+001       544         82   2.0E-001    
 5    9.7E-008    2.1E+001       631         100  2.2E-001    

 Step 1 of the Cholesky decomposition completed
 Computed 631 pivots
 Largest residual Dpq: 9.7E-008
 NCholesky/NAO = 8.1E+000
 Step 1 of Cholesky decomposition completed in 1.2E+000 seconds
 Detailed timings in seconds
 Subtract prev contribs I (M-R**T*R)     1.7E-002
 Subtract prev contribs II (Rk)          2.8E-002
 Two-electron integrals                  1.2E+000
 Reallocation                            5.4E-003

 Step 2 of Cholesky decomposition completed in 1.2E-001 seconds
 Detailed timings in seconds
 Reduced-dimension matrix V    1.2E-001
 V=L*L**T                      1.1E-003
 L**(-1)                       1.4E-003

 Full-dimension Cholesky vectors of the Coulomb matrix will be stored in memory
 Cholesky vectors computed in 2.1E-001 seconds

 ┌─────────────────────────────────────────┐
 │          Self-consistent field          │
 └─────────────────────────────────────────┘

 Atomic orbital basis set
 . . . . . . . . . . . . . . . . . . . . . . . . . . . . . . . . . . . . . . 
 atomic centers                               1
 shell parameter sets                         24
 spherical AOs                                78
 max angular momentum                         4
 parameter set                                ../../../../basis-sets/bse/def2-svp.txt
 . . . . . . . . . . . . . . . . . . . . . . . . . . . . . . . . . . . . . . 
 SCF guess: bare nuclei Hamiltonian
 Starting self-consistent field iterations (spin-unrestricted)
 Alpha electrons: 17
 Beta electrons: 14
 ----------------------------------------------------------------------------
 Exchange-correlation: Hartree-Fock
 ----------------------------------------------------------------------------
 Replicated-data parallel SCF
 ----------------------------
 Processes                               1
 Threads/process                         16
 Allocated 1.3E-003 GiB of scratch space for the KS matrix build
 ----------------------------------------------------------------------------
 Loaded pseudopotential parameters
 ----------------------------------------------------------------------------

 PRASEODYMIUM
 Parameters file: ../../../../basis-sets/bse/def2-svp.txt
 ECP accounts for 28 core electrons

          Coeff         R^n       Exponent                                       

 Local part

 (Local part not present)
          0.00000000      2         1.00000000                                   

 L = 0

        577.57312200      2        20.76627800                                   

 L = 1

        295.78584600      2        16.07844800                                   

 L = 2

        150.86705500      2        14.70508900                                   

 L = 3

        -48.73676600      2        23.37896900                                   

 L = 4

        -22.32948800      2        17.44713800                                   

 ----------------------------------------------------------------------------
 Spherical harmonic basis contains 78 vectors
 Linear independence thresh: Eig(S) > 1.0E-006
 Computations will be carried out in the space of 78 MOs
 Threshold for J, K: |Rho(r,s)*(pq|rs)|,|Rho(q,s)*(pq|rs)| > 1.0E-011
 Convergence conditions
 ----------------------
 RhoDiff < 1.0E-006
 OrbGrad < 1.0E-006
 Max number of macroiters: 1024
 ------------------------------------------------------------------------------
 #           Energy        EDiff    RhoDiff  OrbGrad  OrbShift NStored Time     
 ------------------------------------------------------------------------------
 0          717.2766180083                                        0    2.1E-001 
 1         -462.2157248644           4.3E+02                      0    1.5E-001 
 2         -500.7868195453 -3.9E+01  7.0E+00  4.1E+00  8.2E+00    1    1.5E-001 
 3         -505.5078589235 -4.7E+00  2.9E+00  8.0E-01  2.4E+00    2    1.5E-001 
 4         -506.7984702344 -1.3E+00  5.6E-01  5.7E-01  1.0E+00    3    1.5E-001 
 5         -508.8643150278 -2.1E+00  1.8E-01  2.7E-01  1.1E+00    4    1.5E-001 
 6         -511.4156253423 -2.6E+00  2.2E-01  4.0E-01  1.1E+00    5    1.6E-001 
 7         -512.3481460233 -9.3E-01  9.4E-02  4.8E-01  1.1E+00    6    1.6E-001 
 8         -512.6792810518 -3.3E-01  4.9E-02  2.3E-01  1.1E+00    7    1.5E-001 
 9         -513.1635472000 -4.8E-01  1.5E-01  1.7E-01  1.1E+00    8    1.6E-001 
 10        -514.0002225406 -8.4E-01  2.7E-01  5.8E-01  2.0E+00    8    1.7E-001 
 11        -514.7326425799 -7.3E-01  3.5E-01  5.3E-01  5.5E-01    8    1.7E-001 
 12        -514.9433553840 -2.1E-01  2.2E-01  1.8E-01  1.2E-01    8    1.6E-001 
 13        -514.9635575493 -2.0E-02  8.4E-02  3.7E-02  0.0E+00    8    1.5E-001 
 14        -514.9802043347 -1.7E-02  1.5E-01  1.6E-02  0.0E+00    8    1.5E-001 
 15        -515.0375637582 -5.7E-02  2.1E-01  2.5E-02  0.0E+00    8    1.5E-001 
 16        -515.2546887294 -2.2E-01  4.1E-01  6.6E-02  1.5E-01    8    1.6E-001 
 17        -515.2849286950 -3.0E-02  2.0E-01  4.1E-02  0.0E+00    8    1.5E-001 
 18        -515.2921866226 -7.3E-03  1.1E-01  2.4E-02  0.0E+00    8    1.5E-001 
 19        -515.2972456781 -5.1E-03  4.7E-02  2.1E-02  0.0E+00    8    1.5E-001 
 20        -515.2994960943 -2.3E-03  4.9E-02  8.2E-03  0.0E+00    8    1.5E-001 
 21        -515.3006215276 -1.1E-03  5.1E-02  6.2E-03  0.0E+00    8    1.5E-001 
 22        -515.3013329013 -7.1E-04  2.1E-02  7.0E-03  0.0E+00    8    1.5E-001 
 23        -515.3018978172 -5.6E-04  1.9E-02  4.5E-03  1.4E-02    8    1.6E-001 
 24        -515.3023524034 -4.5E-04  2.3E-02  3.7E-03  4.8E-03    8    1.6E-001 
 25        -515.3026995337 -3.5E-04  1.9E-02  3.8E-03  0.0E+00    8    1.5E-001 
 26        -515.3029757051 -2.8E-04  2.3E-02  2.6E-03  0.0E+00    8    1.5E-001 
 27        -515.3031153955 -1.4E-04  5.8E-03  1.8E-03  0.0E+00    8    1.5E-001 
 28        -515.3032605799 -1.5E-04  7.7E-03  1.7E-03  0.0E+00    8    1.5E-001 
 29        -515.3034757448 -2.2E-04  1.4E-02  1.5E-03  0.0E+00    8    1.5E-001 
 30        -515.3036746021 -2.0E-04  1.5E-02  1.5E-03  0.0E+00    8    1.5E-001 
 31        -515.3038104438 -1.4E-04  8.7E-03  2.3E-03  0.0E+00    8    1.5E-001 
 32        -515.3040691754 -2.6E-04  1.6E-02  2.7E-03  0.0E+00    8    1.5E-001 
 33        -515.3043324484 -2.6E-04  1.4E-02  2.8E-03  0.0E+00    8    1.5E-001 
 34        -515.3050040122 -6.7E-04  3.3E-02  2.8E-03  3.7E-04    8    1.6E-001 
 35        -515.3059760454 -9.7E-04  4.2E-02  3.5E-03  2.5E-03    8    1.6E-001 
 36        -515.3067931516 -8.2E-04  4.2E-02  4.4E-03  0.0E+00    8    1.5E-001 
 37        -515.3074544863 -6.6E-04  2.1E-02  7.1E-03  0.0E+00    8    1.5E-001 
 38        -515.3079408993 -4.9E-04  1.1E-02  4.6E-03  0.0E+00    8    1.5E-001 
 39        -515.3084092834 -4.7E-04  1.6E-02  3.5E-03  0.0E+00    8    1.5E-001 
 40        -515.3088257448 -4.2E-04  1.3E-02  2.9E-03  0.0E+00    8    1.5E-001 
 41        -515.3090480557 -2.2E-04  8.4E-03  1.9E-03  0.0E+00    8    1.5E-001 
 42        -515.3091722298 -1.2E-04  6.7E-03  1.8E-03  0.0E+00    8    1.5E-001 
 43        -515.3092994135 -1.3E-04  8.5E-03  1.6E-03  0.0E+00    8    1.5E-001 
 44        -515.3093621597 -6.3E-05  5.4E-03  1.8E-03  0.0E+00    8    1.5E-001 
 45        -515.3093885905 -2.6E-05  2.9E-03  1.2E-03  0.0E+00    8    1.5E-001 
 46        -515.3094249376 -3.6E-05  3.2E-03  1.2E-03  0.0E+00    8    1.5E-001 
 47        -515.3094461316 -2.1E-05  2.7E-03  8.1E-04  0.0E+00    8    1.5E-001 
 48        -515.3094563494 -1.0E-05  1.7E-03  9.5E-04  0.0E+00    8    1.5E-001 
 49        -515.3094582359 -1.9E-06  5.5E-04  4.1E-04  0.0E+00    8    1.5E-001 
 50        -515.3094594076 -1.2E-06  4.9E-04  2.3E-04  0.0E+00    8    1.5E-001 
 51        -515.3094605223 -1.1E-06  7.5E-04  1.6E-04  0.0E+00    8    1.5E-001 
 52        -515.3094611154 -5.9E-07  6.8E-04  1.5E-04  0.0E+00    8    1.5E-001 
 53        -515.3094620538 -9.4E-07  1.2E-03  2.3E-04  0.0E+00    8    1.5E-001 
 54        -515.3094624931 -4.4E-07  1.4E-03  1.1E-04  0.0E+00    8    1.5E-001 
 55        -515.3094626459 -1.5E-07  5.2E-04  1.0E-04  0.0E+00    8    1.5E-001 
 56        -515.3094628202 -1.7E-07  3.3E-04  1.0E-04  0.0E+00    8    1.5E-001 
 57        -515.3094631410 -3.2E-07  7.3E-04  1.0E-04  0.0E+00    8    1.5E-001 
 58        -515.3094632541 -1.1E-07  3.2E-04  7.0E-05  0.0E+00    8    1.5E-001 
 59        -515.3094633156 -6.2E-08  2.6E-04  5.7E-05  0.0E+00    8    1.5E-001 
 60        -515.3094633495 -3.4E-08  3.2E-04  2.5E-05  0.0E+00    8    1.5E-001 
 61        -515.3094633765 -2.7E-08  2.3E-04  2.5E-05  0.0E+00    8    1.5E-001 
 62        -515.3094633901 -1.4E-08  6.7E-05  3.0E-05  0.0E+00    8    1.5E-001 
 63        -515.3094634022 -1.2E-08  9.9E-05  3.1E-05  0.0E+00    8    1.5E-001 
 64        -515.3094634257 -2.3E-08  2.1E-04  1.8E-05  0.0E+00    8    1.5E-001 
 65        -515.3094634389 -1.3E-08  1.6E-04  1.8E-05  0.0E+00    8    1.5E-001 
 66        -515.3094634465 -7.5E-09  5.2E-05  2.2E-05  0.0E+00    8    1.5E-001 
 67        -515.3094634506 -4.2E-09  3.1E-05  1.4E-05  0.0E+00    8    1.5E-001 
 68        -515.3094634541 -3.4E-09  4.7E-05  1.2E-05  0.0E+00    8    1.5E-001 
 69        -515.3094634550 -8.9E-10  1.7E-05  6.5E-06  0.0E+00    8    1.5E-001 
 70        -515.3094634552 -2.8E-10  8.0E-06  3.9E-06  0.0E+00    8    1.5E-001 
 71        -515.3094634556 -3.9E-10  1.4E-05  3.8E-06  0.0E+00    8    1.5E-001 
 72        -515.3094634560 -4.1E-10  1.4E-05  3.0E-06  0.0E+00    8    1.5E-001 
 73        -515.3094634562 -1.3E-10  8.3E-06  2.0E-06  0.0E+00    8    1.5E-001 
 74        -515.3094634563 -1.0E-10  7.2E-06  2.0E-06  0.0E+00    8    1.5E-001 
 75        -515.3094634563 -9.3E-11  9.2E-06  1.7E-06  0.0E+00    8    1.5E-001 
 76        -515.3094634564 -4.5E-11  3.1E-06  1.2E-06  0.0E+00    8    1.5E-001 
 77        -515.3094634564 -1.6E-11  1.5E-06  5.7E-07  0.0E+00    8    1.5E-001 
 78        -515.3094634564 -1.7E-11  2.2E-06  5.1E-07  0.0E+00    8    1.5E-001 
 79        -515.3094634564 -2.0E-11  2.9E-06  9.9E-07  0.0E+00    8    1.5E-001 
 80        -515.3094634565 -5.5E-12  3.6E-06  4.0E-07  0.0E+00    8    1.5E-001 
 81        -515.3094634565 -1.0E-11  1.0E-06  1.1E-06  0.0E+00    8    1.5E-001 
 82        -515.3094634561  3.4E-10  2.0E-05  3.9E-07  1.2E-02    8    1.6E-001 
 82*       -515.3094634564  1.7E-11  5.5E-06  3.9E-07  0.0E+00    8    1.5E-001 
 82*       -515.3094634565  4.4E-12  3.9E-06  3.9E-07  5.6E-03    8    1.6E-001 
 82*       -515.3094634565 -6.8E-13  2.9E-06  3.9E-07  1.4E-02    8    1.6E-001 
 83        -515.3094634565 -6.0E-12  1.1E-06  9.1E-07  0.0E+00    8    1.5E-001 
 84        -515.3094634565 -1.0E-12  4.0E-07  4.2E-07  0.0E+00    8    1.5E-001 
 ------------------------------------------------------------------------------
 SCF converged
 Converged energy                        -515.309463456468   
 ------------------------------------------------------------------------------
 Ehomo(Alpha) [eV]                       -4.743021285368     
 Elumo(Alpha) [eV]                       0.944326433558      
 Ehomo(Beta) [eV]                        -4.643803793173     
 Elumo(Beta) [eV]                        0.986131080391      

 dipole moment (Debye)
        x              y              z       
      8.541E-007    -9.553E-007    -2.768E-006

 traceless quadrupole moment (Debye*Angs)
                       x              y              z       
 x                  -2.093E-005     3.963E-007    -9.654E-007
 y                   3.963E-007    -2.952E-005     2.144E-007
 z                  -9.654E-007     2.144E-007     5.045E-005

 ----------------------------------------------------------------------------
 Timings (seconds)
 * mean-field hamiltonian     1.3E+001
 * solver (setting up eqns)   1.2E-001
 * solver (energy estimate)   1.1E-002
 * solver (orthogonalization) 5.6E-003
 * solver (rotation matrix X) 1.8E-001
 * solver (exponential of X)  7.0E-002
 * solver (total)             3.9E-001
 * total SCF                  1.4E+001
 Atomic guess: PR, ../../../../basis-sets/bse/def2-svp.txt
 ---------------------------------------------------------
 E(HF) [a.u.]                            -5.1530946346E+002
 Tr(RhoAvg S), Cartesian AOs              3.1000000000E+001
 Tr(RhoAvg S), spherical AOs              3.1000000000E+001
 max|T RhoAvg T**T - RhoAvg_sao|                  1.33E-015
 max|c(RhoAvg) - c(Rho)|                          8.88E-016
 max|RhoAvg - Rho|                                2.64E-001
 Saved /mnt/storage_6/project_data/pl0415-03/marcin/beyond-rpa/guess/electron-densities/bse/def2-svp/pr.txt
 ----------------------------------------------------------------------------
                             SCF for ND (2S+1=5)                             
 ----------------------------------------------------------------------------
 NUMBER OF ATOMS                         1
 CHARGE                                  0
 Prescreening (pq|pq) integrals for the Cholesky decomposition
 Shell pairs will be sorted according to their max elements
 Max diagonal integral MaxDrs=1.7E+001
 Applying Eq. 15 in J. Chem. Phys. 150, 194112 (2019); doi: 10.1063/1.5083802
 Schwarz inequality: Dpq<min(10**(-8),Tau)**2/MaxDrs=5.8E-018
 Trace of exact Coulomb matrix: 2.2E+002
 Trace of discarded integrals: 0.0E+000
 Discarded 0 out of 300 shell pairs
 (0 out of 3081 orbital pairs)

 Step 1 of Cholesky decomposition: locating pivots
 -------------------------------------------------
 Dimensions of the Coulomb matrix: (3081,3081)
 Threshold for diagonal matrix elements: Dpq > 1.0E-007
 Max number of Cholesky vectors: 1170
 Rk storage block size: 500
 Max dimension of 2e integrals buffer: (3081,1000)

 ----------------------------------------------------------------------------
 #    Dmax        Memory (MB)    NPivots     %    Time        
 ----------------------------------------------------------------------------
 1    1.7E-001    3.4E+001       8           3    3.9E-001    
 2    1.2E-002    3.4E+001       278         21   3.1E-001    
 3    1.1E-004    3.1E+001       408         40   3.4E-001    
 4    8.5E-006    3.6E+001       563         90   2.7E-001    
 5    9.2E-008    1.7E+001       635         100  1.4E-001    

 Step 1 of the Cholesky decomposition completed
 Computed 635 pivots
 Largest residual Dpq: 9.2E-008
 NCholesky/NAO = 8.1E+000
 Step 1 of Cholesky decomposition completed in 1.5E+000 seconds
 Detailed timings in seconds
 Subtract prev contribs I (M-R**T*R)     2.5E-002
 Subtract prev contribs II (Rk)          3.1E-002
 Two-electron integrals                  1.4E+000
 Reallocation                            5.3E-003

 Step 2 of Cholesky decomposition completed in 1.2E-001 seconds
 Detailed timings in seconds
 Reduced-dimension matrix V    1.2E-001
 V=L*L**T                      1.1E-003
 L**(-1)                       1.4E-003

 Full-dimension Cholesky vectors of the Coulomb matrix will be stored in memory
 Cholesky vectors computed in 2.6E-001 seconds

 ┌─────────────────────────────────────────┐
 │          Self-consistent field          │
 └─────────────────────────────────────────┘

 Atomic orbital basis set
 . . . . . . . . . . . . . . . . . . . . . . . . . . . . . . . . . . . . . . 
 atomic centers                               1
 shell parameter sets                         24
 spherical AOs                                78
 max angular momentum                         4
 parameter set                                ../../../../basis-sets/bse/def2-svp.txt
 . . . . . . . . . . . . . . . . . . . . . . . . . . . . . . . . . . . . . . 
 SCF guess: bare nuclei Hamiltonian
 Starting self-consistent field iterations (spin-unrestricted)
 Alpha electrons: 18
 Beta electrons: 14
 ----------------------------------------------------------------------------
 Exchange-correlation: Hartree-Fock
 ----------------------------------------------------------------------------
 Replicated-data parallel SCF
 ----------------------------
 Processes                               1
 Threads/process                         16
 Allocated 1.3E-003 GiB of scratch space for the KS matrix build
 ----------------------------------------------------------------------------
 Loaded pseudopotential parameters
 ----------------------------------------------------------------------------

 NEODYMIUM   
 Parameters file: ../../../../basis-sets/bse/def2-svp.txt
 ECP accounts for 28 core electrons

          Coeff         R^n       Exponent                                       

 Local part

 (Local part not present)
          0.00000000      2         1.00000000                                   

 L = 0

        574.37098000      2        21.35226700                                   

 L = 1

        280.94644000      2        16.11926500                                   

 L = 2

        138.67062700      2        14.49410300                                   

 L = 3

        -47.52266800      2        23.18386000                                   

 L = 4

        -23.34458700      2        18.34417400                                   

 ----------------------------------------------------------------------------
 Spherical harmonic basis contains 78 vectors
 Linear independence thresh: Eig(S) > 1.0E-006
 Computations will be carried out in the space of 78 MOs
 Threshold for J, K: |Rho(r,s)*(pq|rs)|,|Rho(q,s)*(pq|rs)| > 1.0E-011
 Convergence conditions
 ----------------------
 RhoDiff < 1.0E-006
 OrbGrad < 1.0E-006
 Max number of macroiters: 1024
 ------------------------------------------------------------------------------
 #           Energy        EDiff    RhoDiff  OrbGrad  OrbShift NStored Time     
 ------------------------------------------------------------------------------
 0          739.2330595456                                        0    2.1E-001 
 1         -509.7376832531           4.1E+02                      0    1.7E-001 
 2         -546.1843679328 -3.6E+01  6.5E+00  4.0E+00  8.0E+00    1    1.6E-001 
 3         -551.3095444620 -5.1E+00  2.5E+00  1.1E+00  2.3E+00    2    1.6E-001 
 4         -553.5440116454 -2.2E+00  4.7E-01  5.6E-01  9.7E-01    3    1.6E-001 
 5         -555.5386369502 -2.0E+00  1.8E-01  3.8E-01  1.1E+00    4    1.6E-001 
 6         -556.5241634763 -9.9E-01  1.4E-01  3.9E-01  1.1E+00    5    1.6E-001 
 7         -556.8435338923 -3.2E-01  5.5E-02  3.5E-01  1.1E+00    6    1.6E-001 
 8         -556.9833734835 -1.4E-01  7.0E-02  1.7E-01  1.1E+00    7    1.6E-001 
 9         -557.4280437516 -4.4E-01  1.2E-01  1.1E-01  1.2E+00    8    1.7E-001 
 10        -558.3261774846 -9.0E-01  2.5E-01  6.9E-01  2.3E+00    8    1.7E-001 
 11        -559.0351709362 -7.1E-01  2.8E-01  7.0E-01  5.0E-01    8    1.7E-001 
 12        -559.2699998551 -2.3E-01  4.1E-01  1.4E-01  5.3E-02    8    1.7E-001 
 13        -559.3819466816 -1.1E-01  2.5E-01  1.4E-01  4.0E-02    8    1.6E-001 
 14        -559.5141553924 -1.3E-01  6.0E-01  3.8E-02  3.4E-02    8    1.7E-001 
 15        -559.5450343530 -3.1E-02  1.6E-01  4.5E-02  0.0E+00    8    1.6E-001 
 16        -559.5534588924 -8.4E-03  1.3E-01  3.0E-02  0.0E+00    8    1.6E-001 
 17        -559.5618503818 -8.4E-03  1.3E-01  2.8E-02  0.0E+00    8    1.6E-001 
 18        -559.5824801031 -2.1E-02  1.3E-01  2.1E-02  0.0E+00    8    1.6E-001 
 19        -559.6135068635 -3.1E-02  2.4E-01  2.5E-02  0.0E+00    8    1.6E-001 
 20        -559.6220763929 -8.6E-03  8.8E-02  2.4E-02  0.0E+00    8    1.6E-001 
 21        -559.6266056159 -4.5E-03  1.0E-01  1.1E-02  0.0E+00    8    1.6E-001 
 22        -559.6295817068 -3.0E-03  3.5E-02  1.1E-02  0.0E+00    8    1.6E-001 
 23        -559.6322629407 -2.7E-03  2.6E-02  1.5E-02  0.0E+00    8    1.6E-001 
 24        -559.6335688124 -1.3E-03  3.8E-02  5.8E-03  0.0E+00    8    1.6E-001 
 25        -559.6337516714 -1.8E-04  1.4E-02  2.7E-03  0.0E+00    8    1.6E-001 
 26        -559.6338839683 -1.3E-04  4.4E-03  2.1E-03  0.0E+00    8    1.6E-001 
 27        -559.6340819052 -2.0E-04  6.9E-03  1.8E-03  0.0E+00    8    1.6E-001 
 28        -559.6342408378 -1.6E-04  9.7E-03  1.5E-03  0.0E+00    8    1.6E-001 
 29        -559.6343703780 -1.3E-04  5.6E-03  1.9E-03  0.0E+00    8    1.6E-001 
 30        -559.6346300514 -2.6E-04  1.3E-02  1.5E-03  1.3E-02    8    1.7E-001 
 31        -559.6347490633 -1.2E-04  1.2E-02  1.3E-03  0.0E+00    8    1.6E-001 
 32        -559.6347618902 -1.3E-05  3.3E-03  6.6E-04  0.0E+00    8    1.6E-001 
 33        -559.6347722769 -1.0E-05  3.0E-03  6.7E-04  0.0E+00    8    1.6E-001 
 34        -559.6347781890 -5.9E-06  1.5E-03  4.4E-04  0.0E+00    8    1.6E-001 
 35        -559.6347806409 -2.5E-06  9.4E-04  3.5E-04  0.0E+00    8    1.6E-001 
 36        -559.6347833174 -2.7E-06  2.5E-03  2.7E-04  0.0E+00    8    1.6E-001 
 37        -559.6347841650 -8.5E-07  7.8E-04  1.7E-04  0.0E+00    8    1.6E-001 
 38        -559.6347846464 -4.8E-07  5.4E-04  1.7E-04  0.0E+00    8    1.6E-001 
 39        -559.6347858330 -1.2E-06  8.1E-04  2.3E-04  0.0E+00    8    1.6E-001 
 40        -559.6347866107 -7.8E-07  7.3E-04  1.5E-04  0.0E+00    8    1.6E-001 
 41        -559.6347870184 -4.1E-07  5.7E-04  1.1E-04  0.0E+00    8    1.6E-001 
 42        -559.6347872829 -2.6E-07  4.8E-04  6.7E-05  0.0E+00    8    1.6E-001 
 43        -559.6347874213 -1.4E-07  2.8E-04  7.6E-05  0.0E+00    8    1.6E-001 
 44        -559.6347875019 -8.1E-08  1.7E-04  4.9E-05  0.0E+00    8    1.6E-001 
 45        -559.6347875986 -9.7E-08  2.1E-04  4.6E-05  0.0E+00    8    1.6E-001 
 46        -559.6347876949 -9.6E-08  2.6E-04  7.2E-05  0.0E+00    8    1.6E-001 
 47        -559.6347877298 -3.5E-08  1.3E-04  3.0E-05  0.0E+00    8    1.6E-001 
 48        -559.6347877477 -1.8E-08  1.3E-04  2.3E-05  0.0E+00    8    1.6E-001 
 49        -559.6347877656 -1.8E-08  8.5E-05  5.2E-05  0.0E+00    8    1.6E-001 
 50        -559.6347877731 -7.6E-09  4.6E-05  4.4E-05  0.0E+00    8    1.6E-001 
 51        -559.6347877740 -9.1E-10  2.3E-05  6.2E-06  0.0E+00    8    1.6E-001 
 52        -559.6347877747 -6.6E-10  1.1E-05  4.4E-06  0.0E+00    8    1.6E-001 
 53        -559.6347877751 -3.8E-10  7.3E-06  3.7E-06  0.0E+00    8    1.6E-001 
 54        -559.6347877754 -3.1E-10  6.9E-06  3.8E-06  0.0E+00    8    1.6E-001 
 55        -559.6347877758 -4.0E-10  1.3E-05  3.6E-06  0.0E+00    8    1.6E-001 
 56        -559.6347877761 -2.8E-10  1.1E-05  2.2E-06  0.0E+00    8    1.6E-001 
 57        -559.6347877763 -2.1E-10  1.1E-05  2.3E-06  0.0E+00    8    1.6E-001 
 58        -559.6347877764 -1.4E-10  9.8E-06  2.4E-06  0.0E+00    8    1.6E-001 
 59        -559.6347877765 -9.4E-11  8.1E-06  2.2E-06  0.0E+00    8    1.6E-001 
 60        -559.6347877766 -1.1E-10  6.7E-06  4.0E-06  0.0E+00    8    1.6E-001 
 61        -559.6347877767 -1.0E-10  9.4E-06  2.4E-06  0.0E+00    8    1.6E-001 
 62        -559.6347877768 -2.3E-11  4.2E-06  7.6E-07  0.0E+00    8    1.6E-001 
 63        -559.6347877768 -1.2E-11  1.5E-06  5.3E-07  0.0E+00    8    1.6E-001 
 64        -559.6347877768 -1.4E-11  2.6E-06  6.6E-07  0.0E+00    8    1.6E-001 
 65        -559.6347877768 -6.3E-12  1.8E-06  5.5E-07  0.0E+00    8    1.6E-001 
 66        -559.6347877768 -8.3E-12  1.8E-06  5.6E-07  0.0E+00    8    1.6E-001 
 67        -559.6347877768 -3.9E-12  2.0E-06  2.1E-07  0.0E+00    8    1.6E-001 
 68        -559.6347877768 -1.4E-12  4.7E-07  3.6E-07  0.0E+00    8    1.6E-001 
 ------------------------------------------------------------------------------
 SCF converged
 Converged energy                        -559.634787776800   
 ------------------------------------------------------------------------------
 Ehomo(Alpha) [eV]                       -4.827512089239     
 Elumo(Alpha) [eV]                       0.831768410157      
 Ehomo(Beta) [eV]                        -4.695434418265     
 Elumo(Beta) [eV]                        0.875099094037      

 dipole moment (Debye)
        x              y              z       
      1.507E-006     3.984E-007    -2.795E-006

 traceless quadrupole moment (Debye*Angs)
                       x              y              z       
 x                   1.926E-006    -6.550E-008     1.706E-007
 y                  -6.550E-008    -2.295E-006     1.099E-006
 z                   1.706E-007     1.099E-006     3.690E-007

 ----------------------------------------------------------------------------
 Timings (seconds)
 * mean-field hamiltonian     1.1E+001
 * solver (setting up eqns)   9.3E-002
 * solver (energy estimate)   9.5E-003
 * solver (orthogonalization) 4.5E-003
 * solver (rotation matrix X) 1.1E-001
 * solver (exponential of X)  5.5E-002
 * solver (total)             2.8E-001
 * total SCF                  1.1E+001
 Atomic guess: ND, ../../../../basis-sets/bse/def2-svp.txt
 ---------------------------------------------------------
 E(HF) [a.u.]                            -5.5963478778E+002
 Tr(RhoAvg S), Cartesian AOs              3.2000000000E+001
 Tr(RhoAvg S), spherical AOs              3.2000000000E+001
 max|T RhoAvg T**T - RhoAvg_sao|                  8.88E-016
 max|c(RhoAvg) - c(Rho)|                          8.88E-016
 max|RhoAvg - Rho|                                2.53E-001
 Saved /mnt/storage_6/project_data/pl0415-03/marcin/beyond-rpa/guess/electron-densities/bse/def2-svp/nd.txt
 ----------------------------------------------------------------------------
                             SCF for PM (2S+1=6)                             
 ----------------------------------------------------------------------------
 NUMBER OF ATOMS                         1
 CHARGE                                  0
 Prescreening (pq|pq) integrals for the Cholesky decomposition
 Shell pairs will be sorted according to their max elements
 Max diagonal integral MaxDrs=1.9E+001
 Applying Eq. 15 in J. Chem. Phys. 150, 194112 (2019); doi: 10.1063/1.5083802
 Schwarz inequality: Dpq<min(10**(-8),Tau)**2/MaxDrs=5.2E-018
 Trace of exact Coulomb matrix: 2.1E+002
 Trace of discarded integrals: 0.0E+000
 Discarded 0 out of 300 shell pairs
 (0 out of 3081 orbital pairs)

 Step 1 of Cholesky decomposition: locating pivots
 -------------------------------------------------
 Dimensions of the Coulomb matrix: (3081,3081)
 Threshold for diagonal matrix elements: Dpq > 1.0E-007
 Max number of Cholesky vectors: 1170
 Rk storage block size: 500
 Max dimension of 2e integrals buffer: (3081,1000)

 ----------------------------------------------------------------------------
 #    Dmax        Memory (MB)    NPivots     %    Time        
 ----------------------------------------------------------------------------
 1    1.8E-001    3.4E+001       9           3    2.8E-001    
 2    8.6E-003    3.4E+001       273         19   2.8E-001    
 3    8.6E-005    3.3E+001       421         45   9.9E-002    
 4    8.4E-007    3.6E+001       580         93   2.9E-001    
 5    9.7E-008    8.0E+000       644         100  2.2E-001    

 Step 1 of the Cholesky decomposition completed
 Computed 644 pivots
 Largest residual Dpq: 9.7E-008
 NCholesky/NAO = 8.3E+000
 Step 1 of Cholesky decomposition completed in 1.2E+000 seconds
 Detailed timings in seconds
 Subtract prev contribs I (M-R**T*R)     1.4E-002
 Subtract prev contribs II (Rk)          3.0E-002
 Two-electron integrals                  1.1E+000
 Reallocation                            4.8E-003

 Step 2 of Cholesky decomposition completed in 1.2E-001 seconds
 Detailed timings in seconds
 Reduced-dimension matrix V    1.2E-001
 V=L*L**T                      1.0E-003
 L**(-1)                       2.3E-003

 Full-dimension Cholesky vectors of the Coulomb matrix will be stored in memory
 Cholesky vectors computed in 2.6E-001 seconds

 ┌─────────────────────────────────────────┐
 │          Self-consistent field          │
 └─────────────────────────────────────────┘

 Atomic orbital basis set
 . . . . . . . . . . . . . . . . . . . . . . . . . . . . . . . . . . . . . . 
 atomic centers                               1
 shell parameter sets                         24
 spherical AOs                                78
 max angular momentum                         4
 parameter set                                ../../../../basis-sets/bse/def2-svp.txt
 . . . . . . . . . . . . . . . . . . . . . . . . . . . . . . . . . . . . . . 
 SCF guess: bare nuclei Hamiltonian
 Starting self-consistent field iterations (spin-unrestricted)
 Alpha electrons: 19
 Beta electrons: 14
 ----------------------------------------------------------------------------
 Exchange-correlation: Hartree-Fock
 ----------------------------------------------------------------------------
 Replicated-data parallel SCF
 ----------------------------
 Processes                               1
 Threads/process                         16
 Allocated 1.3E-003 GiB of scratch space for the KS matrix build
 ----------------------------------------------------------------------------
 Loaded pseudopotential parameters
 ----------------------------------------------------------------------------

 PROMETHIUM  
 Parameters file: ../../../../basis-sets/bse/def2-svp.txt
 ECP accounts for 28 core electrons

          Coeff         R^n       Exponent                                       

 Local part

 (Local part not present)
          0.00000000      2         1.00000000                                   

 L = 0

        575.39574900      2        21.94286500                                   

 L = 1

        281.70451400      2        16.55516100                                   

 L = 2

        123.52473700      2        13.96030800                                   

 L = 3

        -50.74151100      2        24.03354600                                   

 L = 4

        -24.37251000      2        19.26024500                                   

 ----------------------------------------------------------------------------
 Spherical harmonic basis contains 78 vectors
 Linear independence thresh: Eig(S) > 1.0E-006
 Computations will be carried out in the space of 78 MOs
 Threshold for J, K: |Rho(r,s)*(pq|rs)|,|Rho(q,s)*(pq|rs)| > 1.0E-011
 Convergence conditions
 ----------------------
 RhoDiff < 1.0E-006
 OrbGrad < 1.0E-006
 Max number of macroiters: 1024
 ------------------------------------------------------------------------------
 #           Energy        EDiff    RhoDiff  OrbGrad  OrbShift NStored Time     
 ------------------------------------------------------------------------------
 0          801.2517577901                                        0    2.2E-001 
 1         -573.9810676427           2.8E+02                      0    1.6E-001 
 2         -596.7991974445 -2.3E+01  5.2E+00  3.4E+00  6.3E+00    1    1.6E-001 
 3         -600.5644926373 -3.8E+00  2.2E+00  8.9E-01  1.8E+00    2    1.6E-001 
 4         -601.0308485406 -4.7E-01  4.3E-01  3.0E-01  7.9E-01    3    1.6E-001 
 5         -601.5499840302 -5.2E-01  9.9E-02  2.8E-01  1.4E+00    4    1.7E-001 
 6         -602.3461939404 -8.0E-01  1.4E-01  4.6E-01  7.9E-01    5    1.7E-001 
 7         -603.2589135220 -9.1E-01  1.3E-01  4.1E-01  1.1E+00    6    1.7E-001 
 8         -604.9931067580 -1.7E+00  2.5E-01  4.0E-01  6.3E-01    7    1.7E-001 
 9         -605.6422468423 -6.5E-01  2.1E-01  4.6E-01  2.8E-01    8    1.6E-001 
 10        -606.0715212601 -4.3E-01  9.5E-01  1.5E-01  8.0E-02    8    1.7E-001 
 11        -606.1611622886 -9.0E-02  2.1E-01  1.3E-01  0.0E+00    8    1.6E-001 
 12        -606.1666632028 -5.5E-03  6.8E-02  4.2E-02  0.0E+00    8    1.6E-001 
 13        -606.1785073960 -1.2E-02  3.5E-02  4.2E-02  1.8E-01    8    1.7E-001 
 14        -606.1840406013 -5.5E-03  3.2E-02  1.9E-02  1.5E-01    8    1.7E-001 
 15        -606.1885922163 -4.6E-03  3.6E-02  1.6E-02  4.5E-02    8    1.7E-001 
 16        -606.1903519954 -1.8E-03  3.3E-02  7.5E-03  0.0E+00    8    1.6E-001 
 17        -606.1923249138 -2.0E-03  5.3E-02  9.7E-03  0.0E+00    8    1.6E-001 
 18        -606.1926878071 -3.6E-04  1.3E-02  4.8E-03  0.0E+00    8    1.7E-001 
 19        -606.1928904761 -2.0E-04  1.6E-02  2.6E-03  0.0E+00    8    1.6E-001 
 20        -606.1930224909 -1.3E-04  3.9E-03  2.8E-03  0.0E+00    8    1.6E-001 
 21        -606.1931978784 -1.8E-04  7.1E-03  2.7E-03  0.0E+00    8    1.6E-001 
 22        -606.1944219728 -1.2E-03  7.8E-02  4.1E-03  2.7E-03    8    1.7E-001 
 23        -606.2001874762 -5.8E-03  3.6E-02  1.0E-02  1.3E-01    8    1.7E-001 
 24        -606.2151586996 -1.5E-02  4.8E-02  2.2E-02  2.9E-01    8    1.8E-001 
 25        -606.2464110927 -3.1E-02  6.7E-02  4.6E-02  4.2E-01    8    1.8E-001 
 26        -606.2954212484 -4.9E-02  8.2E-02  7.5E-02  4.5E-01    8    1.8E-001 
 27        -606.3445784338 -4.9E-02  1.0E-01  7.3E-02  2.7E-01    8    1.8E-001 
 28        -606.3737435376 -2.9E-02  3.0E-01  4.9E-02  1.3E-01    8    1.8E-001 
 29        -606.3977581916 -2.4E-02  3.2E-01  3.7E-02  1.1E-01    8    1.7E-001 
 30        -606.4355687648 -3.8E-02  2.4E-01  6.3E-02  4.4E-02    8    1.7E-001 
 31        -606.4752112882 -4.0E-02  1.5E-01  5.7E-02  7.1E-02    8    1.7E-001 
 32        -606.4999971498 -2.5E-02  1.9E-01  3.5E-02  5.7E-03    8    1.7E-001 
 33        -606.5018037732 -1.8E-03  5.7E-02  1.0E-02  0.0E+00    8    1.6E-001 
 34        -606.5017488192  5.5E-05  6.5E-02  6.3E-03  0.0E+00    8    1.6E-001 
 34*       -606.5021792057 -3.8E-04  4.8E-02  6.3E-03  3.4E-02    8    1.7E-001 
 35        -606.5034028886 -1.2E-03  4.5E-02  1.1E-02  1.2E-02    8    1.7E-001 
 36        -606.5037270101 -3.2E-04  2.3E-02  2.1E-03  1.7E-04    8    1.7E-001 
 37        -606.5038317254 -1.0E-04  2.5E-02  1.6E-03  0.0E+00    8    1.6E-001 
 38        -606.5039242096 -9.2E-05  1.6E-02  2.7E-03  0.0E+00    8    1.6E-001 
 39        -606.5040115336 -8.7E-05  1.1E-02  1.7E-03  0.0E+00    8    1.6E-001 
 40        -606.5040489586 -3.7E-05  9.1E-03  1.2E-03  0.0E+00    8    1.6E-001 
 41        -606.5040618543 -1.3E-05  6.6E-03  9.7E-04  0.0E+00    8    1.6E-001 
 42        -606.5040705605 -8.7E-06  3.8E-03  8.4E-04  0.0E+00    8    1.6E-001 
 43        -606.5040768402 -6.3E-06  8.7E-04  4.5E-04  0.0E+00    8    1.6E-001 
 44        -606.5040987017 -2.2E-05  3.2E-03  4.8E-04  0.0E+00    8    1.6E-001 
 45        -606.5041261721 -2.7E-05  4.9E-03  4.3E-04  0.0E+00    8    1.6E-001 
 46        -606.5041491659 -2.3E-05  5.3E-03  4.0E-04  0.0E+00    8    1.6E-001 
 47        -606.5041688423 -2.0E-05  5.8E-03  4.1E-04  0.0E+00    8    1.6E-001 
 48        -606.5041745319 -5.7E-06  1.6E-03  3.8E-04  0.0E+00    8    1.6E-001 
 49        -606.5041794344 -4.9E-06  1.3E-03  4.2E-04  0.0E+00    8    1.6E-001 
 50        -606.5041874106 -8.0E-06  3.4E-03  4.0E-04  0.0E+00    8    1.6E-001 
 51        -606.5041974515 -1.0E-05  3.0E-03  3.6E-04  0.0E+00    8    1.6E-001 
 52        -606.5042072866 -9.8E-06  2.2E-03  5.4E-04  0.0E+00    8    1.6E-001 
 53        -606.5042228268 -1.6E-05  4.2E-03  4.4E-04  9.7E-03    8    1.7E-001 
 54        -606.5042365487 -1.4E-05  5.2E-03  3.4E-04  5.1E-03    8    1.7E-001 
 55        -606.5042494720 -1.3E-05  6.4E-03  5.3E-04  0.0E+00    8    1.6E-001 
 56        -606.5042594102 -9.9E-06  7.6E-03  2.8E-04  0.0E+00    8    1.6E-001 
 57        -606.5042642992 -4.9E-06  4.1E-03  3.3E-04  0.0E+00    8    1.6E-001 
 58        -606.5042685758 -4.3E-06  3.1E-03  3.4E-04  0.0E+00    8    1.6E-001 
 59        -606.5042719021 -3.3E-06  1.2E-03  3.5E-04  0.0E+00    8    1.6E-001 
 60        -606.5042747355 -2.8E-06  1.4E-03  2.7E-04  0.0E+00    8    1.6E-001 
 61        -606.5042781440 -3.4E-06  2.0E-03  2.4E-04  0.0E+00    8    1.6E-001 
 62        -606.5042858425 -7.7E-06  5.1E-03  2.4E-04  3.3E-03    8    1.7E-001 
 63        -606.5042913128 -5.5E-06  6.3E-03  5.1E-04  7.0E-04    8    1.7E-001 
 64        -606.5042996280 -8.3E-06  5.8E-03  9.1E-04  0.0E+00    8    1.6E-001 
 65        -606.5043066170 -7.0E-06  7.3E-03  4.0E-04  0.0E+00    8    1.6E-001 
 66        -606.5043085160 -1.9E-06  1.2E-03  2.8E-04  0.0E+00    8    1.6E-001 
 67        -606.5043112177 -2.7E-06  2.9E-03  3.2E-04  0.0E+00    8    1.6E-001 
 68        -606.5043124528 -1.2E-06  7.9E-04  1.5E-04  0.0E+00    8    1.6E-001 
 69        -606.5043140816 -1.6E-06  1.1E-03  1.4E-04  0.0E+00    8    1.6E-001 
 70        -606.5043161019 -2.0E-06  2.1E-03  1.3E-04  0.0E+00    8    1.6E-001 
 71        -606.5043185108 -2.4E-06  2.8E-03  2.6E-04  0.0E+00    8    1.6E-001 
 72        -606.5043212436 -2.7E-06  3.8E-03  2.1E-04  0.0E+00    8    1.6E-001 
 73        -606.5043230583 -1.8E-06  4.3E-03  2.1E-04  0.0E+00    8    1.6E-001 
 74        -606.5043239720 -9.1E-07  9.8E-04  5.5E-04  0.0E+00    8    1.6E-001 
 75        -606.5043251717 -1.2E-06  8.7E-04  3.9E-04  0.0E+00    8    1.6E-001 
 76        -606.5043261730 -1.0E-06  9.8E-04  1.6E-04  0.0E+00    8    1.6E-001 
 77        -606.5043266804 -5.1E-07  1.7E-03  1.3E-04  0.0E+00    8    1.6E-001 
 78        -606.5043271617 -4.8E-07  5.8E-04  1.3E-04  0.0E+00    8    1.6E-001 
 79        -606.5043278174 -6.6E-07  1.0E-03  1.1E-04  0.0E+00    8    1.6E-001 
 80        -606.5043284626 -6.5E-07  6.7E-04  1.2E-04  0.0E+00    8    1.6E-001 
 81        -606.5043290474 -5.8E-07  9.1E-04  1.1E-04  0.0E+00    8    1.6E-001 
 82        -606.5043297841 -7.4E-07  1.8E-03  1.1E-04  0.0E+00    8    1.6E-001 
 83        -606.5043310668 -1.3E-06  2.6E-03  1.1E-04  1.9E-04    8    1.7E-001 
 84        -606.5043326546 -1.6E-06  3.1E-03  1.8E-04  0.0E+00    8    1.6E-001 
 85        -606.5043336539 -1.0E-06  2.8E-03  1.5E-04  0.0E+00    8    1.6E-001 
 86        -606.5043345596 -9.1E-07  4.1E-03  1.2E-04  0.0E+00    8    1.6E-001 
 87        -606.5043348142 -2.5E-07  8.6E-04  1.6E-04  0.0E+00    8    1.6E-001 
 88        -606.5043350784 -2.6E-07  6.7E-04  1.8E-04  0.0E+00    8    1.6E-001 
 89        -606.5043356862 -6.1E-07  6.5E-04  1.5E-04  0.0E+00    8    1.6E-001 
 90        -606.5043361376 -4.5E-07  1.4E-03  6.9E-05  0.0E+00    8    1.6E-001 
 91        -606.5043364516 -3.1E-07  1.9E-03  6.4E-05  0.0E+00    8    1.6E-001 
 92        -606.5043366054 -1.5E-07  8.0E-04  7.1E-05  0.0E+00    8    1.6E-001 
 93        -606.5043369566 -3.5E-07  7.0E-04  7.8E-05  0.0E+00    8    1.6E-001 
 94        -606.5043376371 -6.8E-07  1.8E-03  8.6E-05  0.0E+00    8    1.6E-001 
 95        -606.5043380804 -4.4E-07  1.6E-03  1.5E-04  0.0E+00    8    1.6E-001 
 96        -606.5043383257 -2.5E-07  8.6E-04  1.1E-04  0.0E+00    8    1.6E-001 
 97        -606.5043384720 -1.5E-07  4.5E-04  8.8E-05  0.0E+00    8    1.6E-001 
 98        -606.5043386549 -1.8E-07  7.9E-04  9.3E-05  0.0E+00    8    1.6E-001 
 99        -606.5043388205 -1.7E-07  6.8E-04  1.4E-04  0.0E+00    8    1.6E-001 
 100       -606.5043389605 -1.4E-07  3.2E-04  1.0E-04  0.0E+00    8    1.6E-001 
 101       -606.5043391915 -2.3E-07  9.3E-04  5.1E-05  0.0E+00    8    1.6E-001 
 102       -606.5043393269 -1.4E-07  9.3E-04  3.5E-05  0.0E+00    8    1.6E-001 
 103       -606.5043393544 -2.8E-08  1.5E-04  5.6E-05  0.0E+00    8    1.6E-001 
 104       -606.5043393891 -3.5E-08  2.6E-04  3.1E-05  0.0E+00    8    1.6E-001 
 105       -606.5043394196 -3.0E-08  3.0E-04  2.5E-05  0.0E+00    8    1.6E-001 
 106       -606.5043394343 -1.5E-08  2.9E-04  2.5E-05  0.0E+00    8    1.6E-001 
 107       -606.5043394604 -2.6E-08  4.2E-04  3.3E-05  0.0E+00    8    1.6E-001 
 108       -606.5043394723 -1.2E-08  2.7E-04  2.4E-05  0.0E+00    8    1.6E-001 
 109       -606.5043394858 -1.3E-08  3.4E-04  2.3E-05  0.0E+00    8    1.6E-001 
 110       -606.5043394927 -6.9E-09  2.3E-04  1.2E-05  0.0E+00    8    1.6E-001 
 111       -606.5043394973 -4.5E-09  7.1E-05  2.3E-05  0.0E+00    8    1.6E-001 
 112       -606.5043395004 -3.1E-09  5.4E-05  2.7E-05  0.0E+00    8    1.6E-001 
 113       -606.5043395040 -3.6E-09  6.5E-05  1.3E-05  0.0E+00    8    1.6E-001 
 114       -606.5043395052 -1.2E-09  5.3E-05  1.2E-05  0.0E+00    8    1.6E-001 
 115       -606.5043395070 -1.8E-09  5.4E-05  1.2E-05  0.0E+00    8    1.6E-001 
 116       -606.5043395088 -1.9E-09  5.4E-05  1.2E-05  0.0E+00    8    1.6E-001 
 117       -606.5043395155 -6.7E-09  9.5E-05  1.2E-05  5.5E-03    8    1.7E-001 
 118       -606.5043395242 -8.6E-09  1.2E-04  1.2E-05  7.1E-03    8    1.7E-001 
 119       -606.5043395333 -9.2E-09  1.3E-04  1.6E-05  3.5E-03    8    1.7E-001 
 120       -606.5043395398 -6.5E-09  1.5E-04  7.2E-06  0.0E+00    8    1.6E-001 
 121       -606.5043395414 -1.6E-09  3.5E-05  4.9E-06  0.0E+00    8    1.6E-001 
 122       -606.5043395432 -1.8E-09  5.2E-05  6.5E-06  0.0E+00    8    1.6E-001 
 123       -606.5043395454 -2.2E-09  7.7E-05  5.7E-06  0.0E+00    8    1.6E-001 
 124       -606.5043395467 -1.3E-09  4.5E-05  5.9E-06  0.0E+00    8    1.6E-001 
 125       -606.5043395469 -1.7E-10  4.9E-05  3.3E-06  0.0E+00    8    1.6E-001 
 126       -606.5043395478 -9.1E-10  4.8E-05  1.3E-05  0.0E+00    8    1.6E-001 
 127       -606.5043395482 -3.7E-10  2.9E-05  7.6E-06  0.0E+00    8    1.6E-001 
 128       -606.5043395486 -4.0E-10  2.6E-05  5.5E-06  0.0E+00    8    1.6E-001 
 129       -606.5043395494 -8.5E-10  5.3E-05  3.5E-06  0.0E+00    8    1.6E-001 
 130       -606.5043395497 -2.7E-10  3.3E-05  2.9E-06  0.0E+00    8    1.6E-001 
 131       -606.5043395498 -9.2E-11  7.1E-06  2.3E-06  0.0E+00    8    1.6E-001 
 132       -606.5043395499 -1.2E-10  9.6E-06  1.6E-06  0.0E+00    8    1.6E-001 
 133       -606.5043395500 -1.5E-10  1.3E-05  2.7E-06  0.0E+00    8    1.6E-001 
 134       -606.5043395502 -2.0E-10  1.9E-05  2.2E-06  0.0E+00    8    1.6E-001 
 135       -606.5043395505 -3.0E-10  3.8E-05  1.3E-06  0.0E+00    8    1.6E-001 
 136       -606.5043395507 -1.3E-10  2.2E-05  3.4E-06  0.0E+00    8    1.6E-001 
 137       -606.5043395508 -1.8E-10  2.6E-05  4.1E-06  0.0E+00    8    1.6E-001 
 138       -606.5043395509 -6.7E-11  1.0E-05  2.4E-06  0.0E+00    8    1.6E-001 
 139       -606.5043395510 -1.2E-10  2.0E-05  2.4E-06  0.0E+00    8    1.6E-001 
 140       -606.5043395512 -1.7E-10  3.2E-05  1.4E-06  7.6E-04    8    1.7E-001 
 141       -606.5043395513 -1.2E-10  2.9E-05  1.2E-06  0.0E+00    8    1.6E-001 
 142       -606.5043395515 -1.3E-10  2.6E-05  1.6E-06  0.0E+00    8    1.6E-001 
 143       -606.5043395517 -2.4E-10  5.5E-05  1.8E-06  8.6E-04    8    1.7E-001 
 144       -606.5043395518 -9.6E-11  3.8E-05  1.3E-06  0.0E+00    8    1.6E-001 
 145       -606.5043395519 -8.6E-11  2.4E-05  1.3E-06  0.0E+00    8    1.6E-001 
 146       -606.5043395519 -5.9E-11  2.3E-05  1.4E-06  0.0E+00    8    1.6E-001 
 147       -606.5043395521 -1.1E-10  2.0E-05  1.4E-06  0.0E+00    8    1.6E-001 
 148       -606.5043395521 -9.4E-11  1.4E-05  2.9E-06  0.0E+00    8    1.6E-001 
 149       -606.5043395522 -7.8E-11  1.3E-05  2.4E-06  0.0E+00    8    1.6E-001 
 150       -606.5043395523 -5.9E-11  8.3E-06  1.4E-06  0.0E+00    8    1.6E-001 
 151       -606.5043395524 -1.4E-10  2.1E-05  2.4E-06  0.0E+00    8    1.6E-001 
 152       -606.5043395527 -2.4E-10  2.7E-05  2.0E-06  1.4E-03    8    1.7E-001 
 153       -606.5043395529 -2.1E-10  3.3E-05  1.4E-06  9.9E-04    8    1.7E-001 
 154       -606.5043395531 -2.4E-10  4.3E-05  1.8E-06  2.4E-03    8    3.5E-001 
 155       -606.5043395534 -3.1E-10  4.0E-05  1.5E-06  2.2E-03    8    3.9E-001 
 156       -606.5043395538 -3.5E-10  5.0E-05  2.2E-06  9.1E-04    8    2.7E-001 
 157       -606.5043395541 -3.7E-10  6.4E-05  3.4E-06  7.5E-05    8    1.7E-001 
 158       -606.5043395547 -5.8E-10  4.9E-05  4.6E-06  0.0E+00    8    1.6E-001 
 159       -606.5043395555 -7.7E-10  8.9E-05  4.3E-06  0.0E+00    8    1.6E-001 
 160       -606.5043395563 -8.1E-10  1.1E-04  4.2E-06  4.2E-04    8    1.8E-001 
 161       -606.5043395573 -9.8E-10  1.3E-04  3.3E-06  6.1E-04    8    1.8E-001 
 162       -606.5043395582 -9.0E-10  1.6E-04  5.2E-06  3.8E-04    8    1.8E-001 
 163       -606.5043395588 -5.7E-10  1.2E-04  3.2E-06  0.0E+00    8    1.6E-001 
 164       -606.5043395593 -5.1E-10  1.2E-04  3.5E-06  0.0E+00    8    1.6E-001 
 165       -606.5043395600 -7.4E-10  1.6E-04  2.6E-06  0.0E+00    8    1.6E-001 
 166       -606.5043395615 -1.5E-09  3.5E-04  3.3E-06  4.1E-05    8    1.8E-001 
 167       -606.5043395630 -1.5E-09  3.1E-04  3.8E-06  0.0E+00    8    1.6E-001 
 168       -606.5043395656 -2.7E-09  5.3E-04  4.0E-06  0.0E+00    8    1.7E-001 
 169       -606.5043395686 -2.9E-09  4.6E-04  9.1E-06  0.0E+00    8    1.6E-001 
 170       -606.5043395699 -1.4E-09  2.1E-04  5.7E-06  0.0E+00    8    1.6E-001 
 171       -606.5043395721 -2.1E-09  2.5E-04  6.0E-06  0.0E+00    8    1.6E-001 
 172       -606.5043395761 -4.0E-09  5.7E-04  6.6E-06  9.8E-05    8    1.8E-001 
 173       -606.5043395813 -5.2E-09  6.9E-04  1.3E-05  1.2E-04    8    1.8E-001 
 174       -606.5043395863 -5.0E-09  8.3E-04  9.0E-06  6.2E-05    8    1.8E-001 
 175       -606.5043395922 -5.9E-09  7.5E-04  1.5E-05  0.0E+00    8    1.6E-001 
 176       -606.5043396024 -1.0E-08  1.1E-03  1.0E-05  0.0E+00    8    1.6E-001 
 177       -606.5043396097 -7.3E-09  5.4E-04  7.2E-06  0.0E+00    8    1.6E-001 
 178       -606.5043396148 -5.1E-09  3.2E-04  6.2E-06  0.0E+00    8    1.6E-001 
 179       -606.5043396183 -3.6E-09  1.0E-04  5.2E-06  0.0E+00    8    1.6E-001 
 180       -606.5043396212 -2.9E-09  1.3E-04  9.9E-06  0.0E+00    8    1.6E-001 
 181       -606.5043396280 -6.8E-09  5.3E-04  8.1E-06  0.0E+00    8    1.6E-001 
 182       -606.5043396362 -8.2E-09  8.1E-04  1.5E-05  1.5E-04    8    1.8E-001 
 183       -606.5043396459 -9.6E-09  9.9E-04  1.7E-05  2.4E-04    8    1.8E-001 
 184       -606.5043396579 -1.2E-08  1.2E-03  1.3E-05  2.2E-04    8    1.8E-001 
 185       -606.5043396713 -1.3E-08  1.5E-03  1.4E-05  1.5E-04    8    1.8E-001 
 186       -606.5043396847 -1.3E-08  1.7E-03  8.2E-06  9.0E-05    8    1.8E-001 
 187       -606.5043396992 -1.5E-08  2.1E-03  9.8E-06  5.3E-05    8    1.8E-001 
 188       -606.5043397136 -1.4E-08  2.5E-03  9.5E-06  7.8E-05    8    1.8E-001 
 189       -606.5043397275 -1.4E-08  3.0E-03  1.0E-05  9.5E-06    8    1.8E-001 
 190       -606.5043397355 -8.0E-09  1.6E-03  3.1E-05  0.0E+00    8    1.6E-001 
 191       -606.5043397522 -1.7E-08  2.3E-03  2.7E-05  0.0E+00    8    1.6E-001 
 192       -606.5043397751 -2.3E-08  3.6E-03  1.3E-05  1.5E-06    8    1.8E-001 
 193       -606.5043397985 -2.3E-08  4.4E-03  1.5E-05  1.4E-05    8    1.8E-001 
 194       -606.5043398214 -2.3E-08  3.5E-03  2.0E-05  0.0E+00    8    1.6E-001 
 195       -606.5043398486 -2.7E-08  3.5E-03  2.3E-05  0.0E+00    8    1.6E-001 
 196       -606.5043398702 -2.2E-08  1.1E-03  2.6E-05  0.0E+00    8    1.6E-001 
 197       -606.5043399172 -4.7E-08  6.3E-03  2.3E-05  8.0E-06    8    1.8E-001 
 198       -606.5043399595 -4.2E-08  1.5E-03  3.6E-05  0.0E+00    8    1.6E-001 
 199       -606.5043400242 -6.5E-08  6.3E-03  2.2E-05  5.1E-05    8    1.8E-001 
 200       -606.5043400756 -5.1E-08  2.9E-03  2.8E-05  0.0E+00    8    1.6E-001 
 201       -606.5043401214 -4.6E-08  4.0E-03  1.8E-05  0.0E+00    8    1.6E-001 
 202       -606.5043401271 -5.6E-09  3.4E-04  1.5E-05  0.0E+00    8    1.6E-001 
 203       -606.5043401890 -6.2E-08  6.3E-03  1.4E-05  3.9E-05    8    1.8E-001 
 204       -606.5043402354 -4.6E-08  7.5E-03  3.3E-05  4.1E-05    8    1.8E-001 
 205       -606.5043402697 -3.4E-08  2.3E-03  4.9E-05  0.0E+00    8    1.6E-001 
 206       -606.5043403124 -4.3E-08  6.3E-03  2.1E-05  6.2E-06    8    1.8E-001 
 207       -606.5043403414 -2.9E-08  1.4E-03  4.3E-05  0.0E+00    8    1.6E-001 
 208       -606.5043403891 -4.8E-08  6.4E-03  1.8E-05  4.7E-06    8    1.8E-001 
 209       -606.5043404430 -5.4E-08  7.6E-03  3.1E-05  1.9E-06    8    1.8E-001 
 210       -606.5043404640 -2.1E-08  2.9E-04  3.3E-05  0.0E+00    8    1.6E-001 
 211       -606.5043404842 -2.0E-08  2.9E-04  3.1E-05  0.0E+00    8    1.6E-001 
 212       -606.5043405057 -2.2E-08  1.3E-04  2.8E-05  0.0E+00    8    1.6E-001 
 213       -606.5043405283 -2.3E-08  1.2E-03  2.4E-05  0.0E+00    8    1.6E-001 
 214       -606.5043405387 -1.0E-08  1.3E-03  2.2E-05  0.0E+00    8    1.6E-001 
 215       -606.5043405608 -2.2E-08  1.3E-03  3.9E-05  0.0E+00    8    1.6E-001 
 216       -606.5043405761 -1.5E-08  4.8E-04  1.9E-05  0.0E+00    8    1.6E-001 
 217       -606.5043405975 -2.1E-08  1.4E-03  2.6E-05  0.0E+00    8    1.6E-001 
 218       -606.5043406207 -2.3E-08  2.4E-03  7.8E-06  0.0E+00    8    1.6E-001 
 219       -606.5043406428 -2.2E-08  3.1E-03  2.0E-05  2.3E-05    8    1.8E-001 
 220       -606.5043406540 -1.1E-08  1.2E-03  1.9E-05  0.0E+00    8    1.6E-001 
 221       -606.5043406729 -1.9E-08  3.2E-03  1.6E-05  4.8E-08    8    1.8E-001 
 222       -606.5043406921 -1.9E-08  3.8E-03  1.4E-05  1.6E-06    8    1.8E-001 
 223       -606.5043406989 -6.8E-09  1.5E-03  1.5E-05  0.0E+00    8    1.6E-001 
 224       -606.5043407208 -2.2E-08  3.8E-03  1.6E-05  1.3E-05    8    1.8E-001 
 225       -606.5043407367 -1.6E-08  2.7E-03  1.7E-05  0.0E+00    8    1.6E-001 
 226       -606.5043407546 -1.8E-08  5.3E-03  1.7E-05  0.0E+00    8    1.6E-001 
 227       -606.5043407663 -1.2E-08  2.4E-03  3.4E-05  0.0E+00    8    1.6E-001 
 228       -606.5043407720 -5.7E-09  2.8E-03  1.7E-05  0.0E+00    8    1.6E-001 
 229       -606.5043407945 -2.2E-08  2.8E-03  1.7E-05  0.0E+00    8    1.6E-001 
 230       -606.5043408295 -3.5E-08  5.3E-03  1.7E-05  8.1E-06    8    1.8E-001 
 231       -606.5043408367 -7.2E-09  1.5E-03  1.8E-05  0.0E+00    8    1.6E-001 
 232       -606.5043408637 -2.7E-08  5.3E-03  1.8E-05  6.4E-06    8    1.8E-001 
 233       -606.5043408693 -5.6E-09  1.7E-03  2.0E-05  0.0E+00    8    1.6E-001 
 234       -606.5043408991 -3.0E-08  3.1E-03  1.9E-05  0.0E+00    8    1.6E-001 
 235       -606.5043409441 -4.5E-08  6.2E-03  1.5E-05  1.3E-05    8    1.8E-001 
 236       -606.5043409707 -2.7E-08  4.8E-03  1.5E-05  0.0E+00    8    1.6E-001 
 237       -606.5043409700  6.8E-10  1.5E-03  2.3E-05  0.0E+00    8    1.6E-001 
 237*      -606.5043409765 -5.8E-09  3.3E-04  2.3E-05  0.0E+00    8    1.6E-001 
 238       -606.5043409792 -2.7E-09  8.6E-04  1.3E-05  1.7E-04    8    1.8E-001 
 239       -606.5043409889 -9.7E-09  8.3E-04  3.3E-05  9.7E-05    8    1.8E-001 
 240       -606.5043410045 -1.6E-08  8.7E-04  4.5E-05  1.5E-04    8    1.8E-001 
 241       -606.5043410288 -2.4E-08  1.0E-03  3.1E-05  2.5E-04    8    1.8E-001 
 242       -606.5043410481 -1.9E-08  1.2E-03  1.4E-05  1.9E-04    8    1.8E-001 
 243       -606.5043410620 -1.4E-08  1.5E-03  1.3E-05  1.4E-04    8    1.8E-001 
 244       -606.5043410812 -1.9E-08  1.7E-03  1.4E-05  1.2E-04    8    1.8E-001 
 245       -606.5043411022 -2.1E-08  2.1E-03  1.3E-05  1.2E-04    8    1.8E-001 
 246       -606.5043411231 -2.1E-08  2.5E-03  1.0E-05  7.2E-05    8    1.8E-001 
 247       -606.5043411430 -2.0E-08  2.9E-03  9.7E-06  2.5E-06    8    1.8E-001 
 248       -606.5043411492 -6.2E-09  8.2E-04  1.1E-05  0.0E+00    8    1.6E-001 
 249       -606.5043411587 -9.5E-09  2.9E-03  1.1E-05  4.1E-07    8    1.8E-001 
 250       -606.5043411610 -2.3E-09  7.8E-05  1.6E-05  0.0E+00    8    1.6E-001 
 251       -606.5043411634 -2.4E-09  7.9E-04  1.6E-05  0.0E+00    8    1.6E-001 
 252       -606.5043411747 -1.1E-08  1.1E-03  2.5E-05  0.0E+00    8    1.6E-001 
 253       -606.5043411827 -8.0E-09  9.5E-04  1.1E-05  0.0E+00    8    1.6E-001 
 254       -606.5043411922 -9.5E-09  1.7E-03  1.0E-05  7.3E-05    8    1.8E-001 
 255       -606.5043412036 -1.1E-08  2.0E-03  1.7E-05  5.9E-05    8    1.8E-001 
 256       -606.5043412198 -1.6E-08  2.4E-03  2.0E-05  5.0E-05    8    1.8E-001 
 257       -606.5043412241 -4.3E-09  2.6E-04  1.1E-05  0.0E+00    8    1.6E-001 
 258       -606.5043412351 -1.1E-08  1.3E-03  1.0E-05  0.0E+00    8    1.6E-001 
 259       -606.5043412546 -1.9E-08  2.4E-03  1.0E-05  0.0E+00    8    1.6E-001 
 260       -606.5043412852 -3.1E-08  3.4E-03  1.9E-05  5.7E-05    8    1.8E-001 
 261       -606.5043413175 -3.2E-08  4.1E-03  1.8E-05  1.6E-05    8    1.8E-001 
 262       -606.5043413438 -2.6E-08  4.4E-03  2.5E-05  0.0E+00    8    1.6E-001 
 263       -606.5043413599 -1.6E-08  1.6E-03  3.6E-05  0.0E+00    8    1.6E-001 
 264       -606.5043413805 -2.1E-08  5.1E-03  1.4E-05  4.1E-05    8    1.8E-001 
 265       -606.5043413824 -1.9E-09  5.1E-03  2.1E-05  2.0E-05    8    1.8E-001 
 266       -606.5043413898 -7.3E-09  7.4E-04  2.5E-05  0.0E+00    8    1.6E-001 
 267       -606.5043414026 -1.3E-08  3.1E-03  2.4E-05  0.0E+00    8    1.6E-001 
 268       -606.5043414124 -9.8E-09  1.1E-03  1.6E-05  0.0E+00    8    1.6E-001 
 269       -606.5043414174 -5.0E-09  5.8E-04  1.3E-05  0.0E+00    8    1.6E-001 
 270       -606.5043414188 -1.4E-09  8.1E-04  1.1E-05  0.0E+00    8    1.6E-001 
 271       -606.5043414233 -4.5E-09  3.4E-04  1.0E-05  0.0E+00    8    1.6E-001 
 272       -606.5043414274 -4.2E-09  6.1E-04  8.4E-06  0.0E+00    8    1.6E-001 
 273       -606.5043414345 -7.0E-09  1.3E-03  2.1E-05  0.0E+00    8    1.6E-001 
 274       -606.5043414436 -9.1E-09  2.2E-03  1.5E-05  0.0E+00    8    1.7E-001 
 275       -606.5043414464 -2.9E-09  2.3E-04  1.1E-05  0.0E+00    8    1.6E-001 
 276       -606.5043414497 -3.2E-09  3.3E-04  7.9E-06  0.0E+00    8    1.6E-001 
 277       -606.5043414566 -6.9E-09  2.0E-04  7.5E-06  0.0E+00    8    1.6E-001 
 278       -606.5043414648 -8.2E-09  8.9E-04  8.8E-06  0.0E+00    8    1.6E-001 
 279       -606.5043414676 -2.8E-09  4.5E-04  6.2E-06  0.0E+00    8    1.6E-001 
 280       -606.5043414701 -2.6E-09  4.4E-04  5.6E-06  0.0E+00    8    1.6E-001 
 281       -606.5043414730 -2.8E-09  8.2E-05  5.5E-06  0.0E+00    8    1.6E-001 
 282       -606.5043414741 -1.1E-09  4.5E-05  5.4E-06  0.0E+00    8    1.6E-001 
 283       -606.5043414747 -6.6E-10  2.1E-05  4.5E-06  0.0E+00    8    1.6E-001 
 284       -606.5043414761 -1.4E-09  2.8E-04  4.6E-06  0.0E+00    8    1.6E-001 
 285       -606.5043414775 -1.5E-09  3.2E-04  1.0E-05  0.0E+00    8    1.6E-001 
 286       -606.5043414796 -2.1E-09  6.5E-04  8.6E-06  6.7E-07    8    1.8E-001 
 287       -606.5043414817 -2.1E-09  7.7E-04  5.3E-06  4.0E-05    8    1.8E-001 
 288       -606.5043414827 -1.1E-09  6.5E-04  4.3E-06  0.0E+00    8    1.6E-001 
 289       -606.5043414833 -6.0E-10  2.0E-04  7.3E-06  0.0E+00    8    1.6E-001 
 290       -606.5043414838 -4.9E-10  2.0E-04  4.2E-06  0.0E+00    8    1.6E-001 
 291       -606.5043414847 -8.3E-10  3.4E-04  4.1E-06  0.0E+00    8    1.6E-001 
 292       -606.5043414856 -9.3E-10  6.6E-04  3.9E-06  2.8E-06    8    1.8E-001 
 293       -606.5043414866 -9.9E-10  3.9E-04  6.4E-06  0.0E+00    8    1.6E-001 
 294       -606.5043414874 -7.8E-10  2.7E-04  4.8E-06  0.0E+00    8    1.6E-001 
 295       -606.5043414894 -2.1E-09  5.7E-04  4.8E-06  1.5E-06    8    1.8E-001 
 296       -606.5043414919 -2.5E-09  6.8E-04  4.9E-06  1.2E-05    8    1.8E-001 
 297       -606.5043414937 -1.8E-09  5.1E-04  1.4E-05  0.0E+00    8    1.6E-001 
 298       -606.5043414949 -1.2E-09  3.7E-04  6.7E-06  0.0E+00    8    1.6E-001 
 299       -606.5043414969 -2.0E-09  7.3E-04  4.8E-06  0.0E+00    8    1.6E-001 
 300       -606.5043414980 -1.1E-09  5.1E-04  4.8E-06  0.0E+00    8    1.6E-001 
 301       -606.5043414987 -7.0E-10  2.8E-04  2.9E-06  0.0E+00    8    1.6E-001 
 302       -606.5043414999 -1.3E-09  6.0E-04  2.2E-06  0.0E+00    8    1.6E-001 
 303       -606.5043415001 -1.3E-10  5.0E-05  4.8E-06  0.0E+00    8    1.6E-001 
 304       -606.5043415008 -7.0E-10  3.0E-04  5.4E-06  0.0E+00    8    1.6E-001 
 305       -606.5043415010 -2.6E-10  3.8E-05  3.3E-06  0.0E+00    8    1.6E-001 
 306       -606.5043415017 -6.4E-10  2.9E-04  3.7E-06  0.0E+00    8    1.6E-001 
 307       -606.5043415022 -5.5E-10  2.4E-04  5.0E-06  0.0E+00    8    1.6E-001 
 308       -606.5043415031 -9.1E-10  4.2E-04  8.4E-06  0.0E+00    8    1.6E-001 
 309       -606.5043415033 -2.1E-10  2.4E-05  2.6E-06  0.0E+00    8    1.6E-001 
 310       -606.5043415034 -1.2E-10  6.8E-05  1.9E-06  0.0E+00    8    1.6E-001 
 311       -606.5043415036 -1.3E-10  1.0E-04  2.2E-06  0.0E+00    8    1.6E-001 
 312       -606.5043415037 -1.1E-10  1.3E-05  2.1E-06  0.0E+00    8    1.6E-001 
 313       -606.5043415040 -3.4E-10  2.3E-05  2.0E-06  0.0E+00    8    1.6E-001 
 314       -606.5043415045 -4.5E-10  3.2E-05  2.4E-06  0.0E+00    8    1.6E-001 
 315       -606.5043415049 -4.3E-10  6.0E-05  5.0E-06  0.0E+00    8    1.6E-001 
 316       -606.5043415052 -2.7E-10  2.1E-05  2.3E-06  0.0E+00    8    1.6E-001 
 317       -606.5043415053 -1.2E-10  1.4E-05  2.5E-06  0.0E+00    8    1.6E-001 
 318       -606.5043415056 -2.6E-10  3.8E-05  3.9E-06  0.0E+00    8    1.6E-001 
 319       -606.5043415060 -4.4E-10  6.8E-05  3.3E-06  2.7E-04    8    1.8E-001 
 320       -606.5043415066 -5.7E-10  9.3E-05  4.3E-06  1.6E-05    8    1.8E-001 
 321       -606.5043415071 -5.0E-10  1.1E-04  2.2E-06  0.0E+00    8    1.6E-001 
 322       -606.5043415075 -3.9E-10  1.2E-04  3.0E-06  0.0E+00    8    1.6E-001 
 323       -606.5043415080 -5.4E-10  1.6E-04  3.4E-06  6.9E-05    8    1.8E-001 
 324       -606.5043415086 -5.8E-10  1.9E-04  2.5E-06  7.6E-05    8    1.8E-001 
 325       -606.5043415090 -4.4E-10  2.4E-04  2.1E-06  1.2E-04    8    1.8E-001 
 326       -606.5043415097 -6.5E-10  2.3E-04  6.5E-06  1.9E-04    8    1.8E-001 
 327       -606.5043415105 -7.9E-10  2.6E-04  4.5E-06  1.5E-04    8    1.8E-001 
 328       -606.5043415109 -4.6E-10  3.1E-04  6.7E-06  1.1E-04    8    1.8E-001 
 329       -606.5043415118 -9.2E-10  3.2E-04  1.0E-05  1.0E-04    8    1.8E-001 
 330       -606.5043415124 -5.7E-10  3.9E-04  3.6E-06  2.8E-05    8    1.8E-001 
 331       -606.5043415128 -3.9E-10  4.1E-04  2.0E-06  0.0E+00    8    1.6E-001 
 332       -606.5043415131 -2.6E-10  2.6E-04  2.5E-06  0.0E+00    8    1.6E-001 
 333       -606.5043415132 -1.8E-10  8.6E-05  2.8E-06  0.0E+00    8    1.6E-001 
 334       -606.5043415134 -1.3E-10  2.5E-05  2.7E-06  0.0E+00    8    1.6E-001 
 335       -606.5043415135 -1.5E-10  2.6E-05  2.8E-06  0.0E+00    8    1.6E-001 
 336       -606.5043415136 -1.1E-10  3.3E-05  2.5E-06  0.0E+00    8    1.6E-001 
 337       -606.5043415138 -1.7E-10  2.3E-04  1.4E-06  5.3E-07    8    1.8E-001 
 338       -606.5043415140 -2.2E-10  1.4E-04  2.4E-06  0.0E+00    8    1.6E-001 
 339       -606.5043415143 -2.6E-10  2.1E-04  2.6E-06  0.0E+00    8    1.6E-001 
 340       -606.5043415144 -5.2E-11  3.7E-05  2.9E-06  0.0E+00    8    1.6E-001 
 341       -606.5043415146 -2.4E-10  2.0E-04  1.9E-06  1.4E-05    8    1.8E-001 
 342       -606.5043415147 -1.3E-10  1.6E-04  1.6E-06  0.0E+00    8    1.6E-001 
 343       -606.5043415149 -2.2E-10  1.0E-04  1.7E-06  0.0E+00    8    1.6E-001 
 344       -606.5043415050  9.9E-09  2.0E-04  2.8E-06  4.7E-04    8    1.8E-001 
 344*      -606.5043415153 -3.7E-10  1.6E-04  2.8E-06  0.0E+00    8    1.6E-001 
 345       -606.5043415157 -3.7E-10  2.1E-04  4.3E-06  1.3E-04    8    1.8E-001 
 346       -606.5043415163 -6.3E-10  2.1E-04  7.1E-06  4.6E-05    8    1.8E-001 
 347       -606.5043415169 -6.3E-10  2.5E-04  4.0E-06  7.6E-05    8    1.8E-001 
 348       -606.5043415177 -7.7E-10  3.0E-04  3.6E-06  1.3E-04    8    1.8E-001 
 349       -606.5043415184 -6.6E-10  3.6E-04  2.2E-06  9.3E-05    8    1.8E-001 
 350       -606.5043415190 -6.7E-10  4.3E-04  2.0E-06  1.0E-04    8    1.8E-001 
 351       -606.5043415197 -6.9E-10  5.2E-04  4.1E-06  7.1E-05    8    1.8E-001 
 352       -606.5043415202 -4.5E-10  6.3E-04  1.4E-06  1.9E-05    8    1.8E-001 
 353       -606.5043415204 -2.6E-10  4.2E-04  2.5E-06  0.0E+00    8    1.6E-001 
 354       -606.5043415206 -1.4E-10  2.4E-04  1.3E-06  0.0E+00    8    1.6E-001 
 355       -606.5043415207 -1.0E-10  2.4E-04  1.4E-06  0.0E+00    8    1.6E-001 
 356       -606.5043415208 -1.0E-10  6.3E-04  1.4E-06  3.5E-07    8    1.8E-001 
 357       -606.5043415209 -8.8E-11  3.2E-04  2.3E-06  0.0E+00    8    1.6E-001 
 358       -606.5043415210 -1.7E-10  1.0E-04  2.2E-06  0.0E+00    8    1.6E-001 
 359       -606.5043415213 -2.9E-10  1.8E-04  3.1E-06  0.0E+00    8    1.6E-001 
 360       -606.5043415215 -1.5E-10  2.1E-04  2.1E-06  0.0E+00    8    1.6E-001 
 361       -606.5043415217 -1.7E-10  1.2E-04  2.2E-06  0.0E+00    8    1.6E-001 
 362       -606.5043415219 -2.8E-10  3.7E-04  2.1E-06  1.8E-05    8    1.8E-001 
 363       -606.5043415223 -3.5E-10  4.3E-04  2.2E-06  9.7E-06    8    1.8E-001 
 364       -606.5043415227 -4.3E-10  5.1E-04  1.5E-06  2.6E-05    8    1.8E-001 
 365       -606.5043415231 -4.4E-10  6.1E-04  2.0E-06  4.6E-06    8    1.8E-001 
 366       -606.5043415234 -3.1E-10  3.6E-04  3.2E-06  0.0E+00    8    1.6E-001 
 367       -606.5043415236 -1.8E-10  7.6E-05  2.2E-06  0.0E+00    8    1.6E-001 
 368       -606.5043415239 -2.2E-10  1.4E-04  2.6E-06  0.0E+00    8    1.6E-001 
 369       -606.5043415242 -3.6E-10  3.6E-04  3.1E-06  0.0E+00    8    1.6E-001 
 370       -606.5043415246 -3.6E-10  5.2E-04  2.8E-06  8.9E-07    8    1.9E-001 
 371       -606.5043415248 -2.4E-10  3.2E-04  3.3E-06  0.0E+00    8    1.6E-001 
 372       -606.5043415250 -1.9E-10  3.3E-04  3.8E-06  0.0E+00    8    1.6E-001 
 373       -606.5043415258 -7.4E-10  5.3E-04  5.9E-06  5.4E-05    8    1.8E-001 
 374       -606.5043415263 -5.2E-10  5.3E-04  6.6E-06  3.1E-05    8    1.8E-001 
 375       -606.5043415266 -3.5E-10  5.3E-04  4.4E-06  2.1E-06    8    1.8E-001 
 376       -606.5043415274 -8.1E-10  6.4E-04  5.4E-06  4.7E-05    8    1.8E-001 
 377       -606.5043415281 -6.7E-10  7.7E-04  3.3E-06  2.0E-05    8    1.8E-001 
 378       -606.5043415287 -6.0E-10  9.2E-04  2.4E-06  1.1E-06    8    1.8E-001 
 379       -606.5043415288 -1.5E-10  2.3E-04  2.8E-06  0.0E+00    8    1.6E-001 
 380       -606.5043415292 -3.7E-10  6.6E-04  2.4E-06  0.0E+00    8    1.6E-001 
 381       -606.5043415293 -1.3E-10  4.2E-05  2.1E-06  0.0E+00    8    1.6E-001 
 382       -606.5043415297 -3.6E-10  5.8E-04  3.1E-06  0.0E+00    8    1.6E-001 
 383       -606.5043415304 -6.9E-10  7.8E-04  6.8E-06  0.0E+00    8    1.6E-001 
 384       -606.5043415307 -3.5E-10  8.1E-04  2.3E-06  0.0E+00    8    1.6E-001 
 385       -606.5043415311 -3.1E-10  2.5E-04  3.0E-06  0.0E+00    8    1.6E-001 
 386       -606.5043415313 -2.0E-10  2.9E-04  3.0E-06  0.0E+00    8    1.6E-001 
 387       -606.5043415315 -2.2E-10  1.1E-04  3.3E-06  0.0E+00    8    1.6E-001 
 388       -606.5043415316 -1.4E-10  3.5E-04  1.9E-06  0.0E+00    8    1.6E-001 
 389       -606.5043415319 -2.7E-10  5.0E-04  2.1E-06  0.0E+00    8    1.6E-001 
 390       -606.5043415321 -1.6E-10  5.7E-04  2.6E-06  0.0E+00    8    1.6E-001 
 391       -606.5043415321 -6.2E-11  8.7E-06  2.1E-06  0.0E+00    8    1.6E-001 
 392       -606.5043415321 -3.5E-11  3.5E-04  1.7E-06  0.0E+00    8    1.6E-001 
 393       -606.5043415323 -1.3E-10  4.2E-05  5.9E-06  0.0E+00    8    1.6E-001 
 394       -606.5043415323 -4.2E-11  1.2E-04  3.5E-06  0.0E+00    8    1.6E-001 
 395       -606.5043415323 -1.0E-11  9.8E-05  2.3E-06  0.0E+00    8    1.6E-001 
 396       -606.5043415324 -1.2E-10  2.8E-04  2.3E-06  6.9E-05    8    1.8E-001 
 397       -606.5043415326 -1.9E-10  2.1E-04  3.9E-06  0.0E+00    8    1.6E-001 
 398       -606.5043415327 -1.1E-10  2.7E-04  2.3E-06  0.0E+00    8    1.6E-001 
 399       -606.5043415328 -9.7E-11  3.3E-04  1.4E-06  5.0E-06    8    1.8E-001 
 400       -606.5043415305  2.4E-09  4.2E-04  8.0E-07  2.9E-04    8    1.8E-001 
 400*      -606.5043414970  3.6E-08  3.3E-04  8.0E-07  1.4E-02    8    1.7E-001 
 400*      -606.5043415159  1.7E-08  2.3E-04  8.0E-07  1.5E-02    8    1.7E-001 
 400*      -606.5043415250  7.8E-09  1.6E-04  8.0E-07  1.6E-02    8    1.7E-001 
 400*      -606.5043415293  3.5E-09  1.1E-04  8.0E-07  1.7E-02    8    1.7E-001 
 400*      -606.5043415314  1.5E-09  7.6E-05  8.0E-07  1.8E-02    8    1.7E-001 
 400*      -606.5043415323  5.6E-10  5.2E-05  8.0E-07  2.1E-02    8    1.7E-001 
 400*      -606.5043415327  1.5E-10  3.5E-05  8.0E-07  2.4E-02    8    1.7E-001 
 400*      -606.5043415329 -2.0E-11  2.4E-05  8.0E-07  3.0E-02    8    1.7E-001 
 401       -606.5043415330 -1.2E-10  2.7E-05  4.1E-06  5.5E-04    8    1.8E-001 
 402       -606.5043415330 -4.1E-11  2.4E-05  1.3E-06  4.6E-04    8    1.8E-001 
 403       -606.5043415331 -2.9E-11  3.0E-05  1.1E-06  1.8E-04    8    1.8E-001 
 404       -606.5043415330  6.6E-12  3.3E-05  1.7E-06  1.2E-04    8    1.8E-001 
 404*      -606.5043415331 -2.8E-11  2.3E-05  1.7E-06  2.7E-04    8    1.7E-001 
 405       -606.5043415313  1.8E-09  3.2E-05  1.4E-06  1.2E-02    8    1.7E-001 
 405*      -606.5043415320  1.1E-09  2.4E-05  1.4E-06  6.4E-03    8    1.7E-001 
 405*      -606.5043415325  5.6E-10  1.7E-05  1.4E-06  1.1E-02    8    1.7E-001 
 405*      -606.5043415328  2.8E-10  1.2E-05  1.4E-06  1.8E-02    8    1.7E-001 
 405*      -606.5043415330  1.3E-10  8.4E-06  1.4E-06  2.8E-02    8    1.7E-001 
 405*      -606.5043415330  5.0E-11  5.9E-06  1.4E-06  4.2E-02    8    1.7E-001 
 405*      -606.5043415331  1.1E-11  4.1E-06  1.4E-06  6.4E-02    8    1.7E-001 
 405*      -606.5043415331 -6.4E-12  2.9E-06  1.4E-06  9.9E-02    8    1.7E-001 
 406       -606.5043415331 -2.3E-11  2.5E-06  2.7E-06  2.6E-01    8    1.7E-001 
 407       -606.5043415332 -4.4E-11  2.6E-06  2.7E-06  1.4E-01    8    1.7E-001 
 408       -606.5043415332 -2.6E-11  3.0E-06  1.2E-06  7.7E-02    8    1.7E-001 
 409       -606.5043415331  3.2E-11  4.4E-06  4.4E-07  1.8E-01    8    1.7E-001 
 409*      -606.5043415332 -8.3E-12  2.7E-06  4.4E-07  1.4E-01    8    1.7E-001 
 410       -606.5043415332 -2.2E-11  2.4E-06  1.3E-06  8.9E-02    8    1.7E-001 
 411       -606.5043415332 -2.0E-11  3.3E-06  4.5E-07  6.7E-02    8    1.7E-001 
 412       -606.5043415332 -2.0E-11  3.7E-06  4.1E-07  4.7E-02    8    1.7E-001 
 413       -606.5043415333 -1.9E-11  4.5E-06  4.3E-07  3.2E-02    8    1.7E-001 
 414       -606.5043415333 -2.6E-11  5.4E-06  6.0E-07  2.7E-02    8    1.7E-001 
 415       -606.5043415333 -8.4E-12  5.6E-06  6.7E-07  3.7E-02    8    1.7E-001 
 416       -606.5043415333  5.5E-12  5.6E-06  2.0E-06  1.2E-01    8    1.7E-001 
 416*      -606.5043415333 -3.6E-11  4.5E-06  2.0E-06  3.4E-02    8    1.7E-001 
 417       -606.5043415334 -2.3E-11  5.1E-06  1.1E-06  2.1E-02    8    1.7E-001 
 418       -606.5043415334 -5.0E-12  6.1E-06  6.7E-07  1.1E-02    8    1.7E-001 
 419       -606.5043415334 -3.7E-11  6.6E-06  1.4E-06  1.0E-02    8    1.7E-001 
 420       -606.5043415334 -1.1E-11  7.9E-06  7.9E-07  3.8E-03    8    1.7E-001 
 421       -606.5043415334 -4.8E-12  7.9E-06  8.8E-07  0.0E+00    8    1.6E-001 
 422       -606.5043415334 -5.8E-12  4.5E-07  9.3E-07  0.0E+00    8    1.6E-001 
 ------------------------------------------------------------------------------
 SCF converged
 Converged energy                        -606.504341533424   
 ------------------------------------------------------------------------------
 Ehomo(Alpha) [eV]                       -4.889854825823     
 Elumo(Alpha) [eV]                       0.709435641141      
 Ehomo(Beta) [eV]                        -4.739815691815     
 Elumo(Beta) [eV]                        0.746088615748      

 dipole moment (Debye)
        x              y              z       
     -9.847E-007     5.036E-007     3.658E-006

 traceless quadrupole moment (Debye*Angs)
                       x              y              z       
 x                  -4.630E-002    -1.390E-001     9.281E-002
 y                  -1.390E-001     4.907E-002    -1.217E-001
 z                   9.281E-002    -1.217E-001    -2.770E-003

 ----------------------------------------------------------------------------
 Timings (seconds)
 * mean-field hamiltonian     7.1E+001
 * solver (setting up eqns)   6.2E-001
 * solver (energy estimate)   6.1E-002
 * solver (orthogonalization) 3.0E-002
 * solver (rotation matrix X) 2.4E+000
 * solver (exponential of X)  2.8E-001
 * solver (total)             3.4E+000
 * total SCF                  7.5E+001
 Atomic guess: PM, ../../../../basis-sets/bse/def2-svp.txt
 ---------------------------------------------------------
 E(HF) [a.u.]                            -6.0650434153E+002
 Tr(RhoAvg S), Cartesian AOs              3.3000000000E+001
 Tr(RhoAvg S), spherical AOs              3.3000000000E+001
 max|T RhoAvg T**T - RhoAvg_sao|                  1.33E-015
 max|c(RhoAvg) - c(Rho)|                          1.78E-015
 max|RhoAvg - Rho|                                2.44E-001
 Saved /mnt/storage_6/project_data/pl0415-03/marcin/beyond-rpa/guess/electron-densities/bse/def2-svp/pm.txt
 ----------------------------------------------------------------------------
                             SCF for SM (2S+1=7)                             
 ----------------------------------------------------------------------------
 NUMBER OF ATOMS                         1
 CHARGE                                  0
 Prescreening (pq|pq) integrals for the Cholesky decomposition
 Shell pairs will be sorted according to their max elements
 Max diagonal integral MaxDrs=2.3E+001
 Applying Eq. 15 in J. Chem. Phys. 150, 194112 (2019); doi: 10.1063/1.5083802
 Schwarz inequality: Dpq<min(10**(-8),Tau)**2/MaxDrs=4.4E-018
 Trace of exact Coulomb matrix: 2.2E+002
 Trace of discarded integrals: 0.0E+000
 Discarded 0 out of 300 shell pairs
 (0 out of 3081 orbital pairs)

 Step 1 of Cholesky decomposition: locating pivots
 -------------------------------------------------
 Dimensions of the Coulomb matrix: (3081,3081)
 Threshold for diagonal matrix elements: Dpq > 1.0E-007
 Max number of Cholesky vectors: 1170
 Rk storage block size: 500
 Max dimension of 2e integrals buffer: (3081,1000)

 ----------------------------------------------------------------------------
 #    Dmax        Memory (MB)    NPivots     %    Time        
 ----------------------------------------------------------------------------
 1    1.8E-001    3.4E+001       8           3    3.8E-001    
 2    8.7E-003    3.4E+001       284         25   3.2E-001    
 3    8.4E-005    3.0E+001       431         48   3.5E-001    
 4    9.5E-007    3.3E+001       581         89   1.8E-001    
 5    9.5E-008    1.3E+001       649         100  1.6E-001    

 Step 1 of the Cholesky decomposition completed
 Computed 649 pivots
 Largest residual Dpq: 9.5E-008
 NCholesky/NAO = 8.3E+000
 Step 1 of Cholesky decomposition completed in 1.4E+000 seconds
 Detailed timings in seconds
 Subtract prev contribs I (M-R**T*R)     1.4E-002
 Subtract prev contribs II (Rk)          2.9E-002
 Two-electron integrals                  1.3E+000
 Reallocation                            4.7E-003

 Step 2 of Cholesky decomposition completed in 1.2E-001 seconds
 Detailed timings in seconds
 Reduced-dimension matrix V    1.2E-001
 V=L*L**T                      1.2E-003
 L**(-1)                       1.3E-003

 Full-dimension Cholesky vectors of the Coulomb matrix will be stored in memory
 Cholesky vectors computed in 2.5E-001 seconds

 ┌─────────────────────────────────────────┐
 │          Self-consistent field          │
 └─────────────────────────────────────────┘

 Atomic orbital basis set
 . . . . . . . . . . . . . . . . . . . . . . . . . . . . . . . . . . . . . . 
 atomic centers                               1
 shell parameter sets                         24
 spherical AOs                                78
 max angular momentum                         4
 parameter set                                ../../../../basis-sets/bse/def2-svp.txt
 . . . . . . . . . . . . . . . . . . . . . . . . . . . . . . . . . . . . . . 
 SCF guess: bare nuclei Hamiltonian
 Starting self-consistent field iterations (spin-unrestricted)
 Alpha electrons: 20
 Beta electrons: 14
 ----------------------------------------------------------------------------
 Exchange-correlation: Hartree-Fock
 ----------------------------------------------------------------------------
 Replicated-data parallel SCF
 ----------------------------
 Processes                               1
 Threads/process                         16
 Allocated 1.3E-003 GiB of scratch space for the KS matrix build
 ----------------------------------------------------------------------------
 Loaded pseudopotential parameters
 ----------------------------------------------------------------------------

 SAMARIUM    
 Parameters file: ../../../../basis-sets/bse/def2-svp.txt
 ECP accounts for 28 core electrons

          Coeff         R^n       Exponent                                       

 Local part

 (Local part not present)
          0.00000000      2         1.00000000                                   

 L = 0

        572.98533200      2        22.34447100                                   

 L = 1

        272.35914500      2        16.69459000                                   

 L = 2

        115.29390000      2        13.72770500                                   

 L = 3

        -51.10839200      2        24.05909200                                   

 L = 4

        -25.42188500      2        20.19724900                                   

 ----------------------------------------------------------------------------
 Spherical harmonic basis contains 78 vectors
 Linear independence thresh: Eig(S) > 1.0E-006
 Computations will be carried out in the space of 78 MOs
 Threshold for J, K: |Rho(r,s)*(pq|rs)|,|Rho(q,s)*(pq|rs)| > 1.0E-011
 Convergence conditions
 ----------------------
 RhoDiff < 1.0E-006
 OrbGrad < 1.0E-006
 Max number of macroiters: 1024
 ------------------------------------------------------------------------------
 #           Energy        EDiff    RhoDiff  OrbGrad  OrbShift NStored Time     
 ------------------------------------------------------------------------------
 0          712.7051072356                                        0    2.2E-001 
 1         -625.0357847651           4.8E+02                      0    1.7E-001 
 2         -647.5872583906 -2.3E+01  5.2E+00  3.4E+00  6.2E+00    1    1.7E-001 
 3         -651.4276752926 -3.8E+00  2.1E+00  8.9E-01  1.7E+00    2    1.7E-001 
 4         -652.8359228976 -1.4E+00  3.9E-01  2.9E-01  6.7E-01    3    1.7E-001 
 5         -654.0453856907 -1.2E+00  3.5E-01  2.9E-01  5.2E-01    4    1.7E-001 
 6         -654.9571751664 -9.1E-01  2.8E-01  2.2E-01  8.2E-01    5    1.7E-001 
 7         -655.7633848600 -8.1E-01  6.1E-01  3.0E-01  1.9E-01    6    1.7E-001 
 8         -655.7844323049 -2.1E-02  6.0E-02  4.8E-02  0.0E+00    7    1.7E-001 
 9         -655.7862163086 -1.8E-03  2.1E-02  9.3E-03  0.0E+00    8    1.7E-001 
 10        -655.7866387434 -4.2E-04  1.2E-02  3.6E-03  0.0E+00    8    1.7E-001 
 11        -655.7867791834 -1.4E-04  7.4E-03  3.1E-03  0.0E+00    8    1.7E-001 
 12        -655.7868021265 -2.3E-05  3.3E-03  1.9E-03  0.0E+00    8    1.7E-001 
 13        -655.7868032974 -1.2E-06  7.1E-04  1.3E-04  0.0E+00    8    1.7E-001 
 14        -655.7868036645 -3.7E-07  5.1E-04  9.6E-05  0.0E+00    8    1.7E-001 
 15        -655.7868037174 -5.3E-08  1.8E-04  4.3E-05  0.0E+00    8    1.7E-001 
 16        -655.7868037198 -2.4E-09  3.2E-05  1.4E-05  0.0E+00    8    1.7E-001 
 17        -655.7868037204 -5.9E-10  1.9E-05  3.8E-06  0.0E+00    8    1.7E-001 
 18        -655.7868037205 -1.4E-10  6.6E-06  4.7E-06  0.0E+00    8    1.7E-001 
 19        -655.7868037205 -1.3E-11  2.1E-06  1.6E-06  0.0E+00    8    1.7E-001 
 20        -655.7868037206 -1.6E-12  2.1E-06  6.0E-07  0.0E+00    8    1.7E-001 
 21        -655.7868037206 -1.7E-12  3.6E-06  4.0E-07  0.0E+00    8    1.7E-001 
 22        -655.7868037206 -8.1E-12  7.3E-06  4.1E-07  0.0E+00    8    1.7E-001 
 23        -655.7868037206 -3.3E-11  1.5E-05  7.5E-07  0.0E+00    8    1.7E-001 
 24        -655.7868037207 -1.3E-10  3.0E-05  1.5E-06  0.0E+00    8    1.7E-001 
 25        -655.7868037213 -5.5E-10  6.1E-05  3.1E-06  0.0E+00    8    1.7E-001 
 26        -655.7868037235 -2.2E-09  1.2E-04  6.2E-06  0.0E+00    8    1.7E-001 
 27        -655.7868037328 -9.2E-09  2.5E-04  1.3E-05  0.0E+00    8    1.7E-001 
 28        -655.7868037707 -3.8E-08  5.1E-04  2.6E-05  0.0E+00    8    1.7E-001 
 29        -655.7868038590 -8.8E-08  5.3E-04  5.2E-05  1.5E-01    8    1.8E-001 
 30        -655.7868040213 -1.6E-07  6.0E-04  9.0E-05  2.0E-01    8    1.8E-001 
 31        -655.7868042990 -2.8E-07  7.1E-04  1.3E-04  2.3E-01    8    1.8E-001 
 32        -655.7868047500 -4.5E-07  8.7E-04  1.9E-04  2.6E-01    8    1.8E-001 
 33        -655.7868054614 -7.1E-07  1.1E-03  2.5E-04  2.8E-01    8    1.8E-001 
 34        -655.7868065587 -1.1E-06  1.3E-03  3.2E-04  2.9E-01    8    1.8E-001 
 35        -655.7868082301 -1.7E-06  1.5E-03  4.1E-04  3.1E-01    8    1.8E-001 
 36        -655.7868107426 -2.5E-06  1.9E-03  5.2E-04  3.2E-01    8    1.8E-001 
 37        -655.7868144906 -3.7E-06  2.2E-03  6.5E-04  3.3E-01    8    1.8E-001 
 38        -655.7868200359 -5.5E-06  2.7E-03  8.0E-04  3.4E-01    8    1.8E-001 
 39        -655.7868282074 -8.2E-06  3.2E-03  9.9E-04  3.5E-01    8    1.8E-001 
 40        -655.7868401859 -1.2E-05  3.9E-03  1.2E-03  3.5E-01    8    1.8E-001 
 41        -655.7868576994 -1.8E-05  4.6E-03  1.5E-03  3.6E-01    8    1.8E-001 
 42        -655.7868832345 -2.6E-05  5.6E-03  1.8E-03  3.6E-01    8    1.8E-001 
 43        -655.7869203880 -3.7E-05  6.7E-03  2.2E-03  3.7E-01    8    1.8E-001 
 44        -655.7869742737 -5.4E-05  8.0E-03  2.6E-03  3.7E-01    8    1.8E-001 
 45        -655.7870524204 -7.8E-05  9.6E-03  3.2E-03  3.7E-01    8    1.8E-001 
 46        -655.7871654238 -1.1E-04  1.1E-02  3.8E-03  3.7E-01    8    1.8E-001 
 47        -655.7873287309 -1.6E-04  1.4E-02  4.6E-03  3.7E-01    8    1.8E-001 
 48        -655.7875640512 -2.4E-04  1.6E-02  5.6E-03  3.7E-01    8    1.8E-001 
 49        -655.7879026040 -3.4E-04  1.9E-02  6.7E-03  3.7E-01    8    1.8E-001 
 50        -655.7883886916 -4.9E-04  2.3E-02  8.0E-03  3.7E-01    8    1.8E-001 
 51        -655.7890853761 -7.0E-04  2.7E-02  9.6E-03  3.7E-01    8    1.8E-001 
 52        -655.7900784932 -9.9E-04  3.1E-02  1.1E-02  3.6E-01    8    1.8E-001 
 53        -655.7914859784 -1.4E-03  3.6E-02  1.4E-02  3.6E-01    8    1.8E-001 
 54        -655.7934641551 -2.0E-03  4.1E-02  1.6E-02  3.5E-01    8    1.8E-001 
 55        -655.7962170302 -2.8E-03  4.4E-02  1.9E-02  3.4E-01    8    1.8E-001 
 56        -655.7999786201 -3.8E-03  5.9E-02  2.1E-02  3.2E-01    8    1.8E-001 
 57        -655.8049985961 -5.0E-03  8.0E-02  2.4E-02  2.9E-01    8    1.8E-001 
 58        -655.8114474749 -6.4E-03  1.1E-01  2.6E-02  2.6E-01    8    1.8E-001 
 59        -655.8192576234 -7.8E-03  1.3E-01  2.8E-02  2.1E-01    8    1.8E-001 
 60        -655.8278503926 -8.6E-03  1.5E-01  2.7E-02  1.5E-01    8    1.8E-001 
 61        -655.8357689754 -7.9E-03  1.5E-01  2.3E-02  8.7E-02    8    1.8E-001 
 62        -655.8410702182 -5.3E-03  1.7E-01  1.6E-02  2.6E-02    8    1.8E-001 
 63        -655.8465371875 -5.5E-03  1.2E-01  5.0E-03  3.1E-02    8    1.8E-001 
 64        -655.8517234135 -5.2E-03  6.3E-02  2.0E-02  0.0E+00    8    1.7E-001 
 65        -655.8656933334 -1.4E-02  8.0E-02  3.1E-02  0.0E+00    8    1.7E-001 
 66        -655.9450954304 -7.9E-02  1.8E-01  5.0E-02  3.1E-01    8    1.8E-001 
 67        -656.0364785722 -9.1E-02  2.0E-01  1.1E-01  3.7E-01    8    1.8E-001 
 68        -656.0548176078 -1.8E-02  2.3E-01  7.7E-02  0.0E+00    8    1.7E-001 
 69        -656.0565047535 -1.7E-03  5.9E-02  1.4E-02  0.0E+00    8    1.7E-001 
 70        -656.0567234134 -2.2E-04  3.3E-02  6.8E-03  0.0E+00    8    1.7E-001 
 71        -656.0567718575 -4.8E-05  2.1E-02  1.5E-03  0.0E+00    8    1.7E-001 
 72        -656.0567869401 -1.5E-05  3.4E-03  8.2E-04  0.0E+00    8    1.7E-001 
 73        -656.0567909254 -4.0E-06  4.5E-03  5.9E-04  0.0E+00    8    1.7E-001 
 74        -656.0567932414 -2.3E-06  4.6E-03  4.2E-04  0.0E+00    8    1.7E-001 
 75        -656.0567969440 -3.7E-06  3.7E-03  4.6E-04  0.0E+00    8    1.7E-001 
 76        -656.0568046996 -7.8E-06  1.4E-02  5.2E-04  0.0E+00    8    1.7E-001 
 77        -656.0568070889 -2.4E-06  4.7E-03  3.7E-04  0.0E+00    8    1.7E-001 
 78        -656.0568079839 -8.9E-07  5.8E-04  2.7E-04  0.0E+00    8    1.7E-001 
 79        -656.0568081224 -1.4E-07  3.5E-04  1.5E-04  0.0E+00    8    1.7E-001 
 80        -656.0568081532 -3.1E-08  2.1E-04  6.2E-05  0.0E+00    8    1.7E-001 
 81        -656.0568081568 -3.6E-09  1.5E-04  1.3E-05  0.0E+00    8    1.7E-001 
 82        -656.0568081579 -1.1E-09  5.6E-05  8.7E-06  0.0E+00    8    1.7E-001 
 83        -656.0568081580 -1.3E-10  1.4E-05  4.5E-06  0.0E+00    8    1.7E-001 
 84        -656.0568081580 -2.0E-11  4.5E-06  1.5E-06  0.0E+00    8    1.7E-001 
 85        -656.0568081581 -1.4E-11  6.1E-06  1.3E-06  0.0E+00    8    1.7E-001 
 86        -656.0568081581 -1.8E-11  3.9E-06  1.3E-06  0.0E+00    8    1.7E-001 
 87        -656.0568081581 -2.8E-11  4.3E-06  1.4E-06  0.0E+00    8    1.7E-001 
 88        -656.0568081582 -1.2E-10  2.8E-05  1.4E-06  0.0E+00    8    1.7E-001 
 89        -656.0568081583 -5.8E-11  3.6E-06  4.7E-06  0.0E+00    8    1.7E-001 
 90        -656.0568081669 -8.6E-09  5.1E-04  2.5E-06  0.0E+00    8    1.7E-001 
 91        -656.0568081687 -1.8E-09  1.5E-05  1.1E-05  0.0E+00    8    1.7E-001 
 92        -656.0568081696 -8.7E-10  8.7E-06  9.2E-06  0.0E+00    8    1.7E-001 
 93        -656.0568081701 -5.0E-10  4.7E-06  8.4E-06  0.0E+00    8    1.7E-001 
 94        -656.0568081704 -3.3E-10  5.0E-06  8.5E-06  0.0E+00    8    1.7E-001 
 95        -656.0568081707 -2.5E-10  4.7E-06  8.5E-06  0.0E+00    8    1.7E-001 
 96        -656.0568081709 -2.2E-10  5.0E-06  8.6E-06  0.0E+00    8    1.7E-001 
 97        -656.0568082058 -3.5E-08  6.3E-04  8.6E-06  1.3E-02    8    1.8E-001 
 98        -656.0568082765 -7.1E-08  7.6E-04  1.7E-05  1.8E-02    8    1.8E-001 
 99        -656.0568084031 -1.3E-07  9.0E-04  2.7E-05  2.1E-02    8    1.8E-001 
 100       -656.0568086165 -2.1E-07  1.1E-03  4.0E-05  2.4E-02    8    1.8E-001 
 101       -656.0568089595 -3.4E-07  1.3E-03  5.4E-05  2.7E-02    8    1.8E-001 
 102       -656.0568094980 -5.4E-07  1.6E-03  7.1E-05  2.9E-02    8    1.8E-001 
 103       -656.0568103254 -8.3E-07  1.9E-03  9.2E-05  3.1E-02    8    1.8E-001 
 104       -656.0568115808 -1.3E-06  2.3E-03  1.2E-04  3.2E-02    8    1.8E-001 
 105       -656.0568134629 -1.9E-06  2.8E-03  1.5E-04  3.4E-02    8    1.8E-001 
 106       -656.0568162669 -2.8E-06  3.4E-03  1.8E-04  3.5E-02    8    1.8E-001 
 107       -656.0568204112 -4.1E-06  4.0E-03  2.3E-04  3.5E-02    8    1.8E-001 
 108       -656.0568265001 -6.1E-06  4.9E-03  2.8E-04  3.6E-02    8    1.8E-001 
 109       -656.0568354082 -8.9E-06  5.9E-03  3.4E-04  3.7E-02    8    1.8E-001 
 110       -656.0568483787 -1.3E-05  7.1E-03  4.1E-04  3.7E-02    8    1.8E-001 
 111       -656.0568671363 -1.9E-05  8.8E-03  5.0E-04  3.7E-02    8    1.8E-001 
 112       -656.0568941256 -2.7E-05  1.1E-02  6.0E-04  3.7E-02    8    1.8E-001 
 113       -656.0569326466 -3.9E-05  1.3E-02  7.2E-04  3.7E-02    8    1.8E-001 
 114       -656.0569871871 -5.5E-05  1.6E-02  8.5E-04  3.6E-02    8    1.8E-001 
 115       -656.0570632645 -7.6E-05  1.9E-02  1.0E-03  3.5E-02    8    1.8E-001 
 116       -656.0571674986 -1.0E-04  2.3E-02  1.2E-03  3.3E-02    8    1.8E-001 
 117       -656.0573061294 -1.4E-04  2.8E-02  1.3E-03  3.0E-02    8    1.8E-001 
 118       -656.0574827253 -1.8E-04  3.3E-02  1.4E-03  2.6E-02    8    1.8E-001 
 119       -656.0576914026 -2.1E-04  3.8E-02  1.5E-03  2.1E-02    8    1.8E-001 
 120       -656.0579055542 -2.1E-04  4.3E-02  1.4E-03  1.4E-02    8    1.8E-001 
 121       -656.0580585162 -1.5E-04  4.6E-02  1.1E-03  5.2E-03    8    1.8E-001 
 122       -656.0580783504 -2.0E-05  2.2E-02  8.2E-04  0.0E+00    8    1.7E-001 
 123       -656.0580787012 -3.5E-07  1.6E-03  2.5E-04  0.0E+00    8    1.7E-001 
 124       -656.0580787327 -3.1E-08  9.4E-05  1.1E-04  0.0E+00    8    1.7E-001 
 125       -656.0580787480 -1.5E-08  8.3E-05  5.6E-05  0.0E+00    8    1.7E-001 
 126       -656.0580787500 -2.1E-09  2.6E-05  1.9E-05  0.0E+00    8    1.7E-001 
 127       -656.0580787510 -9.1E-10  3.8E-05  9.1E-06  0.0E+00    8    1.7E-001 
 128       -656.0580787514 -4.0E-10  7.8E-06  9.0E-06  0.0E+00    8    1.7E-001 
 129       -656.0580787519 -5.9E-10  1.0E-05  8.8E-06  0.0E+00    8    1.7E-001 
 130       -656.0580787532 -1.3E-09  4.5E-05  8.5E-06  0.0E+00    8    1.7E-001 
 131       -656.0580787566 -3.3E-09  1.1E-04  7.7E-06  0.0E+00    8    1.7E-001 
 132       -656.0580787578 -1.3E-09  9.3E-05  4.8E-06  0.0E+00    8    1.7E-001 
 133       -656.0580787582 -4.1E-10  2.5E-05  3.1E-06  0.0E+00    8    1.7E-001 
 134       -656.0580787584 -2.0E-10  3.3E-05  4.8E-06  0.0E+00    8    1.7E-001 
 135       -656.0580787587 -2.8E-10  1.8E-05  7.7E-06  0.0E+00    8    1.7E-001 
 136       -656.0580787588 -6.9E-11  1.4E-05  2.3E-06  0.0E+00    8    1.7E-001 
 137       -656.0580787589 -6.7E-11  7.2E-06  1.5E-06  0.0E+00    8    1.7E-001 
 138       -656.0580787589 -9.6E-11  1.6E-05  1.3E-06  0.0E+00    8    1.7E-001 
 139       -656.0580787590 -7.3E-11  7.7E-06  3.0E-06  0.0E+00    8    1.7E-001 
 140       -656.0580787591 -5.5E-11  1.6E-05  1.6E-06  0.0E+00    8    1.7E-001 
 141       -656.0580787591 -3.0E-11  8.5E-06  1.7E-06  0.0E+00    8    1.7E-001 
 142       -656.0580787591 -5.8E-12  4.2E-06  5.7E-07  0.0E+00    8    1.7E-001 
 143       -656.0580787591 -1.9E-12  1.4E-06  5.7E-07  0.0E+00    8    1.7E-001 
 144       -656.0580787591 -1.5E-12  3.2E-07  5.7E-07  0.0E+00    8    1.7E-001 
 ------------------------------------------------------------------------------
 SCF converged
 Converged energy                        -656.058078759113   
 ------------------------------------------------------------------------------
 Ehomo(Alpha) [eV]                       -4.953837895576     
 Elumo(Alpha) [eV]                       0.670411905149      
 Ehomo(Beta) [eV]                        -4.771738785130     
 Elumo(Beta) [eV]                        0.706707090549      

 dipole moment (Debye)
        x              y              z       
      1.342E-006     4.457E-006     1.157E-005

 traceless quadrupole moment (Debye*Angs)
                       x              y              z       
 x                  -2.005E-001    -4.042E-002     1.568E-001
 y                  -4.042E-002     1.341E-001     1.868E-002
 z                   1.568E-001     1.868E-002     6.642E-002

 ----------------------------------------------------------------------------
 Timings (seconds)
 * mean-field hamiltonian     2.4E+001
 * solver (setting up eqns)   2.0E-001
 * solver (energy estimate)   1.9E-002
 * solver (orthogonalization) 9.7E-003
 * solver (rotation matrix X) 7.6E-001
 * solver (exponential of X)  1.0E-001
 * solver (total)             1.1E+000
 * total SCF                  2.5E+001
 Atomic guess: SM, ../../../../basis-sets/bse/def2-svp.txt
 ---------------------------------------------------------
 E(HF) [a.u.]                            -6.5605807876E+002
 Tr(RhoAvg S), Cartesian AOs              3.4000000000E+001
 Tr(RhoAvg S), spherical AOs              3.4000000000E+001
 max|T RhoAvg T**T - RhoAvg_sao|                  1.11E-015
 max|c(RhoAvg) - c(Rho)|                          1.78E-015
 max|RhoAvg - Rho|                                3.99E-001
 Saved /mnt/storage_6/project_data/pl0415-03/marcin/beyond-rpa/guess/electron-densities/bse/def2-svp/sm.txt
 ----------------------------------------------------------------------------
                             SCF for EU (2S+1=8)                             
 ----------------------------------------------------------------------------
 NUMBER OF ATOMS                         1
 CHARGE                                  0
 Prescreening (pq|pq) integrals for the Cholesky decomposition
 Shell pairs will be sorted according to their max elements
 Max diagonal integral MaxDrs=2.3E+001
 Applying Eq. 15 in J. Chem. Phys. 150, 194112 (2019); doi: 10.1063/1.5083802
 Schwarz inequality: Dpq<min(10**(-8),Tau)**2/MaxDrs=4.3E-018
 Trace of exact Coulomb matrix: 2.2E+002
 Trace of discarded integrals: 0.0E+000
 Discarded 0 out of 300 shell pairs
 (0 out of 3081 orbital pairs)

 Step 1 of Cholesky decomposition: locating pivots
 -------------------------------------------------
 Dimensions of the Coulomb matrix: (3081,3081)
 Threshold for diagonal matrix elements: Dpq > 1.0E-007
 Max number of Cholesky vectors: 1170
 Rk storage block size: 500
 Max dimension of 2e integrals buffer: (3081,1000)

 ----------------------------------------------------------------------------
 #    Dmax        Memory (MB)    NPivots     %    Time        
 ----------------------------------------------------------------------------
 1    2.0E-001    3.4E+001       8           3    3.8E-001    
 2    9.2E-003    3.4E+001       278         24   4.4E-001    
 3    9.1E-005    3.0E+001       434         49   3.2E-001    
 4    2.6E-006    3.4E+001       574         87   2.5E-001    
 5    9.4E-008    1.5E+001       656         100  1.8E-001    

 Step 1 of the Cholesky decomposition completed
 Computed 656 pivots
 Largest residual Dpq: 9.4E-008
 NCholesky/NAO = 8.4E+000
 Step 1 of Cholesky decomposition completed in 1.6E+000 seconds
 Detailed timings in seconds
 Subtract prev contribs I (M-R**T*R)     1.5E-002
 Subtract prev contribs II (Rk)          2.9E-002
 Two-electron integrals                  1.5E+000
 Reallocation                            4.5E-003

 Step 2 of Cholesky decomposition completed in 1.2E-001 seconds
 Detailed timings in seconds
 Reduced-dimension matrix V    1.1E-001
 V=L*L**T                      8.9E-004
 L**(-1)                       1.1E-003

 Full-dimension Cholesky vectors of the Coulomb matrix will be stored in memory
 Cholesky vectors computed in 2.4E-001 seconds

 ┌─────────────────────────────────────────┐
 │          Self-consistent field          │
 └─────────────────────────────────────────┘

 Atomic orbital basis set
 . . . . . . . . . . . . . . . . . . . . . . . . . . . . . . . . . . . . . . 
 atomic centers                               1
 shell parameter sets                         24
 spherical AOs                                78
 max angular momentum                         4
 parameter set                                ../../../../basis-sets/bse/def2-svp.txt
 . . . . . . . . . . . . . . . . . . . . . . . . . . . . . . . . . . . . . . 
 SCF guess: bare nuclei Hamiltonian
 Starting self-consistent field iterations (spin-unrestricted)
 Alpha electrons: 21
 Beta electrons: 14
 ----------------------------------------------------------------------------
 Exchange-correlation: Hartree-Fock
 ----------------------------------------------------------------------------
 Replicated-data parallel SCF
 ----------------------------
 Processes                               1
 Threads/process                         16
 Allocated 1.3E-003 GiB of scratch space for the KS matrix build
 ----------------------------------------------------------------------------
 Loaded pseudopotential parameters
 ----------------------------------------------------------------------------

 EUROPIUM    
 Parameters file: ../../../../basis-sets/bse/def2-svp.txt
 ECP accounts for 28 core electrons

          Coeff         R^n       Exponent                                       

 Local part

 (Local part not present)
          0.00000000      2         1.00000000                                   

 L = 0

        607.65933100      2        23.47138400                                   

 L = 1

        264.38547600      2        16.77247900                                   

 L = 2

        115.38137500      2        13.98134300                                   

 L = 3

        -49.40079400      2        23.96288800                                   

 L = 4

        -26.74827300      2        21.23245800                                   

 ----------------------------------------------------------------------------
 Spherical harmonic basis contains 78 vectors
 Linear independence thresh: Eig(S) > 1.0E-006
 Computations will be carried out in the space of 78 MOs
 Threshold for J, K: |Rho(r,s)*(pq|rs)|,|Rho(q,s)*(pq|rs)| > 1.0E-011
 Convergence conditions
 ----------------------
 RhoDiff < 1.0E-006
 OrbGrad < 1.0E-006
 Max number of macroiters: 1024
 ------------------------------------------------------------------------------
 #           Energy        EDiff    RhoDiff  OrbGrad  OrbShift NStored Time     
 ------------------------------------------------------------------------------
 0          729.3871796664                                        0    2.3E-001 
 1         -671.7178255440           4.7E+02                      0    1.7E-001 
 2         -697.9303180990 -2.6E+01  5.4E+00  3.8E+00  6.7E+00    1    1.8E-001 
 3         -702.3732037058 -4.4E+00  2.0E+00  9.2E-01  1.7E+00    2    1.8E-001 
 4         -703.1040263134 -7.3E-01  4.0E-01  3.1E-01  9.8E-01    3    1.8E-001 
 5         -704.2715495488 -1.2E+00  1.6E-01  3.7E-01  1.0E+00    4    1.8E-001 
 6         -705.2793697024 -1.0E+00  1.6E-01  4.2E-01  1.0E+00    5    1.8E-001 
 7         -705.7008216167 -4.2E-01  1.2E-01  4.4E-01  1.1E+00    6    1.8E-001 
 8         -705.8341546383 -1.3E-01  4.8E-02  2.7E-01  1.1E+00    7    1.8E-001 
 9         -706.0030453996 -1.7E-01  1.1E-01  1.8E-01  1.1E+00    8    1.8E-001 
 10        -707.0112415705 -1.0E+00  2.8E-01  5.0E-01  2.3E+00    8    1.9E-001 
 11        -707.3945201166 -3.8E-01  2.5E-01  6.3E-01  4.0E-01    8    1.9E-001 
 12        -707.6508505188 -2.6E-01  6.7E-01  6.7E-01  4.2E-01    8    1.9E-001 
 13        -708.0574961906 -4.1E-01  2.7E-01  2.4E-01  1.0E-01    8    1.9E-001 
 14        -708.2116781992 -1.5E-01  1.1E-01  1.9E-01  0.0E+00    8    1.8E-001 
 15        -708.2158326329 -4.2E-03  7.3E-02  1.6E-02  0.0E+00    8    1.8E-001 
 16        -708.2181652556 -2.3E-03  7.6E-02  6.1E-03  0.0E+00    8    1.8E-001 
 17        -708.2248317254 -6.7E-03  1.2E-01  1.1E-02  0.0E+00    8    1.8E-001 
 18        -708.2473551074 -2.3E-02  2.6E-01  2.0E-02  9.9E-02    8    1.9E-001 
 19        -708.2798806775 -3.3E-02  2.9E-01  2.8E-02  6.5E-02    8    1.9E-001 
 20        -708.3194087457 -4.0E-02  2.9E-01  2.8E-02  5.8E-02    8    1.9E-001 
 21        -708.3441674910 -2.5E-02  2.4E-01  4.4E-02  0.0E+00    8    1.8E-001 
 22        -708.3672479175 -2.3E-02  6.7E-02  5.9E-02  0.0E+00    8    1.8E-001 
 23        -708.3685392752 -1.3E-03  3.8E-02  7.0E-03  0.0E+00    8    1.8E-001 
 24        -708.3688272804 -2.9E-04  1.5E-02  4.2E-03  0.0E+00    8    1.8E-001 
 25        -708.3690496720 -2.2E-04  1.5E-02  4.1E-03  0.0E+00    8    1.8E-001 
 26        -708.3690439455  5.7E-06  9.6E-03  4.2E-03  0.0E+00    8    1.8E-001 
 26*       -708.3690862241 -3.7E-05  7.8E-03  4.2E-03  1.5E-02    8    1.8E-001 
 27        -708.3692178330 -1.3E-04  8.3E-03  5.0E-03  2.3E-02    8    1.8E-001 
 28        -708.3692835261 -6.6E-05  7.4E-03  1.8E-03  3.2E-02    8    1.8E-001 
 29        -708.3693200455 -3.7E-05  9.7E-03  6.0E-04  2.1E-02    8    1.8E-001 
 30        -708.3693500119 -3.0E-05  1.2E-02  5.5E-04  9.3E-03    8    1.9E-001 
 31        -708.3693660408 -1.6E-05  1.4E-02  2.7E-04  1.5E-03    8    1.9E-001 
 32        -708.3693674905 -1.4E-06  4.7E-03  2.7E-04  0.0E+00    8    1.8E-001 
 33        -708.3693679559 -4.7E-07  4.2E-04  2.6E-04  0.0E+00    8    1.8E-001 
 34        -708.3693681861 -2.3E-07  9.8E-04  5.7E-05  0.0E+00    8    1.8E-001 
 35        -708.3693682817 -9.6E-08  7.3E-04  5.1E-05  0.0E+00    8    1.8E-001 
 36        -708.3693680313  2.5E-07  1.2E-03  1.3E-04  0.0E+00    8    1.8E-001 
 36*       -708.3693683362 -5.5E-08  8.2E-04  1.3E-04  5.2E-03    8    1.9E-001 
 37        -708.3693685567 -2.2E-07  7.6E-04  2.5E-04  6.2E-03    8    1.9E-001 
 38        -708.3693687260 -1.7E-07  7.6E-04  2.3E-04  1.3E-03    8    1.9E-001 
 39        -708.3693688822 -1.6E-07  5.2E-04  1.7E-04  0.0E+00    8    1.8E-001 
 40        -708.3693688932 -1.1E-08  1.0E-04  2.2E-05  0.0E+00    8    1.8E-001 
 41        -708.3693688956 -2.4E-09  7.9E-05  9.4E-06  0.0E+00    8    1.8E-001 
 42        -708.3693688960 -3.6E-10  1.4E-05  4.6E-06  0.0E+00    8    1.8E-001 
 43        -708.3693688962 -2.1E-10  3.5E-05  3.7E-06  0.0E+00    8    1.8E-001 
 44        -708.3693688965 -3.0E-10  2.7E-05  5.5E-06  0.0E+00    8    1.8E-001 
 45        -708.3693688965 -4.8E-11  7.5E-06  1.5E-06  0.0E+00    8    1.8E-001 
 46        -708.3693688965 -7.2E-12  4.0E-06  1.0E-06  0.0E+00    8    1.8E-001 
 47        -708.3693688965 -6.8E-12  1.8E-06  1.3E-06  0.0E+00    8    1.8E-001 
 48        -708.3693688966 -4.1E-12  9.2E-07  1.0E-06  0.0E+00    8    1.8E-001 
 49        -708.3693688966 -4.5E-13  8.9E-07  4.3E-07  0.0E+00    8    1.8E-001 
 ------------------------------------------------------------------------------
 SCF converged
 Converged energy                        -708.369368896555   
 ------------------------------------------------------------------------------
 Ehomo(Alpha) [eV]                       -5.017189158942     
 Elumo(Alpha) [eV]                       0.682049314999      
 Ehomo(Beta) [eV]                        -4.810020778433     
 Elumo(Beta) [eV]                        0.724731472584      

 dipole moment (Debye)
        x              y              z       
      1.436E-005     4.028E-006    -2.754E-006

 traceless quadrupole moment (Debye*Angs)
                       x              y              z       
 x                  -8.119E-006     5.106E-007     1.014E-006
 y                   5.106E-007     9.114E-006     1.045E-006
 z                   1.014E-006     1.045E-006    -9.951E-007

 ----------------------------------------------------------------------------
 Timings (seconds)
 * mean-field hamiltonian     9.0E+000
 * solver (setting up eqns)   6.9E-002
 * solver (energy estimate)   6.4E-003
 * solver (orthogonalization) 3.4E-003
 * solver (rotation matrix X) 2.0E-001
 * solver (exponential of X)  4.5E-002
 * solver (total)             3.3E-001
 * total SCF                  9.4E+000
 Atomic guess: EU, ../../../../basis-sets/bse/def2-svp.txt
 ---------------------------------------------------------
 E(HF) [a.u.]                            -7.0836936890E+002
 Tr(RhoAvg S), Cartesian AOs              3.5000000000E+001
 Tr(RhoAvg S), spherical AOs              3.5000000000E+001
 max|T RhoAvg T**T - RhoAvg_sao|                  1.55E-015
 max|c(RhoAvg) - c(Rho)|                          1.78E-015
 max|RhoAvg - Rho|                                1.44E-006
 Saved /mnt/storage_6/project_data/pl0415-03/marcin/beyond-rpa/guess/electron-densities/bse/def2-svp/eu.txt
 ----------------------------------------------------------------------------
                             SCF for GD (2S+1=9)                             
 ----------------------------------------------------------------------------
 NUMBER OF ATOMS                         1
 CHARGE                                  0
 Prescreening (pq|pq) integrals for the Cholesky decomposition
 Shell pairs will be sorted according to their max elements
 Max diagonal integral MaxDrs=2.4E+001
 Applying Eq. 15 in J. Chem. Phys. 150, 194112 (2019); doi: 10.1063/1.5083802
 Schwarz inequality: Dpq<min(10**(-8),Tau)**2/MaxDrs=4.1E-018
 Trace of exact Coulomb matrix: 2.3E+002
 Trace of discarded integrals: 0.0E+000
 Discarded 0 out of 300 shell pairs
 (0 out of 3081 orbital pairs)

 Step 1 of Cholesky decomposition: locating pivots
 -------------------------------------------------
 Dimensions of the Coulomb matrix: (3081,3081)
 Threshold for diagonal matrix elements: Dpq > 1.0E-007
 Max number of Cholesky vectors: 1170
 Rk storage block size: 500
 Max dimension of 2e integrals buffer: (3081,1000)

 ----------------------------------------------------------------------------
 #    Dmax        Memory (MB)    NPivots     %    Time        
 ----------------------------------------------------------------------------
 1    1.9E-001    3.4E+001       8           3    4.0E-001    
 2    9.6E-003    3.4E+001       272         20   4.3E-001    
 3    1.8E-004    3.2E+001       417         44   3.0E-001    
 4    1.8E-006    3.5E+001       574         88   2.1E-001    
 5    9.9E-008    1.1E+001       657         100  2.4E-001    

 Step 1 of the Cholesky decomposition completed
 Computed 657 pivots
 Largest residual Dpq: 9.9E-008
 NCholesky/NAO = 8.4E+000
 Step 1 of Cholesky decomposition completed in 1.6E+000 seconds
 Detailed timings in seconds
 Subtract prev contribs I (M-R**T*R)     2.6E-002
 Subtract prev contribs II (Rk)          3.5E-002
 Two-electron integrals                  1.5E+000
 Reallocation                            5.2E-003

 Step 2 of Cholesky decomposition completed in 1.2E-001 seconds
 Detailed timings in seconds
 Reduced-dimension matrix V    1.2E-001
 V=L*L**T                      1.1E-003
 L**(-1)                       1.5E-003

 Full-dimension Cholesky vectors of the Coulomb matrix will be stored in memory
 Cholesky vectors computed in 2.4E-001 seconds

 ┌─────────────────────────────────────────┐
 │          Self-consistent field          │
 └─────────────────────────────────────────┘

 Atomic orbital basis set
 . . . . . . . . . . . . . . . . . . . . . . . . . . . . . . . . . . . . . . 
 atomic centers                               1
 shell parameter sets                         24
 spherical AOs                                78
 max angular momentum                         4
 parameter set                                ../../../../basis-sets/bse/def2-svp.txt
 . . . . . . . . . . . . . . . . . . . . . . . . . . . . . . . . . . . . . . 
 SCF guess: bare nuclei Hamiltonian
 Starting self-consistent field iterations (spin-unrestricted)
 Alpha electrons: 22
 Beta electrons: 14
 ----------------------------------------------------------------------------
 Exchange-correlation: Hartree-Fock
 ----------------------------------------------------------------------------
 Replicated-data parallel SCF
 ----------------------------
 Processes                               1
 Threads/process                         16
 Allocated 1.3E-003 GiB of scratch space for the KS matrix build
 ----------------------------------------------------------------------------
 Loaded pseudopotential parameters
 ----------------------------------------------------------------------------

 GADOLINIUM  
 Parameters file: ../../../../basis-sets/bse/def2-svp.txt
 ECP accounts for 28 core electrons

          Coeff         R^n       Exponent                                       

 Local part

 (Local part not present)
          0.00000000      2         1.00000000                                   

 L = 0

        637.20086900      2        24.60215100                                   

 L = 1

        261.68960100      2        16.88925000                                   

 L = 2

        106.85653300      2        13.64335800                                   

 L = 3

        -50.68359000      2        24.12691700                                   

 L = 4

        -27.57963000      2        22.13188700                                   

 ----------------------------------------------------------------------------
 Spherical harmonic basis contains 78 vectors
 Linear independence thresh: Eig(S) > 1.0E-006
 Computations will be carried out in the space of 78 MOs
 Threshold for J, K: |Rho(r,s)*(pq|rs)|,|Rho(q,s)*(pq|rs)| > 1.0E-011
 Convergence conditions
 ----------------------
 RhoDiff < 1.0E-006
 OrbGrad < 1.0E-006
 Max number of macroiters: 1024
 ------------------------------------------------------------------------------
 #           Energy        EDiff    RhoDiff  OrbGrad  OrbShift NStored Time     
 ------------------------------------------------------------------------------
 0          669.1184492042                                        0    4.5E-001 
 1         -703.3073455064           4.9E+02                      0    3.9E-001 
 2         -745.7462376692 -4.2E+01  7.5E+00  4.9E+00  1.1E+01    1    4.0E-001 
 3         -755.2989988357 -9.6E+00  1.6E+00  2.2E+00  3.7E+00    2    3.9E-001 
 4         -757.8999649769 -2.6E+00  1.3E+00  8.8E-01  1.0E+00    3    3.9E-001 
 5         -758.5875301596 -6.9E-01  2.0E-01  2.8E-01  1.2E+00    4    3.9E-001 
 6         -759.7158213017 -1.1E+00  1.5E-01  3.7E-01  9.0E-01    5    3.9E-001 
 7         -760.3690721209 -6.5E-01  2.0E-01  4.5E-01  1.1E+00    6    4.0E-001 
 8         -760.8945817439 -5.3E-01  1.8E-01  3.8E-01  1.0E+00    7    4.0E-001 
 9         -761.8526119094 -9.6E-01  2.3E-01  3.3E-01  1.7E+00    8    4.2E-001 
 10        -762.9241879838 -1.1E+00  3.5E-01  9.0E-01  1.2E+00    8    4.3E-001 
 11        -762.9701254655 -4.6E-02  4.6E-02  1.1E-01  0.0E+00    8    4.0E-001 
 12        -762.9752341979 -5.1E-03  2.8E-02  2.2E-02  0.0E+00    8    4.0E-001 
 13        -762.9802191566 -5.0E-03  7.1E-02  1.1E-02  0.0E+00    8    4.0E-001 
 14        -763.0054410862 -2.5E-02  2.5E-01  1.8E-02  0.0E+00    8    4.0E-001 
 15        -763.0637861934 -5.8E-02  2.7E-01  4.5E-02  2.1E-01    8    4.2E-001 
 16        -763.1303805801 -6.7E-02  2.6E-01  5.3E-02  1.1E-01    8    4.2E-001 
 17        -763.1344466834 -4.1E-03  4.7E-02  1.2E-02  0.0E+00    8    4.0E-001 
 18        -763.1433253400 -8.9E-03  1.2E-01  5.8E-03  0.0E+00    8    4.0E-001 
 19        -763.1538797440 -1.1E-02  4.3E-02  1.9E-02  0.0E+00    8    4.0E-001 
 20        -763.1814966515 -2.8E-02  1.3E-01  3.5E-02  0.0E+00    8    4.0E-001 
 21        -763.3524695464 -1.7E-01  2.9E-01  4.8E-02  2.9E-01    8    4.2E-001 
 22        -763.3852582598 -3.3E-02  2.4E-01  1.1E-01  0.0E+00    8    3.9E-001 
 23        -763.3891777401 -3.9E-03  6.7E-02  2.2E-02  0.0E+00    8    3.9E-001 
 24        -763.3896261337 -4.5E-04  3.0E-02  8.2E-03  0.0E+00    8    3.9E-001 
 25        -763.3897398820 -1.1E-04  6.7E-03  2.3E-03  0.0E+00    8    3.9E-001 
 26        -763.3897736953 -3.4E-05  8.5E-03  9.9E-04  0.0E+00    8    3.9E-001 
 27        -763.3897902535 -1.7E-05  7.9E-03  9.7E-04  0.0E+00    8    3.9E-001 
 28        -763.3898052644 -1.5E-05  3.1E-03  1.3E-03  0.0E+00    8    4.0E-001 
 29        -763.3898119406 -6.7E-06  3.0E-03  8.2E-04  0.0E+00    8    3.9E-001 
 30        -763.3898221170 -1.0E-05  2.3E-03  1.5E-03  0.0E+00    8    3.9E-001 
 31        -763.3898367847 -1.5E-05  3.3E-03  1.1E-03  0.0E+00    8    3.9E-001 
 32        -763.3898485002 -1.2E-05  3.7E-03  3.5E-04  0.0E+00    8    4.0E-001 
 33        -763.3898601984 -1.2E-05  5.7E-03  2.7E-04  0.0E+00    8    3.9E-001 
 34        -763.3898654423 -5.2E-06  3.6E-03  4.4E-04  0.0E+00    8    3.9E-001 
 35        -763.3898679083 -2.5E-06  1.9E-03  3.6E-04  0.0E+00    8    3.9E-001 
 36        -763.3898702370 -2.3E-06  1.5E-03  2.7E-04  0.0E+00    8    3.9E-001 
 37        -763.3898720374 -1.8E-06  1.5E-03  2.3E-04  0.0E+00    8    3.9E-001 
 38        -763.3898728335 -8.0E-07  8.0E-04  2.4E-04  0.0E+00    8    3.9E-001 
 39        -763.3898731909 -3.6E-07  8.3E-04  1.7E-04  0.0E+00    8    3.9E-001 
 40        -763.3898734866 -3.0E-07  2.9E-04  2.7E-04  0.0E+00    8    3.9E-001 
 41        -763.3898735260 -3.9E-08  2.4E-04  6.7E-05  0.0E+00    8    3.9E-001 
 42        -763.3898735436 -1.8E-08  1.3E-04  1.6E-05  0.0E+00    8    3.9E-001 
 43        -763.3898735534 -9.8E-09  1.4E-04  2.6E-05  0.0E+00    8    3.9E-001 
 44        -763.3898735724 -1.9E-08  2.0E-04  3.7E-05  0.0E+00    8    3.9E-001 
 45        -763.3898735806 -8.1E-09  1.2E-04  1.3E-05  0.0E+00    8    3.9E-001 
 46        -763.3898735830 -2.4E-09  4.9E-05  1.3E-05  0.0E+00    8    3.9E-001 
 47        -763.3898735836 -5.9E-10  4.3E-05  7.7E-06  0.0E+00    8    3.9E-001 
 48        -763.3898735842 -6.4E-10  1.8E-05  9.1E-06  0.0E+00    8    3.9E-001 
 49        -763.3898735844 -1.5E-10  7.3E-06  4.5E-06  0.0E+00    8    3.9E-001 
 50        -763.3898735845 -7.8E-11  7.7E-06  4.9E-06  0.0E+00    8    3.9E-001 
 51        -763.3898735845 -7.5E-11  8.4E-06  3.8E-06  0.0E+00    8    3.9E-001 
 52        -763.3898735845 -1.0E-11  3.1E-06  4.6E-07  0.0E+00    8    3.9E-001 
 53        -763.3898735846 -5.7E-12  3.0E-06  4.8E-07  0.0E+00    8    3.9E-001 
 54        -763.3898735846 -3.8E-12  2.0E-06  6.7E-07  0.0E+00    8    3.9E-001 
 55        -763.3898735846 -5.2E-12  1.8E-06  7.0E-07  0.0E+00    8    3.9E-001 
 56        -763.3898735846 -4.0E-12  2.2E-06  3.3E-07  0.0E+00    8    3.9E-001 
 57        -763.3898735846 -1.5E-12  1.2E-06  1.9E-07  0.0E+00    8    3.9E-001 
 58        -763.3898735846 -6.8E-13  9.4E-07  2.8E-07  0.0E+00    8    3.9E-001 
 ------------------------------------------------------------------------------
 SCF converged
 Converged energy                        -763.389873584570   
 ------------------------------------------------------------------------------
 Ehomo(Alpha) [eV]                       -5.685574733609     
 Elumo(Alpha) [eV]                       0.750883637451      
 Ehomo(Beta) [eV]                        -5.050613755325     
 Elumo(Beta) [eV]                        0.677428695535      

 dipole moment (Debye)
        x              y              z       
     -1.071E-007    -7.364E-006    -1.018E-005

 traceless quadrupole moment (Debye*Angs)
                       x              y              z       
 x                  -8.808E-001     6.202E-002     5.360E-002
 y                   6.202E-002     6.340E-001     1.309E+000
 z                   5.360E-002     1.309E+000     2.468E-001

 ----------------------------------------------------------------------------
 Timings (seconds)
 * mean-field hamiltonian     2.3E+001
 * solver (setting up eqns)   1.2E-001
 * solver (energy estimate)   3.5E-002
 * solver (orthogonalization) 8.6E-003
 * solver (rotation matrix X) 2.4E-001
 * solver (exponential of X)  7.4E-002
 * solver (total)             4.8E-001
 * total SCF                  2.4E+001
 Atomic guess: GD, ../../../../basis-sets/bse/def2-svp.txt
 ---------------------------------------------------------
 E(HF) [a.u.]                            -7.6338987358E+002
 Tr(RhoAvg S), Cartesian AOs              3.6000000000E+001
 Tr(RhoAvg S), spherical AOs              3.6000000000E+001
 max|T RhoAvg T**T - RhoAvg_sao|                  1.55E-015
 max|c(RhoAvg) - c(Rho)|                          8.88E-016
 max|RhoAvg - Rho|                                1.97E-001
 Saved /mnt/storage_6/project_data/pl0415-03/marcin/beyond-rpa/guess/electron-densities/bse/def2-svp/gd.txt
 ----------------------------------------------------------------------------
                             SCF for TB (2S+1=6)                             
 ----------------------------------------------------------------------------
 NUMBER OF ATOMS                         1
 CHARGE                                  0
 Prescreening (pq|pq) integrals for the Cholesky decomposition
 Shell pairs will be sorted according to their max elements
 Max diagonal integral MaxDrs=2.5E+001
 Applying Eq. 15 in J. Chem. Phys. 150, 194112 (2019); doi: 10.1063/1.5083802
 Schwarz inequality: Dpq<min(10**(-8),Tau)**2/MaxDrs=4.1E-018
 Trace of exact Coulomb matrix: 2.3E+002
 Trace of discarded integrals: 0.0E+000
 Discarded 0 out of 300 shell pairs
 (0 out of 3081 orbital pairs)

 Step 1 of Cholesky decomposition: locating pivots
 -------------------------------------------------
 Dimensions of the Coulomb matrix: (3081,3081)
 Threshold for diagonal matrix elements: Dpq > 1.0E-007
 Max number of Cholesky vectors: 1170
 Rk storage block size: 500
 Max dimension of 2e integrals buffer: (3081,1000)

 ----------------------------------------------------------------------------
 #    Dmax        Memory (MB)    NPivots     %    Time        
 ----------------------------------------------------------------------------
 1    1.9E-001    3.4E+001       9           3    3.4E-001    
 2    8.8E-003    3.4E+001       267         17   2.7E-001    
 3    3.2E-004    3.3E+001       426         45   3.7E-001    
 4    3.1E-006    3.6E+001       566         86   3.4E-001    
 5    9.5E-008    1.6E+001       653         100  2.0E-001    

 Step 1 of the Cholesky decomposition completed
 Computed 653 pivots
 Largest residual Dpq: 9.5E-008
 NCholesky/NAO = 8.4E+000
 Step 1 of Cholesky decomposition completed in 1.5E+000 seconds
 Detailed timings in seconds
 Subtract prev contribs I (M-R**T*R)     3.4E-002
 Subtract prev contribs II (Rk)          4.0E-002
 Two-electron integrals                  1.4E+000
 Reallocation                            5.5E-003

 Step 2 of Cholesky decomposition completed in 1.2E-001 seconds
 Detailed timings in seconds
 Reduced-dimension matrix V    1.2E-001
 V=L*L**T                      1.7E-003
 L**(-1)                       1.5E-003

 Full-dimension Cholesky vectors of the Coulomb matrix will be stored in memory
 Cholesky vectors computed in 2.7E-001 seconds

 ┌─────────────────────────────────────────┐
 │          Self-consistent field          │
 └─────────────────────────────────────────┘

 Atomic orbital basis set
 . . . . . . . . . . . . . . . . . . . . . . . . . . . . . . . . . . . . . . 
 atomic centers                               1
 shell parameter sets                         24
 spherical AOs                                78
 max angular momentum                         4
 parameter set                                ../../../../basis-sets/bse/def2-svp.txt
 . . . . . . . . . . . . . . . . . . . . . . . . . . . . . . . . . . . . . . 
 SCF guess: bare nuclei Hamiltonian
 Starting self-consistent field iterations (spin-unrestricted)
 Alpha electrons: 21
 Beta electrons: 16
 ----------------------------------------------------------------------------
 Exchange-correlation: Hartree-Fock
 ----------------------------------------------------------------------------
 Replicated-data parallel SCF
 ----------------------------
 Processes                               1
 Threads/process                         16
 Allocated 1.3E-003 GiB of scratch space for the KS matrix build
 ----------------------------------------------------------------------------
 Loaded pseudopotential parameters
 ----------------------------------------------------------------------------

 TERBIUM     
 Parameters file: ../../../../basis-sets/bse/def2-svp.txt
 ECP accounts for 28 core electrons

          Coeff         R^n       Exponent                                       

 Local part

 (Local part not present)
          0.00000000      2         1.00000000                                   

 L = 0

        668.59715500      2        24.95295600                                   

 L = 1

        266.98047500      2        17.61089900                                   

 L = 2

         97.50659600      2        12.97600900                                   

 L = 3

        -52.17575700      2        24.24886900                                   

 L = 4

        -28.69426800      2        23.13067200                                   

 ----------------------------------------------------------------------------
 Spherical harmonic basis contains 78 vectors
 Linear independence thresh: Eig(S) > 1.0E-006
 Computations will be carried out in the space of 78 MOs
 Threshold for J, K: |Rho(r,s)*(pq|rs)|,|Rho(q,s)*(pq|rs)| > 1.0E-011
 Convergence conditions
 ----------------------
 RhoDiff < 1.0E-006
 OrbGrad < 1.0E-006
 Max number of macroiters: 1024
 ------------------------------------------------------------------------------
 #           Energy        EDiff    RhoDiff  OrbGrad  OrbShift NStored Time     
 ------------------------------------------------------------------------------
 0          720.9637168590                                        0    4.6E-001 
 1         -767.1192197981           3.4E+02                      0    4.0E-001 
 2         -805.8535268201 -3.9E+01  6.9E+00  4.8E+00  1.0E+01    1    4.0E-001 
 3         -812.9874622294 -7.1E+00  2.1E+00  1.9E+00  3.1E+00    2    4.0E-001 
 4         -815.1620371441 -2.2E+00  9.8E-01  1.0E+00  8.8E-01    3    4.0E-001 
 5         -815.9804413897 -8.2E-01  1.8E-01  2.8E-01  1.1E+00    4    4.0E-001 
 6         -817.8215975109 -1.8E+00  2.3E-01  3.4E-01  7.9E-01    5    4.0E-001 
 7         -818.2214156550 -4.0E-01  1.0E-01  4.6E-01  1.3E+00    6    4.0E-001 
 8         -818.3547578366 -1.3E-01  4.7E-02  2.2E-01  1.1E+00    7    4.0E-001 
 9         -818.8505456890 -5.0E-01  1.7E-01  1.3E-01  1.2E+00    8    4.3E-001 
 10        -819.9848486119 -1.1E+00  3.0E-01  8.1E-01  2.2E+00    8    4.4E-001 
 11        -820.3337720944 -3.5E-01  2.1E-01  7.4E-01  0.0E+00    8    4.0E-001 
 12        -820.6408527888 -3.1E-01  4.5E-01  3.7E-01  2.8E-01    8    4.4E-001 
 13        -820.6348693953  6.0E-03  3.3E-01  1.4E-01  9.3E-02    8    4.3E-001 
 13*       -820.7727801540 -1.3E-01  2.5E-01  1.4E-01  1.8E-01    8    4.3E-001 
 14        -820.8042890611 -3.2E-02  6.9E-02  9.3E-02  0.0E+00    8    4.0E-001 
 15        -820.8238902270 -2.0E-02  1.6E-01  1.2E-02  0.0E+00    8    4.0E-001 
 16        -820.8039153809  2.0E-02  5.9E-01  3.4E-02  3.4E-02    8    4.3E-001 
 16*       -820.8226503015  1.2E-03  4.4E-01  3.4E-02  5.4E-02    8    4.2E-001 
 16*       -820.8310473040 -7.2E-03  3.1E-01  3.4E-02  8.4E-02    8    4.2E-001 
 17        -820.7549915028  7.6E-02  3.4E-01  9.8E-02  2.8E-02    8    4.2E-001 
 17*       -820.7835955824  4.7E-02  2.5E-01  9.8E-02  7.2E-02    8    4.2E-001 
 17*       -820.8152077745  1.6E-02  1.9E-01  9.8E-02  1.3E-01    8    4.2E-001 
 17*       -820.8329340574 -1.9E-03  1.4E-01  9.8E-02  2.1E-01    8    4.2E-001 
 18        -820.8886464065 -5.6E-02  1.3E-01  1.1E-01  1.9E-01    8    4.3E-001 
 19        -820.9025840090 -1.4E-02  1.0E-01  2.0E-02  1.1E-01    8    4.3E-001 
 20        -820.9144141725 -1.2E-02  5.5E-02  2.3E-02  2.1E-01    8    4.4E-001 
 21        -820.9308866214 -1.6E-02  8.3E-02  3.2E-02  2.2E-01    8    4.3E-001 
 22        -820.9498738429 -1.9E-02  1.1E-01  3.8E-02  1.8E-01    8    4.3E-001 
 23        -820.9659735620 -1.6E-02  1.2E-01  3.4E-02  8.5E-02    8    4.3E-001 
 24        -820.9707849725 -4.8E-03  1.1E-01  1.6E-02  0.0E+00    8    4.1E-001 
 25        -820.9716385207 -8.5E-04  3.6E-02  5.2E-03  0.0E+00    8    4.1E-001 
 26        -820.9721272668 -4.9E-04  2.9E-02  5.5E-03  0.0E+00    8    4.1E-001 
 27        -820.9723966021 -2.7E-04  2.2E-02  5.2E-03  0.0E+00    8    4.1E-001 
 28        -820.9726013913 -2.0E-04  2.1E-02  4.9E-03  0.0E+00    8    4.1E-001 
 29        -820.9726437631 -4.2E-05  8.0E-03  1.5E-03  0.0E+00    8    4.1E-001 
 30        -820.9726783011 -3.5E-05  7.3E-03  1.5E-03  0.0E+00    8    4.1E-001 
 31        -820.9727091768 -3.1E-05  5.8E-03  1.3E-03  0.0E+00    8    4.1E-001 
 32        -820.9727275631 -1.8E-05  2.8E-03  7.8E-04  0.0E+00    8    4.1E-001 
 33        -820.9727592298 -3.2E-05  2.5E-03  7.9E-04  0.0E+00    8    4.0E-001 
 34        -820.9728574848 -9.8E-05  1.0E-02  7.9E-04  3.1E-03    8    4.3E-001 
 35        -820.9729534395 -9.6E-05  1.3E-02  8.4E-04  2.1E-03    8    4.3E-001 
 36        -820.9730566904 -1.0E-04  1.6E-02  9.4E-04  0.0E+00    8    4.1E-001 
 37        -820.9731316485 -7.5E-05  1.2E-02  9.0E-04  0.0E+00    8    4.1E-001 
 38        -820.9732410852 -1.1E-04  1.9E-02  9.2E-04  0.0E+00    8    4.1E-001 
 39        -820.9733357296 -9.5E-05  1.7E-02  1.7E-03  0.0E+00    8    4.1E-001 
 40        -820.9733614563 -2.6E-05  6.7E-03  6.9E-04  0.0E+00    8    4.1E-001 
 41        -820.9733722558 -1.1E-05  5.1E-03  1.2E-03  0.0E+00    8    4.1E-001 
 42        -820.9733867369 -1.4E-05  2.6E-03  1.8E-03  0.0E+00    8    4.1E-001 
 43        -820.9734036233 -1.7E-05  4.8E-03  1.3E-03  0.0E+00    8    4.1E-001 
 44        -820.9734117364 -8.1E-06  3.8E-03  3.3E-04  0.0E+00    8    4.1E-001 
 45        -820.9734191533 -7.4E-06  3.3E-03  5.3E-04  0.0E+00    8    4.1E-001 
 46        -820.9734256757 -6.5E-06  3.6E-03  3.5E-04  0.0E+00    8    4.1E-001 
 47        -820.9734323914 -6.7E-06  5.7E-03  3.1E-04  0.0E+00    8    4.1E-001 
 48        -820.9734377152 -5.3E-06  4.9E-03  3.4E-04  0.0E+00    8    4.1E-001 
 49        -820.9734413197 -3.6E-06  4.4E-03  2.8E-04  0.0E+00    8    4.1E-001 
 50        -820.9734437902 -2.5E-06  2.9E-03  2.4E-04  0.0E+00    8    4.1E-001 
 51        -820.9734451986 -1.4E-06  1.5E-03  2.5E-04  0.0E+00    8    4.1E-001 
 52        -820.9734467170 -1.5E-06  5.3E-04  5.8E-04  0.0E+00    8    4.1E-001 
 53        -820.9734479126 -1.2E-06  4.3E-04  4.8E-04  0.0E+00    8    4.1E-001 
 54        -820.9734498163 -1.9E-06  8.6E-04  3.4E-04  0.0E+00    8    4.1E-001 
 55        -820.9734518237 -2.0E-06  1.2E-03  2.1E-04  0.0E+00    8    4.1E-001 
 56        -820.9734553346 -3.5E-06  2.2E-03  2.1E-04  1.2E-02    8    4.3E-001 
 57        -820.9734593010 -4.0E-06  2.8E-03  2.0E-04  1.0E-02    8    4.3E-001 
 58        -820.9734630909 -3.8E-06  3.4E-03  1.9E-04  6.3E-03    8    4.3E-001 
 59        -820.9734672515 -4.2E-06  4.0E-03  2.2E-04  2.5E-03    8    4.3E-001 
 60        -820.9734715965 -4.3E-06  4.7E-03  2.4E-04  2.9E-04    8    4.4E-001 
 61        -820.9734736731 -2.1E-06  2.9E-03  1.6E-04  0.0E+00    8    4.1E-001 
 62        -820.9734739762 -3.0E-07  4.4E-04  3.4E-04  0.0E+00    8    4.1E-001 
 63        -820.9734747645 -7.9E-07  3.8E-04  4.3E-04  0.0E+00    8    4.1E-001 
 64        -820.9734762613 -1.5E-06  1.3E-03  2.9E-04  0.0E+00    8    4.1E-001 
 65        -820.9734778007 -1.5E-06  2.7E-03  1.2E-04  0.0E+00    8    4.1E-001 
 66        -820.9734789189 -1.1E-06  2.4E-03  1.1E-04  0.0E+00    8    4.1E-001 
 67        -820.9734805743 -1.7E-06  4.2E-03  1.0E-04  0.0E+00    8    4.1E-001 
 68        -820.9734816154 -1.0E-06  1.7E-03  8.9E-05  0.0E+00    8    4.1E-001 
 69        -820.9734823509 -7.4E-07  1.2E-03  2.1E-04  0.0E+00    8    4.1E-001 
 70        -820.9734830355 -6.8E-07  1.5E-03  2.4E-04  0.0E+00    8    4.1E-001 
 71        -820.9734839312 -9.0E-07  8.5E-04  2.8E-04  0.0E+00    8    4.1E-001 
 72        -820.9734842239 -2.9E-07  1.7E-03  2.7E-04  0.0E+00    8    4.1E-001 
 73        -820.9734849481 -7.2E-07  1.3E-03  3.1E-04  0.0E+00    8    4.1E-001 
 74        -820.9734856753 -7.3E-07  1.5E-03  1.3E-04  0.0E+00    8    4.1E-001 
 75        -820.9734864228 -7.5E-07  7.2E-04  1.2E-04  0.0E+00    8    4.1E-001 
 76        -820.9734869084 -4.9E-07  1.2E-03  1.1E-04  0.0E+00    8    4.1E-001 
 77        -820.9734873495 -4.4E-07  6.5E-04  9.8E-05  0.0E+00    8    4.1E-001 
 78        -820.9734878577 -5.1E-07  6.6E-04  8.8E-05  0.0E+00    8    4.1E-001 
 79        -820.9734891762 -1.3E-06  1.8E-03  8.3E-05  3.9E-03    8    4.3E-001 
 80        -820.9734904075 -1.2E-06  2.3E-03  1.0E-04  3.1E-03    8    4.3E-001 
 81        -820.9734914445 -1.0E-06  2.8E-03  1.5E-04  4.8E-04    8    4.4E-001 
 82        -820.9734923045 -8.6E-07  2.0E-03  2.9E-04  0.0E+00    8    4.1E-001 
 83        -820.9734931254 -8.2E-07  2.7E-03  3.4E-04  1.4E-04    8    4.4E-001 
 84        -820.9734945201 -1.4E-06  2.5E-03  4.3E-04  9.6E-05    8    4.4E-001 
 85        -820.9734949159 -4.0E-07  8.7E-04  1.2E-04  0.0E+00    8    4.1E-001 
 86        -820.9734952639 -3.5E-07  9.2E-04  9.6E-05  0.0E+00    8    4.1E-001 
 87        -820.9734956774 -4.1E-07  1.8E-03  8.1E-05  0.0E+00    8    4.1E-001 
 88        -820.9734959879 -3.1E-07  1.4E-03  7.6E-05  0.0E+00    8    4.1E-001 
 89        -820.9734961276 -1.4E-07  4.2E-04  7.1E-05  0.0E+00    8    4.1E-001 
 90        -820.9734963554 -2.3E-07  7.1E-04  6.6E-05  0.0E+00    8    4.1E-001 
 91        -820.9734965308 -1.8E-07  6.4E-04  1.0E-04  0.0E+00    8    4.1E-001 
 92        -820.9734965870 -5.6E-08  4.9E-04  1.6E-04  0.0E+00    8    4.1E-001 
 93        -820.9734969167 -3.3E-07  5.7E-04  2.5E-04  0.0E+00    8    4.1E-001 
 94        -820.9734971559 -2.4E-07  7.8E-04  1.6E-04  0.0E+00    8    4.1E-001 
 95        -820.9734973153 -1.6E-07  8.0E-04  4.5E-05  0.0E+00    8    4.1E-001 
 96        -820.9734974852 -1.7E-07  8.9E-04  4.4E-05  0.0E+00    8    4.1E-001 
 97        -820.9734977003 -2.2E-07  1.3E-03  5.6E-05  0.0E+00    8    4.1E-001 
 98        -820.9734977643 -6.4E-08  5.9E-04  4.2E-05  0.0E+00    8    4.1E-001 
 99        -820.9734978374 -7.3E-08  4.5E-04  3.7E-05  0.0E+00    8    4.1E-001 
 100       -820.9734979590 -1.2E-07  8.5E-04  3.6E-05  0.0E+00    8    4.1E-001 
 101       -820.9734980625 -1.0E-07  6.4E-04  3.7E-05  0.0E+00    8    4.1E-001 
 102       -820.9734981732 -1.1E-07  7.9E-04  5.1E-05  0.0E+00    8    4.1E-001 
 103       -820.9734982224 -4.9E-08  6.0E-04  4.2E-05  0.0E+00    8    4.1E-001 
 104       -820.9734982888 -6.6E-08  5.2E-04  1.2E-04  0.0E+00    8    4.1E-001 
 105       -820.9734983675 -7.9E-08  3.4E-04  1.2E-04  0.0E+00    8    4.1E-001 
 106       -820.9734985575 -1.9E-07  4.8E-04  1.2E-04  1.9E-03    8    4.3E-001 
 107       -820.9734986744 -1.2E-07  6.1E-04  3.2E-05  7.6E-04    8    4.3E-001 
 108       -820.9734987857 -1.1E-07  7.2E-04  3.3E-05  0.0E+00    8    4.1E-001 
 109       -820.9734988408 -5.5E-08  2.4E-04  3.2E-05  0.0E+00    8    4.1E-001 
 110       -820.9734988910 -5.0E-08  2.0E-04  3.0E-05  0.0E+00    8    4.1E-001 
 111       -820.9734989422 -5.1E-08  2.4E-04  2.9E-05  0.0E+00    8    4.1E-001 
 112       -820.9734990000 -5.8E-08  2.7E-04  3.4E-05  0.0E+00    8    4.1E-001 
 113       -820.9734990953 -9.5E-08  5.6E-04  4.5E-05  6.4E-04    8    4.4E-001 
 114       -820.9734991269 -3.2E-08  5.1E-04  9.0E-05  0.0E+00    8    4.1E-001 
 115       -820.9734992477 -1.2E-07  4.6E-04  1.7E-04  0.0E+00    8    4.1E-001 
 116       -820.9734993230 -7.5E-08  3.7E-04  8.8E-05  0.0E+00    8    4.1E-001 
 117       -820.9734993730 -5.0E-08  3.1E-04  4.8E-05  0.0E+00    8    4.1E-001 
 118       -820.9734994399 -6.7E-08  3.4E-04  5.0E-05  0.0E+00    8    4.1E-001 
 119       -820.9734995099 -7.0E-08  3.3E-04  4.2E-05  0.0E+00    8    4.1E-001 
 120       -820.9734995588 -4.9E-08  3.2E-04  2.8E-05  0.0E+00    8    4.1E-001 
 121       -820.9734996185 -6.0E-08  4.2E-04  2.5E-05  0.0E+00    8    4.1E-001 
 122       -820.9734996427 -2.4E-08  1.5E-04  3.3E-05  0.0E+00    8    4.1E-001 
 123       -820.9734996869 -4.4E-08  3.0E-04  4.8E-05  0.0E+00    8    4.1E-001 
 124       -820.9734996808  6.1E-09  2.1E-04  3.4E-05  0.0E+00    8    4.1E-001 
 124*      -820.9734996954 -8.5E-09  1.4E-04  3.4E-05  3.7E-03    8    4.3E-001 
 125       -820.9734997230 -2.8E-08  1.6E-04  7.0E-05  6.8E-03    8    4.3E-001 
 126       -820.9734997459 -2.3E-08  1.7E-04  4.5E-05  7.4E-03    8    4.3E-001 
 127       -820.9734997700 -2.4E-08  1.9E-04  3.0E-05  5.9E-03    8    4.3E-001 
 128       -820.9734997921 -2.2E-08  2.5E-04  1.5E-05  5.3E-03    8    4.3E-001 
 129       -820.9734998080 -1.6E-08  3.0E-04  1.3E-05  9.4E-04    8    4.4E-001 
 130       -820.9734998314 -2.3E-08  4.0E-04  1.1E-05  0.0E+00    8    4.1E-001 
 131       -820.9734998525 -2.1E-08  4.7E-04  1.5E-05  2.4E-04    8    4.4E-001 
 132       -820.9734998595 -7.0E-09  2.7E-04  1.3E-05  0.0E+00    8    4.1E-001 
 133       -820.9734998666 -7.2E-09  1.7E-04  1.9E-05  0.0E+00    8    4.1E-001 
 134       -820.9734998746 -8.0E-09  1.9E-04  3.2E-05  0.0E+00    8    4.1E-001 
 135       -820.9734998821 -7.5E-09  7.6E-05  2.7E-05  0.0E+00    8    4.1E-001 
 136       -820.9734998920 -9.9E-09  8.4E-05  3.0E-05  0.0E+00    8    4.1E-001 
 137       -820.9734999013 -9.3E-09  1.3E-04  2.1E-05  0.0E+00    8    4.1E-001 
 138       -820.9734999087 -7.4E-09  1.4E-04  1.2E-05  0.0E+00    8    4.1E-001 
 139       -820.9734999274 -1.9E-08  1.8E-04  1.4E-05  8.7E-04    8    4.3E-001 
 140       -820.9734999451 -1.8E-08  2.2E-04  1.3E-05  1.2E-04    8    4.3E-001 
 141       -820.9734999511 -6.0E-09  1.3E-04  1.0E-05  0.0E+00    8    4.1E-001 
 142       -820.9734999596 -8.4E-09  1.3E-04  1.2E-05  0.0E+00    8    4.1E-001 
 143       -820.9734999650 -5.4E-09  1.8E-04  9.7E-06  0.0E+00    8    4.1E-001 
 144       -820.9734999728 -7.8E-09  1.6E-04  2.7E-05  0.0E+00    8    4.1E-001 
 145       -820.9734999816 -8.8E-09  3.3E-04  1.3E-05  3.3E-04    8    4.4E-001 
 146       -820.9734999893 -7.7E-09  3.6E-04  2.1E-05  0.0E+00    8    4.1E-001 
 147       -820.9734999966 -7.3E-09  3.2E-04  2.5E-05  0.0E+00    8    4.1E-001 
 148       -820.9734999997 -3.1E-09  1.7E-04  9.6E-06  0.0E+00    8    4.1E-001 
 149       -820.9735000014 -1.6E-09  9.8E-05  9.5E-06  0.0E+00    8    4.1E-001 
 150       -820.9735000020 -6.2E-10  5.1E-05  8.2E-06  0.0E+00    8    4.1E-001 
 151       -820.9735000030 -9.8E-10  5.8E-05  8.2E-06  0.0E+00    8    4.1E-001 
 152       -820.9735000049 -1.9E-09  1.2E-04  8.0E-06  0.0E+00    8    4.1E-001 
 153       -820.9735000075 -2.5E-09  7.8E-05  8.2E-06  0.0E+00    8    4.1E-001 
 154       -820.9735000100 -2.5E-09  9.4E-05  7.1E-06  0.0E+00    8    4.1E-001 
 155       -820.9735000130 -3.0E-09  9.9E-05  1.1E-05  0.0E+00    8    4.1E-001 
 156       -820.9735000152 -2.2E-09  5.5E-05  1.2E-05  0.0E+00    8    4.1E-001 
 157       -820.9735000171 -2.0E-09  8.4E-05  9.0E-06  0.0E+00    8    4.1E-001 
 158       -820.9735000194 -2.3E-09  6.5E-05  1.3E-05  0.0E+00    8    4.1E-001 
 159       -820.9735000206 -1.2E-09  6.6E-05  4.0E-06  0.0E+00    8    4.1E-001 
 160       -820.9735000225 -1.9E-09  7.0E-05  5.8E-06  0.0E+00    8    4.1E-001 
 161       -820.9735000233 -8.5E-10  3.9E-05  4.7E-06  0.0E+00    8    4.1E-001 
 162       -820.9735000247 -1.3E-09  9.4E-05  4.5E-06  0.0E+00    8    4.1E-001 
 163       -820.9735000251 -4.3E-10  4.0E-05  2.7E-06  0.0E+00    8    4.1E-001 
 164       -820.9735000256 -4.9E-10  4.0E-05  4.2E-06  0.0E+00    8    4.1E-001 
 165       -820.9735000258 -2.0E-10  2.8E-05  4.1E-06  0.0E+00    8    4.1E-001 
 166       -820.9735000265 -6.4E-10  5.1E-05  7.6E-06  0.0E+00    8    4.1E-001 
 167       -820.9735000271 -6.2E-10  5.9E-05  6.8E-06  0.0E+00    8    4.1E-001 
 168       -820.9735000278 -6.9E-10  4.8E-05  6.8E-06  0.0E+00    8    4.1E-001 
 169       -820.9735000284 -6.7E-10  8.7E-05  3.3E-06  0.0E+00    8    4.1E-001 
 170       -820.9735000290 -5.3E-10  6.0E-05  2.8E-06  0.0E+00    8    4.1E-001 
 171       -820.9735000295 -5.7E-10  1.0E-04  1.7E-06  0.0E+00    8    4.1E-001 
 172       -820.9735000297 -2.0E-10  5.5E-05  2.1E-06  0.0E+00    8    4.1E-001 
 173       -820.9735000299 -1.4E-10  5.3E-05  2.0E-06  0.0E+00    8    4.1E-001 
 174       -820.9735000299 -3.9E-11  1.3E-05  1.5E-06  0.0E+00    8    4.1E-001 
 175       -820.9735000300 -7.5E-11  2.1E-05  1.3E-06  0.0E+00    8    4.1E-001 
 176       -820.9735000301 -9.0E-11  1.4E-05  1.5E-06  0.0E+00    8    4.1E-001 
 177       -820.9735000302 -9.3E-11  2.1E-05  3.7E-06  0.0E+00    8    4.1E-001 
 178       -820.9735000302 -6.2E-11  9.3E-06  3.5E-06  0.0E+00    8    4.1E-001 
 179       -820.9735000303 -6.2E-11  7.7E-06  2.4E-06  0.0E+00    8    4.1E-001 
 180       -820.9735000304 -1.1E-10  1.5E-05  1.2E-06  0.0E+00    8    4.1E-001 
 181       -820.9735000305 -9.9E-11  1.4E-05  1.3E-06  0.0E+00    8    4.1E-001 
 182       -820.9735000307 -2.4E-10  3.8E-05  1.9E-06  1.1E-03    8    4.4E-001 
 183       -820.9735000309 -1.5E-10  4.1E-05  1.2E-06  0.0E+00    8    4.1E-001 
 184       -820.9735000310 -1.2E-10  4.1E-05  1.4E-06  0.0E+00    8    4.1E-001 
 185       -820.9735000311 -5.3E-11  1.3E-05  1.5E-06  0.0E+00    8    4.1E-001 
 186       -820.9735000312 -1.1E-10  3.9E-05  1.8E-06  0.0E+00    8    4.1E-001 
 187       -820.9735000313 -9.7E-11  2.2E-05  1.6E-06  0.0E+00    8    4.1E-001 
 188       -820.9735000313 -6.2E-11  1.5E-05  1.0E-06  0.0E+00    8    4.1E-001 
 189       -820.9735000314 -7.6E-11  1.5E-05  2.3E-06  0.0E+00    8    4.1E-001 
 190       -820.9735000315 -8.9E-11  1.4E-05  8.5E-07  0.0E+00    8    4.1E-001 
 191       -820.9735000316 -5.9E-11  1.1E-05  8.2E-07  0.0E+00    8    4.1E-001 
 192       -820.9735000317 -1.5E-10  3.2E-05  1.3E-06  5.4E-05    8    4.4E-001 
 193       -820.9735000318 -9.4E-11  2.4E-05  1.2E-06  0.0E+00    8    4.1E-001 
 194       -820.9735000319 -7.9E-11  2.6E-05  2.3E-06  0.0E+00    8    4.1E-001 
 195       -820.9735000319 -6.4E-11  6.8E-06  1.4E-06  0.0E+00    8    4.1E-001 
 196       -820.9735000320 -9.3E-11  3.8E-05  1.1E-06  1.7E-03    8    4.4E-001 
 197       -820.9735000321 -3.8E-11  8.0E-06  1.5E-06  0.0E+00    8    4.1E-001 
 198       -820.9735000321 -1.1E-11  5.0E-06  9.0E-07  0.0E+00    8    4.1E-001 
 199       -820.9735000321 -2.3E-11  9.7E-06  1.4E-06  0.0E+00    8    4.1E-001 
 200       -820.9735000321 -2.8E-11  9.3E-06  9.4E-07  0.0E+00    8    4.1E-001 
 201       -820.9735000322 -1.9E-11  1.9E-05  6.4E-07  2.9E-03    8    4.3E-001 
 202       -820.9735000322 -1.1E-11  1.7E-05  2.5E-06  1.1E-03    8    4.4E-001 
 203       -820.9735000322 -4.4E-11  4.5E-06  2.7E-06  0.0E+00    8    4.1E-001 
 204       -820.9735000322 -4.4E-12  9.8E-07  9.9E-07  0.0E+00    8    4.1E-001 
 ------------------------------------------------------------------------------
 SCF converged
 Converged energy                        -820.973500032216   
 ------------------------------------------------------------------------------
 Ehomo(Alpha) [eV]                       -5.040739619605     
 Elumo(Alpha) [eV]                       0.701546687733      
 Ehomo(Beta) [eV]                        -4.902026848466     
 Elumo(Beta) [eV]                        0.731638815610      

 dipole moment (Debye)
        x              y              z       
      2.363E-006     1.854E-006     4.758E-006

 traceless quadrupole moment (Debye*Angs)
                       x              y              z       
 x                   1.342E-001    -1.856E-002    -2.013E-002
 y                  -1.856E-002    -2.043E-001    -8.246E-002
 z                  -2.013E-002    -8.246E-002     7.006E-002

 ----------------------------------------------------------------------------
 Timings (seconds)
 * mean-field hamiltonian     8.5E+001
 * solver (setting up eqns)   4.0E-001
 * solver (energy estimate)   1.4E-001
 * solver (orthogonalization) 3.1E-002
 * solver (rotation matrix X) 1.6E+000
 * solver (exponential of X)  2.2E-001
 * solver (total)             2.4E+000
 * total SCF                  8.8E+001
 Atomic guess: TB, ../../../../basis-sets/bse/def2-svp.txt
 ---------------------------------------------------------
 E(HF) [a.u.]                            -8.2097350003E+002
 Tr(RhoAvg S), Cartesian AOs              3.7000000000E+001
 Tr(RhoAvg S), spherical AOs              3.7000000000E+001
 max|T RhoAvg T**T - RhoAvg_sao|                  1.78E-015
 max|c(RhoAvg) - c(Rho)|                          1.78E-015
 max|RhoAvg - Rho|                                3.29E-001
 Saved /mnt/storage_6/project_data/pl0415-03/marcin/beyond-rpa/guess/electron-densities/bse/def2-svp/tb.txt
 ----------------------------------------------------------------------------
                             SCF for DY (2S+1=5)                             
 ----------------------------------------------------------------------------
 NUMBER OF ATOMS                         1
 CHARGE                                  0
 Prescreening (pq|pq) integrals for the Cholesky decomposition
 Shell pairs will be sorted according to their max elements
 Max diagonal integral MaxDrs=2.5E+001
 Applying Eq. 15 in J. Chem. Phys. 150, 194112 (2019); doi: 10.1063/1.5083802
 Schwarz inequality: Dpq<min(10**(-8),Tau)**2/MaxDrs=4.0E-018
 Trace of exact Coulomb matrix: 2.3E+002
 Trace of discarded integrals: 0.0E+000
 Discarded 0 out of 300 shell pairs
 (0 out of 3081 orbital pairs)

 Step 1 of Cholesky decomposition: locating pivots
 -------------------------------------------------
 Dimensions of the Coulomb matrix: (3081,3081)
 Threshold for diagonal matrix elements: Dpq > 1.0E-007
 Max number of Cholesky vectors: 1170
 Rk storage block size: 500
 Max dimension of 2e integrals buffer: (3081,1000)

 ----------------------------------------------------------------------------
 #    Dmax        Memory (MB)    NPivots     %    Time        
 ----------------------------------------------------------------------------
 1    2.3E-001    3.4E+001       9           3    3.3E-001    
 2    8.6E-003    3.4E+001       260         17   4.9E-001    
 3    1.2E-004    3.3E+001       442         48   9.7E-002    
 4    4.8E-006    3.6E+001       590         91   2.1E-001    
 5    9.9E-008    8.4E+000       654         100  9.3E-002    

 Step 1 of the Cholesky decomposition completed
 Computed 654 pivots
 Largest residual Dpq: 9.9E-008
 NCholesky/NAO = 8.4E+000
 Step 1 of Cholesky decomposition completed in 1.2E+000 seconds
 Detailed timings in seconds
 Subtract prev contribs I (M-R**T*R)     2.5E-002
 Subtract prev contribs II (Rk)          4.1E-002
 Two-electron integrals                  1.1E+000
 Reallocation                            5.2E-003

 Step 2 of Cholesky decomposition completed in 1.2E-001 seconds
 Detailed timings in seconds
 Reduced-dimension matrix V    1.2E-001
 V=L*L**T                      1.1E-003
 L**(-1)                       1.4E-003

 Full-dimension Cholesky vectors of the Coulomb matrix will be stored in memory
 Cholesky vectors computed in 2.0E-001 seconds

 ┌─────────────────────────────────────────┐
 │          Self-consistent field          │
 └─────────────────────────────────────────┘

 Atomic orbital basis set
 . . . . . . . . . . . . . . . . . . . . . . . . . . . . . . . . . . . . . . 
 atomic centers                               1
 shell parameter sets                         24
 spherical AOs                                78
 max angular momentum                         4
 parameter set                                ../../../../basis-sets/bse/def2-svp.txt
 . . . . . . . . . . . . . . . . . . . . . . . . . . . . . . . . . . . . . . 
 SCF guess: bare nuclei Hamiltonian
 Starting self-consistent field iterations (spin-unrestricted)
 Alpha electrons: 21
 Beta electrons: 17
 ----------------------------------------------------------------------------
 Exchange-correlation: Hartree-Fock
 ----------------------------------------------------------------------------
 Replicated-data parallel SCF
 ----------------------------
 Processes                               1
 Threads/process                         16
 Allocated 1.3E-003 GiB of scratch space for the KS matrix build
 ----------------------------------------------------------------------------
 Loaded pseudopotential parameters
 ----------------------------------------------------------------------------

 DYSPROSIUM  
 Parameters file: ../../../../basis-sets/bse/def2-svp.txt
 ECP accounts for 28 core electrons

          Coeff         R^n       Exponent                                       

 Local part

 (Local part not present)
          0.00000000      2         1.00000000                                   

 L = 0

        705.67122100      2        26.42958600                                   

 L = 1

        254.86698900      2        17.31703400                                   

 L = 2

         95.04518700      2        12.91359900                                   

 L = 3

        -54.57409300      2        24.90787800                                   

 L = 4

        -29.82827700      2        24.14875300                                   

 ----------------------------------------------------------------------------
 Spherical harmonic basis contains 78 vectors
 Linear independence thresh: Eig(S) > 1.0E-006
 Computations will be carried out in the space of 78 MOs
 Threshold for J, K: |Rho(r,s)*(pq|rs)|,|Rho(q,s)*(pq|rs)| > 1.0E-011
 Convergence conditions
 ----------------------
 RhoDiff < 1.0E-006
 OrbGrad < 1.0E-006
 Max number of macroiters: 1024
 ------------------------------------------------------------------------------
 #           Energy        EDiff    RhoDiff  OrbGrad  OrbShift NStored Time     
 ------------------------------------------------------------------------------
 0          692.7956721096                                        0    2.4E-001 
 1         -809.9716729814           3.5E+02                      0    1.9E-001 
 2         -866.6579204389 -5.7E+01  9.2E+00  5.5E+00  1.1E+01    1    1.9E-001 
 3         -874.6855530489 -8.0E+00  2.1E+00  2.3E+00  3.4E+00    2    1.9E-001 
 4         -877.9953839032 -3.3E+00  1.0E+00  1.3E+00  4.1E-01    3    1.9E-001 
 5         -879.3325224124 -1.3E+00  3.5E-01  4.7E-01  1.1E+00    4    1.9E-001 
 6         -880.8337054946 -1.5E+00  3.0E-01  4.3E-01  4.1E-01    5    1.9E-001 
 7         -881.0470479274 -2.1E-01  1.9E-01  2.2E-01  4.0E-01    6    1.9E-001 
 8         -881.2069943311 -1.6E-01  2.9E-01  8.5E-02  1.1E-01    7    2.0E-001 
 9         -881.4086430309 -2.0E-01  2.2E-01  1.1E-01  4.1E-01    8    2.1E-001 
 10        -881.4572397427 -4.9E-02  1.3E-01  1.1E-01  0.0E+00    8    1.9E-001 
 11        -881.4807724352 -2.4E-02  1.7E-01  2.6E-02  0.0E+00    8    1.9E-001 
 12        -881.5063734747 -2.6E-02  1.9E-01  2.9E-02  0.0E+00    8    1.9E-001 
 13        -881.5697759038 -6.3E-02  4.4E-01  6.5E-02  6.8E-02    8    2.0E-001 
 14        -881.5957373805 -2.6E-02  1.4E-01  4.9E-02  0.0E+00    8    1.9E-001 
 15        -881.6013872332 -5.6E-03  3.5E-02  2.6E-02  0.0E+00    8    1.9E-001 
 16        -881.6086977278 -7.3E-03  3.5E-02  2.5E-02  1.5E-01    8    2.0E-001 
 17        -881.6158834252 -7.2E-03  4.4E-02  2.3E-02  1.7E-01    8    2.0E-001 
 18        -881.6222328781 -6.3E-03  6.2E-02  1.7E-02  9.0E-02    8    2.0E-001 
 19        -881.6249176802 -2.7E-03  5.9E-02  1.1E-02  0.0E+00    8    1.9E-001 
 20        -881.6252641231 -3.5E-04  1.3E-02  5.3E-03  0.0E+00    8    1.9E-001 
 21        -881.6270095794 -1.7E-03  3.6E-02  5.1E-03  0.0E+00    8    1.9E-001 
 22        -881.6285030451 -1.5E-03  4.7E-02  6.0E-03  0.0E+00    8    1.9E-001 
 23        -881.6293147436 -8.1E-04  3.3E-02  5.9E-03  0.0E+00    8    1.9E-001 
 24        -881.6300391791 -7.2E-04  2.8E-02  7.6E-03  0.0E+00    8    1.9E-001 
 25        -881.6329316675 -2.9E-03  6.8E-02  7.1E-03  0.0E+00    8    1.9E-001 
 26        -881.6412442518 -8.3E-03  6.1E-02  1.5E-02  1.8E-01    8    2.0E-001 
 27        -881.6555410296 -1.4E-02  9.5E-02  2.8E-02  2.3E-01    8    2.0E-001 
 28        -881.6749726407 -1.9E-02  1.4E-01  3.7E-02  2.1E-01    8    2.0E-001 
 29        -881.6944736416 -2.0E-02  1.7E-01  3.9E-02  1.3E-01    8    2.0E-001 
 30        -881.7062551430 -1.2E-02  1.5E-01  2.6E-02  1.4E-02    8    2.0E-001 
 31        -881.7079466223 -1.7E-03  2.4E-02  1.2E-02  0.0E+00    8    1.9E-001 
 32        -881.7093747418 -1.4E-03  4.6E-02  5.9E-03  0.0E+00    8    1.9E-001 
 33        -881.7099421798 -5.7E-04  3.8E-02  2.7E-03  0.0E+00    8    1.9E-001 
 34        -881.7101793662 -2.4E-04  1.5E-02  1.9E-03  0.0E+00    8    1.9E-001 
 35        -881.7102862684 -1.1E-04  8.8E-03  1.7E-03  0.0E+00    8    1.9E-001 
 36        -881.7103609158 -7.5E-05  5.6E-03  2.1E-03  0.0E+00    8    1.9E-001 
 37        -881.7104558515 -9.5E-05  7.7E-03  2.0E-03  0.0E+00    8    1.9E-001 
 38        -881.7104902607 -3.4E-05  5.4E-03  1.4E-03  0.0E+00    8    1.9E-001 
 39        -881.7105274560 -3.7E-05  2.7E-03  2.1E-03  0.0E+00    8    1.9E-001 
 40        -881.7105515040 -2.4E-05  3.4E-03  1.2E-03  0.0E+00    8    1.9E-001 
 41        -881.7105642130 -1.3E-05  2.6E-03  9.8E-04  0.0E+00    8    1.9E-001 
 42        -881.7105839169 -2.0E-05  3.8E-03  7.6E-04  0.0E+00    8    1.9E-001 
 43        -881.7105988916 -1.5E-05  3.4E-03  5.9E-04  0.0E+00    8    1.9E-001 
 44        -881.7106084597 -9.6E-06  3.5E-03  4.5E-04  0.0E+00    8    1.9E-001 
 45        -881.7106111228 -2.7E-06  1.8E-03  2.4E-04  0.0E+00    8    1.9E-001 
 46        -881.7106120766 -9.5E-07  9.0E-04  2.6E-04  0.0E+00    8    1.9E-001 
 47        -881.7106136138 -1.5E-06  8.9E-04  2.5E-04  0.0E+00    8    1.9E-001 
 48        -881.7106157785 -2.2E-06  1.2E-03  2.0E-04  0.0E+00    8    1.9E-001 
 49        -881.7106164464 -6.7E-07  6.9E-04  2.6E-04  0.0E+00    8    1.9E-001 
 50        -881.7106180603 -1.6E-06  8.9E-04  4.6E-04  0.0E+00    8    1.9E-001 
 51        -881.7106184399 -3.8E-07  4.0E-04  1.4E-04  0.0E+00    8    1.9E-001 
 52        -881.7106186982 -2.6E-07  4.8E-04  9.6E-05  0.0E+00    8    1.9E-001 
 53        -881.7106187721 -7.4E-08  2.4E-04  9.9E-05  0.0E+00    8    1.9E-001 
 54        -881.7106187955 -2.3E-08  2.9E-04  4.6E-05  0.0E+00    8    1.9E-001 
 55        -881.7106188030 -7.5E-09  1.3E-04  2.3E-05  0.0E+00    8    1.9E-001 
 56        -881.7106188120 -9.1E-09  9.8E-05  2.1E-05  0.0E+00    8    1.9E-001 
 57        -881.7106188162 -4.1E-09  6.1E-05  1.7E-05  0.0E+00    8    1.9E-001 
 58        -881.7106188196 -3.4E-09  5.7E-05  1.8E-05  0.0E+00    8    1.9E-001 
 59        -881.7106188205 -8.5E-10  3.3E-05  5.9E-06  0.0E+00    8    1.9E-001 
 60        -881.7106188214 -9.2E-10  2.5E-05  6.7E-06  0.0E+00    8    1.9E-001 
 61        -881.7106188224 -1.0E-09  2.5E-05  7.4E-06  0.0E+00    8    1.9E-001 
 62        -881.7106188233 -9.4E-10  1.9E-05  1.0E-05  0.0E+00    8    1.9E-001 
 63        -881.7106188236 -2.7E-10  9.3E-06  4.6E-06  0.0E+00    8    1.9E-001 
 64        -881.7106188238 -2.0E-10  1.0E-05  2.6E-06  0.0E+00    8    1.9E-001 
 65        -881.7106188238 -6.7E-11  8.5E-06  9.0E-07  0.0E+00    8    1.9E-001 
 66        -881.7106188239 -2.3E-11  2.8E-06  1.4E-06  0.0E+00    8    1.9E-001 
 67        -881.7106188239 -1.1E-11  1.8E-06  6.2E-07  0.0E+00    8    1.9E-001 
 68        -881.7106188239 -7.4E-12  1.8E-06  5.3E-07  0.0E+00    8    1.9E-001 
 69        -881.7106188239 -2.8E-12  1.5E-06  4.3E-07  0.0E+00    8    1.9E-001 
 70        -881.7106188239 -3.1E-12  9.4E-07  4.3E-07  0.0E+00    8    1.9E-001 
 ------------------------------------------------------------------------------
 SCF converged
 Converged energy                        -881.710618823890   
 ------------------------------------------------------------------------------
 Ehomo(Alpha) [eV]                       -5.112227614739     
 Elumo(Alpha) [eV]                       0.834867144223      
 Ehomo(Beta) [eV]                        -5.005672426467     
 Elumo(Beta) [eV]                        0.864166397113      

 dipole moment (Debye)
        x              y              z       
      2.796E-006     1.167E-007    -3.282E-006

 traceless quadrupole moment (Debye*Angs)
                       x              y              z       
 x                   4.086E-006    -5.888E-008    -5.541E-007
 y                  -5.888E-008    -3.058E-006     2.142E-006
 z                  -5.541E-007     2.142E-006    -1.028E-006

 ----------------------------------------------------------------------------
 Timings (seconds)
 * mean-field hamiltonian     1.3E+001
 * solver (setting up eqns)   9.9E-002
 * solver (energy estimate)   9.5E-003
 * solver (orthogonalization) 4.5E-003
 * solver (rotation matrix X) 1.8E-001
 * solver (exponential of X)  5.8E-002
 * solver (total)             3.5E-001
 * total SCF                  1.4E+001
 Atomic guess: DY, ../../../../basis-sets/bse/def2-svp.txt
 ---------------------------------------------------------
 E(HF) [a.u.]                            -8.8171061882E+002
 Tr(RhoAvg S), Cartesian AOs              3.8000000000E+001
 Tr(RhoAvg S), spherical AOs              3.8000000000E+001
 max|T RhoAvg T**T - RhoAvg_sao|                  1.78E-015
 max|c(RhoAvg) - c(Rho)|                          5.33E-015
 max|RhoAvg - Rho|                                2.66E-001
 Saved /mnt/storage_6/project_data/pl0415-03/marcin/beyond-rpa/guess/electron-densities/bse/def2-svp/dy.txt
 ----------------------------------------------------------------------------
                             SCF for HO (2S+1=4)                             
 ----------------------------------------------------------------------------
 NUMBER OF ATOMS                         1
 CHARGE                                  0
 Prescreening (pq|pq) integrals for the Cholesky decomposition
 Shell pairs will be sorted according to their max elements
 Max diagonal integral MaxDrs=2.6E+001
 Applying Eq. 15 in J. Chem. Phys. 150, 194112 (2019); doi: 10.1063/1.5083802
 Schwarz inequality: Dpq<min(10**(-8),Tau)**2/MaxDrs=3.9E-018
 Trace of exact Coulomb matrix: 2.4E+002
 Trace of discarded integrals: 0.0E+000
 Discarded 0 out of 300 shell pairs
 (0 out of 3081 orbital pairs)

 Step 1 of Cholesky decomposition: locating pivots
 -------------------------------------------------
 Dimensions of the Coulomb matrix: (3081,3081)
 Threshold for diagonal matrix elements: Dpq > 1.0E-007
 Max number of Cholesky vectors: 1170
 Rk storage block size: 500
 Max dimension of 2e integrals buffer: (3081,1000)

 ----------------------------------------------------------------------------
 #    Dmax        Memory (MB)    NPivots     %    Time        
 ----------------------------------------------------------------------------
 1    1.9E-001    3.4E+001       9           3    3.4E-001    
 2    1.7E-002    3.4E+001       276         21   3.2E-001    
 3    2.0E-004    3.2E+001       401         37   2.5E-001    
 4    1.3E-005    3.7E+001       556         86   2.8E-001    
 5    1.3E-007    1.3E+001       650         100  1.6E-001    
 6    9.9E-008    1.6E+000       657         100  2.2E-003    

 Step 1 of the Cholesky decomposition completed
 Computed 657 pivots
 Largest residual Dpq: 9.9E-008
 NCholesky/NAO = 8.4E+000
 Step 1 of Cholesky decomposition completed in 1.4E+000 seconds
 Detailed timings in seconds
 Subtract prev contribs I (M-R**T*R)     1.5E-002
 Subtract prev contribs II (Rk)          2.8E-002
 Two-electron integrals                  1.3E+000
 Reallocation                            6.0E-003

 Step 2 of Cholesky decomposition completed in 1.2E-001 seconds
 Detailed timings in seconds
 Reduced-dimension matrix V    1.1E-001
 V=L*L**T                      1.0E-003
 L**(-1)                       1.3E-003

 Full-dimension Cholesky vectors of the Coulomb matrix will be stored in memory
 Cholesky vectors computed in 2.6E-001 seconds

 ┌─────────────────────────────────────────┐
 │          Self-consistent field          │
 └─────────────────────────────────────────┘

 Atomic orbital basis set
 . . . . . . . . . . . . . . . . . . . . . . . . . . . . . . . . . . . . . . 
 atomic centers                               1
 shell parameter sets                         24
 spherical AOs                                78
 max angular momentum                         4
 parameter set                                ../../../../basis-sets/bse/def2-svp.txt
 . . . . . . . . . . . . . . . . . . . . . . . . . . . . . . . . . . . . . . 
 SCF guess: bare nuclei Hamiltonian
 Starting self-consistent field iterations (spin-unrestricted)
 Alpha electrons: 21
 Beta electrons: 18
 ----------------------------------------------------------------------------
 Exchange-correlation: Hartree-Fock
 ----------------------------------------------------------------------------
 Replicated-data parallel SCF
 ----------------------------
 Processes                               1
 Threads/process                         16
 Allocated 1.3E-003 GiB of scratch space for the KS matrix build
 ----------------------------------------------------------------------------
 Loaded pseudopotential parameters
 ----------------------------------------------------------------------------

 HOLMIUM     
 Parameters file: ../../../../basis-sets/bse/def2-svp.txt
 ECP accounts for 28 core electrons

          Coeff         R^n       Exponent                                       

 Local part

 (Local part not present)
          0.00000000      2         1.00000000                                   

 L = 0

        755.70313600      2        28.39725700                                   

 L = 1

        253.55199800      2        17.43863300                                   

 L = 2

         89.63567700      2        12.43421200                                   

 L = 3

        -55.48203600      2        25.38701000                                   

 L = 4

        -30.99112500      2        25.18850100                                   

 ----------------------------------------------------------------------------
 Spherical harmonic basis contains 78 vectors
 Linear independence thresh: Eig(S) > 1.0E-006
 Computations will be carried out in the space of 78 MOs
 Threshold for J, K: |Rho(r,s)*(pq|rs)|,|Rho(q,s)*(pq|rs)| > 1.0E-011
 Convergence conditions
 ----------------------
 RhoDiff < 1.0E-006
 OrbGrad < 1.0E-006
 Max number of macroiters: 1024
 ------------------------------------------------------------------------------
 #           Energy        EDiff    RhoDiff  OrbGrad  OrbShift NStored Time     
 ------------------------------------------------------------------------------
 0          758.4445662058                                        0    2.5E-001 
 1         -870.3953849072           4.7E+02                      0    1.9E-001 
 2         -929.3036764057 -5.9E+01  7.8E+00  5.5E+00  1.2E+01    1    2.0E-001 
 3         -938.9770106683 -9.7E+00  1.9E+00  2.5E+00  3.8E+00    2    1.9E-001 
 4         -942.2059737488 -3.2E+00  1.2E+00  1.1E+00  5.7E-01    3    2.0E-001 
 5         -943.3724238876 -1.2E+00  3.5E-01  2.6E-01  9.5E-01    4    2.0E-001 
 6         -944.6282934798 -1.3E+00  2.3E-01  4.4E-01  2.4E-01    5    2.0E-001 
 7         -944.7969298458 -1.7E-01  9.9E-02  2.2E-01  4.1E-01    6    1.9E-001 
 8         -944.9404573308 -1.4E-01  4.3E-01  4.3E-02  4.5E-02    7    2.0E-001 
 9         -945.2136288910 -2.7E-01  2.9E-01  8.2E-02  1.2E-01    8    2.0E-001 
 10        -945.3089273653 -9.5E-02  5.0E-01  8.1E-02  0.0E+00    8    1.9E-001 
 11        -945.3452231502 -3.6E-02  2.9E-01  4.2E-02  0.0E+00    8    1.9E-001 
 12        -945.3521998855 -7.0E-03  5.0E-02  2.1E-02  0.0E+00    8    1.9E-001 
 13        -945.3592479310 -7.0E-03  4.4E-02  1.9E-02  0.0E+00    8    1.9E-001 
 14        -945.3677351156 -8.5E-03  5.6E-02  1.5E-02  0.0E+00    8    1.9E-001 
 15        -945.3722855762 -4.6E-03  6.9E-02  1.2E-02  0.0E+00    8    1.9E-001 
 16        -945.3726182512 -3.3E-04  1.3E-02  3.8E-03  0.0E+00    8    1.9E-001 
 17        -945.3729865485 -3.7E-04  9.6E-03  5.0E-03  0.0E+00    8    1.9E-001 
 18        -945.3735349691 -5.5E-04  2.5E-02  4.4E-03  0.0E+00    8    1.9E-001 
 19        -945.3741723735 -6.4E-04  3.3E-02  8.1E-03  0.0E+00    8    1.9E-001 
 20        -945.3745038487 -3.3E-04  1.8E-02  7.8E-03  0.0E+00    8    1.9E-001 
 21        -945.3745472597 -4.3E-05  5.9E-03  3.0E-03  0.0E+00    8    1.9E-001 
 22        -945.3745685216 -2.1E-05  1.1E-02  3.4E-03  0.0E+00    8    1.9E-001 
 23        -945.3746540906 -8.6E-05  4.0E-03  1.8E-03  0.0E+00    8    1.9E-001 
 24        -945.3747063516 -5.2E-05  5.5E-03  1.3E-03  0.0E+00    8    1.9E-001 
 25        -945.3747274583 -2.1E-05  4.3E-03  8.6E-04  0.0E+00    8    1.9E-001 
 26        -945.3747315350 -4.1E-06  1.3E-03  3.7E-04  0.0E+00    8    1.9E-001 
 27        -945.3747344922 -3.0E-06  7.4E-04  4.2E-04  0.0E+00    8    1.9E-001 
 28        -945.3747367309 -2.2E-06  8.7E-04  3.4E-04  0.0E+00    8    1.9E-001 
 29        -945.3747385003 -1.8E-06  9.6E-04  2.5E-04  0.0E+00    8    1.9E-001 
 30        -945.3747408795 -2.4E-06  1.1E-03  3.3E-04  0.0E+00    8    1.9E-001 
 31        -945.3747437071 -2.8E-06  1.6E-03  3.3E-04  0.0E+00    8    1.9E-001 
 32        -945.3747445959 -8.9E-07  1.2E-03  1.8E-04  0.0E+00    8    1.9E-001 
 33        -945.3747448245 -2.3E-07  4.6E-04  1.3E-04  0.0E+00    8    1.9E-001 
 34        -945.3747448600 -3.6E-08  1.3E-04  7.2E-05  0.0E+00    8    1.9E-001 
 35        -945.3747448688 -8.8E-09  5.2E-05  3.1E-05  0.0E+00    8    1.9E-001 
 36        -945.3747448731 -4.3E-09  2.1E-05  2.3E-05  0.0E+00    8    1.9E-001 
 37        -945.3747448748 -1.7E-09  4.4E-05  2.0E-05  0.0E+00    8    1.9E-001 
 38        -945.3747448795 -4.6E-09  3.1E-05  3.5E-05  0.0E+00    8    1.9E-001 
 39        -945.3747448807 -1.2E-09  2.4E-05  1.1E-05  0.0E+00    8    1.9E-001 
 40        -945.3747448813 -5.9E-10  8.8E-06  7.6E-06  0.0E+00    8    1.9E-001 
 41        -945.3747448813  6.4E-12  1.2E-05  5.4E-06  0.0E+00    8    1.9E-001 
 41*       -945.3747448816 -3.0E-10  6.5E-06  5.4E-06  1.8E-01    8    2.0E-001 
 42        -945.3747448820 -4.4E-10  6.5E-06  4.8E-06  2.0E-01    8    2.0E-001 
 43        -945.3747448826 -5.5E-10  1.0E-05  3.8E-06  2.4E-01    8    2.1E-001 
 44        -945.3747448834 -8.4E-10  1.4E-05  6.5E-06  2.9E-01    8    2.1E-001 
 45        -945.3747448848 -1.4E-09  1.8E-05  1.0E-05  3.4E-01    8    2.1E-001 
 46        -945.3747448872 -2.3E-09  2.1E-05  1.5E-05  3.9E-01    8    2.1E-001 
 47        -945.3747448909 -3.7E-09  2.6E-05  2.1E-05  4.3E-01    8    2.1E-001 
 48        -945.3747448968 -5.9E-09  3.1E-05  2.8E-05  4.6E-01    8    2.1E-001 
 49        -945.3747449058 -9.1E-09  3.8E-05  3.7E-05  4.9E-01    8    2.1E-001 
 50        -945.3747449197 -1.4E-08  4.5E-05  4.7E-05  5.2E-01    8    2.1E-001 
 51        -945.3747449406 -2.1E-08  5.4E-05  6.0E-05  5.4E-01    8    2.1E-001 
 52        -945.3747449719 -3.1E-08  6.5E-05  7.4E-05  5.6E-01    8    2.1E-001 
 53        -945.3747450182 -4.6E-08  7.8E-05  9.2E-05  5.7E-01    8    2.1E-001 
 54        -945.3747450866 -6.8E-08  9.4E-05  1.1E-04  5.9E-01    8    2.1E-001 
 55        -945.3747451870 -1.0E-07  1.1E-04  1.4E-04  6.0E-01    8    2.1E-001 
 56        -945.3747453340 -1.5E-07  1.4E-04  1.7E-04  6.1E-01    8    2.1E-001 
 57        -945.3747455484 -2.1E-07  1.6E-04  2.1E-04  6.1E-01    8    2.1E-001 
 58        -945.3747458606 -3.1E-07  1.9E-04  2.5E-04  6.2E-01    8    2.1E-001 
 59        -945.3747463144 -4.5E-07  2.3E-04  3.1E-04  6.2E-01    8    2.1E-001 
 60        -945.3747469729 -6.6E-07  2.8E-04  3.7E-04  6.3E-01    8    2.1E-001 
 61        -945.3747479273 -9.5E-07  3.4E-04  4.5E-04  6.3E-01    8    2.1E-001 
 62        -945.3747493076 -1.4E-06  4.0E-04  5.4E-04  6.4E-01    8    2.1E-001 
 63        -945.3747513064 -2.0E-06  4.8E-04  6.5E-04  6.4E-01    8    2.1E-001 
 64        -945.3747541925 -2.9E-06  5.8E-04  7.9E-04  6.4E-01    8    2.1E-001 
 65        -945.3747583596 -4.2E-06  7.0E-04  9.5E-04  6.4E-01    8    2.1E-001 
 66        -945.3747643797 -6.0E-06  8.4E-04  1.1E-03  6.4E-01    8    2.1E-001 
 67        -945.3747730698 -8.7E-06  1.0E-03  1.4E-03  6.4E-01    8    2.1E-001 
 68        -945.3747856027 -1.3E-05  1.2E-03  1.6E-03  6.5E-01    8    2.1E-001 
 69        -945.3748036592 -1.8E-05  1.4E-03  2.0E-03  6.5E-01    8    2.1E-001 
 70        -945.3748296859 -2.6E-05  1.7E-03  2.4E-03  6.5E-01    8    2.1E-001 
 71        -945.3748672270 -3.8E-05  2.1E-03  2.9E-03  6.5E-01    8    2.1E-001 
 72        -945.3749213233 -5.4E-05  2.5E-03  3.4E-03  6.5E-01    8    2.1E-001 
 73        -945.3749991481 -7.8E-05  3.0E-03  4.1E-03  6.5E-01    8    2.1E-001 
 74        -945.3751112123 -1.1E-04  3.6E-03  4.9E-03  6.5E-01    8    2.1E-001 
 75        -945.3752724046 -1.6E-04  4.3E-03  5.9E-03  6.5E-01    8    2.1E-001 
 76        -945.3755041075 -2.3E-04  5.1E-03  7.1E-03  6.5E-01    8    2.1E-001 
 77        -945.3758370270 -3.3E-04  6.1E-03  8.5E-03  6.4E-01    8    2.1E-001 
 78        -945.3763150916 -4.8E-04  7.3E-03  1.0E-02  6.4E-01    8    2.1E-001 
 79        -945.3770006048 -6.9E-04  8.7E-03  1.2E-02  6.4E-01    8    2.1E-001 
 80        -945.3779804992 -9.8E-04  1.0E-02  1.5E-02  6.3E-01    8    2.1E-001 
 81        -945.3793754506 -1.4E-03  1.2E-02  1.7E-02  6.3E-01    8    2.1E-001 
 82        -945.3813558585 -2.0E-03  1.4E-02  2.0E-02  6.1E-01    8    2.1E-001 
 83        -945.3841435854 -2.8E-03  1.6E-02  2.4E-02  6.0E-01    8    2.1E-001 
 84        -945.3880279130 -3.9E-03  1.8E-02  2.8E-02  5.8E-01    8    2.1E-001 
 85        -945.3933553662 -5.3E-03  2.0E-02  3.2E-02  5.5E-01    8    2.1E-001 
 86        -945.4004991319 -7.1E-03  2.7E-02  3.7E-02  5.1E-01    8    2.1E-001 
 87        -945.4097707460 -9.3E-03  3.7E-02  4.1E-02  4.5E-01    8    2.0E-001 
 88        -945.4211583516 -1.1E-02  4.8E-02  4.3E-02  3.8E-01    8    2.0E-001 
 89        -945.4339414310 -1.3E-02  6.0E-02  4.3E-02  2.8E-01    8    2.1E-001 
 90        -945.4461827464 -1.2E-02  7.4E-02  3.8E-02  1.7E-01    8    2.0E-001 
 91        -945.4544056577 -8.2E-03  8.8E-02  2.7E-02  5.6E-02    8    2.0E-001 
 92        -945.4571010021 -2.7E-03  6.7E-02  1.1E-02  0.0E+00    8    1.9E-001 
 93        -945.4577765103 -6.8E-04  3.9E-02  7.9E-03  0.0E+00    8    1.9E-001 
 94        -945.4578905743 -1.1E-04  1.9E-02  3.3E-03  0.0E+00    8    1.9E-001 
 95        -945.4579149774 -2.4E-05  5.4E-03  1.1E-03  0.0E+00    8    1.9E-001 
 96        -945.4579204773 -5.5E-06  5.1E-03  4.2E-04  0.0E+00    8    1.9E-001 
 97        -945.4579220551 -1.6E-06  8.5E-04  2.0E-04  0.0E+00    8    1.9E-001 
 98        -945.4579233185 -1.3E-06  5.2E-04  1.8E-04  0.0E+00    8    1.9E-001 
 99        -945.4579237560 -4.4E-07  4.1E-04  1.4E-04  0.0E+00    8    1.9E-001 
 100       -945.4579238952 -1.4E-07  1.8E-04  1.2E-04  0.0E+00    8    1.9E-001 
 101       -945.4579244471 -5.5E-07  4.1E-04  2.2E-04  0.0E+00    8    1.9E-001 
 102       -945.4579249336 -4.9E-07  5.6E-04  1.1E-04  0.0E+00    8    1.9E-001 
 103       -945.4579251129 -1.8E-07  4.3E-04  5.4E-05  0.0E+00    8    1.9E-001 
 104       -945.4579251626 -5.0E-08  1.3E-04  3.8E-05  0.0E+00    8    1.9E-001 
 105       -945.4579251793 -1.7E-08  6.7E-05  3.2E-05  0.0E+00    8    1.9E-001 
 106       -945.4579251836 -4.2E-09  2.5E-05  2.2E-05  0.0E+00    8    1.9E-001 
 107       -945.4579251879 -4.4E-09  4.0E-05  1.7E-05  0.0E+00    8    1.9E-001 
 108       -945.4579251902 -2.3E-09  2.7E-05  1.0E-05  0.0E+00    8    1.9E-001 
 109       -945.4579251908 -5.5E-10  1.1E-05  4.0E-06  0.0E+00    8    1.9E-001 
 110       -945.4579251907  1.1E-10  1.3E-05  4.2E-06  0.0E+00    8    1.9E-001 
 110*      -945.4579251908 -2.3E-11  8.6E-06  4.2E-06  2.7E-02    8    2.0E-001 
 111       -945.4579251911 -3.5E-10  4.0E-06  8.6E-06  2.8E-02    8    2.0E-001 
 112       -945.4579251912 -5.4E-11  3.1E-06  1.8E-06  0.0E+00    8    1.9E-001 
 113       -945.4579251912 -1.3E-11  2.4E-06  7.5E-07  0.0E+00    8    1.9E-001 
 114       -945.4579251912  1.3E-11  4.1E-06  7.0E-07  0.0E+00    8    1.9E-001 
 114*      -945.4579251912 -6.4E-12  5.4E-07  7.0E-07  0.0E+00    8    1.9E-001 
 ------------------------------------------------------------------------------
 SCF converged
 Converged energy                        -945.457925191217   
 ------------------------------------------------------------------------------
 Ehomo(Alpha) [eV]                       -5.168950466312     
 Elumo(Alpha) [eV]                       1.052023061587      
 Ehomo(Beta) [eV]                        -5.090104465051     
 Elumo(Beta) [eV]                        1.085168211486      

 dipole moment (Debye)
        x              y              z       
     -1.967E-006    -1.138E-006    -1.262E-006

 traceless quadrupole moment (Debye*Angs)
                       x              y              z       
 x                   6.931E-007    -1.947E-006    -8.630E-007
 y                  -1.947E-006     7.546E-007    -2.102E-006
 z                  -8.630E-007    -2.102E-006    -1.448E-006

 ----------------------------------------------------------------------------
 Timings (seconds)
 * mean-field hamiltonian     2.2E+001
 * solver (setting up eqns)   1.7E-001
 * solver (energy estimate)   1.5E-002
 * solver (orthogonalization) 7.7E-003
 * solver (rotation matrix X) 7.9E-001
 * solver (exponential of X)  8.6E-002
 * solver (total)             1.1E+000
 * total SCF                  2.4E+001
 Atomic guess: HO, ../../../../basis-sets/bse/def2-svp.txt
 ---------------------------------------------------------
 E(HF) [a.u.]                            -9.4545792519E+002
 Tr(RhoAvg S), Cartesian AOs              3.9000000000E+001
 Tr(RhoAvg S), spherical AOs              3.9000000000E+001
 max|T RhoAvg T**T - RhoAvg_sao|                  1.55E-015
 max|c(RhoAvg) - c(Rho)|                          1.78E-015
 max|RhoAvg - Rho|                                3.16E-001
 Saved /mnt/storage_6/project_data/pl0415-03/marcin/beyond-rpa/guess/electron-densities/bse/def2-svp/ho.txt
 ----------------------------------------------------------------------------
                             SCF for ER (2S+1=3)                             
 ----------------------------------------------------------------------------
 NUMBER OF ATOMS                         1
 CHARGE                                  0
 Prescreening (pq|pq) integrals for the Cholesky decomposition
 Shell pairs will be sorted according to their max elements
 Max diagonal integral MaxDrs=2.6E+001
 Applying Eq. 15 in J. Chem. Phys. 150, 194112 (2019); doi: 10.1063/1.5083802
 Schwarz inequality: Dpq<min(10**(-8),Tau)**2/MaxDrs=3.8E-018
 Trace of exact Coulomb matrix: 2.5E+002
 Trace of discarded integrals: 0.0E+000
 Discarded 0 out of 325 shell pairs
 (0 out of 3321 orbital pairs)

 Step 1 of Cholesky decomposition: locating pivots
 -------------------------------------------------
 Dimensions of the Coulomb matrix: (3321,3321)
 Threshold for diagonal matrix elements: Dpq > 1.0E-007
 Max number of Cholesky vectors: 1215
 Rk storage block size: 500
 Max dimension of 2e integrals buffer: (3321,1000)

 ----------------------------------------------------------------------------
 #    Dmax        Memory (MB)    NPivots     %    Time        
 ----------------------------------------------------------------------------
 1    2.0E-001    3.7E+001       9           3    3.5E-001    
 2    7.1E-003    3.7E+001       282         22   3.8E-001    
 3    2.8E-004    3.4E+001       447         43   1.1E-001    
 4    1.2E-005    3.8E+001       563         81   2.6E-001    
 5    1.4E-007    2.2E+001       666         100  1.7E-001    
 6    9.9E-008    1.5E+000       671         100  2.2E-003    

 Step 1 of the Cholesky decomposition completed
 Computed 671 pivots
 Largest residual Dpq: 9.9E-008
 NCholesky/NAO = 8.3E+000
 Step 1 of Cholesky decomposition completed in 1.3E+000 seconds
 Detailed timings in seconds
 Subtract prev contribs I (M-R**T*R)     1.8E-002
 Subtract prev contribs II (Rk)          3.3E-002
 Two-electron integrals                  1.2E+000
 Reallocation                            6.0E-003

 Step 2 of Cholesky decomposition completed in 1.3E-001 seconds
 Detailed timings in seconds
 Reduced-dimension matrix V    1.3E-001
 V=L*L**T                      1.1E-003
 L**(-1)                       1.5E-003

 Full-dimension Cholesky vectors of the Coulomb matrix will be stored in memory
 Cholesky vectors computed in 2.9E-001 seconds

 ┌─────────────────────────────────────────┐
 │          Self-consistent field          │
 └─────────────────────────────────────────┘

 Atomic orbital basis set
 . . . . . . . . . . . . . . . . . . . . . . . . . . . . . . . . . . . . . . 
 atomic centers                               1
 shell parameter sets                         25
 spherical AOs                                81
 max angular momentum                         4
 parameter set                                ../../../../basis-sets/bse/def2-svp.txt
 . . . . . . . . . . . . . . . . . . . . . . . . . . . . . . . . . . . . . . 
 SCF guess: bare nuclei Hamiltonian
 Starting self-consistent field iterations (spin-unrestricted)
 Alpha electrons: 21
 Beta electrons: 19
 ----------------------------------------------------------------------------
 Exchange-correlation: Hartree-Fock
 ----------------------------------------------------------------------------
 Replicated-data parallel SCF
 ----------------------------
 Processes                               1
 Threads/process                         16
 Allocated 1.4E-003 GiB of scratch space for the KS matrix build
 ----------------------------------------------------------------------------
 Loaded pseudopotential parameters
 ----------------------------------------------------------------------------

 ERBIUM      
 Parameters file: ../../../../basis-sets/bse/def2-svp.txt
 ECP accounts for 28 core electrons

          Coeff         R^n       Exponent                                       

 Local part

 (Local part not present)
          0.00000000      2         1.00000000                                   

 L = 0

        800.95287600      2        29.79859200                                   

 L = 1

        262.01986900      2        18.11423700                                   

 L = 2

         80.17055200      2        11.36958700                                   

 L = 3

        -42.33628500      2        21.82123300                                   

 L = 4

        -32.18527800      2        26.25073500                                   

 ----------------------------------------------------------------------------
 Spherical harmonic basis contains 81 vectors
 Linear independence thresh: Eig(S) > 1.0E-006
 Computations will be carried out in the space of 81 MOs
 Threshold for J, K: |Rho(r,s)*(pq|rs)|,|Rho(q,s)*(pq|rs)| > 1.0E-011
 Convergence conditions
 ----------------------
 RhoDiff < 1.0E-006
 OrbGrad < 1.0E-006
 Max number of macroiters: 1024
 ------------------------------------------------------------------------------
 #           Energy        EDiff    RhoDiff  OrbGrad  OrbShift NStored Time     
 ------------------------------------------------------------------------------
 0          856.4773977220                                        0    2.7E-001 
 1         -941.7351633416           4.5E+02                      0    2.2E-001 
 2         -999.1352704299 -5.7E+01  7.7E+00  5.6E+00  1.2E+01    1    2.2E-001 
 3        -1007.7592091902 -8.6E+00  2.0E+00  2.3E+00  3.1E+00    2    2.2E-001 
 4        -1010.3623885037 -2.6E+00  8.9E-01  1.2E+00  4.0E-01    3    2.2E-001 
 5        -1010.9209481318 -5.6E-01  3.4E-01  2.2E-01  8.8E-01    4    2.2E-001 
 6        -1011.6051614546 -6.8E-01  2.8E-01  4.3E-01  6.3E-01    5    2.2E-001 
 7        -1011.6771928584 -7.2E-02  2.8E-01  2.0E-01  1.8E-01    6    2.2E-001 
 8        -1011.8178858685 -1.4E-01  3.8E-01  1.1E-01  2.3E-02    7    2.2E-001 
 9        -1012.0351727932 -2.2E-01  4.0E-01  7.7E-02  1.2E-01    8    2.3E-001 
 10       -1012.0616689468 -2.6E-02  7.7E-01  1.5E-01  2.1E-04    8    2.3E-001 
 11       -1012.1912338947 -1.3E-01  2.2E-01  2.3E-01  4.8E-02    8    2.2E-001 
 12       -1012.2017473662 -1.1E-02  7.9E-02  5.4E-02  0.0E+00    8    2.2E-001 
 13       -1012.2066136863 -4.9E-03  2.9E-02  3.5E-02  0.0E+00    8    2.2E-001 
 14       -1012.2068288101 -2.2E-04  1.3E-02  7.1E-03  0.0E+00    8    2.2E-001 
 15       -1012.2069153412 -8.7E-05  9.5E-03  4.1E-03  0.0E+00    8    2.2E-001 
 16       -1012.2069407401 -2.5E-05  4.0E-03  2.5E-03  0.0E+00    8    2.2E-001 
 17       -1012.2069731850 -3.2E-05  6.2E-03  2.0E-03  0.0E+00    8    2.2E-001 
 18       -1012.2070084766 -3.5E-05  1.1E-02  1.4E-03  0.0E+00    8    2.2E-001 
 19       -1012.2070426245 -3.4E-05  9.8E-03  1.1E-03  1.6E-02    8    2.3E-001 
 20       -1012.2071971458 -1.5E-04  1.7E-02  1.4E-03  0.0E+00    8    2.2E-001 
 21       -1012.2076217779 -4.2E-04  1.5E-02  3.6E-03  2.0E-01    8    2.3E-001 
 22       -1012.2084337407 -8.1E-04  2.0E-02  7.1E-03  2.9E-01    8    2.3E-001 
 23       -1012.2098410683 -1.4E-03  2.3E-02  1.1E-02  3.4E-01    8    2.3E-001 
 24       -1012.2121304050 -2.3E-03  2.6E-02  1.5E-02  3.8E-01    8    2.3E-001 
 25       -1012.2156845790 -3.6E-03  2.8E-02  2.1E-02  4.0E-01    8    2.3E-001 
 26       -1012.2209849622 -5.3E-03  4.0E-02  2.6E-02  4.1E-01    8    2.3E-001 
 27       -1012.2285437503 -7.6E-03  5.8E-02  3.2E-02  4.0E-01    8    2.3E-001 
 28       -1012.2387589543 -1.0E-02  8.0E-02  3.7E-02  3.7E-01    8    2.3E-001 
 29       -1012.2515290221 -1.3E-02  1.0E-01  4.1E-02  3.1E-01    8    2.3E-001 
 30       -1012.2656601177 -1.4E-02  1.2E-01  4.1E-02  2.2E-01    8    2.3E-001 
 31       -1012.2780232530 -1.2E-02  1.2E-01  3.4E-02  1.2E-01    8    2.3E-001 
 32       -1012.2836605095 -5.6E-03  1.1E-01  2.0E-02  1.1E-02    8    2.3E-001 
 33       -1012.2842126949 -5.5E-04  4.2E-02  4.3E-03  0.0E+00    8    2.2E-001 
 34       -1012.2847454918 -5.3E-04  3.6E-02  6.7E-03  0.0E+00    8    2.2E-001 
 35       -1012.2851649606 -4.2E-04  1.9E-02  5.2E-03  0.0E+00    8    2.2E-001 
 36       -1012.2853540870 -1.9E-04  1.7E-02  2.5E-03  0.0E+00    8    2.2E-001 
 37       -1012.2853789294 -2.5E-05  1.1E-02  8.8E-04  0.0E+00    8    2.2E-001 
 38       -1012.2853658433  1.3E-05  3.9E-03  1.3E-03  0.0E+00    8    2.2E-001 
 38*      -1012.2853706997  8.2E-06  2.7E-03  1.3E-03  4.4E-03    8    2.3E-001 
 38*      -1012.2853739300  5.0E-06  1.8E-03  1.3E-03  1.3E-02    8    2.3E-001 
 38*      -1012.2853769021  2.0E-06  1.6E-03  1.3E-03  4.4E-02    8    2.2E-001 
 38*      -1012.2853792934 -3.6E-07  1.2E-03  1.3E-03  1.5E-01    8    2.2E-001 
 39       -1012.2853889731 -9.7E-06  1.2E-03  1.6E-03  7.7E-02    8    2.3E-001 
 40       -1012.2853971596 -8.2E-06  1.6E-03  9.9E-04  1.8E-01    8    2.3E-001 
 41       -1012.2854039016 -6.7E-06  1.7E-03  8.3E-04  2.4E-01    8    2.3E-001 
 42       -1012.2854112480 -7.3E-06  2.1E-03  6.8E-04  2.1E-01    8    2.3E-001 
 43       -1012.2854193245 -8.1E-06  2.8E-03  6.7E-04  1.7E-01    8    2.3E-001 
 44       -1012.2854283968 -9.1E-06  3.5E-03  7.0E-04  1.3E-01    8    2.3E-001 
 45       -1012.2854386432 -1.0E-05  4.4E-03  6.8E-04  1.0E-01    8    2.3E-001 
 46       -1012.2854501249 -1.1E-05  5.4E-03  6.6E-04  8.2E-02    8    2.3E-001 
 47       -1012.2854627517 -1.3E-05  6.5E-03  6.2E-04  6.1E-02    8    2.3E-001 
 48       -1012.2854762397 -1.3E-05  7.9E-03  5.6E-04  4.4E-02    8    2.3E-001 
 49       -1012.2854900064 -1.4E-05  9.5E-03  4.9E-04  3.1E-02    8    2.3E-001 
 50       -1012.2855030066 -1.3E-05  1.1E-02  4.0E-04  1.9E-02    8    2.3E-001 
 51       -1012.2855135357 -1.1E-05  1.4E-02  3.0E-04  9.5E-03    8    2.3E-001 
 52       -1012.2855189236 -5.4E-06  1.6E-02  1.7E-04  1.3E-03    8    2.3E-001 
 53       -1012.2855190700 -1.5E-07  2.5E-03  7.1E-05  0.0E+00    8    2.2E-001 
 54       -1012.2855190807 -1.1E-08  7.5E-04  4.8E-05  0.0E+00    8    2.2E-001 
 55       -1012.2855190821 -1.4E-09  1.7E-05  1.4E-05  0.0E+00    8    2.2E-001 
 56       -1012.2855190889 -6.8E-09  1.8E-04  1.3E-05  0.0E+00    8    2.2E-001 
 57       -1012.2855190903 -1.5E-09  4.6E-04  2.9E-05  0.0E+00    8    2.2E-001 
 58       -1012.2855190912 -8.4E-10  1.2E-04  2.3E-05  0.0E+00    8    2.2E-001 
 59       -1012.2855190959 -4.7E-09  2.0E-04  2.4E-05  0.0E+00    8    2.2E-001 
 60       -1012.2855190989 -3.0E-09  2.4E-04  2.2E-05  0.0E+00    8    2.2E-001 
 61       -1012.2855191034 -4.5E-09  3.7E-04  2.2E-05  0.0E+00    8    2.2E-001 
 62       -1012.2855191041 -7.1E-10  5.0E-05  8.7E-06  0.0E+00    8    2.2E-001 
 63       -1012.2855191041 -3.7E-11  2.9E-05  2.4E-06  0.0E+00    8    2.2E-001 
 64       -1012.2855191041 -5.9E-12  5.9E-06  1.1E-06  0.0E+00    8    2.2E-001 
 65       -1012.2855191041 -1.4E-12  2.6E-06  3.0E-07  0.0E+00    8    2.2E-001 
 66       -1012.2855191041 -1.6E-12  1.9E-06  4.2E-07  0.0E+00    8    2.2E-001 
 67       -1012.2855191040  1.1E-10  6.4E-06  2.6E-07  0.0E+00    8    2.2E-001 
 67*      -1012.2855191041  4.5E-13  4.8E-07  2.6E-07  0.0E+00    8    2.2E-001 
 67*      -1012.2855191041  0.0E+00  1.6E-07  2.6E-07  8.3E-01    8    2.3E-001 
 ------------------------------------------------------------------------------
 SCF converged
 Converged energy                        -1012.285519104120  
 ------------------------------------------------------------------------------
 Ehomo(Alpha) [eV]                       -5.203126716074     
 Elumo(Alpha) [eV]                       0.685105711897      
 Ehomo(Beta) [eV]                        -5.151521092279     
 Elumo(Beta) [eV]                        0.693800005708      

 dipole moment (Debye)
        x              y              z       
     -1.793E-007    -2.689E-007     3.596E-008

 traceless quadrupole moment (Debye*Angs)
                       x              y              z       
 x                   1.702E-001     1.283E-010    -1.106E-009
 y                   1.283E-010    -6.911E-002     2.274E-011
 z                  -1.106E-009     2.274E-011    -1.010E-001

 ----------------------------------------------------------------------------
 Timings (seconds)
 * mean-field hamiltonian     1.6E+001
 * solver (setting up eqns)   1.1E-001
 * solver (energy estimate)   9.4E-003
 * solver (orthogonalization) 5.6E-003
 * solver (rotation matrix X) 4.4E-001
 * solver (exponential of X)  7.6E-002
 * solver (total)             6.5E-001
 * total SCF                  1.7E+001
 Atomic guess: ER, ../../../../basis-sets/bse/def2-svp.txt
 ---------------------------------------------------------
 E(HF) [a.u.]                            -1.0122855191E+003
 Tr(RhoAvg S), Cartesian AOs              4.0000000000E+001
 Tr(RhoAvg S), spherical AOs              4.0000000000E+001
 max|T RhoAvg T**T - RhoAvg_sao|                  1.78E-015
 max|c(RhoAvg) - c(Rho)|                          1.78E-015
 max|RhoAvg - Rho|                                5.00E-001
 Saved /mnt/storage_6/project_data/pl0415-03/marcin/beyond-rpa/guess/electron-densities/bse/def2-svp/er.txt
 ----------------------------------------------------------------------------
                             SCF for TM (2S+1=2)                             
 ----------------------------------------------------------------------------
 NUMBER OF ATOMS                         1
 CHARGE                                  0
 Prescreening (pq|pq) integrals for the Cholesky decomposition
 Shell pairs will be sorted according to their max elements
 Max diagonal integral MaxDrs=2.6E+001
 Applying Eq. 15 in J. Chem. Phys. 150, 194112 (2019); doi: 10.1063/1.5083802
 Schwarz inequality: Dpq<min(10**(-8),Tau)**2/MaxDrs=3.8E-018
 Trace of exact Coulomb matrix: 2.7E+002
 Trace of discarded integrals: 0.0E+000
 Discarded 0 out of 325 shell pairs
 (0 out of 3321 orbital pairs)

 Step 1 of Cholesky decomposition: locating pivots
 -------------------------------------------------
 Dimensions of the Coulomb matrix: (3321,3321)
 Threshold for diagonal matrix elements: Dpq > 1.0E-007
 Max number of Cholesky vectors: 1215
 Rk storage block size: 500
 Max dimension of 2e integrals buffer: (3321,1000)

 ----------------------------------------------------------------------------
 #    Dmax        Memory (MB)    NPivots     %    Time        
 ----------------------------------------------------------------------------
 1    2.0E-001    3.7E+001       9           3    3.9E-001    
 2    1.0E-002    3.7E+001       279         19   3.5E-001    
 3    3.4E-004    3.5E+001       434         44   2.9E-001    
 4    1.3E-005    3.6E+001       562         81   2.5E-001    
 5    1.3E-007    1.8E+001       653         100  2.7E-001    
 6    9.8E-008    1.4E+000       662         100  2.0E-003    

 Step 1 of the Cholesky decomposition completed
 Computed 662 pivots
 Largest residual Dpq: 9.8E-008
 NCholesky/NAO = 8.2E+000
 Step 1 of Cholesky decomposition completed in 1.6E+000 seconds
 Detailed timings in seconds
 Subtract prev contribs I (M-R**T*R)     1.7E-002
 Subtract prev contribs II (Rk)          3.1E-002
 Two-electron integrals                  1.5E+000
 Reallocation                            6.2E-003

 Step 2 of Cholesky decomposition completed in 1.3E-001 seconds
 Detailed timings in seconds
 Reduced-dimension matrix V    1.2E-001
 V=L*L**T                      1.0E-003
 L**(-1)                       1.3E-003

 Full-dimension Cholesky vectors of the Coulomb matrix will be stored in memory
 Cholesky vectors computed in 2.8E-001 seconds

 ┌─────────────────────────────────────────┐
 │          Self-consistent field          │
 └─────────────────────────────────────────┘

 Atomic orbital basis set
 . . . . . . . . . . . . . . . . . . . . . . . . . . . . . . . . . . . . . . 
 atomic centers                               1
 shell parameter sets                         25
 spherical AOs                                81
 max angular momentum                         4
 parameter set                                ../../../../basis-sets/bse/def2-svp.txt
 . . . . . . . . . . . . . . . . . . . . . . . . . . . . . . . . . . . . . . 
 SCF guess: bare nuclei Hamiltonian
 Starting self-consistent field iterations (spin-unrestricted)
 Alpha electrons: 21
 Beta electrons: 20
 ----------------------------------------------------------------------------
 Exchange-correlation: Hartree-Fock
 ----------------------------------------------------------------------------
 Replicated-data parallel SCF
 ----------------------------
 Processes                               1
 Threads/process                         16
 Allocated 1.4E-003 GiB of scratch space for the KS matrix build
 ----------------------------------------------------------------------------
 Loaded pseudopotential parameters
 ----------------------------------------------------------------------------

 THULIUM     
 Parameters file: ../../../../basis-sets/bse/def2-svp.txt
 ECP accounts for 28 core electrons

          Coeff         R^n       Exponent                                       

 Local part

 (Local part not present)
          0.00000000      2         1.00000000                                   

 L = 0

        845.51074300      2        31.14412200                                   

 L = 1

        258.58523900      2        18.09235300                                   

 L = 2

         80.72905900      2        11.46915900                                   

 L = 3

        -48.70126600      2        23.60554400                                   

 L = 4

        -33.39549600      2        27.32978100                                   

 ----------------------------------------------------------------------------
 Spherical harmonic basis contains 81 vectors
 Linear independence thresh: Eig(S) > 1.0E-006
 Computations will be carried out in the space of 81 MOs
 Threshold for J, K: |Rho(r,s)*(pq|rs)|,|Rho(q,s)*(pq|rs)| > 1.0E-011
 Convergence conditions
 ----------------------
 RhoDiff < 1.0E-006
 OrbGrad < 1.0E-006
 Max number of macroiters: 1024
 ------------------------------------------------------------------------------
 #           Energy        EDiff    RhoDiff  OrbGrad  OrbShift NStored Time     
 ------------------------------------------------------------------------------
 0         1069.6810117161                                        0    2.8E-001 
 1        -1013.9680038216           4.3E+02                      0    2.2E-001 
 2        -1070.5556397448 -5.7E+01  7.5E+00  6.8E+00  1.2E+01    1    2.2E-001 
 3        -1079.2275547955 -8.7E+00  1.9E+00  2.3E+00  3.0E+00    2    2.2E-001 
 4        -1081.6096080047 -2.4E+00  8.0E-01  1.1E+00  3.9E-01    3    2.2E-001 
 5        -1081.7135032639 -1.0E-01  1.7E-01  1.7E-01  2.8E-01    4    2.2E-001 
 6        -1081.7909431549 -7.7E-02  3.9E-01  1.0E-01  7.5E-02    5    2.2E-001 
 7        -1081.9104060127 -1.2E-01  5.3E-01  8.5E-02  2.4E-01    6    2.3E-001 
 8        -1081.9803517853 -7.0E-02  4.0E-01  8.2E-02  2.6E-02    7    2.2E-001 
 9        -1082.1800815967 -2.0E-01  3.6E-01  7.7E-02  1.4E-01    8    2.3E-001 
 10       -1082.2283103519 -4.8E-02  2.9E-01  7.9E-02  0.0E+00    8    2.2E-001 
 11       -1082.2434183845 -1.5E-02  8.2E-02  8.1E-02  0.0E+00    8    2.2E-001 
 12       -1082.2451901477 -1.8E-03  8.0E-02  2.0E-02  0.0E+00    8    2.2E-001 
 13       -1082.2452133901 -2.3E-05  1.0E-02  1.6E-03  0.0E+00    8    2.2E-001 
 14       -1082.2452163197 -2.9E-06  2.1E-03  4.7E-04  0.0E+00    8    2.2E-001 
 15       -1082.2452163100  9.7E-09  6.2E-03  4.0E-04  0.0E+00    8    2.2E-001 
 15*      -1082.2452178431 -1.5E-06  4.3E-03  4.0E-04  8.5E-03    8    2.3E-001 
 16       -1082.2452216121 -3.8E-06  4.6E-03  9.3E-04  1.8E-02    8    2.3E-001 
 17       -1082.2452282713 -6.7E-06  4.5E-03  1.0E-03  2.1E-02    8    2.3E-001 
 18       -1082.2452332730 -5.0E-06  5.3E-03  3.4E-04  1.8E-02    8    2.3E-001 
 19       -1082.2452384510 -5.2E-06  6.6E-03  2.2E-04  1.4E-02    8    2.3E-001 
 20       -1082.2452440521 -5.6E-06  7.9E-03  1.8E-04  1.0E-02    8    2.3E-001 
 21       -1082.2452502247 -6.2E-06  9.5E-03  1.9E-04  7.2E-03    8    2.3E-001 
 22       -1082.2452548518 -4.6E-06  1.2E-02  2.1E-04  4.0E-03    8    2.3E-001 
 23       -1082.2452603448 -5.5E-06  1.4E-02  3.7E-04  2.0E-03    8    2.3E-001 
 24       -1082.2452638701 -3.5E-06  1.7E-02  2.5E-04  2.8E-05    8    2.3E-001 
 25       -1082.2452646681 -8.0E-07  4.2E-03  2.9E-04  0.0E+00    8    2.2E-001 
 26       -1082.2452656274 -9.6E-07  3.1E-03  3.0E-04  0.0E+00    8    2.2E-001 
 27       -1082.2452694729 -3.8E-06  3.5E-03  3.1E-04  0.0E+00    8    2.2E-001 
 28       -1082.2452854200 -1.6E-05  8.6E-03  4.7E-04  2.1E-03    8    2.3E-001 
 29       -1082.2453064024 -2.1E-05  1.0E-02  4.2E-04  1.5E-02    8    2.3E-001 
 30       -1082.2453022228  4.2E-06  1.2E-02  7.9E-04  1.3E-02    8    2.3E-001 
 30*      -1082.2453013638  5.0E-06  8.6E-03  7.9E-04  1.8E-02    8    2.3E-001 
 30*      -1082.2452990963  7.3E-06  5.9E-03  7.9E-04  2.7E-02    8    2.3E-001 
 30*      -1082.2453161315 -9.7E-06  3.7E-03  7.9E-04  1.0E-01    8    2.3E-001 
 31       -1082.2453482097 -3.2E-05  3.9E-03  1.2E-03  1.9E-01    8    2.3E-001 
 32       -1082.2454076470 -5.9E-05  4.9E-03  1.7E-03  2.7E-01    8    2.3E-001 
 33       -1082.2455139561 -1.1E-04  5.9E-03  2.8E-03  3.2E-01    8    2.3E-001 
 34       -1082.2456934996 -1.8E-04  7.0E-03  4.2E-03  3.7E-01    8    2.3E-001 
 35       -1082.2459845250 -2.9E-04  8.4E-03  5.8E-03  4.1E-01    8    2.3E-001 
 36       -1082.2464430300 -4.6E-04  1.0E-02  7.8E-03  4.5E-01    8    2.3E-001 
 37       -1082.2471486813 -7.1E-04  1.2E-02  1.0E-02  4.7E-01    8    2.3E-001 
 38       -1082.2482152413 -1.1E-03  1.4E-02  1.3E-02  4.9E-01    8    2.3E-001 
 39       -1082.2498020563 -1.6E-03  1.6E-02  1.6E-02  5.1E-01    8    2.3E-001 
 40       -1082.2521277788 -2.3E-03  1.9E-02  2.0E-02  5.1E-01    8    2.3E-001 
 41       -1082.2554804035 -3.4E-03  2.1E-02  2.4E-02  5.1E-01    8    2.3E-001 
 42       -1082.2602174259 -4.7E-03  2.9E-02  2.9E-02  5.0E-01    8    2.3E-001 
 43       -1082.2667516749 -6.5E-03  4.0E-02  3.3E-02  4.7E-01    8    4.3E-001 
 44       -1082.2754536134 -8.7E-03  5.5E-02  3.8E-02  4.3E-01    8    5.0E-001 
 45       -1082.2864435560 -1.1E-02  7.2E-02  4.1E-02  3.7E-01    8    5.0E-001 
 46       -1082.2991985931 -1.3E-02  8.9E-02  4.2E-02  2.9E-01    8    5.0E-001 
 47       -1082.3119738829 -1.3E-02  9.8E-02  3.8E-02  1.8E-01    8    5.0E-001 
 48       -1082.3213115721 -9.3E-03  9.4E-02  2.9E-02  7.0E-02    8    4.4E-001 
 49       -1082.3243076519 -3.0E-03  8.2E-02  1.3E-02  0.0E+00    8    2.2E-001 
 50       -1082.3249144261 -6.1E-04  3.8E-02  4.2E-03  0.0E+00    8    2.2E-001 
 51       -1082.3250769513 -1.6E-04  2.8E-02  2.5E-03  0.0E+00    8    2.2E-001 
 52       -1082.3250890674 -1.2E-05  4.7E-03  5.3E-04  0.0E+00    8    2.2E-001 
 53       -1082.3250943658 -5.3E-06  3.6E-03  4.3E-04  0.0E+00    8    2.2E-001 
 54       -1082.3250971096 -2.7E-06  1.1E-03  4.2E-04  0.0E+00    8    2.2E-001 
 55       -1082.3250967428  3.7E-07  7.9E-04  4.2E-04  0.0E+00    8    2.2E-001 
 55*      -1082.3250973719 -2.6E-07  6.2E-04  4.2E-04  3.9E-03    8    2.3E-001 
 56       -1082.3250995875 -2.2E-06  8.0E-04  6.9E-04  7.3E-03    8    2.3E-001 
 57       -1082.3251028280 -3.2E-06  8.9E-04  5.6E-04  4.4E-02    8    2.3E-001 
 58       -1082.3251058987 -3.1E-06  1.1E-03  4.0E-04  1.0E-01    8    2.3E-001 
 59       -1082.3251096740 -3.8E-06  1.4E-03  3.9E-04  1.3E-01    8    2.3E-001 
 60       -1082.3251141552 -4.5E-06  1.7E-03  3.7E-04  1.2E-01    8    2.3E-001 
 61       -1082.3251193656 -5.2E-06  2.0E-03  3.5E-04  9.5E-02    8    2.3E-001 
 62       -1082.3251254650 -6.1E-06  2.4E-03  3.7E-04  7.7E-02    8    2.3E-001 
 63       -1082.3251326615 -7.2E-06  2.9E-03  4.0E-04  6.3E-02    8    2.3E-001 
 64       -1082.3251413097 -8.6E-06  3.6E-03  4.3E-04  5.2E-02    8    2.3E-001 
 65       -1082.3251519792 -1.1E-05  4.4E-03  4.7E-04  4.5E-02    8    2.3E-001 
 66       -1082.3251649268 -1.3E-05  5.3E-03  5.2E-04  4.0E-02    8    2.3E-001 
 67       -1082.3251852168 -2.0E-05  6.4E-03  7.4E-04  3.9E-02    8    2.3E-001 
 68       -1082.3252136137 -2.8E-05  7.3E-03  6.7E-04  4.1E-02    8    2.3E-001 
 69       -1082.3252519433 -3.8E-05  8.5E-03  7.8E-04  4.0E-02    8    2.3E-001 
 70       -1082.3253043701 -5.2E-05  1.1E-02  9.0E-04  3.9E-02    8    2.3E-001 
 71       -1082.3253757235 -7.1E-05  1.3E-02  1.0E-03  3.6E-02    8    2.3E-001 
 72       -1082.3254714446 -9.6E-05  1.7E-02  1.1E-03  3.4E-02    8    2.3E-001 
 73       -1082.3255967777 -1.3E-04  2.2E-02  1.3E-03  3.1E-02    8    2.3E-001 
 74       -1082.3257551828 -1.6E-04  2.8E-02  1.4E-03  2.7E-02    8    2.3E-001 
 75       -1082.3259425087 -1.9E-04  3.5E-02  1.4E-03  2.2E-02    8    2.3E-001 
 76       -1082.3261385500 -2.0E-04  4.4E-02  1.4E-03  1.5E-02    8    2.3E-001 
 77       -1082.3262941969 -1.6E-04  5.3E-02  1.1E-03  6.9E-03    8    2.3E-001 
 78       -1082.3263290180 -3.5E-05  4.1E-02  6.0E-04  0.0E+00    8    2.2E-001 
 79       -1082.3263305046 -1.5E-06  3.8E-03  4.2E-04  0.0E+00    8    2.2E-001 
 80       -1082.3263306678 -1.6E-07  3.3E-04  7.4E-05  0.0E+00    8    2.2E-001 
 81       -1082.3263307275 -6.0E-08  1.1E-03  6.8E-05  0.0E+00    8    2.2E-001 
 82       -1082.3263308231 -9.6E-08  7.3E-04  7.4E-05  0.0E+00    8    2.2E-001 
 83       -1082.3263308969 -7.4E-08  3.6E-04  6.4E-05  0.0E+00    8    2.2E-001 
 84       -1082.3263309745 -7.8E-08  1.7E-04  5.8E-05  0.0E+00    8    2.2E-001 
 85       -1082.3263310675 -9.3E-08  2.7E-04  5.3E-05  0.0E+00    8    2.2E-001 
 86       -1082.3263310621  5.5E-09  3.0E-04  9.1E-05  0.0E+00    8    2.2E-001 
 86*      -1082.3263310663  1.3E-09  2.0E-04  9.1E-05  5.6E-03    8    2.3E-001 
 86*      -1082.3263310666  9.4E-10  1.3E-04  9.1E-05  1.5E-02    8    2.3E-001 
 86*      -1082.3263310669  6.5E-10  7.8E-05  9.1E-05  3.4E-02    8    2.3E-001 
 86*      -1082.3263310689 -1.3E-09  6.3E-05  9.1E-05  8.9E-02    8    2.2E-001 
 87       -1082.3263311235 -5.5E-08  9.4E-05  1.2E-04  1.1E-01    8    2.3E-001 
 88       -1082.3263311502 -2.7E-08  7.8E-05  4.3E-05  7.1E-02    8    2.3E-001 
 89       -1082.3263311773 -2.7E-08  8.4E-05  4.1E-05  1.0E-01    8    2.3E-001 
 90       -1082.3263312071 -3.0E-08  1.1E-04  3.8E-05  1.0E-01    8    2.3E-001 
 91       -1082.3263312396 -3.3E-08  1.4E-04  3.6E-05  8.2E-02    8    2.3E-001 
 92       -1082.3263312741 -3.4E-08  1.7E-04  3.2E-05  6.2E-02    8    2.3E-001 
 93       -1082.3263313083 -3.4E-08  2.0E-04  2.7E-05  4.1E-02    8    2.3E-001 
 94       -1082.3263313387 -3.0E-08  2.3E-04  2.0E-05  2.3E-02    8    2.3E-001 
 95       -1082.3263313599 -2.1E-08  2.8E-04  1.3E-05  8.6E-03    8    2.3E-001 
 96       -1082.3263313651 -5.2E-09  2.3E-04  6.6E-06  0.0E+00    8    2.2E-001 
 97       -1082.3263313650  1.1E-10  6.2E-06  7.5E-06  0.0E+00    8    2.2E-001 
 97*      -1082.3263313651  1.5E-11  5.5E-06  7.5E-06  1.7E-01    8    2.2E-001 
 97*      -1082.3263313652 -8.1E-11  4.9E-06  7.5E-06  5.5E-01    8    2.3E-001 
 98       -1082.3263313655 -3.3E-10  5.0E-06  8.6E-06  5.3E-01    8    2.3E-001 
 99       -1082.3263313657 -2.1E-10  4.9E-06  4.5E-06  5.0E-01    8    2.3E-001 
 100      -1082.3263313659 -2.3E-10  6.7E-06  4.5E-06  4.7E-01    8    2.3E-001 
 101      -1082.3263313662 -2.8E-10  7.7E-06  4.5E-06  3.9E-01    8    2.3E-001 
 102      -1082.3263313665 -3.2E-10  9.3E-06  4.4E-06  3.1E-01    8    2.3E-001 
 103      -1082.3263313668 -3.1E-10  1.1E-05  4.3E-06  2.7E-01    8    2.3E-001 
 104      -1082.3263313673 -4.8E-10  1.4E-05  4.0E-06  2.0E-01    8    2.3E-001 
 105      -1082.3263313678 -5.1E-10  1.7E-05  3.9E-06  1.6E-01    8    2.3E-001 
 106      -1082.3263313684 -5.5E-10  2.1E-05  3.8E-06  1.4E-01    8    2.3E-001 
 107      -1082.3263313690 -6.6E-10  2.3E-05  3.6E-06  9.9E-02    8    2.3E-001 
 108      -1082.3263313698 -7.2E-10  2.8E-05  3.3E-06  7.6E-02    8    2.3E-001 
 109      -1082.3263313705 -7.7E-10  3.5E-05  3.0E-06  5.6E-02    8    2.3E-001 
 110      -1082.3263313714 -8.4E-10  4.1E-05  2.7E-06  3.9E-02    8    2.3E-001 
 111      -1082.3263313685  2.9E-09  3.9E-05  2.6E-06  7.1E-02    8    2.3E-001 
 111*     -1082.3263313720 -6.1E-10  3.5E-05  2.6E-06  4.0E-02    8    2.3E-001 
 112      -1082.3263313726 -6.4E-10  4.2E-05  2.6E-06  2.8E-02    8    2.3E-001 
 113      -1082.3263313733 -7.0E-10  4.7E-05  2.6E-06  2.5E-02    8    2.3E-001 
 114      -1082.3263313741 -8.1E-10  5.6E-05  3.3E-06  1.4E-02    8    2.3E-001 
 115      -1082.3263313750 -9.0E-10  6.3E-05  2.6E-06  1.0E-02    8    2.3E-001 
 116      -1082.3263313760 -9.6E-10  7.2E-05  2.6E-06  7.3E-03    8    2.3E-001 
 117      -1082.3263313699  6.1E-09  9.2E-05  6.7E-06  3.3E-02    8    2.3E-001 
 117*     -1082.3263313767 -7.0E-10  6.2E-05  6.7E-06  7.3E-03    8    2.3E-001 
 118      -1082.3263313744  2.3E-09  8.2E-05  9.4E-06  3.9E-02    8    2.3E-001 
 118*     -1082.3263313774 -7.0E-10  5.1E-05  9.4E-06  8.4E-03    8    2.3E-001 
 119      -1082.3263313784 -1.0E-09  5.9E-05  7.8E-06  1.5E-02    8    2.3E-001 
 120      -1082.3263313792 -8.3E-10  7.1E-05  2.0E-06  1.1E-02    8    2.3E-001 
 121      -1082.3263313802 -9.9E-10  9.2E-05  2.1E-06  9.3E-03    8    2.3E-001 
 122      -1082.3263313813 -1.1E-09  9.5E-05  2.0E-06  7.2E-03    8    2.3E-001 
 123      -1082.3263313826 -1.3E-09  1.2E-04  2.6E-06  5.8E-03    8    2.3E-001 
 124      -1082.3263313843 -1.7E-09  1.3E-04  3.2E-06  4.5E-03    8    2.3E-001 
 125      -1082.3263313865 -2.2E-09  1.5E-04  3.5E-06  3.4E-03    8    2.3E-001 
 126      -1082.3263313892 -2.7E-09  1.9E-04  4.2E-06  2.5E-03    8    2.3E-001 
 127      -1082.3263313901 -8.8E-10  2.6E-04  5.3E-06  2.9E-03    8    2.3E-001 
 128      -1082.3263313953 -5.2E-09  2.5E-04  3.0E-05  2.4E-03    8    2.3E-001 
 129      -1082.3263313997 -4.4E-09  3.1E-04  9.7E-06  2.4E-03    8    2.3E-001 
 130      -1082.3263314049 -5.2E-09  3.7E-04  8.3E-06  2.1E-03    8    2.3E-001 
 131      -1082.3263314124 -7.4E-09  4.5E-04  9.6E-06  1.8E-03    8    2.3E-001 
 132      -1082.3263314209 -8.5E-09  5.6E-04  6.0E-06  2.0E-03    8    2.3E-001 
 133      -1082.3263314308 -9.9E-09  6.5E-04  5.8E-06  1.8E-03    8    2.3E-001 
 134      -1082.3263314425 -1.2E-08  7.9E-04  3.5E-06  1.6E-03    8    2.3E-001 
 135      -1082.3263314564 -1.4E-08  9.4E-04  3.8E-06  1.3E-03    8    2.3E-001 
 136      -1082.3263314731 -1.7E-08  1.1E-03  5.1E-06  1.0E-03    8    2.3E-001 
 137      -1082.3263314915 -1.8E-08  1.3E-03  4.8E-06  9.1E-04    8    2.3E-001 
 138      -1082.3263315158 -2.4E-08  1.6E-03  2.5E-05  7.3E-04    8    2.3E-001 
 139      -1082.3263315454 -3.0E-08  1.9E-03  2.0E-05  6.9E-04    8    2.3E-001 
 140      -1082.3263315775 -3.2E-08  2.3E-03  2.5E-06  5.1E-04    8    2.3E-001 
 141      -1082.3263316139 -3.6E-08  2.8E-03  3.4E-06  3.2E-04    8    2.3E-001 
 142      -1082.3263316543 -4.0E-08  3.4E-03  1.1E-05  2.0E-04    8    2.3E-001 
 143      -1082.3263316978 -4.3E-08  4.1E-03  2.5E-05  1.7E-04    8    2.4E-001 
 144      -1082.3263317376 -4.0E-08  4.9E-03  1.9E-05  1.3E-04    8    2.4E-001 
 145      -1082.3263317599 -2.2E-08  5.6E-03  1.6E-05  0.0E+00    8    2.2E-001 
 146      -1082.3263317623 -2.4E-09  1.9E-04  2.4E-05  0.0E+00    8    2.2E-001 
 147      -1082.3263317594  3.0E-09  7.6E-04  3.7E-05  0.0E+00    8    2.2E-001 
 147*     -1082.3263317585  3.9E-09  5.3E-04  3.7E-05  4.3E-05    8    2.3E-001 
 147*     -1082.3263317587  3.6E-09  3.7E-04  3.7E-05  1.2E-04    8    2.3E-001 
 147*     -1082.3263317589  3.4E-09  2.5E-04  3.7E-05  2.3E-04    8    2.3E-001 
 147*     -1082.3263317591  3.3E-09  1.7E-04  3.7E-05  4.1E-04    8    2.3E-001 
 147*     -1082.3263317592  3.1E-09  1.2E-04  3.7E-05  7.2E-04    8    2.3E-001 
 147*     -1082.3263317594  2.9E-09  9.2E-05  3.7E-05  1.5E-03    8    2.3E-001 
 147*     -1082.3263317610  1.4E-09  5.9E-05  3.7E-05  1.4E-02    8    2.2E-001 
 147*     -1082.3263317631 -8.1E-10  4.2E-05  3.7E-05  9.1E-02    8    2.2E-001 
 148      -1082.3263317743 -1.1E-08  2.2E-05  5.3E-05  3.0E-02    8    2.3E-001 
 149      -1082.3263317824 -8.1E-09  5.3E-05  2.4E-05  1.5E-01    8    2.3E-001 
 150      -1082.3263317907 -8.3E-09  6.8E-05  2.3E-05  1.7E-01    8    2.3E-001 
 151      -1082.3263318002 -9.5E-09  8.2E-05  2.3E-05  1.4E-01    8    2.3E-001 
 152      -1082.3263318109 -1.1E-08  9.8E-05  2.2E-05  1.1E-01    8    2.3E-001 
 153      -1082.3263318228 -1.2E-08  1.1E-04  2.1E-05  8.4E-02    8    2.3E-001 
 154      -1082.3263318355 -1.3E-08  1.3E-04  1.9E-05  6.2E-02    8    2.3E-001 
 155      -1082.3263318487 -1.3E-08  1.5E-04  1.7E-05  4.5E-02    8    2.3E-001 
 156      -1082.3263318616 -1.3E-08  1.8E-04  1.5E-05  3.0E-02    8    2.3E-001 
 157      -1082.3263318730 -1.1E-08  2.0E-04  1.2E-05  1.7E-02    8    2.3E-001 
 158      -1082.3263318808 -7.9E-09  2.3E-04  8.7E-06  6.1E-03    8    2.3E-001 
 159      -1082.3263318868 -6.0E-09  2.3E-04  1.7E-05  0.0E+00    8    2.2E-001 
 160      -1082.3263318892 -2.4E-09  1.7E-04  4.7E-06  0.0E+00    8    2.2E-001 
 161      -1082.3263318904 -1.2E-09  1.5E-04  5.1E-06  0.0E+00    8    2.2E-001 
 162      -1082.3263318916 -1.2E-09  6.2E-05  4.1E-06  0.0E+00    8    2.2E-001 
 163      -1082.3263318924 -8.4E-10  7.5E-05  2.7E-06  0.0E+00    8    2.2E-001 
 164      -1082.3263318930 -6.0E-10  6.5E-05  3.2E-06  0.0E+00    8    2.2E-001 
 165      -1082.3263318944 -1.3E-09  2.1E-04  3.6E-06  0.0E+00    8    2.2E-001 
 166      -1082.3263318949 -5.5E-10  3.7E-05  2.6E-06  0.0E+00    8    2.2E-001 
 167      -1082.3263318950 -1.3E-10  4.0E-05  3.0E-06  0.0E+00    8    2.2E-001 
 168      -1082.3263318944  6.7E-10  5.2E-05  1.1E-05  0.0E+00    8    2.2E-001 
 168*     -1082.3263318949  1.0E-10  2.1E-05  1.1E-05  0.0E+00    8    2.2E-001 
 168*     -1082.3263318949  1.2E-10  1.3E-05  1.1E-05  1.7E-03    8    2.3E-001 
 168*     -1082.3263318949  1.2E-10  8.4E-06  1.1E-05  5.4E-03    8    2.3E-001 
 168*     -1082.3263318949  1.1E-10  8.2E-06  1.1E-05  2.5E-02    8    2.2E-001 
 168*     -1082.3263318952 -1.2E-10  7.7E-06  1.1E-05  5.6E-01    8    2.3E-001 
 169      -1082.3263318956 -4.7E-10  6.1E-06  1.1E-05  7.5E-02    8    2.3E-001 
 170      -1082.3263318958 -2.0E-10  6.7E-06  3.1E-06  2.3E-01    8    2.3E-001 
 171      -1082.3263318960 -1.9E-10  9.3E-06  3.1E-06  1.7E-01    8    2.3E-001 
 172      -1082.3263318962 -2.2E-10  1.3E-05  3.0E-06  2.5E-01    8    2.3E-001 
 173      -1082.3263318965 -2.8E-10  1.5E-05  2.8E-06  1.5E-01    8    2.3E-001 
 174      -1082.3263318966 -5.0E-11  1.1E-05  2.7E-06  2.3E-01    8    2.3E-001 
 175      -1082.3263318970 -4.7E-10  1.8E-05  6.9E-06  1.3E-01    8    2.3E-001 
 176      -1082.3263318974 -3.4E-10  2.1E-05  2.3E-06  9.8E-02    8    2.3E-001 
 177      -1082.3263318978 -3.8E-10  2.6E-05  2.0E-06  7.5E-02    8    2.3E-001 
 178      -1082.3263318981 -3.8E-10  2.9E-05  2.0E-06  5.7E-02    8    2.3E-001 
 179      -1082.3263318985 -3.3E-10  3.6E-05  2.1E-06  4.2E-02    8    2.3E-001 
 180      -1082.3263318988 -3.3E-10  4.1E-05  6.5E-06  4.4E-02    8    2.3E-001 
 181      -1082.3263318996 -7.7E-10  4.6E-05  9.7E-06  2.8E-02    8    2.3E-001 
 182      -1082.3263319001 -5.0E-10  5.5E-05  2.3E-06  2.0E-02    8    2.3E-001 
 183      -1082.3263319007 -6.1E-10  6.2E-05  3.1E-06  1.8E-02    8    2.3E-001 
 184      -1082.3263318995  1.2E-09  6.1E-05  3.2E-06  1.8E-02    8    2.3E-001 
 184*     -1082.3263319012 -5.0E-10  5.1E-05  3.2E-06  1.8E-02    8    2.3E-001 
 185      -1082.3263319017 -4.8E-10  6.1E-05  2.4E-06  1.3E-02    8    2.3E-001 
 186      -1082.3263319025 -8.4E-10  5.5E-05  4.4E-06  1.4E-02    8    2.3E-001 
 187      -1082.3263319034 -8.8E-10  7.0E-05  2.7E-06  1.1E-02    8    2.3E-001 
 188      -1082.3263319045 -1.1E-09  8.1E-05  2.4E-06  9.5E-03    8    2.3E-001 
 189      -1082.3263319058 -1.3E-09  9.3E-05  3.1E-06  1.4E-02    8    2.3E-001 
 190      -1082.3263319066 -7.9E-10  8.4E-05  8.1E-06  1.6E-02    8    2.3E-001 
 191      -1082.3263319091 -2.4E-09  9.7E-05  1.9E-05  1.1E-02    8    2.3E-001 
 192      -1082.3263319109 -1.8E-09  9.2E-05  1.0E-05  1.2E-02    8    2.3E-001 
 193      -1082.3263319127 -1.8E-09  1.1E-04  2.5E-06  9.4E-03    8    2.3E-001 
 194      -1082.3263319146 -1.9E-09  1.2E-04  2.5E-06  7.7E-03    8    2.3E-001 
 195      -1082.3263319174 -2.8E-09  1.6E-04  6.4E-06  7.6E-03    8    2.3E-001 
 196      -1082.3263319208 -3.4E-09  1.8E-04  2.9E-06  5.6E-03    8    2.3E-001 
 197      -1082.3263319248 -4.0E-09  2.4E-04  3.3E-06  4.8E-03    8    2.3E-001 
 198      -1082.3263319295 -4.8E-09  2.5E-04  4.0E-06  4.0E-03    8    2.3E-001 
 199      -1082.3263319351 -5.6E-09  3.2E-04  2.5E-06  3.3E-03    8    2.3E-001 
 200      -1082.3263319419 -6.7E-09  3.8E-04  2.5E-06  2.8E-03    8    2.3E-001 
 201      -1082.3263319500 -8.1E-09  4.7E-04  2.5E-06  2.3E-03    8    2.3E-001 
 202      -1082.3263319597 -9.7E-09  5.7E-04  3.0E-06  1.9E-03    8    2.3E-001 
 203      -1082.3263319713 -1.2E-08  6.8E-04  2.9E-06  1.6E-03    8    2.3E-001 
 204      -1082.3263319852 -1.4E-08  8.0E-04  2.6E-06  1.4E-03    8    2.3E-001 
 205      -1082.3263320020 -1.7E-08  9.4E-04  2.6E-06  1.1E-03    8    2.3E-001 
 206      -1082.3263320221 -2.0E-08  1.1E-03  2.6E-06  9.3E-04    8    2.3E-001 
 207      -1082.3263320459 -2.4E-08  1.4E-03  2.6E-06  7.6E-04    8    2.3E-001 
 208      -1082.3263320744 -2.8E-08  1.7E-03  7.6E-06  6.3E-04    8    2.3E-001 
 209      -1082.3263321086 -3.4E-08  2.0E-03  1.1E-05  5.2E-04    8    2.3E-001 
 210      -1082.3263321498 -4.1E-08  2.3E-03  1.1E-05  4.5E-04    8    2.3E-001 
 211      -1082.3263321980 -4.8E-08  2.8E-03  4.1E-06  3.6E-04    8    2.4E-001 
 212      -1082.3263322554 -5.7E-08  3.3E-03  9.3E-06  2.9E-04    8    2.4E-001 
 213      -1082.3263323229 -6.7E-08  4.0E-03  5.8E-06  2.3E-04    8    2.4E-001 
 214      -1082.3263323995 -7.7E-08  4.8E-03  8.1E-06  1.9E-04    8    2.4E-001 
 215      -1082.3263324829 -8.3E-08  5.7E-03  1.1E-05  1.4E-04    8    2.4E-001 
 216      -1082.3263325636 -8.1E-08  6.7E-03  1.6E-05  9.4E-05    8    2.4E-001 
 217      -1082.3263326230 -5.9E-08  7.9E-03  2.9E-05  4.4E-05    8    2.4E-001 
 218      -1082.3263326293 -6.2E-09  4.2E-03  3.2E-05  0.0E+00    8    2.2E-001 
 219      -1082.3263326395 -1.0E-08  2.2E-03  6.9E-05  0.0E+00    8    2.2E-001 
 220      -1082.3263326512 -1.2E-08  8.3E-04  4.0E-05  0.0E+00    8    2.2E-001 
 221      -1082.3263326620 -1.1E-08  3.7E-03  3.5E-05  1.2E-05    8    2.4E-001 
 222      -1082.3263326754 -1.3E-08  3.8E-03  3.8E-05  1.3E-05    8    2.4E-001 
 223      -1082.3263327094 -3.4E-08  4.5E-03  3.1E-05  1.1E-05    8    2.4E-001 
 224      -1082.3263327525 -4.3E-08  3.0E-03  3.6E-05  0.0E+00    8    2.2E-001 
 225      -1082.3263328275 -7.5E-08  6.4E-03  3.7E-05  5.6E-05    8    2.4E-001 
 226      -1082.3263329126 -8.5E-08  7.7E-03  4.0E-05  1.7E-05    8    2.4E-001 
 227      -1082.3263329602 -4.8E-08  2.4E-03  4.3E-05  0.0E+00    8    2.2E-001 
 228      -1082.3263330253 -6.5E-08  2.9E-03  4.3E-05  0.0E+00    8    2.2E-001 
 229      -1082.3263331640 -1.4E-07  5.0E-03  6.1E-05  0.0E+00    8    2.2E-001 
 230      -1082.3263331854 -2.1E-08  1.5E-03  9.3E-05  0.0E+00    8    2.2E-001 
 231      -1082.3263332444 -5.9E-08  3.9E-04  1.2E-04  0.0E+00    8    2.2E-001 
 232      -1082.3263333165 -7.2E-08  4.3E-03  5.8E-05  2.4E-05    8    2.4E-001 
 233      -1082.3263333523 -3.6E-08  8.7E-04  3.9E-05  0.0E+00    8    2.2E-001 
 234      -1082.3263334291 -7.7E-08  4.2E-03  2.1E-05  0.0E+00    8    2.2E-001 
 235      -1082.3263335304 -1.0E-07  5.3E-03  3.0E-05  4.0E-05    8    2.4E-001 
 236      -1082.3263336251 -9.5E-08  6.2E-03  2.7E-05  0.0E+00    8    2.2E-001 
 237      -1082.3263336948 -7.0E-08  4.0E-03  3.8E-05  0.0E+00    8    2.2E-001 
 238      -1082.3263337629 -6.8E-08  5.0E-03  1.9E-05  0.0E+00    8    2.2E-001 
 239      -1082.3263338052 -4.2E-08  4.6E-03  3.8E-05  0.0E+00    8    2.2E-001 
 240      -1082.3263338079 -2.7E-09  4.0E-03  3.7E-05  0.0E+00    8    2.2E-001 
 241      -1082.3263338172 -9.3E-09  1.1E-03  1.1E-04  0.0E+00    8    2.2E-001 
 242      -1082.3263339055 -8.8E-08  4.6E-03  9.9E-05  1.2E-04    8    2.4E-001 
 243      -1082.3263339402 -3.5E-08  5.4E-03  1.9E-05  1.4E-05    8    2.4E-001 
 244      -1082.3263339609 -2.1E-08  2.2E-03  1.7E-05  0.0E+00    8    2.2E-001 
 245      -1082.3263339771 -1.6E-08  3.2E-03  1.4E-05  0.0E+00    8    2.2E-001 
 246      -1082.3263339927 -1.6E-08  3.8E-03  1.6E-05  0.0E+00    8    2.2E-001 
 247      -1082.3263340014 -8.7E-09  1.7E-03  1.6E-05  0.0E+00    8    2.2E-001 
 248      -1082.3263340111 -9.7E-09  1.7E-03  1.6E-05  0.0E+00    8    2.2E-001 
 249      -1082.3263340299 -1.9E-08  2.2E-03  2.9E-05  0.0E+00    8    2.2E-001 
 250      -1082.3263340460 -1.6E-08  3.3E-03  1.8E-05  0.0E+00    8    2.2E-001 
 251      -1082.3263340524 -6.4E-09  1.8E-03  2.0E-05  0.0E+00    8    2.2E-001 
 252      -1082.3263340607 -8.3E-09  4.7E-03  3.1E-05  2.2E-05    8    2.4E-001 
 253      -1082.3263340910 -3.0E-08  4.7E-03  6.6E-05  2.9E-05    8    2.4E-001 
 254      -1082.3263341007 -9.7E-09  2.4E-03  2.5E-05  0.0E+00    8    2.2E-001 
 255      -1082.3263341230 -2.2E-08  3.9E-03  2.5E-05  0.0E+00    8    2.2E-001 
 256      -1082.3263341480 -2.5E-08  4.1E-03  2.6E-05  0.0E+00    8    2.2E-001 
 257      -1082.3263341751 -2.7E-08  4.2E-03  2.7E-05  0.0E+00    8    2.2E-001 
 258      -1082.3263342060 -3.1E-08  2.4E-03  3.1E-05  0.0E+00    8    2.2E-001 
 259      -1082.3263342334 -2.7E-08  3.0E-03  2.4E-05  0.0E+00    8    2.2E-001 
 260      -1082.3263342800 -4.7E-08  5.5E-04  4.4E-05  0.0E+00    8    2.2E-001 
 261      -1082.3263343087 -2.9E-08  2.0E-03  1.9E-05  0.0E+00    8    2.2E-001 
 262      -1082.3263342934  1.5E-08  3.3E-03  1.8E-05  0.0E+00    8    2.2E-001 
 262*     -1082.3263343106 -2.0E-09  3.0E-03  1.8E-05  1.1E-05    8    2.3E-001 
 263      -1082.3263343431 -3.2E-08  2.9E-03  8.6E-05  0.0E+00    8    2.2E-001 
 264      -1082.3263343661 -2.3E-08  2.4E-03  4.8E-05  0.0E+00    8    2.2E-001 
 265      -1082.3263343856 -1.9E-08  3.7E-03  1.4E-05  1.4E-05    8    2.4E-001 
 266      -1082.3263343945 -8.9E-09  3.2E-03  5.3E-06  0.0E+00    8    2.2E-001 
 267      -1082.3263343996 -5.1E-09  1.6E-03  1.3E-05  0.0E+00    8    2.2E-001 
 268      -1082.3263344018 -2.2E-09  9.2E-04  8.1E-06  0.0E+00    8    2.2E-001 
 269      -1082.3263344027 -8.9E-10  1.7E-04  7.8E-06  0.0E+00    8    2.2E-001 
 270      -1082.3263344031 -4.1E-10  2.2E-04  5.6E-06  0.0E+00    8    2.2E-001 
 271      -1082.3263344041 -9.9E-10  1.0E-03  7.7E-06  0.0E+00    8    2.2E-001 
 272      -1082.3263344045 -4.2E-10  5.7E-04  6.4E-06  0.0E+00    8    2.2E-001 
 273      -1082.3263344047 -2.1E-10  2.1E-05  5.3E-06  0.0E+00    8    2.2E-001 
 274      -1082.3263344054 -7.4E-10  3.1E-04  7.9E-06  0.0E+00    8    2.2E-001 
 275      -1082.3263344069 -1.4E-09  2.0E-04  1.1E-05  0.0E+00    8    2.2E-001 
 276      -1082.3263344083 -1.5E-09  6.3E-04  4.3E-06  6.2E-05    8    2.4E-001 
 277      -1082.3263344094 -1.1E-09  7.7E-04  6.0E-06  4.8E-05    8    2.4E-001 
 278      -1082.3263344105 -1.1E-09  9.2E-04  3.4E-06  3.2E-06    8    2.4E-001 
 279      -1082.3263344109 -4.0E-10  3.2E-04  4.3E-06  0.0E+00    8    2.2E-001 
 280      -1082.3263344112 -3.3E-10  4.3E-04  3.2E-06  0.0E+00    8    2.2E-001 
 281      -1082.3263344116 -4.5E-10  4.9E-04  5.5E-06  0.0E+00    8    2.2E-001 
 282      -1082.3263344119 -2.7E-10  2.7E-04  4.2E-06  0.0E+00    8    2.2E-001 
 283      -1082.3263344127 -8.3E-10  4.3E-04  6.7E-06  0.0E+00    8    2.2E-001 
 284      -1082.3263344137 -9.8E-10  2.1E-04  1.1E-05  0.0E+00    8    2.2E-001 
 285      -1082.3263344151 -1.4E-09  4.4E-04  1.1E-05  0.0E+00    8    2.2E-001 
 286      -1082.3263344165 -1.4E-09  6.5E-04  2.8E-06  0.0E+00    8    2.2E-001 
 287      -1082.3263344177 -1.2E-09  9.7E-04  2.1E-06  3.5E-05    8    2.4E-001 
 288      -1082.3263344181 -3.7E-10  2.2E-04  3.4E-06  0.0E+00    8    2.2E-001 
 289      -1082.3263344188 -6.5E-10  6.3E-04  3.3E-06  0.0E+00    8    2.2E-001 
 290      -1082.3263344193 -5.2E-10  7.7E-04  2.5E-06  0.0E+00    8    2.2E-001 
 291      -1082.3263344198 -4.8E-10  7.4E-04  7.0E-06  0.0E+00    8    2.2E-001 
 292      -1082.3263344204 -6.6E-10  1.3E-03  9.0E-06  0.0E+00    8    2.2E-001 
 293      -1082.3263344207 -2.5E-10  8.7E-05  5.8E-06  0.0E+00    8    2.2E-001 
 294      -1082.3263344208 -1.2E-10  5.9E-05  3.5E-06  0.0E+00    8    2.2E-001 
 295      -1082.3263344210 -2.4E-10  1.1E-04  5.0E-06  0.0E+00    8    2.2E-001 
 296      -1082.3263344213 -3.1E-10  2.0E-04  3.8E-06  0.0E+00    8    2.2E-001 
 297      -1082.3263344218 -4.7E-10  4.4E-04  3.3E-06  0.0E+00    8    2.2E-001 
 298      -1082.3263344234 -1.6E-09  8.8E-04  3.1E-06  3.5E-05    8    2.4E-001 
 299      -1082.3263344241 -7.0E-10  3.2E-04  8.2E-06  0.0E+00    8    2.2E-001 
 300      -1082.3263344250 -8.8E-10  8.7E-04  5.9E-06  0.0E+00    8    2.2E-001 
 301      -1082.3263344264 -1.5E-09  1.1E-03  7.9E-06  3.4E-05    8    2.4E-001 
 302      -1082.3263344273 -8.7E-10  1.3E-03  3.6E-06  4.4E-06    8    2.4E-001 
 303      -1082.3263344281 -7.6E-10  4.9E-04  8.2E-06  0.0E+00    8    2.2E-001 
 304      -1082.3263344280  4.0E-11  7.0E-04  2.7E-06  0.0E+00    8    2.2E-001 
 304*     -1082.3263344280  1.8E-11  4.9E-04  2.7E-06  2.5E-05    8    2.3E-001 
 304*     -1082.3263344280  2.1E-11  3.4E-04  2.7E-06  6.1E-05    8    2.3E-001 
 304*     -1082.3263344280  3.1E-11  2.4E-04  2.7E-06  1.1E-04    8    2.3E-001 
 304*     -1082.3263344280  4.3E-11  1.7E-04  2.7E-06  1.8E-04    8    2.3E-001 
 304*     -1082.3263344280  5.4E-11  1.2E-04  2.7E-06  2.9E-04    8    2.3E-001 
 304*     -1082.3263344280  6.3E-11  8.4E-05  2.7E-06  4.4E-04    8    2.3E-001 
 304*     -1082.3263344280  7.0E-11  5.9E-05  2.7E-06  6.6E-04    8    2.3E-001 
 304*     -1082.3263344280  7.4E-11  4.2E-05  2.7E-06  9.7E-04    8    2.3E-001 
 304*     -1082.3263344280  7.9E-11  3.0E-05  2.7E-06  1.4E-03    8    4.8E-001 
 304*     -1082.3263344280  8.0E-11  2.1E-05  2.7E-06  2.2E-03    8    5.0E-001 
 305      -1082.3263344283 -2.6E-10  1.4E-05  8.3E-06  5.3E-03    8    5.1E-001 
 306      -1082.3263344284 -2.0E-10  1.1E-05  3.0E-06  9.5E-02    8    5.0E-001 
 307      -1082.3263344287 -2.1E-10  1.1E-05  2.0E-06  2.8E-02    8    5.0E-001 
 308      -1082.3263344289 -2.3E-10  1.4E-05  2.1E-06  3.1E-02    8    5.0E-001 
 309      -1082.3263344291 -2.4E-10  1.6E-05  2.2E-06  2.0E-02    8    5.0E-001 
 310      -1082.3263344294 -2.5E-10  2.2E-05  2.2E-06  1.3E-02    8    2.3E-001 
 311      -1082.3263344296 -2.5E-10  3.0E-05  2.2E-06  9.1E-03    8    2.3E-001 
 312      -1082.3263344297 -8.0E-11  3.3E-05  2.1E-06  2.4E-02    8    2.3E-001 
 313      -1082.3263344291  5.7E-10  3.5E-05  2.3E-06  1.6E-02    8    2.3E-001 
 313*     -1082.3263344292  5.0E-10  2.4E-05  2.3E-06  1.4E-02    8    2.3E-001 
 313*     -1082.3263344296  1.5E-10  1.8E-05  2.3E-06  1.7E-02    8    2.3E-001 
 313*     -1082.3263344297 -2.3E-12  1.3E-05  2.3E-06  2.1E-02    8    2.3E-001 
 314      -1082.3263344297  2.2E-11  1.2E-05  5.4E-06  3.3E-02    8    2.3E-001 
 314*     -1082.3263344296  1.1E-10  4.2E-06  5.4E-06  0.0E+00    8    2.3E-001 
 314*     -1082.3263344297  1.6E-12  2.6E-06  5.4E-06  1.5E-01    8    2.3E-001 
 314*     -1082.3263344297 -1.2E-11  1.8E-06  5.4E-06  2.4E-01    8    2.3E-001 
 315      -1082.3263344297  6.1E-12  1.5E-06  5.3E-06  1.4E-01    8    2.3E-001 
 315*     -1082.3263344298 -9.5E-11  1.9E-06  5.3E-06  2.4E+00    8    2.3E-001 
 316      -1082.3263344298 -1.8E-11  2.1E-06  2.2E-06  3.1E-01    8    2.3E-001 
 317      -1082.3263344299 -2.0E-11  1.7E-06  2.2E-06  5.5E-01    8    2.3E-001 
 318      -1082.3263344299 -3.1E-11  2.0E-06  2.2E-06  6.3E-01    8    3.4E-001 
 319      -1082.3263344299 -3.7E-11  2.4E-06  2.2E-06  3.6E-01    8    5.0E-001 
 320      -1082.3263344300 -4.1E-11  2.9E-06  2.2E-06  3.0E-01    8    5.0E-001 
 321      -1082.3263344300 -2.6E-11  3.7E-06  2.2E-06  2.0E-01    8    5.0E-001 
 322      -1082.3263344300 -2.9E-11  3.6E-06  2.2E-06  8.7E-01    8    4.4E-001 
 323      -1082.3263344301 -6.9E-11  4.4E-06  3.1E-06  2.2E-01    8    2.3E-001 
 324      -1082.3263344302 -6.7E-11  4.7E-06  2.3E-06  1.8E-01    8    2.3E-001 
 325      -1082.3263344302 -7.5E-11  5.7E-06  2.3E-06  1.5E-01    8    2.3E-001 
 326      -1082.3263344303 -7.9E-11  7.6E-06  2.2E-06  1.2E-01    8    2.3E-001 
 327      -1082.3263344304 -1.2E-10  8.4E-06  2.6E-06  9.9E-02    8    2.3E-001 
 328      -1082.3263344306 -1.2E-10  1.1E-05  2.2E-06  8.1E-02    8    2.3E-001 
 329      -1082.3263344307 -1.4E-10  1.2E-05  2.2E-06  6.4E-02    8    2.3E-001 
 330      -1082.3263344308 -1.5E-10  1.4E-05  2.2E-06  5.0E-02    8    2.3E-001 
 331      -1082.3263344302  6.1E-10  2.0E-05  2.5E-06  1.0E-01    8    2.3E-001 
 331*     -1082.3263344309 -8.3E-11  1.2E-05  2.5E-06  5.2E-02    8    2.3E-001 
 332      -1082.3263344311 -1.7E-10  1.3E-05  4.1E-06  5.4E-02    8    2.3E-001 
 333      -1082.3263344313 -1.9E-10  1.7E-05  3.0E-06  9.9E-02    8    2.3E-001 
 334      -1082.3263344315 -1.9E-10  1.8E-05  2.4E-06  5.4E-02    8    2.3E-001 
 335      -1082.3263344317 -2.0E-10  2.2E-05  2.3E-06  4.2E-02    8    2.3E-001 
 336      -1082.3263344319 -2.5E-10  2.5E-05  2.2E-06  3.4E-02    8    2.3E-001 
 337      -1082.3263344321 -1.2E-10  2.7E-05  2.2E-06  2.5E-02    8    2.3E-001 
 338      -1082.3263344322 -1.5E-10  2.6E-05  4.2E-06  3.7E-02    8    2.3E-001 
 339      -1082.3263344328 -5.7E-10  2.7E-05  8.9E-06  3.7E-02    8    2.3E-001 
 340      -1082.3263344332 -4.0E-10  3.9E-05  2.3E-06  2.8E-02    8    2.3E-001 
 341      -1082.3263344336 -4.7E-10  4.5E-05  2.2E-06  2.4E-02    8    2.3E-001 
 342      -1082.3263344342 -5.5E-10  5.4E-05  2.3E-06  2.1E-02    8    2.3E-001 
 343      -1082.3263344349 -6.7E-10  6.7E-05  2.3E-06  1.6E-02    8    2.3E-001 
 344      -1082.3263344357 -7.9E-10  7.7E-05  2.3E-06  1.4E-02    8    2.3E-001 
 345      -1082.3263344366 -9.7E-10  9.3E-05  2.3E-06  1.1E-02    8    2.3E-001 
 346      -1082.3263344378 -1.2E-09  1.1E-04  2.3E-06  9.3E-03    8    2.3E-001 
 347      -1082.3263344391 -1.4E-09  1.3E-04  2.3E-06  7.7E-03    8    2.3E-001 
 348      -1082.3263344408 -1.6E-09  1.6E-04  2.3E-06  6.2E-03    8    2.3E-001 
 349      -1082.3263344424 -1.6E-09  1.9E-04  2.2E-06  5.4E-03    8    2.3E-001 
 350      -1082.3263344439 -1.5E-09  2.6E-04  8.6E-06  4.4E-03    8    2.3E-001 
 351      -1082.3263344473 -3.4E-09  2.0E-04  1.4E-05  4.2E-03    8    2.3E-001 
 352      -1082.3263344486 -1.3E-09  2.8E-04  2.2E-06  4.0E-03    8    2.3E-001 
 353      -1082.3263344528 -4.2E-09  2.7E-04  2.2E-05  4.1E-03    8    2.3E-001 
 354      -1082.3263344565 -3.6E-09  3.4E-04  9.1E-06  3.2E-03    8    2.3E-001 
 355      -1082.3263344607 -4.3E-09  4.0E-04  4.7E-06  2.7E-03    8    2.3E-001 
 356      -1082.3263344657 -5.0E-09  4.8E-04  2.3E-06  2.1E-03    8    2.3E-001 
 357      -1082.3263344427  2.3E-08  5.1E-04  3.0E-06  4.5E-03    8    2.3E-001 
 357*     -1082.3263344699 -4.2E-09  4.0E-04  3.0E-06  2.5E-03    8    2.3E-001 
 358      -1082.3263344751 -5.1E-09  4.8E-04  2.9E-06  2.1E-03    8    2.3E-001 
 359      -1082.3263344810 -5.9E-09  5.7E-04  2.3E-06  2.1E-03    8    2.3E-001 
 360      -1082.3263344885 -7.5E-09  7.2E-04  5.9E-06  1.7E-03    8    2.3E-001 
 361      -1082.3263344974 -8.9E-09  8.4E-04  2.5E-06  1.3E-03    8    2.3E-001 
 362      -1082.3263345047 -7.3E-09  9.8E-04  2.4E-06  1.3E-03    8    2.3E-001 
 363      -1082.3263345185 -1.4E-08  1.0E-03  1.8E-05  1.1E-03    8    2.3E-001 
 364      -1082.3263345314 -1.3E-08  1.2E-03  5.3E-06  9.0E-04    8    2.3E-001 
 365      -1082.3263345476 -1.6E-08  1.5E-03  1.1E-05  7.5E-04    8    2.3E-001 
 366      -1082.3263345669 -1.9E-08  1.7E-03  5.0E-06  6.7E-04    8    2.3E-001 
 367      -1082.3263345903 -2.3E-08  2.1E-03  5.3E-06  5.6E-04    8    2.3E-001 
 368      -1082.3263346185 -2.8E-08  2.5E-03  2.4E-06  4.8E-04    8    2.4E-001 
 369      -1082.3263346522 -3.4E-08  3.0E-03  2.6E-06  3.8E-04    8    2.4E-001 
 370      -1082.3263346918 -4.0E-08  3.6E-03  3.1E-06  3.0E-04    8    2.4E-001 
 371      -1082.3263347366 -4.5E-08  4.3E-03  5.9E-06  2.4E-04    8    2.4E-001 
 372      -1082.3263347831 -4.6E-08  5.1E-03  1.6E-05  1.6E-04    8    2.4E-001 
 373      -1082.3263348388 -5.6E-08  6.1E-03  3.7E-05  1.3E-04    8    2.4E-001 
 374      -1082.3263348759 -3.7E-08  7.2E-03  1.7E-05  4.2E-05    8    2.4E-001 
 375      -1082.3263348824 -6.5E-09  7.8E-04  2.5E-05  0.0E+00    8    2.2E-001 
 376      -1082.3263348920 -9.6E-09  2.5E-03  2.6E-05  0.0E+00    8    2.2E-001 
 377      -1082.3263349185 -2.6E-08  8.5E-04  3.6E-05  0.0E+00    8    2.2E-001 
 378      -1082.3263349427 -2.4E-08  1.7E-03  2.9E-05  0.0E+00    8    2.2E-001 
 379      -1082.3263349771 -3.4E-08  1.2E-03  3.0E-05  0.0E+00    8    2.2E-001 
 380      -1082.3263350031 -2.6E-08  3.4E-03  2.6E-05  8.4E-05    8    2.4E-001 
 381      -1082.3263350213 -1.8E-08  1.7E-03  2.9E-05  0.0E+00    8    2.2E-001 
 382      -1082.3263350470 -2.6E-08  3.4E-03  2.9E-05  5.4E-05    8    2.4E-001 
 383      -1082.3263351156 -6.9E-08  3.8E-03  3.2E-05  3.4E-05    8    2.4E-001 
 384      -1082.3263351582 -4.3E-08  3.0E-04  3.1E-05  0.0E+00    8    2.2E-001 
 385      -1082.3263352221 -6.4E-08  1.5E-03  7.0E-05  0.0E+00    8    2.2E-001 
 386      -1082.3263353169 -9.5E-08  3.3E-03  4.7E-05  1.6E-04    8    2.4E-001 
 387      -1082.3263353478 -3.1E-08  1.6E-03  2.5E-05  0.0E+00    8    2.2E-001 
 388      -1082.3263353956 -4.8E-08  2.9E-03  5.7E-05  0.0E+00    8    2.2E-001 
 389      -1082.3263354562 -6.1E-08  3.9E-03  5.5E-05  2.0E-05    8    2.4E-001 
 390      -1082.3263355327 -7.6E-08  4.6E-03  3.0E-05  8.9E-05    8    2.4E-001 
 391      -1082.3263355973 -6.5E-08  5.6E-03  2.4E-05  1.1E-04    8    2.4E-001 
 392      -1082.3263356645 -6.7E-08  6.8E-03  2.6E-05  7.1E-05    8    2.4E-001 
 393      -1082.3263357041 -4.0E-08  7.2E-03  3.0E-05  0.0E+00    8    2.2E-001 
 Max error in S = C**T C = 1.0E-012
 MOs were orthonormalized
 394      -1082.3263357223 -1.8E-08  1.5E-03  4.0E-05  0.0E+00    8    2.2E-001 
 395      -1082.3263358117 -8.9E-08  1.8E-03  4.1E-05  0.0E+00    8    2.2E-001 
 396      -1082.3263359497 -1.4E-07  7.6E-03  4.4E-05  1.1E-04    8    2.4E-001 
 397      -1082.3263360229 -7.3E-08  2.3E-03  8.9E-05  0.0E+00    8    2.2E-001 
 398      -1082.3263360487 -2.6E-08  1.1E-03  6.6E-05  0.0E+00    8    2.2E-001 
 399      -1082.3263360882 -4.0E-08  3.6E-03  7.1E-05  0.0E+00    8    2.2E-001 
 400      -1082.3263361167 -2.8E-08  7.5E-05  7.2E-05  0.0E+00    8    2.2E-001 
 401      -1082.3263361820 -6.5E-08  4.4E-03  4.5E-05  0.0E+00    8    2.2E-001 
 402      -1082.3263362944 -1.1E-07  5.6E-03  5.0E-05  2.0E-05    8    2.4E-001 
 403      -1082.3263364408 -1.5E-07  6.6E-03  5.1E-05  0.0E+00    8    2.2E-001 
 404      -1082.3263365907 -1.5E-07  6.5E-03  5.0E-05  0.0E+00    8    2.2E-001 
 405      -1082.3263368179 -2.3E-07  9.8E-03  4.8E-05  8.4E-05    8    2.4E-001 
 406      -1082.3263370595 -2.4E-07  1.2E-02  4.2E-05  1.2E-04    8    2.4E-001 
 407      -1082.3263371681 -1.1E-07  1.4E-02  4.2E-05  0.0E+00    8    2.2E-001 
 408      -1082.3263371860 -1.8E-08  1.2E-03  6.0E-05  0.0E+00    8    2.2E-001 
 409      -1082.3263371439  4.2E-08  2.0E-03  1.0E-04  0.0E+00    8    2.2E-001 
 409*     -1082.3263371438  4.2E-08  1.4E-03  1.0E-04  1.0E-04    8    2.3E-001 
 409*     -1082.3263371450  4.1E-08  9.6E-04  1.0E-04  2.4E-04    8    2.3E-001 
 409*     -1082.3263371458  4.0E-08  6.5E-04  1.0E-04  4.4E-04    8    2.3E-001 
 409*     -1082.3263371464  4.0E-08  4.2E-04  1.0E-04  7.4E-04    8    2.3E-001 
 409*     -1082.3263371470  3.9E-08  2.7E-04  1.0E-04  1.2E-03    8    2.3E-001 
 409*     -1082.3263371477  3.8E-08  1.8E-04  1.0E-04  2.1E-03    8    2.3E-001 
 409*     -1082.3263371497  3.6E-08  1.2E-04  1.0E-04  4.7E-03    8    2.3E-001 
 409*     -1082.3263371639  2.2E-08  7.9E-05  1.0E-04  3.5E-02    8    2.3E-001 
 409*     -1082.3263371807  5.3E-09  7.2E-05  1.0E-04  1.4E-01    8    2.3E-001 
 409*     -1082.3263371959 -9.9E-09  6.5E-05  1.0E-04  4.9E-01    8    2.9E-001 
 410      -1082.3263372409 -4.5E-08  4.3E-05  1.0E-04  4.3E-01    8    5.0E-001 
 411      -1082.3263372641 -2.3E-08  5.1E-05  5.7E-05  4.1E-01    8    5.0E-001 
 412      -1082.3263372893 -2.5E-08  6.0E-05  5.7E-05  3.3E-01    8    5.0E-001 
 413      -1082.3263373171 -2.8E-08  7.4E-05  5.6E-05  2.5E-01    8    3.6E-001 
 414      -1082.3263373491 -3.2E-08  9.6E-05  5.4E-05  2.0E-01    8    2.3E-001 
 415      -1082.3263373858 -3.7E-08  1.2E-04  5.1E-05  1.6E-01    8    2.3E-001 
 416      -1082.3263374274 -4.2E-08  1.4E-04  4.9E-05  1.3E-01    8    2.3E-001 
 417      -1082.3263374741 -4.7E-08  1.7E-04  4.7E-05  1.0E-01    8    2.3E-001 
 418      -1082.3263375252 -5.1E-08  2.1E-04  4.4E-05  7.7E-02    8    2.3E-001 
 419      -1082.3263375793 -5.4E-08  2.5E-04  3.9E-05  5.5E-02    8    2.3E-001 
 420      -1082.3263376343 -5.5E-08  3.0E-04  3.4E-05  3.7E-02    8    2.3E-001 
 421      -1082.3263376858 -5.2E-08  3.6E-04  2.8E-05  2.3E-02    8    2.3E-001 
 422      -1082.3263377268 -4.1E-08  4.3E-04  2.1E-05  1.1E-02    8    2.3E-001 
 423      -1082.3263377463 -2.0E-08  5.0E-04  1.2E-05  6.0E-04    8    2.3E-001 
 424      -1082.3263377474 -1.1E-09  3.4E-05  4.8E-06  0.0E+00    8    2.2E-001 
 425      -1082.3263377484 -1.1E-09  4.2E-05  4.8E-06  0.0E+00    8    2.2E-001 
 426      -1082.3263377493 -8.9E-10  4.1E-05  4.6E-06  0.0E+00    8    2.2E-001 
 427      -1082.3263377499 -5.4E-10  3.1E-05  4.9E-06  0.0E+00    8    2.2E-001 
 428      -1082.3263377501 -2.4E-10  2.0E-05  5.0E-06  0.0E+00    8    2.2E-001 
 429      -1082.3263377500  1.3E-10  2.2E-05  5.1E-06  0.0E+00    8    2.2E-001 
 429*     -1082.3263377502 -7.6E-11  1.7E-05  5.1E-06  5.6E-02    8    2.3E-001 
 430      -1082.3263377507 -4.8E-10  1.4E-05  1.0E-05  1.2E-01    8    2.3E-001 
 431      -1082.3263377512 -5.1E-10  1.7E-05  7.6E-06  1.7E-01    8    2.3E-001 
 432      -1082.3263377516 -4.4E-10  2.0E-05  5.2E-06  1.5E-01    8    2.3E-001 
 433      -1082.3263377521 -5.0E-10  2.4E-05  5.3E-06  1.3E-01    8    2.3E-001 
 434      -1082.3263377527 -6.0E-10  2.9E-05  5.3E-06  1.1E-01    8    2.3E-001 
 435      -1082.3263377534 -7.0E-10  3.5E-05  5.3E-06  8.9E-02    8    2.3E-001 
 436      -1082.3263377542 -7.9E-10  4.2E-05  5.3E-06  6.9E-02    8    2.3E-001 
 437      -1082.3263377550 -8.2E-10  4.9E-05  5.3E-06  5.0E-02    8    2.3E-001 
 438      -1082.3263377562 -1.1E-09  5.9E-05  5.2E-06  4.7E-02    8    2.3E-001 
 439      -1082.3263377574 -1.3E-09  7.1E-05  5.3E-06  3.8E-02    8    2.3E-001 
 440      -1082.3263377548  2.7E-09  4.4E-05  5.3E-06  3.1E-02    8    2.3E-001 
 440*     -1082.3263377585 -1.0E-09  5.8E-05  5.3E-06  4.2E-02    8    2.3E-001 
 441      -1082.3263377597 -1.2E-09  6.1E-05  5.2E-06  4.0E-02    8    2.3E-001 
 442      -1082.3263377610 -1.4E-09  6.6E-05  8.4E-06  4.1E-02    8    2.3E-001 
 443      -1082.3263377634 -2.4E-09  9.2E-05  6.6E-06  2.9E-02    8    2.3E-001 
 444      -1082.3263377659 -2.5E-09  1.1E-04  5.4E-06  2.4E-02    8    2.3E-001 
 445      -1082.3263377687 -2.9E-09  1.3E-04  5.3E-06  2.0E-02    8    2.3E-001 
 446      -1082.3263377714 -2.6E-09  1.5E-04  5.3E-06  1.6E-02    8    2.3E-001 
 447      -1082.3263377762 -4.9E-09  1.9E-04  6.8E-06  1.4E-02    8    2.3E-001 
 448      -1082.3263377813 -5.0E-09  2.2E-04  5.2E-06  1.2E-02    8    2.3E-001 
 449      -1082.3263377873 -6.0E-09  2.6E-04  5.3E-06  1.0E-02    8    2.3E-001 
 450      -1082.3263377945 -7.1E-09  3.2E-04  5.2E-06  8.0E-03    8    2.3E-001 
 451      -1082.3263378031 -8.6E-09  3.8E-04  5.1E-06  6.5E-03    8    2.3E-001 
 452      -1082.3263378134 -1.0E-08  4.6E-04  4.9E-06  5.5E-03    8    2.3E-001 
 453      -1082.3263378256 -1.2E-08  5.5E-04  4.9E-06  4.8E-03    8    2.3E-001 
 454      -1082.3263378403 -1.5E-08  6.6E-04  4.8E-06  3.9E-03    8    2.3E-001 
 455      -1082.3263378579 -1.8E-08  8.1E-04  4.6E-06  3.2E-03    8    2.3E-001 
 456      -1082.3263378793 -2.1E-08  9.7E-04  5.0E-06  2.5E-03    8    2.3E-001 
 457      -1082.3263379050 -2.6E-08  1.2E-03  4.1E-06  2.2E-03    8    2.3E-001 
 458      -1082.3263379358 -3.1E-08  1.4E-03  4.0E-06  2.0E-03    8    2.3E-001 
 459      -1082.3263379725 -3.7E-08  1.7E-03  3.9E-06  1.6E-03    8    2.3E-001 
 460      -1082.3263380163 -4.4E-08  2.0E-03  6.7E-06  1.3E-03    8    2.3E-001 
 461      -1082.3263380689 -5.3E-08  2.4E-03  1.2E-05  9.1E-04    8    2.3E-001 
 462      -1082.3263381304 -6.1E-08  2.9E-03  1.6E-05  7.5E-04    8    2.3E-001 
 463      -1082.3263382070 -7.7E-08  3.5E-03  2.8E-05  6.1E-04    8    2.3E-001 
 464      -1082.3263382945 -8.8E-08  4.2E-03  8.9E-06  6.5E-04    8    2.3E-001 
 465      -1082.3263383936 -9.9E-08  5.0E-03  9.5E-06  4.8E-04    8    2.3E-001 
 466      -1082.3263385009 -1.1E-07  6.0E-03  9.9E-06  3.1E-04    8    2.4E-001 
 467      -1082.3263386069 -1.1E-07  7.2E-03  1.6E-05  1.7E-04    8    2.4E-001 
 468      -1082.3263386842 -7.7E-08  8.7E-03  2.4E-05  7.6E-05    8    2.4E-001 
 469      -1082.3263387023 -1.8E-08  4.2E-03  3.5E-05  0.0E+00    8    2.2E-001 
 470      -1082.3263387129 -1.1E-08  8.0E-05  4.1E-05  0.0E+00    8    2.2E-001 
 471      -1082.3263387387 -2.6E-08  3.6E-03  4.1E-05  0.0E+00    8    2.2E-001 
 472      -1082.3263389057 -1.7E-07  7.8E-03  1.6E-04  0.0E+00    8    2.2E-001 
 473      -1082.3263390199 -1.1E-07  9.2E-03  1.2E-04  3.7E-05    8    2.4E-001 
 474      -1082.3263390337 -1.4E-08  1.7E-04  4.6E-05  0.0E+00    8    2.2E-001 
 475      -1082.3263390631 -2.9E-08  9.2E-03  3.6E-05  4.8E-06    8    2.4E-001 
 476      -1082.3263390912 -2.8E-08  7.3E-03  4.6E-05  0.0E+00    8    2.2E-001 
 477      -1082.3263391232 -3.2E-08  5.7E-03  3.4E-05  0.0E+00    8    2.2E-001 
 478      -1082.3263391479 -2.5E-08  6.8E-03  4.0E-05  0.0E+00    8    2.2E-001 
 479      -1082.3263393297 -1.8E-07  1.3E-02  2.9E-05  1.6E-04    8    2.4E-001 
 480      -1082.3263395203 -1.9E-07  1.0E-02  3.8E-05  0.0E+00    8    2.2E-001 
 481      -1082.3263396573 -1.4E-07  7.0E-03  3.8E-05  0.0E+00    8    2.2E-001 
 482      -1082.3263397829 -1.3E-07  4.4E-03  8.7E-05  0.0E+00    8    2.2E-001 
 483      -1082.3263399094 -1.3E-07  7.4E-03  3.9E-05  0.0E+00    8    2.2E-001 
 484      -1082.3263401712 -2.6E-07  9.9E-03  1.3E-04  0.0E+00    8    2.2E-001 
 485      -1082.3263402987 -1.3E-07  1.8E-03  8.1E-05  0.0E+00    8    2.2E-001 
 486      -1082.3263404931 -1.9E-07  9.4E-03  6.0E-05  0.0E+00    8    2.2E-001 
 487      -1082.3263405833 -9.0E-08  3.1E-03  4.6E-05  0.0E+00    8    2.2E-001 
 488      -1082.3263407184 -1.4E-07  5.5E-03  3.6E-05  0.0E+00    8    2.2E-001 
 489      -1082.3263408560 -1.4E-07  7.7E-03  3.9E-05  0.0E+00    8    2.2E-001 
 490      -1082.3263408508  5.1E-09  8.8E-04  4.1E-05  0.0E+00    8    2.2E-001 
 490*     -1082.3263408529  3.0E-09  6.1E-04  4.1E-05  6.0E-05    8    2.3E-001 
 490*     -1082.3263408553  6.1E-10  4.3E-04  4.1E-05  2.1E-04    8    2.3E-001 
 490*     -1082.3263408571 -1.1E-09  3.0E-04  4.1E-05  4.3E-04    8    2.3E-001 
 491      -1082.3263408844 -2.7E-08  3.9E-04  4.2E-05  6.5E-04    8    2.3E-001 
 492      -1082.3263409180 -3.4E-08  4.7E-04  4.3E-05  1.8E-03    8    2.3E-001 
 493      -1082.3263409669 -4.9E-08  4.9E-04  4.3E-05  2.0E-03    8    2.3E-001 
 494      -1082.3263409972 -3.0E-08  5.6E-04  4.0E-05  2.5E-03    8    2.3E-001 
 495      -1082.3263410224 -2.5E-08  7.1E-04  9.2E-05  1.7E-03    8    2.3E-001 
 496      -1082.3263410949 -7.3E-08  6.4E-04  1.0E-04  1.7E-03    8    2.3E-001 
 497      -1082.3263411328 -3.8E-08  7.8E-04  3.5E-05  1.1E-03    8    2.3E-001 
 498      -1082.3263411752 -4.2E-08  9.2E-04  2.5E-05  5.9E-04    8    2.3E-001 
 499      -1082.3263412314 -5.6E-08  1.1E-03  2.2E-05  1.1E-03    8    2.3E-001 
 500      -1082.3263412823 -5.1E-08  1.3E-03  1.7E-05  4.7E-04    8    2.3E-001 
 501      -1082.3263413301 -4.8E-08  1.5E-03  1.8E-05  0.0E+00    8    2.2E-001 
 502      -1082.3263413584 -2.8E-08  1.4E-03  1.5E-05  0.0E+00    8    2.2E-001 
 503      -1082.3263413896 -3.1E-08  1.4E-03  4.4E-05  0.0E+00    8    2.2E-001 
 504      -1082.3263414258 -3.6E-08  2.1E-03  1.7E-05  0.0E+00    8    2.2E-001 
 505      -1082.3263413909  3.5E-08  1.2E-03  1.8E-05  0.0E+00    8    2.2E-001 
 505*     -1082.3263414207  5.1E-09  8.1E-04  1.8E-05  2.4E-04    8    2.3E-001 
 505*     -1082.3263414222  3.6E-09  5.7E-04  1.8E-05  5.4E-04    8    2.3E-001 
 505*     -1082.3263414230  2.8E-09  4.0E-04  1.8E-05  9.8E-04    8    2.3E-001 
 505*     -1082.3263414234  2.4E-09  2.8E-04  1.8E-05  1.6E-03    8    2.3E-001 
 505*     -1082.3263414236  2.1E-09  1.9E-04  1.8E-05  2.7E-03    8    2.3E-001 
 505*     -1082.3263414238  1.9E-09  1.2E-04  1.8E-05  4.6E-03    8    2.3E-001 
 505*     -1082.3263414241  1.7E-09  8.5E-05  1.8E-05  9.7E-03    8    2.3E-001 
 505*     -1082.3263414248  9.4E-10  6.7E-05  1.8E-05  3.0E-02    8    2.3E-001 
 505*     -1082.3263414259 -1.4E-10  4.6E-05  1.8E-05  7.8E-02    8    2.3E-001 
 506      -1082.3263414389 -1.3E-08  5.0E-05  5.5E-05  8.8E-02    8    2.3E-001 
 507      -1082.3263414467 -7.8E-09  5.0E-05  2.9E-05  1.0E-01    8    2.3E-001 
 508      -1082.3263414535 -6.8E-09  6.2E-05  1.5E-05  8.3E-02    8    2.3E-001 
 509      -1082.3263414609 -7.4E-09  7.6E-05  1.4E-05  6.8E-02    8    2.3E-001 
 510      -1082.3263414688 -8.0E-09  9.5E-05  1.3E-05  5.3E-02    8    2.3E-001 
 511      -1082.3263414771 -8.3E-09  1.2E-04  1.2E-05  3.7E-02    8    2.3E-001 
 512      -1082.3263414853 -8.2E-09  1.4E-04  9.8E-06  2.6E-02    8    2.3E-001 
 513      -1082.3263414929 -7.6E-09  1.7E-04  7.7E-06  1.6E-02    8    2.3E-001 
 514      -1082.3263414985 -5.7E-09  2.1E-04  5.4E-06  6.2E-03    8    2.3E-001 
 515      -1082.3263415009 -2.3E-09  1.9E-04  2.9E-06  0.0E+00    8    2.2E-001 
 516      -1082.3263415005  3.6E-10  2.2E-05  4.1E-06  0.0E+00    8    2.2E-001 
 516*     -1082.3263415006  2.6E-10  1.4E-05  4.1E-06  5.8E-03    8    2.3E-001 
 516*     -1082.3263415006  2.1E-10  8.9E-06  4.1E-06  1.7E-02    8    2.3E-001 
 516*     -1082.3263415007  1.7E-10  5.7E-06  4.1E-06  4.1E-02    8    2.3E-001 
 516*     -1082.3263415008  9.6E-11  4.4E-06  4.1E-06  1.2E-01    8    2.3E-001 
 516*     -1082.3263415009  7.5E-12  3.8E-06  4.1E-06  3.4E-01    8    2.3E-001 
 516*     -1082.3263415009 -4.8E-11  3.2E-06  4.1E-06  7.8E-01    8    2.3E-001 
 517      -1082.3263415011 -1.9E-10  2.7E-06  6.2E-06  7.3E-01    8    2.3E-001 
 518      -1082.3263415012 -1.2E-10  3.0E-06  3.3E-06  5.6E-01    8    2.3E-001 
 519      -1082.3263415014 -1.3E-10  4.4E-06  3.4E-06  4.6E-01    8    2.3E-001 
 520      -1082.3263415015 -1.5E-10  5.7E-06  3.5E-06  3.7E-01    8    2.3E-001 
 521      -1082.3263415017 -1.7E-10  7.0E-06  3.5E-06  2.9E-01    8    2.3E-001 
 522      -1082.3263415016  9.4E-11  6.4E-06  3.5E-06  5.1E-01    8    2.3E-001 
 522*     -1082.3263415017 -6.2E-11  4.9E-06  3.5E-06  5.3E-01    8    2.3E-001 
 523      -1082.3263415019 -1.9E-10  6.2E-06  4.7E-06  3.6E-01    8    2.3E-001 
 524      -1082.3263415021 -1.6E-10  7.3E-06  3.5E-06  2.9E-01    8    2.3E-001 
 525      -1082.3263415023 -1.9E-10  8.7E-06  3.6E-06  2.4E-01    8    2.3E-001 
 526      -1082.3263415025 -2.2E-10  1.0E-05  3.6E-06  1.9E-01    8    2.3E-001 
 527      -1082.3263415028 -2.6E-10  1.2E-05  3.6E-06  1.6E-01    8    2.3E-001 
 528      -1082.3263415031 -3.1E-10  1.5E-05  3.6E-06  1.3E-01    8    2.3E-001 
 529      -1082.3263415034 -3.6E-10  1.8E-05  3.6E-06  1.0E-01    8    2.3E-001 
 530      -1082.3263415038 -4.1E-10  2.2E-05  3.6E-06  8.3E-02    8    2.3E-001 
 531      -1082.3263415043 -4.8E-10  2.6E-05  3.6E-06  6.5E-02    8    2.3E-001 
 532      -1082.3263415049 -5.5E-10  3.1E-05  3.6E-06  5.1E-02    8    2.3E-001 
 533      -1082.3263415055 -6.3E-10  3.8E-05  3.6E-06  3.9E-02    8    2.3E-001 
 534      -1082.3263415061 -6.3E-10  4.5E-05  3.6E-06  2.9E-02    8    2.3E-001 
 535      -1082.3263415060  1.4E-10  4.8E-05  3.6E-06  3.1E-02    8    2.3E-001 
 535*     -1082.3263415053  8.5E-10  2.8E-05  3.6E-06  5.9E-02    8    2.3E-001 
 535*     -1082.3263415059  2.0E-10  2.1E-05  3.6E-06  7.7E-02    8    2.3E-001 
 535*     -1082.3263415062 -4.8E-11  1.5E-05  3.6E-06  1.0E-01    8    2.3E-001 
 536      -1082.3263415057  4.9E-10  1.4E-05  8.8E-06  2.5E-01    8    2.3E-001 
 536*     -1082.3263415058  3.9E-10  8.9E-06  8.8E-06  1.9E-01    8    2.3E-001 
 536*     -1082.3263415061  5.3E-11  6.3E-06  8.8E-06  2.6E-01    8    2.3E-001 
 536*     -1082.3263415063 -1.2E-10  4.3E-06  8.8E-06  3.7E-01    8    2.3E-001 
 537      -1082.3263415064 -9.5E-11  7.2E-06  8.9E-06  2.0E-01    8    2.3E-001 
 538      -1082.3263415068 -4.2E-10  6.0E-06  9.5E-06  2.3E-01    8    2.3E-001 
 539      -1082.3263415068 -2.6E-11  8.3E-06  3.7E-06  2.2E-01    8    2.3E-001 
 540      -1082.3263415071 -2.7E-10  9.7E-06  5.6E-06  1.5E-01    8    2.3E-001 
 541      -1082.3263415074 -3.1E-10  1.2E-05  4.9E-06  1.3E-01    8    2.3E-001 
 542      -1082.3263415077 -2.8E-10  1.4E-05  3.7E-06  1.0E-01    8    2.3E-001 
 543      -1082.3263415080 -3.2E-10  1.8E-05  3.7E-06  9.0E-02    8    2.3E-001 
 544      -1082.3263415084 -4.0E-10  2.0E-05  3.7E-06  7.2E-02    8    2.3E-001 
 545      -1082.3263415089 -4.7E-10  2.5E-05  3.7E-06  6.0E-02    8    2.3E-001 
 546      -1082.3263415095 -5.7E-10  2.9E-05  3.7E-06  4.9E-02    8    2.3E-001 
 547      -1082.3263415100 -6.0E-10  3.2E-05  3.7E-06  4.2E-02    8    2.3E-001 
 548      -1082.3263415103 -2.7E-10  3.5E-05  4.4E-06  4.2E-02    8    2.3E-001 
 549      -1082.3263415102  8.5E-11  6.4E-06  8.0E-06  0.0E+00    8    2.3E-001 
 549*     -1082.3263415107 -4.2E-10  2.9E-06  8.0E-06  5.2E-01    8    2.3E-001 
 550      -1082.3263415109 -1.7E-10  5.8E-06  3.7E-06  2.8E-01    8    2.3E-001 
 551      -1082.3263415111 -1.8E-10  6.2E-06  3.7E-06  2.2E-01    8    2.3E-001 
 552      -1082.3263415113 -1.9E-10  8.1E-06  3.7E-06  1.7E-01    8    2.3E-001 
 553      -1082.3263415114 -1.3E-10  9.2E-06  3.7E-06  1.4E-01    8    2.3E-001 
 554      -1082.3263415117 -2.9E-10  9.9E-06  5.5E-06  1.4E-01    8    2.3E-001 
 555      -1082.3263415120 -2.7E-10  1.1E-05  3.7E-06  1.1E-01    8    2.3E-001 
 556      -1082.3263415123 -3.1E-10  1.4E-05  3.7E-06  9.3E-02    8    2.3E-001 
 557      -1082.3263415127 -3.7E-10  1.6E-05  3.7E-06  7.9E-02    8    2.3E-001 
 558      -1082.3263415131 -4.4E-10  2.0E-05  3.7E-06  6.5E-02    8    2.3E-001 
 559      -1082.3263415136 -5.3E-10  2.4E-05  3.7E-06  5.4E-02    8    2.3E-001 
 560      -1082.3263415143 -6.3E-10  2.9E-05  3.7E-06  4.5E-02    8    2.3E-001 
 561      -1082.3263415150 -7.6E-10  3.4E-05  3.7E-06  3.7E-02    8    2.3E-001 
 562      -1082.3263415159 -9.1E-10  4.1E-05  3.7E-06  3.1E-02    8    2.3E-001 
 563      -1082.3263415169 -9.5E-10  6.0E-05  3.7E-06  2.7E-02    8    2.3E-001 
 564      -1082.3263415182 -1.3E-09  5.9E-05  5.1E-06  2.1E-02    8    2.3E-001 
 565      -1082.3263415198 -1.6E-09  7.1E-05  4.7E-06  1.8E-02    8    2.3E-001 
 566      -1082.3263415216 -1.8E-09  8.5E-05  3.6E-06  1.4E-02    8    2.3E-001 
 567      -1082.3263415232 -1.6E-09  1.0E-04  3.6E-06  1.2E-02    8    2.3E-001 
 568      -1082.3263415109  1.2E-08  1.4E-04  3.5E-06  3.3E-02    8    2.3E-001 
 568*     -1082.3263415255 -2.2E-09  9.1E-05  3.5E-06  1.6E-02    8    2.3E-001 
 569      -1082.3263415278 -2.3E-09  1.2E-04  3.6E-06  1.3E-02    8    2.3E-001 
 570      -1082.3263415305 -2.7E-09  1.3E-04  3.6E-06  1.0E-02    8    2.3E-001 
 571      -1082.3263415337 -3.2E-09  1.5E-04  3.6E-06  8.4E-03    8    2.3E-001 
 572      -1082.3263415189  1.5E-08  2.0E-04  3.6E-06  5.6E-02    8    2.3E-001 
 572*     -1082.3263415363 -2.6E-09  1.4E-04  3.6E-06  1.0E-02    8    2.3E-001 
 573      -1082.3263415397 -3.4E-09  1.6E-04  3.8E-06  8.5E-03    8    2.3E-001 
 574      -1082.3263415435 -3.8E-09  1.9E-04  3.6E-06  7.0E-03    8    2.3E-001 
 575      -1082.3263415483 -4.8E-09  2.3E-04  3.6E-06  5.8E-03    8    2.3E-001 
 576      -1082.3263415539 -5.6E-09  2.7E-04  3.6E-06  4.8E-03    8    2.3E-001 
 577      -1082.3263415605 -6.6E-09  3.2E-04  5.8E-06  4.0E-03    8    2.3E-001 
 578      -1082.3263415686 -8.2E-09  3.8E-04  3.5E-06  3.2E-03    8    2.3E-001 
 579      -1082.3263415784 -9.7E-09  4.7E-04  7.3E-06  2.7E-03    8    2.3E-001 
 580      -1082.3263415898 -1.1E-08  5.6E-04  3.5E-06  2.3E-03    8    2.3E-001 
 581      -1082.3263416033 -1.3E-08  6.7E-04  3.5E-06  1.9E-03    8    2.3E-001 
 582      -1082.3263416194 -1.6E-08  7.9E-04  3.4E-06  1.5E-03    8    2.3E-001 
 583      -1082.3263416370 -1.8E-08  1.0E-03  3.4E-06  1.2E-03    8    2.3E-001 
 584      -1082.3263416605 -2.4E-08  1.1E-03  3.8E-06  1.0E-03    8    2.3E-001 
 585      -1082.3263416868 -2.6E-08  1.4E-03  3.9E-06  8.2E-04    8    2.3E-001 
 586      -1082.3263417159 -2.9E-08  1.7E-03  4.8E-06  6.5E-04    8    2.3E-001 
 587      -1082.3263417530 -3.7E-08  2.0E-03  2.2E-05  5.2E-04    8    2.3E-001 
 588      -1082.3263417943 -4.1E-08  2.5E-03  6.6E-06  4.0E-04    8    2.3E-001 
 589      -1082.3263418404 -4.6E-08  3.0E-03  9.3E-06  3.2E-04    8    2.4E-001 
 590      -1082.3263418886 -4.8E-08  3.6E-03  9.0E-06  2.4E-04    8    2.4E-001 
 591      -1082.3263419392 -5.1E-08  4.3E-03  1.7E-05  1.5E-04    8    2.4E-001 
 592      -1082.3263419822 -4.3E-08  5.2E-03  1.4E-05  7.2E-05    8    2.4E-001 
 593      -1082.3263420075 -2.5E-08  6.0E-03  1.8E-05  0.0E+00    8    2.2E-001 
 594      -1082.3263420127 -5.2E-09  1.1E-03  2.2E-05  0.0E+00    8    2.2E-001 
 595      -1082.3263420206 -8.0E-09  4.5E-04  2.3E-05  0.0E+00    8    2.2E-001 
 596      -1082.3263420669 -4.6E-08  4.5E-03  2.2E-05  0.0E+00    8    2.2E-001 
 597      -1082.3263420944 -2.7E-08  5.1E-03  2.5E-05  0.0E+00    8    2.2E-001 
 598      -1082.3263420967 -2.3E-09  5.4E-03  5.2E-05  0.0E+00    8    2.2E-001 
 599      -1082.3263421518 -5.5E-08  7.7E-03  3.4E-05  1.8E-05    8    2.4E-001 
 600      -1082.3263422273 -7.5E-08  9.2E-03  5.6E-05  3.2E-05    8    2.4E-001 
 601      -1082.3263422551 -2.8E-08  4.9E-03  5.8E-05  0.0E+00    8    2.2E-001 
 602      -1082.3263422631 -8.0E-09  5.3E-03  5.0E-05  0.0E+00    8    2.2E-001 
 603      -1082.3263422725 -9.4E-09  3.0E-03  6.6E-05  0.0E+00    8    2.2E-001 
 604      -1082.3263422722  2.8E-10  2.4E-03  2.5E-05  0.0E+00    8    2.2E-001 
 604*     -1082.3263422742 -1.7E-09  1.7E-03  2.5E-05  9.3E-05    8    2.3E-001 
 605      -1082.3263422999 -2.6E-08  1.7E-03  3.0E-05  5.7E-05    8    2.4E-001 
 606      -1082.3263423086 -8.7E-09  1.2E-03  2.2E-05  0.0E+00    8    2.2E-001 
 607      -1082.3263423190 -1.0E-08  9.2E-04  1.9E-05  0.0E+00    8    2.2E-001 
 608      -1082.3263423387 -2.0E-08  2.0E-03  1.6E-05  1.4E-04    8    2.4E-001 
 609      -1082.3263423476 -9.0E-09  2.4E-03  1.4E-05  2.6E-05    8    2.4E-001 
 610      -1082.3263423540 -6.4E-09  2.1E-03  1.3E-05  0.0E+00    8    2.2E-001 
 611      -1082.3263423570 -3.0E-09  1.3E-03  1.3E-05  0.0E+00    8    2.2E-001 
 612      -1082.3263423613 -4.2E-09  1.1E-03  1.3E-05  0.0E+00    8    2.2E-001 
 613      -1082.3263423656 -4.3E-09  1.3E-04  1.7E-05  0.0E+00    8    2.2E-001 
 614      -1082.3263423636  2.0E-09  9.5E-04  1.3E-05  0.0E+00    8    2.2E-001 
 614*     -1082.3263423618  3.8E-09  6.8E-04  1.3E-05  4.0E-05    8    2.3E-001 
 614*     -1082.3263423614  4.1E-09  4.9E-04  1.3E-05  1.2E-04    8    2.3E-001 
 614*     -1082.3263423612  4.4E-09  3.5E-04  1.3E-05  2.3E-04    8    2.3E-001 
 614*     -1082.3263423610  4.5E-09  2.5E-04  1.3E-05  4.1E-04    8    2.3E-001 
 614*     -1082.3263423609  4.6E-09  1.7E-04  1.3E-05  7.2E-04    8    2.3E-001 
 614*     -1082.3263423609  4.6E-09  1.1E-04  1.3E-05  1.5E-03    8    2.3E-001 
 614*     -1082.3263423619  3.7E-09  6.9E-05  1.3E-05  8.0E-03    8    2.3E-001 
 614*     -1082.3263423645  1.0E-09  4.5E-05  1.3E-05  3.8E-02    8    2.2E-001 
 614*     -1082.3263423660 -4.9E-10  3.3E-05  1.3E-05  8.8E-02    8    2.2E-001 
 615      -1082.3263423727 -6.7E-09  3.5E-05  3.3E-05  1.6E-01    8    2.3E-001 
 616      -1082.3263423767 -4.0E-09  3.9E-05  1.2E-05  1.2E-01    8    2.3E-001 
 617      -1082.3263423809 -4.2E-09  4.7E-05  1.1E-05  9.3E-02    8    2.3E-001 
 618      -1082.3263423853 -4.4E-09  5.6E-05  9.8E-06  6.7E-02    8    2.3E-001 
 619      -1082.3263423897 -4.4E-09  6.8E-05  8.3E-06  4.7E-02    8    2.3E-001 
 620      -1082.3263423938 -4.2E-09  8.2E-05  6.7E-06  2.9E-02    8    2.3E-001 
 621      -1082.3263423975 -3.7E-09  9.8E-05  8.7E-06  1.4E-02    8    2.3E-001 
 622      -1082.3263423965  1.1E-09  1.4E-04  3.9E-06  0.0E+00    8    2.2E-001 
 622*     -1082.3263423988 -1.3E-09  9.0E-05  3.9E-06  1.8E-02    8    2.3E-001 
 623      -1082.3263423997 -8.6E-10  8.2E-05  7.5E-06  0.0E+00    8    2.2E-001 
 624      -1082.3263423999 -2.2E-10  2.8E-05  2.5E-06  0.0E+00    8    2.2E-001 
 625      -1082.3263424001 -1.6E-10  4.6E-05  1.9E-06  0.0E+00    8    2.2E-001 
 626      -1082.3263424000  1.4E-11  8.3E-06  3.9E-06  0.0E+00    8    2.2E-001 
 626*     -1082.3263424001 -1.0E-11  5.7E-06  3.9E-06  3.1E-03    8    2.3E-001 
 627      -1082.3263424001 -7.0E-11  6.3E-06  5.0E-06  4.3E-03    8    2.3E-001 
 628      -1082.3263424002 -9.7E-11  5.4E-06  1.8E-06  4.3E-02    8    2.3E-001 
 629      -1082.3263424003 -9.2E-11  7.3E-06  1.7E-06  9.3E-02    8    2.3E-001 
 630      -1082.3263424004 -9.1E-11  8.9E-06  1.7E-06  5.3E-02    8    2.3E-001 
 631      -1082.3263424005 -9.5E-11  1.0E-05  1.6E-06  4.0E-02    8    2.3E-001 
 632      -1082.3263424006 -1.0E-10  1.3E-05  1.4E-06  3.6E-02    8    2.3E-001 
 633      -1082.3263424007 -1.1E-10  1.5E-05  1.2E-06  2.3E-02    8    2.3E-001 
 634      -1082.3263424007  2.0E-11  1.6E-05  1.1E-06  6.4E-03    8    2.3E-001 
 634*     -1082.3263424007 -1.8E-11  1.1E-05  1.1E-06  2.2E-02    8    2.3E-001 
 635      -1082.3263424006  1.2E-10  1.3E-05  9.7E-07  8.4E-02    8    2.3E-001 
 635*     -1082.3263424004  3.4E-10  7.0E-06  9.7E-07  2.0E-01    8    2.3E-001 
 635*     -1082.3263424006  1.4E-10  4.8E-06  9.7E-07  2.5E-01    8    2.3E-001 
 635*     -1082.3263424007  4.1E-11  3.3E-06  9.7E-07  3.2E-01    8    2.3E-001 
 635*     -1082.3263424007  2.3E-13  2.1E-06  9.7E-07  4.4E-01    8    2.3E-001 
 635*     -1082.3263424008 -1.5E-11  1.4E-06  9.7E-07  6.2E-01    8    2.3E-001 
 636      -1082.3263424008  6.6E-12  2.1E-06  2.7E-06  3.2E-01    8    2.3E-001 
 636*     -1082.3263424008 -2.7E-12  2.0E-06  2.7E-06  6.3E-01    8    2.3E-001 
 637      -1082.3263424008 -4.1E-11  1.1E-06  3.2E-06  4.1E-01    8    2.3E-001 
 638      -1082.3263424008 -1.5E-11  1.6E-06  9.1E-07  2.7E-01    8    2.3E-001 
 639      -1082.3263424008 -1.5E-11  2.1E-06  8.9E-07  1.9E-01    8    2.3E-001 
 640      -1082.3263424008 -1.4E-11  2.4E-06  8.5E-07  1.4E-01    8    2.3E-001 
 641      -1082.3263424009 -1.7E-11  2.9E-06  8.3E-07  1.1E-01    8    2.3E-001 
 642      -1082.3263424009 -2.1E-11  3.5E-06  7.9E-07  9.2E-02    8    2.3E-001 
 643      -1082.3263424009 -2.3E-11  4.2E-06  7.4E-07  6.9E-02    8    2.3E-001 
 644      -1082.3263424009 -2.4E-11  5.1E-06  6.9E-07  5.2E-02    8    2.3E-001 
 645      -1082.3263424010 -2.7E-11  6.2E-06  6.3E-07  3.7E-02    8    2.3E-001 
 646      -1082.3263424010 -2.8E-11  7.4E-06  5.5E-07  2.5E-02    8    2.3E-001 
 647      -1082.3263424010 -1.3E-11  8.4E-06  4.6E-07  1.3E-02    8    2.3E-001 
 648      -1082.3263424010 -2.3E-11  8.4E-06  1.1E-06  1.2E-02    8    2.3E-001 
 649      -1082.3263424010  2.7E-12  1.1E-05  1.6E-06  1.1E-03    8    2.3E-001 
 649*     -1082.3263424010  4.5E-12  7.4E-06  1.6E-06  4.2E-03    8    2.3E-001 
 649*     -1082.3263424010  4.5E-12  5.1E-06  1.6E-06  8.7E-03    8    2.3E-001 
 649*     -1082.3263424010  4.8E-12  3.5E-06  1.6E-06  1.5E-02    8    2.3E-001 
 649*     -1082.3263424010  5.2E-12  2.4E-06  1.6E-06  2.6E-02    8    2.3E-001 
 649*     -1082.3263424010  5.7E-12  1.5E-06  1.6E-06  4.4E-02    8    2.3E-001 
 649*     -1082.3263424010  6.1E-12  1.2E-06  1.6E-06  8.4E-02    8    2.3E-001 
 649*     -1082.3263424010  4.8E-12  1.2E-06  1.6E-06  2.6E-01    8    2.3E-001 
 649*     -1082.3263424010 -1.1E-12  1.1E-06  1.6E-06  1.1E+00    8    2.3E-001 
 650      -1082.3263424010 -1.4E-12  1.2E-06  1.6E-06  7.1E-01    8    2.3E-001 
 651      -1082.3263424010  2.3E-13  1.2E-06  1.6E-06  1.0E+00    8    2.3E-001 
 651*     -1082.3263424010 -5.2E-12  1.1E-06  1.6E-06  2.8E+00    8    2.3E-001 
 652      -1082.3263424010 -3.6E-12  4.3E-07  1.1E-06  2.6E-01    8    2.3E-001 
 653      -1082.3263424010  0.0E+00  4.4E-07  4.6E-07  2.5E-01    8    2.3E-001 
 ------------------------------------------------------------------------------
 SCF converged
 Converged energy                        -1082.326342401037  
 ------------------------------------------------------------------------------
 Ehomo(Alpha) [eV]                       -5.237873486936     
 Elumo(Alpha) [eV]                       0.747789613959      
 Ehomo(Beta) [eV]                        -5.211733304958     
 Elumo(Beta) [eV]                        0.753167895938      

 dipole moment (Debye)
        x              y              z       
     -7.776E-008     8.154E-008    -2.736E-007

 traceless quadrupole moment (Debye*Angs)
                       x              y              z       
 x                  -1.142E-001    -1.159E-001    -5.103E-003
 y                  -1.159E-001     2.408E-002    -2.892E-003
 z                  -5.103E-003    -2.892E-003     9.017E-002

 ----------------------------------------------------------------------------
 Timings (seconds)
 * mean-field hamiltonian     1.7E+002
 * solver (setting up eqns)   1.3E+000
 * solver (energy estimate)   1.2E-001
 * solver (orthogonalization) 6.0E-002
 * solver (rotation matrix X) 8.1E+000
 * solver (exponential of X)  6.2E-001
 * solver (total)             1.0E+001
 * total SCF                  1.8E+002
 Atomic guess: TM, ../../../../basis-sets/bse/def2-svp.txt
 ---------------------------------------------------------
 E(HF) [a.u.]                            -1.0823263424E+003
 Tr(RhoAvg S), Cartesian AOs              4.1000000000E+001
 Tr(RhoAvg S), spherical AOs              4.1000000000E+001
 max|T RhoAvg T**T - RhoAvg_sao|                  1.55E-015
 max|c(RhoAvg) - c(Rho)|                          8.88E-016
 max|RhoAvg - Rho|                                3.32E-001
 Saved /mnt/storage_6/project_data/pl0415-03/marcin/beyond-rpa/guess/electron-densities/bse/def2-svp/tm.txt
 ----------------------------------------------------------------------------
                                  SCF for YB                                 
 ----------------------------------------------------------------------------
 NUMBER OF ATOMS                         1
 CHARGE                                  0
 Prescreening (pq|pq) integrals for the Cholesky decomposition
 Shell pairs will be sorted according to their max elements
 Max diagonal integral MaxDrs=2.5E+001
 Applying Eq. 15 in J. Chem. Phys. 150, 194112 (2019); doi: 10.1063/1.5083802
 Schwarz inequality: Dpq<min(10**(-8),Tau)**2/MaxDrs=3.9E-018
 Trace of exact Coulomb matrix: 2.7E+002
 Trace of discarded integrals: 0.0E+000
 Discarded 0 out of 325 shell pairs
 (0 out of 3321 orbital pairs)

 Step 1 of Cholesky decomposition: locating pivots
 -------------------------------------------------
 Dimensions of the Coulomb matrix: (3321,3321)
 Threshold for diagonal matrix elements: Dpq > 1.0E-007
 Max number of Cholesky vectors: 1215
 Rk storage block size: 500
 Max dimension of 2e integrals buffer: (3321,1000)

 ----------------------------------------------------------------------------
 #    Dmax        Memory (MB)    NPivots     %    Time        
 ----------------------------------------------------------------------------
 1    1.9E-001    3.7E+001       9           4    3.7E-001    
 2    7.6E-003    3.7E+001       300         22   3.9E-001    
 3    1.5E-004    3.3E+001       454         49   3.5E-001    
 4    2.3E-006    3.3E+001       599         84   2.1E-001    
 5    9.9E-008    1.7E+001       690         100  1.4E-001    

 Step 1 of the Cholesky decomposition completed
 Computed 690 pivots
 Largest residual Dpq: 9.9E-008
 NCholesky/NAO = 8.5E+000
 Step 1 of Cholesky decomposition completed in 1.5E+000 seconds
 Detailed timings in seconds
 Subtract prev contribs I (M-R**T*R)     1.6E-002
 Subtract prev contribs II (Rk)          3.2E-002
 Two-electron integrals                  1.4E+000
 Reallocation                            5.0E-003

 Step 2 of Cholesky decomposition completed in 1.2E-001 seconds
 Detailed timings in seconds
 Reduced-dimension matrix V    1.2E-001
 V=L*L**T                      1.2E-003
 L**(-1)                       1.4E-003

 Full-dimension Cholesky vectors of the Coulomb matrix will be stored in memory
 Cholesky vectors computed in 2.8E-001 seconds

 ┌─────────────────────────────────────────┐
 │          Self-consistent field          │
 └─────────────────────────────────────────┘

 Atomic orbital basis set
 . . . . . . . . . . . . . . . . . . . . . . . . . . . . . . . . . . . . . . 
 atomic centers                               1
 shell parameter sets                         25
 spherical AOs                                81
 max angular momentum                         4
 parameter set                                ../../../../basis-sets/bse/def2-svp.txt
 . . . . . . . . . . . . . . . . . . . . . . . . . . . . . . . . . . . . . . 
 SCF guess: bare nuclei Hamiltonian
 Starting self-consistent field iterations (spin-restricted singlet)
 Alpha+beta electrons: 42
 ----------------------------------------------------------------------------
 Exchange-correlation: Hartree-Fock
 ----------------------------------------------------------------------------
 Replicated-data parallel SCF
 ----------------------------
 Processes                               1
 Threads/process                         16
 Allocated 7.9E-004 GiB of scratch space for the KS matrix build
 ----------------------------------------------------------------------------
 Loaded pseudopotential parameters
 ----------------------------------------------------------------------------

 YTTERBIUM   
 Parameters file: ../../../../basis-sets/bse/def2-svp.txt
 ECP accounts for 28 core electrons

          Coeff         R^n       Exponent                                       

 Local part

 (Local part not present)
          0.00000000      2         1.00000000                                   

 L = 0

        891.01377700      2        32.42448400                                   

 L = 1

        264.03695300      2        18.65623200                                   

 L = 2

         73.92391900      2        10.49022200                                   

 L = 3

        -39.59217300      2        20.77418300                                   

 L = 4

        -34.63863800      2        28.43102800                                   

 ----------------------------------------------------------------------------
 Spherical harmonic basis contains 81 vectors
 Linear independence thresh: Eig(S) > 1.0E-006
 Computations will be carried out in the space of 81 MOs
 Threshold for J, K: |Rho(r,s)*(pq|rs)|,|Rho(q,s)*(pq|rs)| > 1.0E-011
 Convergence conditions
 ----------------------
 RhoDiff < 1.0E-006
 OrbGrad < 1.0E-006
 Max number of macroiters: 1024
 ------------------------------------------------------------------------------
 #           Energy        EDiff    RhoDiff  OrbGrad  OrbShift NStored Time     
 ------------------------------------------------------------------------------
 0         1424.9213271942                                        0    1.7E-001 
 1        -1133.3192110712           8.3E+02                      0    1.2E-001 
 2        -1150.6287010202 -1.7E+01  7.3E+00  3.3E+00  5.1E+00    1    1.2E-001 
 3        -1154.5763451346 -3.9E+00  2.6E+00  1.3E+00  7.6E-01    2    1.2E-001 
 4        -1155.1014929292 -5.3E-01  5.1E-01  4.7E-01  5.5E-01    3    1.2E-001 
 5        -1155.3463270656 -2.4E-01  5.1E-01  2.2E-01  4.5E-02    4    1.2E-001 
 6        -1155.4903375265 -1.4E-01  6.2E-01  6.4E-02  2.2E-01    5    1.2E-001 
 7        -1155.6330921565 -1.4E-01  6.3E-01  6.5E-02  8.9E-02    6    1.2E-001 
 8        -1155.6408857518 -7.8E-03  3.6E-01  1.8E-02  0.0E+00    7    1.2E-001 
 9        -1155.6412054981 -3.2E-04  5.8E-02  6.1E-03  0.0E+00    8    1.2E-001 
 10       -1155.6412090069 -3.5E-06  1.4E-03  5.8E-04  0.0E+00    8    1.2E-001 
 11       -1155.6412092351 -2.3E-07  6.0E-04  9.1E-05  0.0E+00    8    1.2E-001 
 12       -1155.6412092433 -8.3E-09  6.6E-05  3.1E-05  0.0E+00    8    1.2E-001 
 13       -1155.6412092439 -6.0E-10  1.7E-05  1.1E-05  0.0E+00    8    1.2E-001 
 14       -1155.6412092440 -9.9E-11  3.7E-06  5.5E-06  0.0E+00    8    1.2E-001 
 15       -1155.6412092440 -2.3E-13  2.2E-06  1.4E-06  0.0E+00    8    1.2E-001 
 16       -1155.6412092441 -4.1E-12  1.1E-06  1.3E-06  0.0E+00    8    1.2E-001 
 17       -1155.6412092441 -1.8E-12  6.4E-07  6.7E-07  0.0E+00    8    1.2E-001 
 ------------------------------------------------------------------------------
 SCF converged
 Converged energy                        -1155.641209244052  
 ------------------------------------------------------------------------------
 Ehomo [eV]                              -5.250547558762     
 Elumo [eV]                              0.685697791529      

 dipole moment (Debye)
        x              y              z       
     -9.570E-014     4.990E-014     1.295E-013

 traceless quadrupole moment (Debye*Angs)
                       x              y              z       
 x                  -6.658E-006    -2.399E-014     1.254E-013
 y                  -2.399E-014    -3.865E-006     3.029E-014
 z                   1.254E-013     3.029E-014     1.052E-005

 ----------------------------------------------------------------------------
 Timings (seconds)
 * mean-field hamiltonian     2.1E+000
 * solver (setting up eqns)   1.2E-002
 * solver (energy estimate)   7.9E-004
 * solver (orthogonalization) 6.8E-004
 * solver (rotation matrix X) 1.2E-002
 * solver (exponential of X)  9.6E-003
 * solver (total)             3.6E-002
 * total SCF                  2.2E+000
 Atomic guess: YB, ../../../../basis-sets/bse/def2-svp.txt
 ---------------------------------------------------------
 E(HF) [a.u.]                            -1.1556412092E+003
 Tr(RhoAvg S), Cartesian AOs              4.2000000000E+001
 Tr(RhoAvg S), spherical AOs              4.2000000000E+001
 max|T RhoAvg T**T - RhoAvg_sao|                  1.78E-015
 max|c(RhoAvg) - c(Rho)|                          8.88E-016
 max|RhoAvg - Rho|                                1.11E-003
 Saved /mnt/storage_6/project_data/pl0415-03/marcin/beyond-rpa/guess/electron-densities/bse/def2-svp/yb.txt
 ----------------------------------------------------------------------------
                             SCF for LU (2S+1=2)                             
 ----------------------------------------------------------------------------
 NUMBER OF ATOMS                         1
 CHARGE                                  0
 Prescreening (pq|pq) integrals for the Cholesky decomposition
 Shell pairs will be sorted according to their max elements
 Max diagonal integral MaxDrs=2.4E+001
 Applying Eq. 15 in J. Chem. Phys. 150, 194112 (2019); doi: 10.1063/1.5083802
 Schwarz inequality: Dpq<min(10**(-8),Tau)**2/MaxDrs=4.1E-018
 Trace of exact Coulomb matrix: 2.7E+002
 Trace of discarded integrals: 0.0E+000
 Discarded 0 out of 325 shell pairs
 (0 out of 3321 orbital pairs)

 Step 1 of Cholesky decomposition: locating pivots
 -------------------------------------------------
 Dimensions of the Coulomb matrix: (3321,3321)
 Threshold for diagonal matrix elements: Dpq > 1.0E-007
 Max number of Cholesky vectors: 1215
 Rk storage block size: 500
 Max dimension of 2e integrals buffer: (3321,1000)

 ----------------------------------------------------------------------------
 #    Dmax        Memory (MB)    NPivots     %    Time        
 ----------------------------------------------------------------------------
 1    2.1E-001    3.7E+001       9           4    3.9E-001    
 2    1.3E-002    3.7E+001       289         21   3.7E-001    
 3    4.0E-004    3.5E+001       432         42   3.2E-001    
 4    4.2E-006    4.0E+001       564         73   3.4E-001    
 5    2.6E-007    2.6E+001       664         99   2.4E-001    
 6    9.6E-008    8.0E-001       672         100  1.1E-003    

 Step 1 of the Cholesky decomposition completed
 Computed 672 pivots
 Largest residual Dpq: 9.6E-008
 NCholesky/NAO = 8.3E+000
 Step 1 of Cholesky decomposition completed in 1.7E+000 seconds
 Detailed timings in seconds
 Subtract prev contribs I (M-R**T*R)     1.9E-002
 Subtract prev contribs II (Rk)          3.2E-002
 Two-electron integrals                  1.6E+000
 Reallocation                            6.1E-003

 Step 2 of Cholesky decomposition completed in 1.2E-001 seconds
 Detailed timings in seconds
 Reduced-dimension matrix V    1.2E-001
 V=L*L**T                      9.3E-004
 L**(-1)                       7.8E-004

 Full-dimension Cholesky vectors of the Coulomb matrix will be stored in memory
 Cholesky vectors computed in 2.8E-001 seconds

 ┌─────────────────────────────────────────┐
 │          Self-consistent field          │
 └─────────────────────────────────────────┘

 Atomic orbital basis set
 . . . . . . . . . . . . . . . . . . . . . . . . . . . . . . . . . . . . . . 
 atomic centers                               1
 shell parameter sets                         25
 spherical AOs                                81
 max angular momentum                         4
 parameter set                                ../../../../basis-sets/bse/def2-svp.txt
 . . . . . . . . . . . . . . . . . . . . . . . . . . . . . . . . . . . . . . 
 SCF guess: bare nuclei Hamiltonian
 Starting self-consistent field iterations (spin-unrestricted)
 Alpha electrons: 22
 Beta electrons: 21
 ----------------------------------------------------------------------------
 Exchange-correlation: Hartree-Fock
 ----------------------------------------------------------------------------
 Replicated-data parallel SCF
 ----------------------------
 Processes                               1
 Threads/process                         16
 Allocated 1.4E-003 GiB of scratch space for the KS matrix build
 ----------------------------------------------------------------------------
 Loaded pseudopotential parameters
 ----------------------------------------------------------------------------

 LUTETIUM    
 Parameters file: ../../../../basis-sets/bse/def2-svp.txt
 ECP accounts for 28 core electrons

          Coeff         R^n       Exponent                                       

 Local part

 (Local part not present)
          0.00000000      2         1.00000000                                   

 L = 0

        989.99558400      2        35.16209700                                   

 L = 1

        278.86565200      2        19.46440200                                   

 L = 2

         71.00917800      2        10.00686500                                   

 L = 3

        -47.40589000      2        23.51793200                                   

 L = 4

        -35.55714600      2        29.41223800                                   

 ----------------------------------------------------------------------------
 Spherical harmonic basis contains 81 vectors
 Linear independence thresh: Eig(S) > 1.0E-006
 Computations will be carried out in the space of 81 MOs
 Threshold for J, K: |Rho(r,s)*(pq|rs)|,|Rho(q,s)*(pq|rs)| > 1.0E-011
 Convergence conditions
 ----------------------
 RhoDiff < 1.0E-006
 OrbGrad < 1.0E-006
 Max number of macroiters: 1024
 ------------------------------------------------------------------------------
 #           Energy        EDiff    RhoDiff  OrbGrad  OrbShift NStored Time     
 ------------------------------------------------------------------------------
 0         1207.0384770224                                        0    2.9E-001 
 1        -1164.1238719422           4.0E+02                      0    2.3E-001 
 2        -1223.0751088451 -5.9E+01  8.3E+00  7.4E+00  9.9E+00    1    2.4E-001 
 3        -1230.9669570400 -7.9E+00  1.9E+00  1.7E+00  2.1E+00    2    2.4E-001 
 4        -1232.0928827698 -1.1E+00  3.9E-01  5.9E-01  1.2E-01    3    2.4E-001 
 5        -1232.2138804971 -1.2E-01  3.5E-01  8.6E-02  1.4E-02    4    2.4E-001 
 6        -1232.2947125886 -8.1E-02  4.6E-01  7.2E-02  7.2E-03    5    2.4E-001 
 7        -1232.3258908655 -3.1E-02  7.3E-02  7.7E-02  0.0E+00    6    2.4E-001 
 8        -1232.3290137627 -3.1E-03  6.0E-02  1.2E-02  0.0E+00    7    2.4E-001 
 9        -1232.3302357901 -1.2E-03  2.8E-02  6.8E-03  0.0E+00    8    2.4E-001 
 10       -1232.3304179025 -1.8E-04  2.0E-02  5.9E-03  0.0E+00    8    2.4E-001 
 11       -1232.3304949044 -7.7E-05  5.5E-03  4.7E-03  0.0E+00    8    2.4E-001 
 12       -1232.3305179349 -2.3E-05  3.9E-03  2.4E-03  0.0E+00    8    2.3E-001 
 13       -1232.3305191754 -1.2E-06  4.3E-04  1.9E-04  0.0E+00    8    2.3E-001 
 14       -1232.3305209046 -1.7E-06  6.5E-04  1.9E-04  0.0E+00    8    2.3E-001 
 15       -1232.3305222115 -1.3E-06  1.1E-03  1.8E-04  0.0E+00    8    2.3E-001 
 16       -1232.3305253991 -3.2E-06  1.7E-03  3.0E-04  6.1E-03    8    2.5E-001 
 17       -1232.3305280147 -2.6E-06  2.1E-03  3.0E-04  4.1E-03    8    2.5E-001 
 18       -1232.3305292012 -1.2E-06  2.2E-03  3.2E-04  0.0E+00    8    2.3E-001 
 19       -1232.3305292746 -7.3E-08  2.7E-04  9.4E-05  0.0E+00    8    2.3E-001 
 20       -1232.3305292846 -1.0E-08  1.3E-04  2.7E-05  0.0E+00    8    2.3E-001 
 21       -1232.3305292932 -8.6E-09  1.0E-04  4.9E-05  0.0E+00    8    2.3E-001 
 22       -1232.3305292974 -4.2E-09  3.0E-05  3.4E-05  0.0E+00    8    2.3E-001 
 23       -1232.3305292977 -3.7E-10  1.1E-05  3.4E-06  0.0E+00    8    2.3E-001 
 24       -1232.3305292986 -8.1E-10  4.4E-05  3.4E-06  0.0E+00    8    2.3E-001 
 25       -1232.3305293059 -7.4E-09  2.7E-04  1.0E-05  0.0E+00    8    2.3E-001 
 26       -1232.3305293214 -1.5E-08  8.9E-04  1.8E-05  6.8E-05    8    2.5E-001 
 27       -1232.3305293728 -5.1E-08  9.0E-04  7.2E-05  1.1E-03    8    2.5E-001 
 28       -1232.3305294141 -4.1E-08  1.1E-03  2.3E-05  1.1E-03    8    2.5E-001 
 29       -1232.3305294643 -5.0E-08  1.3E-03  2.5E-05  9.2E-04    8    2.5E-001 
 30       -1232.3305295233 -5.9E-08  1.6E-03  1.2E-05  7.6E-04    8    2.5E-001 
 31       -1232.3305295948 -7.1E-08  1.9E-03  8.5E-06  6.6E-04    8    2.5E-001 
 32       -1232.3305296810 -8.6E-08  2.3E-03  4.4E-06  5.4E-04    8    2.5E-001 
 33       -1232.3305297849 -1.0E-07  2.8E-03  5.5E-06  4.2E-04    8    2.5E-001 
 34       -1232.3305299094 -1.2E-07  3.4E-03  8.1E-06  3.3E-04    8    2.5E-001 
 35       -1232.3305300581 -1.5E-07  4.0E-03  1.1E-05  2.9E-04    8    2.5E-001 
 36       -1232.3305302371 -1.8E-07  4.8E-03  1.9E-05  2.7E-04    8    2.5E-001 
 37       -1232.3305304407 -2.0E-07  5.8E-03  2.2E-05  2.2E-04    8    2.5E-001 
 38       -1232.3305306383 -2.0E-07  7.0E-03  6.0E-05  1.7E-04    8    2.5E-001 
 39       -1232.3305309557 -3.2E-07  6.9E-03  1.5E-04  1.1E-04    8    2.5E-001 
 40       -1232.3305312753 -3.2E-07  8.3E-03  6.9E-05  6.7E-05    8    2.5E-001 
 41       -1232.3305316490 -3.7E-07  1.0E-02  7.1E-05  4.7E-05    8    2.5E-001 
 42       -1232.3305320467 -4.0E-07  1.2E-02  8.3E-05  6.5E-05    8    2.5E-001 
 43       -1232.3305323401 -2.9E-07  1.4E-02  1.4E-04  2.5E-05    8    2.5E-001 
 44       -1232.3305325624 -2.2E-07  4.0E-03  2.1E-04  0.0E+00    8    2.3E-001 
 45       -1232.3305327436 -1.8E-07  1.4E-02  6.6E-05  3.0E-05    8    2.5E-001 
 46       -1232.3305328664 -1.2E-07  1.8E-03  1.1E-04  0.0E+00    8    2.3E-001 
 47       -1232.3305328127  5.4E-08  1.0E-02  1.7E-04  3.5E-05    8    2.5E-001 
 47*      -1232.3305326991  1.7E-07  7.0E-03  1.7E-04  3.3E-05    8    2.5E-001 
 47*      -1232.3305327172  1.5E-07  5.0E-03  1.7E-04  6.8E-05    8    2.5E-001 
 47*      -1232.3305327242  1.4E-07  3.5E-03  1.7E-04  1.2E-04    8    2.5E-001 
 47*      -1232.3305327267  1.4E-07  2.5E-03  1.7E-04  1.9E-04    8    2.5E-001 
 47*      -1232.3305327276  1.4E-07  1.8E-03  1.7E-04  3.0E-04    8    2.5E-001 
 47*      -1232.3305327282  1.4E-07  1.2E-03  1.7E-04  4.5E-04    8    2.5E-001 
 47*      -1232.3305327292  1.4E-07  8.8E-04  1.7E-04  6.8E-04    8    2.5E-001 
 47*      -1232.3305327312  1.4E-07  6.2E-04  1.7E-04  1.1E-03    8    2.4E-001 
 47*      -1232.3305327355  1.3E-07  4.1E-04  1.7E-04  1.8E-03    8    2.4E-001 
 47*      -1232.3305327492  1.2E-07  2.3E-04  1.7E-04  4.2E-03    8    2.4E-001 
 48       -1232.3305330178 -2.7E-07  1.7E-04  2.9E-04  1.5E-02    8    2.4E-001 
 49       -1232.3305331519 -1.3E-07  2.3E-04  1.6E-04  2.9E-02    8    2.4E-001 
 50       -1232.3305332179 -6.6E-08  2.0E-04  4.0E-05  2.8E-02    8    2.4E-001 
 51       -1232.3305332815 -6.4E-08  2.4E-04  2.6E-05  2.0E-02    8    2.5E-001 
 52       -1232.3305333357 -5.4E-08  2.9E-04  2.0E-05  1.2E-02    8    2.5E-001 
 53       -1232.3305333774 -4.2E-08  3.0E-04  1.4E-05  5.4E-03    8    2.5E-001 
 54       -1232.3305334042 -2.7E-08  4.5E-04  7.1E-06  2.6E-03    8    2.5E-001 
 55       -1232.3305334268 -2.3E-08  5.4E-04  6.6E-06  1.7E-03    8    2.5E-001 
 56       -1232.3305334521 -2.5E-08  6.6E-04  5.7E-06  1.3E-03    8    2.5E-001 
 57       -1232.3305334813 -2.9E-08  8.1E-04  1.1E-05  1.4E-03    8    2.5E-001 
 58       -1232.3305335146 -3.3E-08  9.9E-04  2.9E-05  1.2E-03    8    2.5E-001 
 59       -1232.3305335573 -4.3E-08  9.8E-04  4.6E-05  1.2E-03    8    2.5E-001 
 60       -1232.3305336046 -4.7E-08  1.2E-03  2.8E-05  8.6E-04    8    2.5E-001 
 61       -1232.3305336578 -5.3E-08  1.4E-03  4.8E-06  6.6E-04    8    2.5E-001 
 62       -1232.3305337215 -6.4E-08  1.7E-03  5.3E-06  6.4E-04    8    2.5E-001 
 63       -1232.3305337985 -7.7E-08  2.0E-03  1.1E-05  5.9E-04    8    2.5E-001 
 64       -1232.3305338892 -9.1E-08  2.4E-03  6.9E-06  4.7E-04    8    2.5E-001 
 65       -1232.3305339964 -1.1E-07  2.8E-03  5.5E-06  3.5E-04    8    2.5E-001 
 66       -1232.3305341235 -1.3E-07  3.3E-03  1.1E-05  2.9E-04    8    2.5E-001 
 67       -1232.3305342717 -1.5E-07  3.9E-03  1.3E-05  2.4E-04    8    2.5E-001 
 68       -1232.3305344412 -1.7E-07  4.6E-03  1.9E-05  1.8E-04    8    2.5E-001 
 69       -1232.3305346054 -1.6E-07  5.4E-03  2.9E-05  1.5E-04    8    2.5E-001 
 70       -1232.3305346518 -4.6E-08  6.2E-03  1.1E-04  6.5E-05    8    2.5E-001 
 71       -1232.3305350318 -3.8E-07  6.1E-03  2.5E-04  5.4E-05    8    2.5E-001 
 72       -1232.3305352376 -2.1E-07  7.7E-03  6.7E-05  3.8E-05    8    2.5E-001 
 73       -1232.3305354266 -1.9E-07  9.9E-03  8.7E-05  1.3E-05    8    2.6E-001 
 74       -1232.3305356014 -1.7E-07  1.1E-02  1.2E-04  0.0E+00    8    2.3E-001 
 75       -1232.3305357439 -1.4E-07  5.9E-03  1.5E-04  0.0E+00    8    2.3E-001 
 76       -1232.3305360643 -3.2E-07  1.4E-02  1.2E-04  4.8E-05    8    2.5E-001 
 77       -1232.3305360878 -2.4E-08  1.6E-02  9.2E-05  0.0E+00    8    2.3E-001 
 78       -1232.3305362105 -1.2E-07  1.5E-03  2.2E-04  0.0E+00    8    2.4E-001 
 79       -1232.3305363073 -9.7E-08  1.5E-03  1.4E-04  0.0E+00    8    2.3E-001 
 80       -1232.3305363182 -1.1E-08  1.0E-03  3.5E-05  0.0E+00    8    2.4E-001 
 81       -1232.3305363622 -4.4E-08  2.6E-03  9.5E-05  0.0E+00    8    2.3E-001 
 82       -1232.3305364242 -6.2E-08  6.0E-03  9.3E-05  2.5E-04    8    2.5E-001 
 83       -1232.3305366061 -1.8E-07  5.9E-03  1.3E-04  3.3E-04    8    2.5E-001 
 84       -1232.3305368366 -2.3E-07  5.9E-03  7.4E-05  4.9E-04    8    2.5E-001 
 85       -1232.3305370680 -2.3E-07  5.9E-03  8.2E-05  6.3E-05    8    2.5E-001 
 86       -1232.3305398235 -2.8E-06  5.4E-03  6.8E-05  1.6E-03    8    2.5E-001 
 87       -1232.3305525411 -1.3E-05  6.7E-03  2.9E-04  6.6E-03    8    2.5E-001 
 88       -1232.3305747713 -2.2E-05  8.1E-03  1.9E-04  8.7E-03    8    2.5E-001 
 89       -1232.3306130601 -3.8E-05  9.7E-03  7.3E-04  1.1E-02    8    2.5E-001 
 90       -1232.3306638860 -5.1E-05  1.1E-02  4.8E-04  1.0E-02    8    2.5E-001 
 91       -1232.3307289888 -6.5E-05  1.3E-02  1.5E-03  8.8E-03    8    2.5E-001 
 92       -1232.3308273635 -9.8E-05  1.3E-02  2.5E-03  8.5E-03    8    2.5E-001 
 93       -1232.3309109636 -8.4E-05  1.6E-02  5.2E-04  5.1E-03    8    2.5E-001 
 94       -1232.3309762650 -6.5E-05  2.1E-02  6.9E-04  3.2E-04    8    2.5E-001 
 95       -1232.3310192620 -4.3E-05  2.0E-02  6.9E-04  0.0E+00    8    2.3E-001 
 96       -1232.3310466048 -2.7E-05  1.5E-02  5.6E-04  0.0E+00    8    2.3E-001 
 97       -1232.3310632680 -1.7E-05  5.9E-03  1.8E-03  0.0E+00    8    2.3E-001 
 98       -1232.3310704036 -7.1E-06  4.1E-03  7.6E-04  0.0E+00    8    2.3E-001 
 99       -1232.3310730980 -2.7E-06  4.5E-03  2.4E-04  0.0E+00    8    2.3E-001 
 100      -1232.3310748273 -1.7E-06  2.0E-03  2.2E-04  0.0E+00    8    2.3E-001 
 101      -1232.3310753267 -5.0E-07  8.3E-04  1.9E-04  0.0E+00    8    2.3E-001 
 102      -1232.3310750989  2.3E-07  8.2E-04  3.7E-04  0.0E+00    8    2.3E-001 
 102*     -1232.3310751502  1.8E-07  5.2E-04  3.7E-04  1.7E-03    8    2.4E-001 
 102*     -1232.3310751203  2.1E-07  3.5E-04  3.7E-04  7.2E-03    8    2.4E-001 
 102*     -1232.3310751479  1.8E-07  3.6E-04  3.7E-04  2.2E-02    8    2.4E-001 
 102*     -1232.3310752699  5.7E-08  3.1E-04  3.7E-04  7.3E-02    8    2.4E-001 
 102*     -1232.3310754661 -1.4E-07  2.4E-04  3.7E-04  2.4E-01    8    2.4E-001 
 103      -1232.3310760794 -6.1E-07  2.0E-04  4.1E-04  1.2E-01    8    2.4E-001 
 104      -1232.3310762199 -1.4E-07  2.4E-04  1.1E-04  5.7E-02    8    2.4E-001 
 105      -1232.3310762968 -7.7E-08  2.4E-04  4.3E-05  2.6E-02    8    2.4E-001 
 106      -1232.3310763459 -4.9E-08  3.1E-04  2.4E-05  8.5E-03    8    2.5E-001 
 107      -1232.3310763636 -1.8E-08  4.2E-04  1.2E-05  1.6E-04    8    2.5E-001 
 108      -1232.3310763746 -1.1E-08  1.0E-04  3.9E-05  0.0E+00    8    2.3E-001 
 109      -1232.3310763761 -1.5E-09  5.9E-05  5.8E-06  0.0E+00    8    2.3E-001 
 110      -1232.3310763780 -1.9E-09  4.3E-05  5.9E-06  0.0E+00    8    2.3E-001 
 111      -1232.3310763787 -7.0E-10  1.6E-05  4.4E-06  0.0E+00    8    2.3E-001 
 112      -1232.3310763765  2.2E-09  5.2E-05  4.1E-06  0.0E+00    8    2.3E-001 
 112*     -1232.3310763792 -4.5E-10  3.6E-05  4.1E-06  1.3E-03    8    2.4E-001 
 113      -1232.3310763758  3.4E-09  4.2E-05  1.5E-05  4.9E-03    8    2.5E-001 
 113*     -1232.3310763772  2.0E-09  2.8E-05  1.5E-05  1.1E-02    8    2.4E-001 
 113*     -1232.3310763778  1.4E-09  1.8E-05  1.5E-05  2.3E-02    8    2.4E-001 
 113*     -1232.3310763783  8.3E-10  1.3E-05  1.5E-05  4.8E-02    8    2.4E-001 
 113*     -1232.3310763789  3.1E-10  1.2E-05  1.5E-05  1.0E-01    8    2.4E-001 
 113*     -1232.3310763793 -1.7E-10  1.1E-05  1.5E-05  2.6E-01    8    2.4E-001 
 114      -1232.3310763807 -1.4E-09  8.5E-06  1.9E-05  2.0E-01    8    2.4E-001 
 115      -1232.3310763812 -4.8E-10  5.2E-06  6.1E-06  2.0E-01    8    2.4E-001 
 116      -1232.3310763816 -4.0E-10  7.0E-06  3.2E-06  1.5E-01    8    2.4E-001 
 117      -1232.3310763820 -4.5E-10  8.8E-06  3.1E-06  1.2E-01    8    2.5E-001 
 118      -1232.3310763825 -5.1E-10  1.1E-05  2.9E-06  9.7E-02    8    2.4E-001 
 119      -1232.3310763831 -5.8E-10  1.3E-05  2.7E-06  7.6E-02    8    2.4E-001 
 120      -1232.3310763838 -6.7E-10  1.5E-05  2.7E-06  6.2E-02    8    2.4E-001 
 121      -1232.3310763846 -7.6E-10  1.8E-05  2.7E-06  4.8E-02    8    2.4E-001 
 122      -1232.3310763852 -6.9E-10  1.9E-05  2.7E-06  4.8E-02    8    2.4E-001 
 123      -1232.3310763861 -9.0E-10  2.1E-05  2.6E-06  3.8E-02    8    2.4E-001 
 124      -1232.3310763871 -9.6E-10  3.0E-05  2.6E-06  3.0E-02    8    2.4E-001 
 125      -1232.3310763882 -1.1E-09  3.6E-05  4.0E-06  2.4E-02    8    2.5E-001 
 126      -1232.3310763896 -1.4E-09  4.5E-05  5.9E-06  2.0E-02    8    2.5E-001 
 127      -1232.3310763913 -1.7E-09  5.5E-05  5.0E-06  1.6E-02    8    2.5E-001 
 128      -1232.3310763933 -2.0E-09  6.7E-05  2.7E-06  1.4E-02    8    2.5E-001 
 129      -1232.3310763956 -2.3E-09  8.0E-05  2.7E-06  1.1E-02    8    2.5E-001 
 130      -1232.3310763984 -2.8E-09  9.8E-05  2.8E-06  9.2E-03    8    2.5E-001 
 131      -1232.3310764018 -3.4E-09  1.2E-04  2.8E-06  8.3E-03    8    2.5E-001 
 132      -1232.3310764060 -4.2E-09  1.4E-04  5.2E-06  7.1E-03    8    2.5E-001 
 133      -1232.3310764111 -5.0E-09  1.7E-04  3.7E-06  6.1E-03    8    2.5E-001 
 134      -1232.3310764169 -5.8E-09  2.0E-04  2.8E-06  4.9E-03    8    2.5E-001 
 135      -1232.3310764240 -7.2E-09  2.4E-04  7.0E-06  4.0E-03    8    2.5E-001 
 136      -1232.3310764323 -8.3E-09  2.9E-04  5.9E-06  3.3E-03    8    2.5E-001 
 137      -1232.3310764427 -1.0E-08  3.5E-04  1.0E-05  2.8E-03    8    2.5E-001 
 138      -1232.3310764554 -1.3E-08  4.2E-04  6.3E-06  2.3E-03    8    2.5E-001 
 139      -1232.3310764703 -1.5E-08  5.0E-04  2.6E-06  1.9E-03    8    2.5E-001 
 140      -1232.3310764882 -1.8E-08  6.0E-04  2.5E-06  1.6E-03    8    2.5E-001 
 141      -1232.3310765098 -2.2E-08  7.2E-04  5.8E-06  1.3E-03    8    2.5E-001 
 142      -1232.3310765355 -2.6E-08  8.7E-04  2.6E-06  1.1E-03    8    2.5E-001 
 143      -1232.3310765664 -3.1E-08  1.0E-03  2.8E-06  1.0E-03    8    2.5E-001 
 144      -1232.3310766031 -3.7E-08  1.3E-03  3.4E-06  8.3E-04    8    2.5E-001 
 145      -1232.3310766469 -4.4E-08  1.5E-03  7.7E-06  6.4E-04    8    2.5E-001 
 146      -1232.3310766960 -4.9E-08  1.8E-03  9.2E-06  4.5E-04    8    2.5E-001 
 147      -1232.3310767558 -6.0E-08  2.2E-03  3.2E-05  3.3E-04    8    2.5E-001 
 148      -1232.3310768323 -7.6E-08  2.6E-03  3.8E-05  3.0E-04    8    2.5E-001 
 149      -1232.3310769150 -8.3E-08  3.2E-03  6.4E-06  2.7E-04    8    2.5E-001 
 150      -1232.3310770081 -9.3E-08  3.8E-03  1.2E-05  1.9E-04    8    2.5E-001 
 151      -1232.3310771032 -9.5E-08  4.6E-03  1.1E-05  1.7E-04    8    2.5E-001 
 152      -1232.3310771838 -8.1E-08  5.5E-03  1.6E-05  1.1E-04    8    2.5E-001 
 153      -1232.3310772033 -1.9E-08  6.6E-03  2.6E-05  7.0E-05    8    2.5E-001 
 154      -1232.3310772284 -2.5E-08  3.0E-03  5.2E-05  0.0E+00    8    2.3E-001 
 155      -1232.3310772873 -5.9E-08  4.2E-03  4.4E-05  0.0E+00    8    2.3E-001 
 156      -1232.3310773999 -1.1E-07  4.8E-03  7.1E-05  0.0E+00    8    2.3E-001 
 157      -1232.3310775159 -1.2E-07  6.5E-03  4.7E-05  6.0E-05    8    2.5E-001 
 158      -1232.3310776223 -1.1E-07  7.6E-03  5.9E-05  7.9E-05    8    2.6E-001 
 159      -1232.3310779228 -3.0E-07  7.3E-03  2.0E-04  1.9E-04    8    2.5E-001 
 160      -1232.3310780842 -1.6E-07  6.9E-03  1.8E-04  7.4E-05    8    2.5E-001 
 161      -1232.3310782595 -1.8E-07  2.0E-04  2.2E-04  0.0E+00    8    2.3E-001 
 162      -1232.3310783229 -6.3E-08  3.0E-03  4.2E-05  0.0E+00    8    2.3E-001 
 163      -1232.3310784141 -9.1E-08  3.2E-03  5.1E-05  0.0E+00    8    2.3E-001 
 164      -1232.3310784858 -7.2E-08  5.6E-03  2.5E-05  6.4E-05    8    2.5E-001 
 165      -1232.3310785002 -1.4E-08  1.8E-03  3.4E-05  0.0E+00    8    2.3E-001 
 166      -1232.3310785794 -7.9E-08  3.8E-03  2.8E-05  5.6E-05    8    2.5E-001 
 167      -1232.3310786420 -6.3E-08  4.4E-03  2.7E-05  2.5E-05    8    2.5E-001 
 168      -1232.3310786688 -2.7E-08  5.6E-04  4.5E-05  0.0E+00    8    2.3E-001 
 169      -1232.3310787249 -5.6E-08  4.3E-03  9.8E-06  1.9E-05    8    2.5E-001 
 170      -1232.3310787186  6.3E-09  5.4E-04  3.9E-05  0.0E+00    8    2.3E-001 
 170*     -1232.3310787202  4.7E-09  3.9E-04  3.9E-05  8.2E-05    8    2.5E-001 
 170*     -1232.3310787217  3.2E-09  2.8E-04  3.9E-05  1.5E-04    8    2.5E-001 
 170*     -1232.3310787229  2.0E-09  2.0E-04  3.9E-05  2.4E-04    8    2.5E-001 
 170*     -1232.3310787236  1.3E-09  1.5E-04  3.9E-05  3.8E-04    8    2.5E-001 
 170*     -1232.3310787242  6.6E-10  1.1E-04  3.9E-05  6.0E-04    8    2.5E-001 
 170*     -1232.3310787247  1.7E-10  8.0E-05  3.9E-05  1.0E-03    8    2.4E-001 
 170*     -1232.3310787253 -3.9E-10  5.2E-05  3.9E-05  2.3E-03    8    2.4E-001 
 171      -1232.3310787339 -8.6E-09  5.7E-05  6.0E-05  5.2E-02    8    2.4E-001 
 172      -1232.3310787560 -2.2E-08  5.6E-05  6.5E-05  8.1E-02    8    2.4E-001 
 173      -1232.3310787660 -1.0E-08  7.1E-05  1.8E-05  6.3E-02    8    2.4E-001 
 174      -1232.3310787795 -1.3E-08  9.8E-05  2.2E-05  5.3E-02    8    2.4E-001 
 175      -1232.3310787926 -1.3E-08  1.0E-04  1.4E-05  3.8E-02    8    2.4E-001 
 176      -1232.3310788063 -1.4E-08  1.1E-04  1.3E-05  2.8E-02    8    2.4E-001 
 177      -1232.3310788200 -1.4E-08  1.4E-04  1.0E-05  1.9E-02    8    2.4E-001 
 178      -1232.3310788330 -1.3E-08  2.0E-04  9.0E-06  1.1E-02    8    2.5E-001 
 179      -1232.3310788434 -1.0E-08  2.4E-04  6.8E-06  5.4E-03    8    2.5E-001 
 180      -1232.3310788484 -5.0E-09  2.9E-04  4.8E-06  0.0E+00    8    2.3E-001 
 181      -1232.3310788457  2.7E-09  8.7E-05  1.2E-05  0.0E+00    8    2.3E-001 
 181*     -1232.3310788468  1.7E-09  6.5E-05  1.2E-05  1.5E-03    8    2.4E-001 
 181*     -1232.3310788471  1.3E-09  4.7E-05  1.2E-05  4.5E-03    8    2.4E-001 
 181*     -1232.3310788474  1.0E-09  3.4E-05  1.2E-05  9.9E-03    8    2.4E-001 
 181*     -1232.3310788478  6.5E-10  2.4E-05  1.2E-05  2.1E-02    8    2.4E-001 
 181*     -1232.3310788482  2.1E-10  1.6E-05  1.2E-05  4.7E-02    8    2.4E-001 
 181*     -1232.3310788486 -1.7E-10  9.7E-06  1.2E-05  1.1E-01    8    2.4E-001 
 182      -1232.3310788497 -1.1E-09  1.2E-05  1.6E-05  1.0E-01    8    2.4E-001 
 183      -1232.3310788502 -4.9E-10  8.1E-06  8.8E-06  7.7E-02    8    2.4E-001 
 184      -1232.3310788505 -3.5E-10  6.9E-06  5.7E-06  5.6E-02    8    2.4E-001 
 185      -1232.3310788508 -2.3E-10  7.8E-06  1.9E-06  3.3E-02    8    2.4E-001 
 186      -1232.3310788510 -2.2E-10  1.0E-05  1.8E-06  1.7E-02    8    2.4E-001 
 187      -1232.3310788513 -2.7E-10  1.2E-05  1.7E-06  1.8E-02    8    2.4E-001 
 188      -1232.3310788515 -2.5E-10  1.5E-05  1.5E-06  9.6E-03    8    2.5E-001 
 189      -1232.3310788519 -3.8E-10  2.3E-05  1.6E-06  1.4E-02    8    2.5E-001 
 190      -1232.3310788524 -4.5E-10  2.6E-05  1.3E-06  1.2E-02    8    2.5E-001 
 191      -1232.3310788529 -5.3E-10  2.8E-05  1.2E-06  1.3E-02    8    2.5E-001 
 192      -1232.3310788534 -5.1E-10  3.5E-05  4.4E-06  1.1E-02    8    2.5E-001 
 193      -1232.3310788543 -8.7E-10  3.4E-05  8.5E-06  1.1E-02    8    2.5E-001 
 194      -1232.3310788552 -8.8E-10  4.1E-05  4.3E-06  9.2E-03    8    2.5E-001 
 195      -1232.3310788562 -1.0E-09  5.0E-05  3.7E-06  7.7E-03    8    2.5E-001 
 196      -1232.3310788574 -1.2E-09  6.1E-05  2.6E-06  6.1E-03    8    2.5E-001 
 197      -1232.3310788589 -1.4E-09  7.4E-05  1.5E-06  5.0E-03    8    2.5E-001 
 198      -1232.3310788606 -1.8E-09  9.2E-05  1.6E-06  4.4E-03    8    2.5E-001 
 199      -1232.3310788629 -2.2E-09  1.1E-04  2.1E-06  3.8E-03    8    2.5E-001 
 200      -1232.3310788654 -2.6E-09  1.3E-04  1.7E-06  3.3E-03    8    2.5E-001 
 201      -1232.3310788681 -2.6E-09  1.6E-04  3.4E-06  2.8E-03    8    2.5E-001 
 202      -1232.3310788722 -4.1E-09  1.9E-04  1.1E-05  2.3E-03    8    2.5E-001 
 203      -1232.3310788766 -4.4E-09  2.3E-04  1.5E-06  1.9E-03    8    2.5E-001 
 204      -1232.3310788818 -5.2E-09  2.7E-04  1.4E-06  1.6E-03    8    2.5E-001 
 205      -1232.3310788880 -6.2E-09  3.2E-04  3.0E-06  1.3E-03    8    2.5E-001 
 206      -1232.3310788955 -7.5E-09  3.9E-04  3.0E-06  1.1E-03    8    2.5E-001 
 207      -1232.3310789043 -8.9E-09  4.7E-04  1.7E-06  9.1E-04    8    2.5E-001 
 208      -1232.3310789149 -1.1E-08  5.6E-04  1.4E-06  7.4E-04    8    2.5E-001 
 209      -1232.3310789273 -1.2E-08  6.8E-04  2.2E-06  6.2E-04    8    2.5E-001 
 210      -1232.3310789421 -1.5E-08  8.1E-04  2.8E-06  5.2E-04    8    2.5E-001 
 211      -1232.3310789595 -1.7E-08  9.8E-04  1.6E-06  4.5E-04    8    2.5E-001 
 212      -1232.3310789800 -2.0E-08  1.2E-03  4.8E-06  3.6E-04    8    2.5E-001 
 213      -1232.3310790036 -2.4E-08  1.4E-03  1.8E-06  2.6E-04    8    2.5E-001 
 214      -1232.3310790305 -2.7E-08  1.7E-03  2.9E-06  2.1E-04    8    2.5E-001 
 215      -1232.3310790603 -3.0E-08  2.1E-03  5.4E-06  1.1E-04    8    2.5E-001 
 216      -1232.3310790922 -3.2E-08  2.5E-03  1.2E-05  1.2E-04    8    2.5E-001 
 217      -1232.3310791198 -2.8E-08  3.0E-03  1.8E-05  8.8E-05    8    2.5E-001 
 218      -1232.3310791349 -1.5E-08  3.0E-03  4.3E-05  4.7E-05    8    2.5E-001 
 219      -1232.3310791568 -2.2E-08  1.9E-03  5.8E-05  0.0E+00    8    2.3E-001 
 220      -1232.3310791783 -2.2E-08  1.9E-03  4.0E-05  0.0E+00    8    2.3E-001 
 221      -1232.3310792116 -3.3E-08  3.7E-03  2.2E-05  3.7E-05    8    2.5E-001 
 222      -1232.3310792290 -1.7E-08  1.1E-03  1.9E-05  0.0E+00    8    2.3E-001 
 223      -1232.3310792217  7.4E-09  3.2E-03  9.9E-06  0.0E+00    8    2.3E-001 
 223*     -1232.3310792289  1.3E-10  2.6E-03  9.9E-06  2.4E-05    8    2.5E-001 
 223*     -1232.3310792354 -6.4E-09  1.8E-03  9.9E-06  6.3E-05    8    2.5E-001 
 224      -1232.3310792369 -1.5E-09  2.9E-04  1.3E-05  0.0E+00    8    2.3E-001 
 225      -1232.3310792448 -7.9E-09  1.3E-03  1.6E-05  1.6E-07    8    2.5E-001 
 226      -1232.3310792658 -2.1E-08  1.6E-03  4.0E-05  1.5E-04    8    2.5E-001 
 227      -1232.3310792820 -1.6E-08  1.9E-03  2.0E-05  1.1E-04    8    2.5E-001 
 228      -1232.3310792977 -1.6E-08  2.3E-03  4.1E-06  1.1E-04    8    2.5E-001 
 229      -1232.3310793150 -1.7E-08  2.8E-03  1.3E-05  8.7E-05    8    2.5E-001 
 230      -1232.3310793313 -1.6E-08  2.8E-03  2.0E-05  1.0E-04    8    2.5E-001 
 231      -1232.3310793455 -1.4E-08  2.8E-03  1.6E-05  7.3E-05    8    2.5E-001 
 232      -1232.3310793580 -1.2E-08  3.4E-03  6.6E-06  7.5E-06    8    2.5E-001 
 233      -1232.3310793614 -3.4E-09  6.4E-04  7.0E-06  0.0E+00    8    2.3E-001 
 234      -1232.3310793618 -3.8E-10  1.0E-04  1.1E-05  0.0E+00    8    2.3E-001 
 235      -1232.3310793700 -8.2E-09  2.4E-03  2.4E-05  2.4E-05    8    2.6E-001 
 236      -1232.3310793730 -3.0E-09  1.7E-03  5.3E-06  0.0E+00    8    2.3E-001 
 237      -1232.3310793743 -1.3E-09  1.3E-03  2.9E-06  0.0E+00    8    2.3E-001 
 238      -1232.3310793747 -3.6E-10  3.0E-04  5.0E-06  0.0E+00    8    2.3E-001 
 239      -1232.3310793745  2.0E-10  2.4E-03  2.9E-06  9.2E-06    8    2.6E-001 
 239*     -1232.3310793756 -8.5E-10  1.7E-03  2.9E-06  1.3E-06    8    2.5E-001 
 240      -1232.3310793750  5.5E-10  1.7E-03  6.8E-06  0.0E+00    8    2.3E-001 
 240*     -1232.3310793760 -4.4E-10  3.6E-04  6.8E-06  0.0E+00    8    2.3E-001 
 241      -1232.3310793762 -2.1E-10  1.2E-03  7.2E-06  2.3E-05    8    2.6E-001 
 242      -1232.3310793752  1.0E-09  1.2E-03  5.3E-06  1.0E-05    8    2.5E-001 
 242*     -1232.3310793755  6.7E-10  8.4E-04  5.3E-06  1.5E-05    8    2.5E-001 
 242*     -1232.3310793758  4.0E-10  5.9E-04  5.3E-06  2.8E-05    8    2.5E-001 
 242*     -1232.3310793760  2.4E-10  4.1E-04  5.3E-06  4.8E-05    8    2.5E-001 
 242*     -1232.3310793761  1.4E-10  2.9E-04  5.3E-06  7.5E-05    8    2.5E-001 
 242*     -1232.3310793761  7.6E-11  2.0E-04  5.3E-06  1.1E-04    8    2.5E-001 
 242*     -1232.3310793762  3.6E-11  1.4E-04  5.3E-06  1.7E-04    8    2.5E-001 
 242*     -1232.3310793762  9.1E-12  9.9E-05  5.3E-06  2.5E-04    8    2.5E-001 
 242*     -1232.3310793762 -8.6E-12  6.9E-05  5.3E-06  3.6E-04    8    2.5E-001 
 243      -1232.3310793762  3.4E-11  6.8E-05  6.9E-06  2.4E-04    8    2.5E-001 
 243*     -1232.3310793763 -6.5E-11  4.8E-05  6.9E-06  3.7E-04    8    2.5E-001 
 244      -1232.3310793765 -2.0E-10  4.7E-05  6.3E-06  4.6E-04    8    2.5E-001 
 245      -1232.3310793765 -2.4E-11  5.8E-05  1.6E-06  3.2E-04    8    2.5E-001 
 246      -1232.3310793765 -5.7E-12  5.8E-05  4.3E-07  1.9E-04    8    2.5E-001 
 247      -1232.3310793765 -1.4E-11  5.8E-05  1.5E-06  3.5E-05    8    2.5E-001 
 Skipping trust radius update
 248      -1232.3310793765  6.4E-12  3.8E-05  6.3E-07  0.0E+00    8    2.3E-001 
 249      -1232.3310793765 -1.2E-11  5.8E-05  1.4E-06  1.9E-05    8    2.5E-001 
 250      -1232.3310793765 -4.5E-12  7.0E-05  2.7E-07  1.5E-05    8    2.5E-001 
 251      -1232.3310793765 -5.7E-12  4.0E-05  4.6E-07  0.0E+00    8    2.3E-001 
 252      -1232.3310793765 -1.4E-12  1.5E-06  2.0E-07  0.0E+00    8    2.3E-001 
 253      -1232.3310793765 -4.5E-13  5.2E-07  3.2E-07  0.0E+00    8    2.3E-001 
 ------------------------------------------------------------------------------
 SCF converged
 Converged energy                        -1232.331079376539  
 ------------------------------------------------------------------------------
 Ehomo(Alpha) [eV]                       -5.251565301799     
 Elumo(Alpha) [eV]                       0.720098324542      
 Ehomo(Beta) [eV]                        -6.232158656689     
 Elumo(Beta) [eV]                        0.612482638131      

 dipole moment (Debye)
        x              y              z       
      6.858E-001     6.897E-001     7.722E-003

 traceless quadrupole moment (Debye*Angs)
                       x              y              z       
 x                  -1.882E+000     1.262E+000    -5.013E-002
 y                   1.262E+000    -1.869E+000     1.147E-003
 z                  -5.013E-002     1.147E-003     3.751E+000

 ----------------------------------------------------------------------------
 Timings (seconds)
 * mean-field hamiltonian     6.9E+001
 * solver (setting up eqns)   4.8E-001
 * solver (energy estimate)   4.1E-002
 * solver (orthogonalization) 2.3E-002
 * solver (rotation matrix X) 3.6E+000
 * solver (exponential of X)  2.6E-001
 * solver (total)             4.5E+000
 * total SCF                  7.4E+001
 Atomic guess: LU, ../../../../basis-sets/bse/def2-svp.txt
 ---------------------------------------------------------
 E(HF) [a.u.]                            -1.2323310794E+003
 Tr(RhoAvg S), Cartesian AOs              4.3000000000E+001
 Tr(RhoAvg S), spherical AOs              4.3000000000E+001
 max|T RhoAvg T**T - RhoAvg_sao|                  1.78E-015
 max|c(RhoAvg) - c(Rho)|                          1.78E-015
 max|RhoAvg - Rho|                                1.81E-001
 Saved /mnt/storage_6/project_data/pl0415-03/marcin/beyond-rpa/guess/electron-densities/bse/def2-svp/lu.txt
 ----------------------------------------------------------------------------
                             SCF for HF (2S+1=3)                             
 ----------------------------------------------------------------------------
 NUMBER OF ATOMS                         1
 CHARGE                                  0
 Prescreening (pq|pq) integrals for the Cholesky decomposition
 Shell pairs will be sorted according to their max elements
 Max diagonal integral MaxDrs=3.4E+000
 Applying Eq. 15 in J. Chem. Phys. 150, 194112 (2019); doi: 10.1063/1.5083802
 Schwarz inequality: Dpq<min(10**(-8),Tau)**2/MaxDrs=3.0E-017
 Trace of exact Coulomb matrix: 3.3E+001
 Trace of discarded integrals: 0.0E+000
 Discarded 0 out of 78 shell pairs
 (0 out of 528 orbital pairs)

 Step 1 of Cholesky decomposition: locating pivots
 -------------------------------------------------
 Dimensions of the Coulomb matrix: (528,528)
 Threshold for diagonal matrix elements: Dpq > 1.0E-007
 Max number of Cholesky vectors: 480
 Rk storage block size: 500
 Max dimension of 2e integrals buffer: (528,528)

 ----------------------------------------------------------------------------
 #    Dmax        Memory (MB)    NPivots     %    Time        
 ----------------------------------------------------------------------------
 1    3.3E-002    4.1E+000       17          3    9.7E-003    
 2    3.3E-004    4.0E+000       138         35   1.3E-002    
 3    3.3E-006    3.3E+000       214         73   3.8E-003    
 4    9.8E-008    2.1E+000       271         100  2.2E-003    

 Step 1 of the Cholesky decomposition completed
 Computed 271 pivots
 Largest residual Dpq: 9.8E-008
 NCholesky/NAO = 8.5E+000
 Step 1 of Cholesky decomposition completed in 2.9E-002 seconds
 Detailed timings in seconds
 Subtract prev contribs I (M-R**T*R)     1.9E-003
 Subtract prev contribs II (Rk)          3.5E-003
 Two-electron integrals                  2.2E-002
 Reallocation                            4.0E-004

 Step 2 of Cholesky decomposition completed in 4.2E-003 seconds
 Detailed timings in seconds
 Reduced-dimension matrix V    3.3E-003
 V=L*L**T                      4.6E-004
 L**(-1)                       4.2E-004

 Full-dimension Cholesky vectors of the Coulomb matrix will be stored in memory
 Cholesky vectors computed in 5.6E-003 seconds

 ┌─────────────────────────────────────────┐
 │          Self-consistent field          │
 └─────────────────────────────────────────┘

 Atomic orbital basis set
 . . . . . . . . . . . . . . . . . . . . . . . . . . . . . . . . . . . . . . 
 atomic centers                               1
 shell parameter sets                         12
 spherical AOs                                32
 max angular momentum                         3
 parameter set                                ../../../../basis-sets/bse/def2-svp.txt
 . . . . . . . . . . . . . . . . . . . . . . . . . . . . . . . . . . . . . . 
 SCF guess: bare nuclei Hamiltonian
 Starting self-consistent field iterations (spin-unrestricted)
 Alpha electrons: 7
 Beta electrons: 5
 ----------------------------------------------------------------------------
 Exchange-correlation: Hartree-Fock
 ----------------------------------------------------------------------------
 Replicated-data parallel SCF
 ----------------------------
 Processes                               1
 Threads/process                         16
 Allocated 2.1E-004 GiB of scratch space for the KS matrix build
 ----------------------------------------------------------------------------
 Loaded pseudopotential parameters
 ----------------------------------------------------------------------------

 HAFNIUM     
 Parameters file: ../../../../basis-sets/bse/def2-svp.txt
 ECP accounts for 60 core electrons

          Coeff         R^n       Exponent                                       

 Local part

         10.04672251      2         1.78576984                                   

 L = 0

       1499.28471073      2        14.76995900                                   
         40.28210136      2         7.38497940                                   
        -10.04672251      2         1.78576984                                   

 L = 1

        397.73300533      2         9.84948950                                   
         19.31640586      2         4.92474450                                   
        -10.04672251      2         1.78576984                                   

 L = 2

        101.32980526      2         6.09675640                                   
          5.87343821      2         3.04837820                                   
        -10.04672251      2         1.78576984                                   

 ----------------------------------------------------------------------------
 Spherical harmonic basis contains 32 vectors
 Linear independence thresh: Eig(S) > 1.0E-006
 Computations will be carried out in the space of 32 MOs
 Threshold for J, K: |Rho(r,s)*(pq|rs)|,|Rho(q,s)*(pq|rs)| > 1.0E-011
 Convergence conditions
 ----------------------
 RhoDiff < 1.0E-006
 OrbGrad < 1.0E-006
 Max number of macroiters: 1024
 ------------------------------------------------------------------------------
 #           Energy        EDiff    RhoDiff  OrbGrad  OrbShift NStored Time     
 ------------------------------------------------------------------------------
 0          499.6344095272                                        0    3.0E-002 
 1          -46.5679101294           2.1E+01                      0    7.5E-003 
 2          -47.3203381886 -7.5E-01  2.1E+00  4.6E-01  2.9E-01    1    8.4E-003 
 3          -47.3571946368 -3.7E-02  7.6E-01  6.1E-02  0.0E+00    2    7.9E-003 
 4          -47.3607517919 -3.6E-03  2.0E-01  2.3E-02  0.0E+00    3    8.0E-003 
 5          -47.3614259729 -6.7E-04  2.2E-02  4.9E-03  0.0E+00    4    8.2E-003 
 6          -47.3617663080 -3.4E-04  1.8E-02  3.7E-03  0.0E+00    5    8.1E-003 
 7          -47.3623091205 -5.4E-04  3.5E-02  2.9E-03  0.0E+00    6    8.1E-003 
 8          -47.3625518357 -2.4E-04  2.8E-02  1.8E-03  0.0E+00    7    8.2E-003 
 9          -47.3626103688 -5.9E-05  1.1E-02  1.7E-03  0.0E+00    8    8.2E-003 
 10         -47.3626293726 -1.9E-05  3.4E-03  8.2E-04  0.0E+00    8    8.3E-003 
 11         -47.3626365538 -7.2E-06  2.5E-03  4.6E-04  0.0E+00    8    8.3E-003 
 12         -47.3626380558 -1.5E-06  1.4E-03  1.5E-04  0.0E+00    8    8.3E-003 
 13         -47.3626388185 -7.6E-07  9.0E-04  1.2E-04  0.0E+00    8    8.3E-003 
 14         -47.3626397193 -9.0E-07  2.1E-03  9.3E-05  0.0E+00    8    8.2E-003 
 15         -47.3626401016 -3.8E-07  1.2E-03  7.6E-05  0.0E+00    8    8.2E-003 
 16         -47.3626401529 -5.1E-08  3.5E-04  4.8E-05  0.0E+00    8    8.2E-003 
 17         -47.3626401604 -7.5E-09  1.1E-04  1.3E-05  0.0E+00    8    8.4E-003 
 18         -47.3626401625 -2.1E-09  5.5E-05  7.7E-06  0.0E+00    8    8.2E-003 
 19         -47.3626401629 -4.0E-10  2.3E-05  3.4E-06  0.0E+00    8    8.3E-003 
 20         -47.3626401630 -1.3E-10  1.5E-05  1.7E-06  0.0E+00    8    8.2E-003 
 21         -47.3626401630 -1.6E-11  3.6E-06  1.4E-06  0.0E+00    8    8.2E-003 
 22         -47.3626401630 -4.4E-12  3.9E-06  4.0E-07  0.0E+00    8    8.2E-003 
 23         -47.3626401630 -3.6E-13  1.1E-06  1.3E-07  0.0E+00    8    8.3E-003 
 24         -47.3626401630 -7.1E-14  3.3E-07  4.3E-08  0.0E+00    8    8.2E-003 
 ------------------------------------------------------------------------------
 SCF converged
 Converged energy                        -47.362640163044    
 ------------------------------------------------------------------------------
 Ehomo(Alpha) [eV]                       -7.016700728625     
 Elumo(Alpha) [eV]                       0.873480218780      
 Ehomo(Beta) [eV]                        -5.808362989763     
 Elumo(Beta) [eV]                        1.084629520502      

 dipole moment (Debye)
        x              y              z       
      1.742E-012     1.376E-012    -3.516E-013

 traceless quadrupole moment (Debye*Angs)
                       x              y              z       
 x                   1.636E-007    -3.460E-007     3.008E-007
 y                  -3.460E-007     7.393E-007    -3.674E-008
 z                   3.008E-007    -3.674E-008    -9.029E-007

 ----------------------------------------------------------------------------
 Timings (seconds)
 * mean-field hamiltonian     1.9E-001
 * solver (setting up eqns)   7.0E-003
 * solver (energy estimate)   2.4E-003
 * solver (orthogonalization) 4.4E-004
 * solver (rotation matrix X) 4.3E-003
 * solver (exponential of X)  1.3E-003
 * solver (total)             1.6E-002
 * total SCF                  2.3E-001
 Atomic guess: HF, ../../../../basis-sets/bse/def2-svp.txt
 ---------------------------------------------------------
 E(HF) [a.u.]                            -4.7362640163E+001
 Tr(RhoAvg S), Cartesian AOs              1.2000000000E+001
 Tr(RhoAvg S), spherical AOs              1.2000000000E+001
 max|T RhoAvg T**T - RhoAvg_sao|                  4.44E-016
 max|c(RhoAvg) - c(Rho)|                          2.22E-016
 max|RhoAvg - Rho|                                3.58E-001
 Saved /mnt/storage_6/project_data/pl0415-03/marcin/beyond-rpa/guess/electron-densities/bse/def2-svp/hf.txt
 ----------------------------------------------------------------------------
                             SCF for TA (2S+1=4)                             
 ----------------------------------------------------------------------------
 NUMBER OF ATOMS                         1
 CHARGE                                  0
 Prescreening (pq|pq) integrals for the Cholesky decomposition
 Shell pairs will be sorted according to their max elements
 Max diagonal integral MaxDrs=3.4E+000
 Applying Eq. 15 in J. Chem. Phys. 150, 194112 (2019); doi: 10.1063/1.5083802
 Schwarz inequality: Dpq<min(10**(-8),Tau)**2/MaxDrs=2.9E-017
 Trace of exact Coulomb matrix: 3.5E+001
 Trace of discarded integrals: 0.0E+000
 Discarded 0 out of 78 shell pairs
 (0 out of 528 orbital pairs)

 Step 1 of Cholesky decomposition: locating pivots
 -------------------------------------------------
 Dimensions of the Coulomb matrix: (528,528)
 Threshold for diagonal matrix elements: Dpq > 1.0E-007
 Max number of Cholesky vectors: 480
 Rk storage block size: 500
 Max dimension of 2e integrals buffer: (528,528)

 ----------------------------------------------------------------------------
 #    Dmax        Memory (MB)    NPivots     %    Time        
 ----------------------------------------------------------------------------
 1    3.3E-002    4.1E+000       19          4    9.3E-003    
 2    2.8E-004    4.0E+000       143         37   1.3E-002    
 3    2.3E-006    3.3E+000       221         79   4.8E-003    
 4    4.8E-008    2.1E+000       276         100  2.8E-003    

 Step 1 of the Cholesky decomposition completed
 Computed 276 pivots
 Largest residual Dpq: 4.8E-008
 NCholesky/NAO = 8.6E+000
 Step 1 of Cholesky decomposition completed in 3.0E-002 seconds
 Detailed timings in seconds
 Subtract prev contribs I (M-R**T*R)     2.8E-003
 Subtract prev contribs II (Rk)          3.5E-003
 Two-electron integrals                  2.1E-002
 Reallocation                            8.0E-004

 Step 2 of Cholesky decomposition completed in 3.4E-003 seconds
 Detailed timings in seconds
 Reduced-dimension matrix V    2.5E-003
 V=L*L**T                      4.1E-004
 L**(-1)                       4.2E-004

 Full-dimension Cholesky vectors of the Coulomb matrix will be stored in memory
 Cholesky vectors computed in 6.3E-003 seconds

 ┌─────────────────────────────────────────┐
 │          Self-consistent field          │
 └─────────────────────────────────────────┘

 Atomic orbital basis set
 . . . . . . . . . . . . . . . . . . . . . . . . . . . . . . . . . . . . . . 
 atomic centers                               1
 shell parameter sets                         12
 spherical AOs                                32
 max angular momentum                         3
 parameter set                                ../../../../basis-sets/bse/def2-svp.txt
 . . . . . . . . . . . . . . . . . . . . . . . . . . . . . . . . . . . . . . 
 SCF guess: bare nuclei Hamiltonian
 Starting self-consistent field iterations (spin-unrestricted)
 Alpha electrons: 8
 Beta electrons: 5
 ----------------------------------------------------------------------------
 Exchange-correlation: Hartree-Fock
 ----------------------------------------------------------------------------
 Replicated-data parallel SCF
 ----------------------------
 Processes                               1
 Threads/process                         16
 Allocated 2.1E-004 GiB of scratch space for the KS matrix build
 ----------------------------------------------------------------------------
 Loaded pseudopotential parameters
 ----------------------------------------------------------------------------

 TANTALUM    
 Parameters file: ../../../../basis-sets/bse/def2-svp.txt
 ECP accounts for 60 core electrons

          Coeff         R^n       Exponent                                       

 Local part

         12.01796094      2         2.01788111                                   

 L = 0

       1345.88064703      2        14.54640770                                   
         36.76680620      2         7.27320380                                   
        -12.01796094      2         2.01788111                                   

 L = 1

        378.42530145      2         9.93556529                                   
         22.29309086      2         4.96778243                                   
        -12.01796094      2         2.01788111                                   

 L = 2

        104.88395571      2         6.34737691                                   
          8.75584805      2         3.17368846                                   
        -12.01796094      2         2.01788111                                   

 ----------------------------------------------------------------------------
 Spherical harmonic basis contains 32 vectors
 Linear independence thresh: Eig(S) > 1.0E-006
 Computations will be carried out in the space of 32 MOs
 Threshold for J, K: |Rho(r,s)*(pq|rs)|,|Rho(q,s)*(pq|rs)| > 1.0E-011
 Convergence conditions
 ----------------------
 RhoDiff < 1.0E-006
 OrbGrad < 1.0E-006
 Max number of macroiters: 1024
 ------------------------------------------------------------------------------
 #           Energy        EDiff    RhoDiff  OrbGrad  OrbShift NStored Time     
 ------------------------------------------------------------------------------
 0          449.0894231946                                        0    3.0E-002 
 1          -55.1884133536           2.2E+01                      0    8.2E-003 
 2          -56.1686097919 -9.8E-01  1.5E+00  3.7E-01  3.8E-01    1    9.0E-003 
 3          -56.2459723785 -7.7E-02  3.8E-01  7.6E-02  0.0E+00    2    8.5E-003 
 4          -56.2789723579 -3.3E-02  1.2E-01  3.5E-02  0.0E+00    3    8.6E-003 
 5          -56.2842199504 -5.2E-03  1.4E-01  1.2E-02  0.0E+00    4    8.7E-003 
 6          -56.2845799731 -3.6E-04  1.5E-02  3.9E-03  0.0E+00    5    8.7E-003 
 7          -56.2849684126 -3.9E-04  1.5E-02  3.8E-03  4.2E-02    6    1.0E-002 
 8          -56.2853559223 -3.9E-04  2.0E-02  3.4E-03  5.7E-02    7    1.1E-002 
 9          -56.2856640148 -3.1E-04  2.5E-02  2.7E-03  2.9E-02    8    1.1E-002 
 10         -56.2857900734 -1.3E-04  2.8E-02  1.6E-03  0.0E+00    8    8.9E-003 
 11         -56.2857960990 -6.0E-06  1.5E-03  4.7E-04  0.0E+00    8    8.8E-003 
 12         -56.2858043164 -8.2E-06  3.6E-03  3.9E-04  0.0E+00    8    8.9E-003 
 13         -56.2858058362 -1.5E-06  1.7E-03  1.9E-04  0.0E+00    8    8.9E-003 
 14         -56.2858063103 -4.7E-07  7.8E-04  1.1E-04  0.0E+00    8    8.9E-003 
 15         -56.2858064643 -1.5E-07  4.2E-04  7.9E-05  0.0E+00    8    8.8E-003 
 16         -56.2858066940 -2.3E-07  9.3E-04  7.3E-05  0.0E+00    8    9.0E-003 
 17         -56.2858067685 -7.5E-08  5.8E-04  3.8E-05  0.0E+00    8    8.8E-003 
 18         -56.2858067818 -1.3E-08  1.5E-04  2.3E-05  0.0E+00    8    8.9E-003 
 19         -56.2858067846 -2.8E-09  7.5E-05  1.1E-05  0.0E+00    8    8.8E-003 
 20         -56.2858067852 -6.5E-10  1.8E-05  4.6E-06  0.0E+00    8    8.9E-003 
 21         -56.2858067859 -6.6E-10  3.2E-05  4.5E-06  0.0E+00    8    8.9E-003 
 22         -56.2858067859 -5.8E-11  6.3E-06  1.9E-06  0.0E+00    8    8.9E-003 
 23         -56.2858067859 -2.3E-11  8.4E-06  6.6E-07  0.0E+00    8    8.9E-003 
 24         -56.2858067859 -4.4E-12  2.9E-06  3.7E-07  0.0E+00    8    8.9E-003 
 25         -56.2858067859 -1.5E-12  1.4E-06  1.8E-07  0.0E+00    8    8.8E-003 
 26         -56.2858067860 -9.7E-13  8.6E-07  1.3E-07  0.0E+00    8    8.9E-003 
 ------------------------------------------------------------------------------
 SCF converged
 Converged energy                        -56.285806785950    
 ------------------------------------------------------------------------------
 Ehomo(Alpha) [eV]                       -7.678080995440     
 Elumo(Alpha) [eV]                       1.072059122078      
 Ehomo(Beta) [eV]                        -5.922259117641     
 Elumo(Beta) [eV]                        1.415472207971      

 dipole moment (Debye)
        x              y              z       
     -2.019E-010     3.520E-011     1.958E-010

 traceless quadrupole moment (Debye*Angs)
                       x              y              z       
 x                   1.020E-006    -1.870E-008     2.341E-006
 y                  -1.870E-008     1.490E-006    -2.441E-006
 z                   2.341E-006    -2.441E-006    -2.510E-006

 ----------------------------------------------------------------------------
 Timings (seconds)
 * mean-field hamiltonian     2.2E-001
 * solver (setting up eqns)   7.5E-003
 * solver (energy estimate)   2.8E-003
 * solver (orthogonalization) 4.7E-004
 * solver (rotation matrix X) 1.1E-002
 * solver (exponential of X)  1.5E-003
 * solver (total)             2.4E-002
 * total SCF                  2.7E-001
 Atomic guess: TA, ../../../../basis-sets/bse/def2-svp.txt
 ---------------------------------------------------------
 E(HF) [a.u.]                            -5.6285806786E+001
 Tr(RhoAvg S), Cartesian AOs              1.3000000000E+001
 Tr(RhoAvg S), spherical AOs              1.3000000000E+001
 max|T RhoAvg T**T - RhoAvg_sao|                  6.66E-016
 max|c(RhoAvg) - c(Rho)|                          2.22E-016
 max|RhoAvg - Rho|                                4.55E-001
 Saved /mnt/storage_6/project_data/pl0415-03/marcin/beyond-rpa/guess/electron-densities/bse/def2-svp/ta.txt
 ----------------------------------------------------------------------------
                              SCF for W (2S+1=5)                             
 ----------------------------------------------------------------------------
 NUMBER OF ATOMS                         1
 CHARGE                                  0
 Prescreening (pq|pq) integrals for the Cholesky decomposition
 Shell pairs will be sorted according to their max elements
 Max diagonal integral MaxDrs=3.4E+000
 Applying Eq. 15 in J. Chem. Phys. 150, 194112 (2019); doi: 10.1063/1.5083802
 Schwarz inequality: Dpq<min(10**(-8),Tau)**2/MaxDrs=2.9E-017
 Trace of exact Coulomb matrix: 3.7E+001
 Trace of discarded integrals: 0.0E+000
 Discarded 0 out of 78 shell pairs
 (0 out of 528 orbital pairs)

 Step 1 of Cholesky decomposition: locating pivots
 -------------------------------------------------
 Dimensions of the Coulomb matrix: (528,528)
 Threshold for diagonal matrix elements: Dpq > 1.0E-007
 Max number of Cholesky vectors: 480
 Rk storage block size: 500
 Max dimension of 2e integrals buffer: (528,528)

 ----------------------------------------------------------------------------
 #    Dmax        Memory (MB)    NPivots     %    Time        
 ----------------------------------------------------------------------------
 1    3.4E-002    4.1E+000       17          3    8.4E-003    
 2    3.4E-004    4.0E+000       142         37   1.4E-002    
 3    3.4E-006    3.3E+000       217         77   5.3E-003    
 4    9.9E-008    1.8E+000       271         100  3.0E-003    

 Step 1 of the Cholesky decomposition completed
 Computed 271 pivots
 Largest residual Dpq: 9.9E-008
 NCholesky/NAO = 8.5E+000
 Step 1 of Cholesky decomposition completed in 3.2E-002 seconds
 Detailed timings in seconds
 Subtract prev contribs I (M-R**T*R)     2.0E-003
 Subtract prev contribs II (Rk)          2.5E-003
 Two-electron integrals                  2.4E-002
 Reallocation                            7.6E-004

 Step 2 of Cholesky decomposition completed in 4.1E-003 seconds
 Detailed timings in seconds
 Reduced-dimension matrix V    3.2E-003
 V=L*L**T                      4.7E-004
 L**(-1)                       4.1E-004

 Full-dimension Cholesky vectors of the Coulomb matrix will be stored in memory
 Cholesky vectors computed in 7.0E-003 seconds

 ┌─────────────────────────────────────────┐
 │          Self-consistent field          │
 └─────────────────────────────────────────┘

 Atomic orbital basis set
 . . . . . . . . . . . . . . . . . . . . . . . . . . . . . . . . . . . . . . 
 atomic centers                               1
 shell parameter sets                         12
 spherical AOs                                32
 max angular momentum                         3
 parameter set                                ../../../../basis-sets/bse/def2-svp.txt
 . . . . . . . . . . . . . . . . . . . . . . . . . . . . . . . . . . . . . . 
 SCF guess: bare nuclei Hamiltonian
 Starting self-consistent field iterations (spin-unrestricted)
 Alpha electrons: 9
 Beta electrons: 5
 ----------------------------------------------------------------------------
 Exchange-correlation: Hartree-Fock
 ----------------------------------------------------------------------------
 Replicated-data parallel SCF
 ----------------------------
 Processes                               1
 Threads/process                         16
 Allocated 2.1E-004 GiB of scratch space for the KS matrix build
 ----------------------------------------------------------------------------
 Loaded pseudopotential parameters
 ----------------------------------------------------------------------------

 TUNGSTEN    
 Parameters file: ../../../../basis-sets/bse/def2-svp.txt
 ECP accounts for 60 core electrons

          Coeff         R^n       Exponent                                       

 Local part

         14.15257947      2         2.25888846                                   

 L = 0

       1192.39588226      2        14.32285640                                   
         32.52293315      2         7.16142810                                   
        -14.15257947      2         2.25888846                                   

 L = 1

        359.03196711      2        10.02164110                                   
         24.03038019      2         5.01082040                                   
        -14.15257947      2         2.25888846                                   

 L = 2

        108.30134897      2         6.59799743                                   
         10.98252827      2         3.29899871                                   
        -14.15257947      2         2.25888846                                   

 ----------------------------------------------------------------------------
 Spherical harmonic basis contains 32 vectors
 Linear independence thresh: Eig(S) > 1.0E-006
 Computations will be carried out in the space of 32 MOs
 Threshold for J, K: |Rho(r,s)*(pq|rs)|,|Rho(q,s)*(pq|rs)| > 1.0E-011
 Convergence conditions
 ----------------------
 RhoDiff < 1.0E-006
 OrbGrad < 1.0E-006
 Max number of macroiters: 1024
 ------------------------------------------------------------------------------
 #           Energy        EDiff    RhoDiff  OrbGrad  OrbShift NStored Time     
 ------------------------------------------------------------------------------
 0          397.2330132955                                        0    3.0E-002 
 1          -65.0754746968           2.2E+01                      0    8.4E-003 
 2          -66.1471823993 -1.1E+00  5.6E-01  4.0E-01  3.2E-01    1    9.0E-003 
 3          -66.1969036387 -5.0E-02  1.6E-01  8.9E-02  0.0E+00    2    8.8E-003 
 4          -66.2621998806 -6.5E-02  2.4E-01  5.5E-02  1.1E-01    3    1.0E-002 
 5          -66.2812400139 -1.9E-02  1.3E-01  2.4E-02  0.0E+00    4    9.0E-003 
 6          -66.2854589108 -4.2E-03  6.5E-02  1.7E-02  0.0E+00    5    8.9E-003 
 7          -66.3047781098 -1.9E-02  3.2E-01  1.6E-02  3.4E-02    6    1.1E-002 
 8          -66.3111792362 -6.4E-03  2.8E-01  1.6E-02  0.0E+00    7    9.1E-003 
 9          -66.3148957943 -3.7E-03  7.7E-02  2.3E-02  0.0E+00    8    9.2E-003 
 10         -66.3151423545 -2.5E-04  3.5E-02  3.7E-03  0.0E+00    8    9.2E-003 
 11         -66.3151779553 -3.6E-05  7.2E-03  1.3E-03  0.0E+00    8    9.2E-003 
 12         -66.3152107887 -3.3E-05  8.9E-03  1.2E-03  0.0E+00    8    9.2E-003 
 13         -66.3152332659 -2.2E-05  9.9E-03  8.6E-04  0.0E+00    8    9.1E-003 
 14         -66.3152476745 -1.4E-05  8.5E-03  5.4E-04  0.0E+00    8    9.2E-003 
 15         -66.3152551703 -7.5E-06  7.5E-03  3.3E-04  0.0E+00    8    9.2E-003 
 16         -66.3152568037 -1.6E-06  2.3E-03  1.9E-04  0.0E+00    8    9.1E-003 
 17         -66.3152575583 -7.5E-07  1.7E-03  1.6E-04  0.0E+00    8    9.2E-003 
 18         -66.3152577181 -1.6E-07  5.1E-04  8.6E-05  0.0E+00    8    9.2E-003 
 19         -66.3152577253 -7.1E-09  1.9E-04  2.4E-05  0.0E+00    8    9.2E-003 
 20         -66.3152577267 -1.4E-09  7.7E-05  8.9E-06  0.0E+00    8    9.3E-003 
 21         -66.3152577270 -3.4E-10  2.0E-05  4.2E-06  0.0E+00    8    9.1E-003 
 22         -66.3152577271 -6.9E-11  1.1E-05  1.4E-06  0.0E+00    8    9.1E-003 
 23         -66.3152577271 -8.6E-12  6.6E-06  6.4E-07  0.0E+00    8    9.2E-003 
 24         -66.3152577271 -4.9E-12  4.1E-06  5.5E-07  0.0E+00    8    9.1E-003 
 25         -66.3152577271 -5.7E-12  4.2E-06  4.5E-07  0.0E+00    8    9.1E-003 
 26         -66.3152577271 -6.3E-12  6.4E-06  3.0E-07  0.0E+00    8    9.3E-003 
 27         -66.3152577271 -1.0E-12  1.4E-06  3.1E-07  0.0E+00    8    9.2E-003 
 28         -66.3152577271 -2.1E-13  8.9E-07  1.2E-07  0.0E+00    8    9.1E-003 
 ------------------------------------------------------------------------------
 SCF converged
 Converged energy                        -66.315257727139    
 ------------------------------------------------------------------------------
 Ehomo(Alpha) [eV]                       -8.284283847497     
 Elumo(Alpha) [eV]                       0.994424807135      
 Ehomo(Beta) [eV]                        -6.207193048253     
 Elumo(Beta) [eV]                        1.097742204306      

 dipole moment (Debye)
        x              y              z       
     -1.738E-010     3.130E-011    -4.476E-012

 traceless quadrupole moment (Debye*Angs)
                       x              y              z       
 x                   6.775E-002    -5.262E-002     1.360E-002
 y                  -5.262E-002    -2.259E-002    -6.247E-003
 z                   1.360E-002    -6.247E-003    -4.516E-002

 ----------------------------------------------------------------------------
 Timings (seconds)
 * mean-field hamiltonian     2.4E-001
 * solver (setting up eqns)   8.6E-003
 * solver (energy estimate)   3.1E-003
 * solver (orthogonalization) 5.2E-004
 * solver (rotation matrix X) 8.9E-003
 * solver (exponential of X)  1.7E-003
 * solver (total)             2.3E-002
 * total SCF                  2.9E-001
 Atomic guess: W, ../../../../basis-sets/bse/def2-svp.txt
 --------------------------------------------------------
 E(HF) [a.u.]                            -6.6315257727E+001
 Tr(RhoAvg S), Cartesian AOs              1.4000000000E+001
 Tr(RhoAvg S), spherical AOs              1.4000000000E+001
 max|T RhoAvg T**T - RhoAvg_sao|                  8.88E-016
 max|c(RhoAvg) - c(Rho)|                          4.44E-016
 max|RhoAvg - Rho|                                3.52E-001
 Saved /mnt/storage_6/project_data/pl0415-03/marcin/beyond-rpa/guess/electron-densities/bse/def2-svp/w.txt
 ----------------------------------------------------------------------------
                             SCF for RE (2S+1=6)                             
 ----------------------------------------------------------------------------
 NUMBER OF ATOMS                         1
 CHARGE                                  0
 Prescreening (pq|pq) integrals for the Cholesky decomposition
 Shell pairs will be sorted according to their max elements
 Max diagonal integral MaxDrs=3.5E+000
 Applying Eq. 15 in J. Chem. Phys. 150, 194112 (2019); doi: 10.1063/1.5083802
 Schwarz inequality: Dpq<min(10**(-8),Tau)**2/MaxDrs=2.9E-017
 Trace of exact Coulomb matrix: 3.9E+001
 Trace of discarded integrals: 0.0E+000
 Discarded 0 out of 78 shell pairs
 (0 out of 528 orbital pairs)

 Step 1 of Cholesky decomposition: locating pivots
 -------------------------------------------------
 Dimensions of the Coulomb matrix: (528,528)
 Threshold for diagonal matrix elements: Dpq > 1.0E-007
 Max number of Cholesky vectors: 480
 Rk storage block size: 500
 Max dimension of 2e integrals buffer: (528,528)

 ----------------------------------------------------------------------------
 #    Dmax        Memory (MB)    NPivots     %    Time        
 ----------------------------------------------------------------------------
 1    3.3E-002    4.1E+000       21          4    8.3E-003    
 2    3.3E-004    4.0E+000       148         40   1.3E-002    
 3    3.1E-006    3.2E+000       219         78   5.3E-003    
 4    9.5E-008    1.7E+000       262         100  2.2E-003    

 Step 1 of the Cholesky decomposition completed
 Computed 262 pivots
 Largest residual Dpq: 9.5E-008
 NCholesky/NAO = 8.2E+000
 Step 1 of Cholesky decomposition completed in 3.0E-002 seconds
 Detailed timings in seconds
 Subtract prev contribs I (M-R**T*R)     1.7E-003
 Subtract prev contribs II (Rk)          2.4E-003
 Two-electron integrals                  2.3E-002
 Reallocation                            4.7E-004

 Step 2 of Cholesky decomposition completed in 4.1E-003 seconds
 Detailed timings in seconds
 Reduced-dimension matrix V    3.2E-003
 V=L*L**T                      4.2E-004
 L**(-1)                       4.6E-004

 Full-dimension Cholesky vectors of the Coulomb matrix will be stored in memory
 Cholesky vectors computed in 5.8E-003 seconds

 ┌─────────────────────────────────────────┐
 │          Self-consistent field          │
 └─────────────────────────────────────────┘

 Atomic orbital basis set
 . . . . . . . . . . . . . . . . . . . . . . . . . . . . . . . . . . . . . . 
 atomic centers                               1
 shell parameter sets                         12
 spherical AOs                                32
 max angular momentum                         3
 parameter set                                ../../../../basis-sets/bse/def2-svp.txt
 . . . . . . . . . . . . . . . . . . . . . . . . . . . . . . . . . . . . . . 
 SCF guess: bare nuclei Hamiltonian
 Starting self-consistent field iterations (spin-unrestricted)
 Alpha electrons: 10
 Beta electrons: 5
 ----------------------------------------------------------------------------
 Exchange-correlation: Hartree-Fock
 ----------------------------------------------------------------------------
 Replicated-data parallel SCF
 ----------------------------
 Processes                               1
 Threads/process                         16
 Allocated 2.1E-004 GiB of scratch space for the KS matrix build
 ----------------------------------------------------------------------------
 Loaded pseudopotential parameters
 ----------------------------------------------------------------------------

 RHENIUM     
 Parameters file: ../../../../basis-sets/bse/def2-svp.txt
 ECP accounts for 60 core electrons

          Coeff         R^n       Exponent                                       

 Local part

         16.44985227      2         2.50865059                                   

 L = 0

       1038.95157226      2        14.09930510                                   
         29.56173830      2         7.04965250                                   
        -16.44985227      2         2.50865059                                   

 L = 1

        339.54350965      2        10.10771690                                   
         24.91369646      2         5.05385830                                   
        -16.44985227      2         2.50865059                                   

 L = 2

        111.69965275      2         6.84861794                                   
         12.62432927      2         3.42430897                                   
        -16.44985227      2         2.50865059                                   

 ----------------------------------------------------------------------------
 Spherical harmonic basis contains 32 vectors
 Linear independence thresh: Eig(S) > 1.0E-006
 Computations will be carried out in the space of 32 MOs
 Threshold for J, K: |Rho(r,s)*(pq|rs)|,|Rho(q,s)*(pq|rs)| > 1.0E-011
 Convergence conditions
 ----------------------
 RhoDiff < 1.0E-006
 OrbGrad < 1.0E-006
 Max number of macroiters: 1024
 ------------------------------------------------------------------------------
 #           Energy        EDiff    RhoDiff  OrbGrad  OrbShift NStored Time     
 ------------------------------------------------------------------------------
 0          342.7562483661                                        0    3.1E-002 
 1          -76.0370202872           2.2E+01                      0    8.6E-003 
 2          -77.4104549014 -1.4E+00  3.4E+00  6.8E-01  4.8E-01    1    9.5E-003 
 3          -77.4573390626 -4.7E-02  6.2E-01  8.1E-02  0.0E+00    2    9.0E-003 
 4          -77.4613751440 -4.0E-03  7.8E-02  3.3E-02  0.0E+00    3    9.2E-003 
 5          -77.4626542578 -1.3E-03  3.2E-02  7.5E-03  3.1E-02    4    1.0E-002 
 6          -77.4648538774 -2.2E-03  3.6E-02  8.5E-03  1.1E-01    5    1.1E-002 
 7          -77.4684682333 -3.6E-03  4.4E-02  1.3E-02  1.9E-01    6    1.1E-002 
 8          -77.4740749780 -5.6E-03  6.0E-02  1.8E-02  2.0E-01    7    1.2E-002 
 9          -77.4825442486 -8.5E-03  7.6E-02  2.4E-02  2.1E-01    8    1.2E-002 
 10         -77.4945783228 -1.2E-02  9.8E-02  2.9E-02  2.0E-01    8    1.3E-002 
 11         -77.5097126775 -1.5E-02  1.3E-01  3.3E-02  1.7E-01    8    1.2E-002 
 12         -77.5242643456 -1.5E-02  1.4E-01  3.2E-02  1.0E-01    8    1.2E-002 
 13         -77.5295319226 -5.3E-03  1.4E-01  2.1E-02  0.0E+00    8    9.4E-003 
 14         -77.5297909348 -2.6E-04  2.0E-02  5.0E-03  0.0E+00    8    9.4E-003 
 15         -77.5297928639 -1.9E-06  3.2E-03  4.3E-04  0.0E+00    8    9.4E-003 
 16         -77.5297930097 -1.5E-07  8.9E-04  1.5E-04  0.0E+00    8    9.3E-003 
 17         -77.5297930371 -2.7E-08  1.8E-04  4.5E-05  0.0E+00    8    9.4E-003 
 18         -77.5297930426 -5.5E-09  6.1E-05  2.3E-05  0.0E+00    8    9.4E-003 
 19         -77.5297930435 -8.9E-10  4.1E-05  1.2E-05  0.0E+00    8    9.4E-003 
 20         -77.5297930435 -2.8E-11  1.1E-05  1.9E-06  0.0E+00    8    9.4E-003 
 21         -77.5297930435 -3.0E-12  3.9E-06  5.2E-07  0.0E+00    8    9.4E-003 
 22         -77.5297930435 -4.0E-13  2.5E-06  2.1E-07  0.0E+00    8    9.4E-003 
 Skipping trust radius update
 23         -77.5297930435  5.7E-14  2.7E-07  3.1E-08  0.0E+00    8    9.4E-003 
 ------------------------------------------------------------------------------
 SCF converged
 Converged energy                        -77.529793043491    
 ------------------------------------------------------------------------------
 Ehomo(Alpha) [eV]                       -8.822967215138     
 Elumo(Alpha) [eV]                       1.218076153940      
 Ehomo(Beta) [eV]                        -6.070167218539     
 Elumo(Beta) [eV]                        1.653451025303      

 dipole moment (Debye)
        x              y              z       
      2.368E-014    -3.038E-014     7.813E-014

 traceless quadrupole moment (Debye*Angs)
                       x              y              z       
 x                   7.508E-007     5.124E-007     7.325E-007
 y                   5.124E-007    -1.816E-007    -2.007E-007
 z                   7.325E-007    -2.007E-007    -5.692E-007

 ----------------------------------------------------------------------------
 Timings (seconds)
 * mean-field hamiltonian     2.1E-001
 * solver (setting up eqns)   6.7E-003
 * solver (energy estimate)   2.4E-003
 * solver (orthogonalization) 4.4E-004
 * solver (rotation matrix X) 2.3E-002
 * solver (exponential of X)  1.5E-003
 * solver (total)             3.5E-002
 * total SCF                  2.7E-001
 Atomic guess: RE, ../../../../basis-sets/bse/def2-svp.txt
 ---------------------------------------------------------
 E(HF) [a.u.]                            -7.7529793043E+001
 Tr(RhoAvg S), Cartesian AOs              1.5000000000E+001
 Tr(RhoAvg S), spherical AOs              1.5000000000E+001
 max|T RhoAvg T**T - RhoAvg_sao|                  1.22E-015
 max|c(RhoAvg) - c(Rho)|                          1.11E-016
 max|RhoAvg - Rho|                                1.57E-007
 Saved /mnt/storage_6/project_data/pl0415-03/marcin/beyond-rpa/guess/electron-densities/bse/def2-svp/re.txt
 ----------------------------------------------------------------------------
                             SCF for OS (2S+1=5)                             
 ----------------------------------------------------------------------------
 NUMBER OF ATOMS                         1
 CHARGE                                  0
 Prescreening (pq|pq) integrals for the Cholesky decomposition
 Shell pairs will be sorted according to their max elements
 Max diagonal integral MaxDrs=3.5E+000
 Applying Eq. 15 in J. Chem. Phys. 150, 194112 (2019); doi: 10.1063/1.5083802
 Schwarz inequality: Dpq<min(10**(-8),Tau)**2/MaxDrs=2.8E-017
 Trace of exact Coulomb matrix: 4.1E+001
 Trace of discarded integrals: 0.0E+000
 Discarded 0 out of 78 shell pairs
 (0 out of 528 orbital pairs)

 Step 1 of Cholesky decomposition: locating pivots
 -------------------------------------------------
 Dimensions of the Coulomb matrix: (528,528)
 Threshold for diagonal matrix elements: Dpq > 1.0E-007
 Max number of Cholesky vectors: 480
 Rk storage block size: 500
 Max dimension of 2e integrals buffer: (528,528)

 ----------------------------------------------------------------------------
 #    Dmax        Memory (MB)    NPivots     %    Time        
 ----------------------------------------------------------------------------
 1    3.3E-002    4.1E+000       19          4    5.9E-003    
 2    3.0E-004    4.1E+000       148         40   1.5E-002    
 3    3.0E-006    3.2E+000       215         71   9.5E-003    
 4    8.5E-008    2.0E+000       259         100  7.6E-003    

 Step 1 of the Cholesky decomposition completed
 Computed 259 pivots
 Largest residual Dpq: 8.5E-008
 NCholesky/NAO = 8.1E+000
 Step 1 of Cholesky decomposition completed in 3.8E-002 seconds
 Detailed timings in seconds
 Subtract prev contribs I (M-R**T*R)     1.7E-003
 Subtract prev contribs II (Rk)          2.4E-003
 Two-electron integrals                  3.2E-002
 Reallocation                            4.6E-004

 Step 2 of Cholesky decomposition completed in 4.3E-003 seconds
 Detailed timings in seconds
 Reduced-dimension matrix V    3.4E-003
 V=L*L**T                      4.3E-004
 L**(-1)                       4.3E-004

 Full-dimension Cholesky vectors of the Coulomb matrix will be stored in memory
 Cholesky vectors computed in 5.9E-003 seconds

 ┌─────────────────────────────────────────┐
 │          Self-consistent field          │
 └─────────────────────────────────────────┘

 Atomic orbital basis set
 . . . . . . . . . . . . . . . . . . . . . . . . . . . . . . . . . . . . . . 
 atomic centers                               1
 shell parameter sets                         12
 spherical AOs                                32
 max angular momentum                         3
 parameter set                                ../../../../basis-sets/bse/def2-svp.txt
 . . . . . . . . . . . . . . . . . . . . . . . . . . . . . . . . . . . . . . 
 SCF guess: bare nuclei Hamiltonian
 Starting self-consistent field iterations (spin-unrestricted)
 Alpha electrons: 10
 Beta electrons: 6
 ----------------------------------------------------------------------------
 Exchange-correlation: Hartree-Fock
 ----------------------------------------------------------------------------
 Replicated-data parallel SCF
 ----------------------------
 Processes                               1
 Threads/process                         16
 Allocated 2.1E-004 GiB of scratch space for the KS matrix build
 ----------------------------------------------------------------------------
 Loaded pseudopotential parameters
 ----------------------------------------------------------------------------

 OSMIUM      
 Parameters file: ../../../../basis-sets/bse/def2-svp.txt
 ECP accounts for 60 core electrons

          Coeff         R^n       Exponent                                       

 Local part

         18.90945701      2         2.76707510                                   

 L = 0

        885.40571914      2        13.87575390                                   
         25.96704014      2         6.93787690                                   
        -18.90945701      2         2.76707510                                   

 L = 1

        320.08390185      2        10.19379260                                   
         26.14876493      2         5.09689620                                   
        -18.90945701      2         2.76707510                                   

 L = 2

        115.04484313      2         7.09923846                                   
         13.62257457      2         3.54961923                                   
        -18.90945701      2         2.76707510                                   

 ----------------------------------------------------------------------------
 Spherical harmonic basis contains 32 vectors
 Linear independence thresh: Eig(S) > 1.0E-006
 Computations will be carried out in the space of 32 MOs
 Threshold for J, K: |Rho(r,s)*(pq|rs)|,|Rho(q,s)*(pq|rs)| > 1.0E-011
 Convergence conditions
 ----------------------
 RhoDiff < 1.0E-006
 OrbGrad < 1.0E-006
 Max number of macroiters: 1024
 ------------------------------------------------------------------------------
 #           Energy        EDiff    RhoDiff  OrbGrad  OrbShift NStored Time     
 ------------------------------------------------------------------------------
 0          286.5074580228                                        0    3.1E-002 
 1          -87.9234389844           2.3E+01                      0    8.8E-003 
 2          -89.7273606001 -1.8E+00  3.7E+00  7.7E-01  5.9E-01    1    9.6E-003 
 3          -89.7659005112 -3.9E-02  6.5E-01  1.1E-01  0.0E+00    2    9.2E-003 
 4          -89.7696867345 -3.8E-03  1.3E-01  2.3E-02  0.0E+00    3    9.4E-003 
 5          -89.7710072780 -1.3E-03  3.1E-02  7.8E-03  0.0E+00    4    9.3E-003 
 6          -89.7733303257 -2.3E-03  3.7E-02  9.6E-03  1.1E-01    5    1.1E-002 
 7          -89.7769969810 -3.7E-03  3.4E-02  1.2E-02  1.6E-01    6    1.1E-002 
 8          -89.7819884171 -5.0E-03  4.3E-02  1.5E-02  1.5E-01    7    1.2E-002 
 9          -89.7884589873 -6.5E-03  5.0E-02  1.7E-02  1.3E-01    8    1.2E-002 
 10         -89.7960711746 -7.6E-03  6.3E-02  1.8E-02  1.0E-01    8    1.2E-002 
 11         -89.8037721285 -7.7E-03  7.9E-02  1.6E-02  6.6E-02    8    1.2E-002 
 12         -89.8107470161 -7.0E-03  1.4E-01  1.2E-02  2.6E-02    8    1.2E-002 
 13         -89.8204939022 -9.7E-03  1.5E-01  1.0E-02  5.4E-02    8    1.3E-002 
 14         -89.8300843250 -9.6E-03  1.6E-01  1.5E-02  4.0E-02    8    1.3E-002 
 15         -89.8316469693 -1.6E-03  4.4E-02  1.3E-02  0.0E+00    8    9.6E-003 
 16         -89.8317368748 -9.0E-05  5.8E-03  3.8E-03  0.0E+00    8    9.5E-003 
 17         -89.8317440550 -7.2E-06  2.2E-03  9.6E-04  0.0E+00    8    9.6E-003 
 18         -89.8317445857 -5.3E-07  7.9E-04  3.3E-04  0.0E+00    8    9.6E-003 
 19         -89.8317446705 -8.5E-08  2.5E-04  8.3E-05  0.0E+00    8    9.5E-003 
 20         -89.8317446865 -1.6E-08  9.0E-05  5.5E-05  0.0E+00    8    9.6E-003 
 21         -89.8317446893 -2.9E-09  4.6E-05  2.4E-05  0.0E+00    8    9.6E-003 
 22         -89.8317446894 -3.8E-11  7.2E-06  2.5E-06  0.0E+00    8    9.6E-003 
 23         -89.8317446894 -3.9E-12  3.5E-06  7.0E-07  0.0E+00    8    9.6E-003 
 24         -89.8317446894 -8.2E-13  1.8E-06  2.1E-07  0.0E+00    8    9.6E-003 
 25         -89.8317446894 -4.1E-13  1.1E-06  1.2E-07  0.0E+00    8    9.5E-003 
 26         -89.8317446894 -1.4E-14  4.4E-07  7.1E-08  0.0E+00    8    9.7E-003 
 ------------------------------------------------------------------------------
 SCF converged
 Converged energy                        -89.831744689367    
 ------------------------------------------------------------------------------
 Ehomo(Alpha) [eV]                       -8.821068107594     
 Elumo(Alpha) [eV]                       1.376190244743      
 Ehomo(Beta) [eV]                        -6.719559341432     
 Elumo(Beta) [eV]                        1.888942568346      

 dipole moment (Debye)
        x              y              z       
      3.883E-012     1.241E-012    -4.181E-013

 traceless quadrupole moment (Debye*Angs)
                       x              y              z       
 x                   2.328E-001    -7.229E-001     7.926E-001
 y                  -7.229E-001    -1.717E-001    -6.015E-001
 z                   7.926E-001    -6.015E-001    -6.109E-002

 ----------------------------------------------------------------------------
 Timings (seconds)
 * mean-field hamiltonian     2.4E-001
 * solver (setting up eqns)   7.6E-003
 * solver (energy estimate)   2.8E-003
 * solver (orthogonalization) 4.8E-004
 * solver (rotation matrix X) 2.8E-002
 * solver (exponential of X)  1.7E-003
 * solver (total)             4.2E-002
 * total SCF                  3.0E-001
 Atomic guess: OS, ../../../../basis-sets/bse/def2-svp.txt
 ---------------------------------------------------------
 E(HF) [a.u.]                            -8.9831744689E+001
 Tr(RhoAvg S), Cartesian AOs              1.6000000000E+001
 Tr(RhoAvg S), spherical AOs              1.6000000000E+001
 max|T RhoAvg T**T - RhoAvg_sao|                  9.99E-016
 max|c(RhoAvg) - c(Rho)|                          4.44E-016
 max|RhoAvg - Rho|                                2.48E-001
 Saved /mnt/storage_6/project_data/pl0415-03/marcin/beyond-rpa/guess/electron-densities/bse/def2-svp/os.txt
 ----------------------------------------------------------------------------
                             SCF for IR (2S+1=4)                             
 ----------------------------------------------------------------------------
 NUMBER OF ATOMS                         1
 CHARGE                                  0
 Prescreening (pq|pq) integrals for the Cholesky decomposition
 Shell pairs will be sorted according to their max elements
 Max diagonal integral MaxDrs=3.6E+000
 Applying Eq. 15 in J. Chem. Phys. 150, 194112 (2019); doi: 10.1063/1.5083802
 Schwarz inequality: Dpq<min(10**(-8),Tau)**2/MaxDrs=2.8E-017
 Trace of exact Coulomb matrix: 4.2E+001
 Trace of discarded integrals: 0.0E+000
 Discarded 0 out of 78 shell pairs
 (0 out of 528 orbital pairs)

 Step 1 of Cholesky decomposition: locating pivots
 -------------------------------------------------
 Dimensions of the Coulomb matrix: (528,528)
 Threshold for diagonal matrix elements: Dpq > 1.0E-007
 Max number of Cholesky vectors: 480
 Rk storage block size: 500
 Max dimension of 2e integrals buffer: (528,528)

 ----------------------------------------------------------------------------
 #    Dmax        Memory (MB)    NPivots     %    Time        
 ----------------------------------------------------------------------------
 1    3.5E-002    4.1E+000       19          4    9.5E-003    
 2    3.1E-004    4.1E+000       148         42   1.4E-002    
 3    2.5E-006    3.2E+000       215         73   9.1E-003    
 4    9.6E-008    1.8E+000       257         100  4.6E-003    

 Step 1 of the Cholesky decomposition completed
 Computed 257 pivots
 Largest residual Dpq: 9.6E-008
 NCholesky/NAO = 8.0E+000
 Step 1 of Cholesky decomposition completed in 3.8E-002 seconds
 Detailed timings in seconds
 Subtract prev contribs I (M-R**T*R)     2.3E-003
 Subtract prev contribs II (Rk)          2.2E-003
 Two-electron integrals                  3.1E-002
 Reallocation                            7.5E-004

 Step 2 of Cholesky decomposition completed in 3.5E-003 seconds
 Detailed timings in seconds
 Reduced-dimension matrix V    2.7E-003
 V=L*L**T                      4.0E-004
 L**(-1)                       3.8E-004

 Full-dimension Cholesky vectors of the Coulomb matrix will be stored in memory
 Cholesky vectors computed in 6.0E-003 seconds

 ┌─────────────────────────────────────────┐
 │          Self-consistent field          │
 └─────────────────────────────────────────┘

 Atomic orbital basis set
 . . . . . . . . . . . . . . . . . . . . . . . . . . . . . . . . . . . . . . 
 atomic centers                               1
 shell parameter sets                         12
 spherical AOs                                32
 max angular momentum                         3
 parameter set                                ../../../../basis-sets/bse/def2-svp.txt
 . . . . . . . . . . . . . . . . . . . . . . . . . . . . . . . . . . . . . . 
 SCF guess: bare nuclei Hamiltonian
 Starting self-consistent field iterations (spin-unrestricted)
 Alpha electrons: 10
 Beta electrons: 7
 ----------------------------------------------------------------------------
 Exchange-correlation: Hartree-Fock
 ----------------------------------------------------------------------------
 Replicated-data parallel SCF
 ----------------------------
 Processes                               1
 Threads/process                         16
 Allocated 2.1E-004 GiB of scratch space for the KS matrix build
 ----------------------------------------------------------------------------
 Loaded pseudopotential parameters
 ----------------------------------------------------------------------------

 IRIDIUM     
 Parameters file: ../../../../basis-sets/bse/def2-svp.txt
 ECP accounts for 60 core electrons

          Coeff         R^n       Exponent                                       

 Local part

         21.53103107      2         3.03407192                                   

 L = 0

        732.26919978      2        13.65220260                                   
         26.48472087      2         6.82610130                                   
        -21.53103107      2         3.03407192                                   

 L = 1

        299.48947357      2        10.27986840                                   
         26.46623354      2         5.13993410                                   
        -21.53103107      2         3.03407192                                   

 L = 2

        124.45759451      2         7.34985897                                   
         14.03599518      2         3.67492949                                   
        -21.53103107      2         3.03407192                                   

 ----------------------------------------------------------------------------
 Spherical harmonic basis contains 32 vectors
 Linear independence thresh: Eig(S) > 1.0E-006
 Computations will be carried out in the space of 32 MOs
 Threshold for J, K: |Rho(r,s)*(pq|rs)|,|Rho(q,s)*(pq|rs)| > 1.0E-011
 Convergence conditions
 ----------------------
 RhoDiff < 1.0E-006
 OrbGrad < 1.0E-006
 Max number of macroiters: 1024
 ------------------------------------------------------------------------------
 #           Energy        EDiff    RhoDiff  OrbGrad  OrbShift NStored Time     
 ------------------------------------------------------------------------------
 0          225.4823130673                                        0    3.7E-002 
 1         -101.3387830853           2.3E+01                      0    8.9E-003 
 2         -103.3759197854 -2.0E+00  3.7E+00  8.3E-01  6.4E-01    1    9.7E-003 
 3         -103.4146474343 -3.9E-02  6.6E-01  1.3E-01  0.0E+00    2    9.2E-003 
 4         -103.4185509837 -3.9E-03  1.3E-01  2.1E-02  0.0E+00    3    9.7E-003 
 5         -103.4202618057 -1.7E-03  4.0E-02  1.0E-02  0.0E+00    4    9.7E-003 
 6         -103.4221172751 -1.9E-03  3.6E-02  9.1E-03  5.0E-02    5    1.1E-002 
 7         -103.4239735883 -1.9E-03  4.4E-02  7.6E-03  4.2E-02    6    1.1E-002 
 8         -103.4258237013 -1.9E-03  5.2E-02  6.0E-03  2.4E-02    7    1.2E-002 
 9         -103.4282768576 -2.5E-03  7.0E-02  7.7E-03  3.3E-02    8    1.2E-002 
 10        -103.4304626632 -2.2E-03  7.7E-02  7.3E-03  1.6E-02    8    1.3E-002 
 11        -103.4307715135 -3.1E-04  2.3E-02  3.2E-03  0.0E+00    8    9.8E-003 
 12        -103.4309838943 -2.1E-04  2.3E-02  2.5E-03  0.0E+00    8    9.7E-003 
 13        -103.4310053667 -2.1E-05  7.8E-03  9.2E-04  0.0E+00    8    9.6E-003 
 14        -103.4310076936 -2.3E-06  1.2E-03  3.0E-04  0.0E+00    8    9.8E-003 
 15        -103.4310100432 -2.3E-06  2.0E-03  2.1E-04  0.0E+00    8    9.7E-003 
 16        -103.4310117690 -1.7E-06  3.2E-03  1.6E-04  0.0E+00    8    9.7E-003 
 17        -103.4310120240 -2.6E-07  8.8E-04  1.5E-04  0.0E+00    8    9.7E-003 
 18        -103.4310120456 -2.2E-08  1.7E-04  4.7E-05  0.0E+00    8    9.6E-003 
 19        -103.4310120462 -6.0E-10  2.8E-05  5.9E-06  0.0E+00    8    9.7E-003 
 20        -103.4310120463 -1.1E-10  7.6E-06  1.8E-06  0.0E+00    8    9.7E-003 
 21        -103.4310120464 -1.1E-10  1.4E-05  1.5E-06  0.0E+00    8    9.5E-003 
 22        -103.4310120465 -6.0E-11  1.1E-05  1.2E-06  0.0E+00    8    9.7E-003 
 23        -103.4310120465 -3.4E-11  8.4E-06  7.0E-07  0.0E+00    8    9.6E-003 
 24        -103.4310120465 -1.2E-12  1.2E-06  2.6E-07  0.0E+00    8    9.7E-003 
 25        -103.4310120465 -4.5E-13  1.2E-06  1.4E-07  0.0E+00    8    9.7E-003 
 26        -103.4310120465 -1.4E-13  2.5E-07  5.6E-08  0.0E+00    8    9.6E-003 
 ------------------------------------------------------------------------------
 SCF converged
 Converged energy                        -103.431012046508   
 ------------------------------------------------------------------------------
 Ehomo(Alpha) [eV]                       -7.879507172850     
 Elumo(Alpha) [eV]                       1.693741029047      
 Ehomo(Beta) [eV]                        -9.113140758189     
 Elumo(Beta) [eV]                        0.300796517959      

 dipole moment (Debye)
        x              y              z       
      2.392E-012    -1.066E-011    -1.112E-012

 traceless quadrupole moment (Debye*Angs)
                       x              y              z       
 x                  -2.864E-007     1.027E-006    -6.618E-007
 y                   1.027E-006     1.200E-006     4.372E-007
 z                  -6.618E-007     4.372E-007    -9.135E-007

 ----------------------------------------------------------------------------
 Timings (seconds)
 * mean-field hamiltonian     2.4E-001
 * solver (setting up eqns)   7.1E-003
 * solver (energy estimate)   2.5E-003
 * solver (orthogonalization) 4.7E-004
 * solver (rotation matrix X) 1.7E-002
 * solver (exponential of X)  1.6E-003
 * solver (total)             2.9E-002
 * total SCF                  3.0E-001
 Atomic guess: IR, ../../../../basis-sets/bse/def2-svp.txt
 ---------------------------------------------------------
 E(HF) [a.u.]                            -1.0343101205E+002
 Tr(RhoAvg S), Cartesian AOs              1.7000000000E+001
 Tr(RhoAvg S), spherical AOs              1.7000000000E+001
 max|T RhoAvg T**T - RhoAvg_sao|                  1.11E-015
 max|c(RhoAvg) - c(Rho)|                          4.44E-016
 max|RhoAvg - Rho|                                3.01E-001
 Saved /mnt/storage_6/project_data/pl0415-03/marcin/beyond-rpa/guess/electron-densities/bse/def2-svp/ir.txt
 ----------------------------------------------------------------------------
                             SCF for PT (2S+1=3)                             
 ----------------------------------------------------------------------------
 NUMBER OF ATOMS                         1
 CHARGE                                  0
 Prescreening (pq|pq) integrals for the Cholesky decomposition
 Shell pairs will be sorted according to their max elements
 Max diagonal integral MaxDrs=3.7E+000
 Applying Eq. 15 in J. Chem. Phys. 150, 194112 (2019); doi: 10.1063/1.5083802
 Schwarz inequality: Dpq<min(10**(-8),Tau)**2/MaxDrs=2.7E-017
 Trace of exact Coulomb matrix: 4.2E+001
 Trace of discarded integrals: 0.0E+000
 Discarded 0 out of 78 shell pairs
 (0 out of 528 orbital pairs)

 Step 1 of Cholesky decomposition: locating pivots
 -------------------------------------------------
 Dimensions of the Coulomb matrix: (528,528)
 Threshold for diagonal matrix elements: Dpq > 1.0E-007
 Max number of Cholesky vectors: 480
 Rk storage block size: 500
 Max dimension of 2e integrals buffer: (528,528)

 ----------------------------------------------------------------------------
 #    Dmax        Memory (MB)    NPivots     %    Time        
 ----------------------------------------------------------------------------
 1    3.7E-002    4.1E+000       19          4    8.2E-003    
 2    3.5E-004    4.0E+000       148         38   1.3E-002    
 3    3.4E-006    3.6E+000       222         79   8.6E-003    
 4    5.5E-008    1.6E+000       262         100  5.3E-003    

 Step 1 of the Cholesky decomposition completed
 Computed 262 pivots
 Largest residual Dpq: 5.5E-008
 NCholesky/NAO = 8.2E+000
 Step 1 of Cholesky decomposition completed in 3.6E-002 seconds
 Detailed timings in seconds
 Subtract prev contribs I (M-R**T*R)     2.5E-003
 Subtract prev contribs II (Rk)          2.5E-003
 Two-electron integrals                  2.9E-002
 Reallocation                            5.0E-004

 Step 2 of Cholesky decomposition completed in 3.3E-003 seconds
 Detailed timings in seconds
 Reduced-dimension matrix V    2.5E-003
 V=L*L**T                      4.3E-004
 L**(-1)                       3.7E-004

 Full-dimension Cholesky vectors of the Coulomb matrix will be stored in memory
 Cholesky vectors computed in 5.6E-003 seconds

 ┌─────────────────────────────────────────┐
 │          Self-consistent field          │
 └─────────────────────────────────────────┘

 Atomic orbital basis set
 . . . . . . . . . . . . . . . . . . . . . . . . . . . . . . . . . . . . . . 
 atomic centers                               1
 shell parameter sets                         12
 spherical AOs                                32
 max angular momentum                         3
 parameter set                                ../../../../basis-sets/bse/def2-svp.txt
 . . . . . . . . . . . . . . . . . . . . . . . . . . . . . . . . . . . . . . 
 SCF guess: bare nuclei Hamiltonian
 Starting self-consistent field iterations (spin-unrestricted)
 Alpha electrons: 10
 Beta electrons: 8
 ----------------------------------------------------------------------------
 Exchange-correlation: Hartree-Fock
 ----------------------------------------------------------------------------
 Replicated-data parallel SCF
 ----------------------------
 Processes                               1
 Threads/process                         16
 Allocated 2.1E-004 GiB of scratch space for the KS matrix build
 ----------------------------------------------------------------------------
 Loaded pseudopotential parameters
 ----------------------------------------------------------------------------

 PLATINUM    
 Parameters file: ../../../../basis-sets/bse/def2-svp.txt
 ECP accounts for 60 core electrons

          Coeff         R^n       Exponent                                       

 Local part

         24.31437573      2         3.30956857                                   

 L = 0

        579.22386092      2        13.42865130                                   
         29.66949062      2         6.71432560                                   
        -24.31437573      2         3.30956857                                   

 L = 1

        280.86077422      2        10.36594420                                   
         26.74538204      2         5.18297210                                   
        -24.31437573      2         3.30956857                                   

 L = 2

        120.39644429      2         7.60047949                                   
         15.81092058      2         3.80023974                                   
        -24.31437573      2         3.30956857                                   

 ----------------------------------------------------------------------------
 Spherical harmonic basis contains 32 vectors
 Linear independence thresh: Eig(S) > 1.0E-006
 Computations will be carried out in the space of 32 MOs
 Threshold for J, K: |Rho(r,s)*(pq|rs)|,|Rho(q,s)*(pq|rs)| > 1.0E-011
 Convergence conditions
 ----------------------
 RhoDiff < 1.0E-006
 OrbGrad < 1.0E-006
 Max number of macroiters: 1024
 ------------------------------------------------------------------------------
 #           Energy        EDiff    RhoDiff  OrbGrad  OrbShift NStored Time     
 ------------------------------------------------------------------------------
 0          160.1576563493                                        0    3.2E-002 
 1         -116.4635916527           2.1E+01                      0    9.3E-003 
 2         -118.3153968890 -1.9E+00  4.3E+00  9.1E-01  6.7E-01    1    1.0E-002 
 3         -118.3826009988 -6.7E-02  7.1E-01  9.2E-02  0.0E+00    2    9.7E-003 
 4         -118.3927470733 -1.0E-02  1.0E-01  4.7E-02  0.0E+00    3    1.0E-002 
 5         -118.3933623291 -6.2E-04  5.3E-02  8.6E-03  0.0E+00    4    9.8E-003 
 6         -118.3934421258 -8.0E-05  6.3E-03  2.9E-03  0.0E+00    5    9.9E-003 
 7         -118.3934795330 -3.7E-05  1.1E-02  1.1E-03  0.0E+00    6    9.9E-003 
 8         -118.3934849590 -5.4E-06  4.2E-03  3.9E-04  0.0E+00    7    9.9E-003 
 9         -118.3934864085 -1.4E-06  1.4E-03  2.2E-04  0.0E+00    8    1.0E-002 
 10        -118.3934879916 -1.6E-06  2.2E-03  1.6E-04  0.0E+00    8    1.0E-002 
 11        -118.3934883160 -3.2E-07  6.4E-04  1.2E-04  0.0E+00    8    1.0E-002 
 12        -118.3934889079 -5.9E-07  1.3E-03  1.3E-04  0.0E+00    8    1.0E-002 
 13        -118.3934931668 -4.3E-06  1.0E-02  1.3E-04  0.0E+00    8    1.0E-002 
 14        -118.3934983728 -5.2E-06  1.5E-02  3.6E-04  2.5E-04    8    1.4E-002 
 15        -118.3935047123 -6.3E-06  1.9E-02  3.0E-04  2.6E-04    8    1.4E-002 
 16        -118.3935139592 -9.2E-06  2.2E-02  3.3E-04  1.3E-03    8    1.4E-002 
 17        -118.3935196010 -5.6E-06  2.5E-02  2.1E-04  0.0E+00    8    1.0E-002 
 18        -118.3935202305 -6.3E-07  7.5E-03  2.0E-04  0.0E+00    8    1.0E-002 
 19        -118.3935203941 -1.6E-07  1.7E-03  9.7E-05  0.0E+00    8    1.0E-002 
 20        -118.3935205296 -1.4E-07  1.2E-03  8.1E-05  0.0E+00    8    1.0E-002 
 21        -118.3935206350 -1.1E-07  5.9E-04  5.5E-05  0.0E+00    8    1.0E-002 
 22        -118.3935206544 -1.9E-08  7.4E-04  4.1E-05  0.0E+00    8    1.0E-002 
 23        -118.3935206578 -3.4E-09  3.9E-04  8.4E-06  0.0E+00    8    1.0E-002 
 24        -118.3935206586 -8.2E-10  2.0E-04  5.2E-06  0.0E+00    8    1.0E-002 
 25        -118.3935206588 -2.0E-10  5.3E-05  2.7E-06  0.0E+00    8    1.0E-002 
 26        -118.3935206588 -2.8E-11  1.1E-05  1.3E-06  0.0E+00    8    1.0E-002 
 27        -118.3935206588 -1.4E-12  2.5E-06  3.4E-07  0.0E+00    8    1.0E-002 
 28        -118.3935206588 -2.3E-13  5.4E-06  6.8E-08  0.0E+00    8    1.0E-002 
 29        -118.3935206588  0.0E+00  8.2E-07  4.2E-08  0.0E+00    8    1.0E-002 
 ------------------------------------------------------------------------------
 SCF converged
 Converged energy                        -118.393520658822   
 ------------------------------------------------------------------------------
 Ehomo(Alpha) [eV]                       -7.885132182858     
 Elumo(Alpha) [eV]                       1.525522347317      
 Ehomo(Beta) [eV]                        -10.055348953557    
 Elumo(Beta) [eV]                        0.039257406965      

 dipole moment (Debye)
        x              y              z       
     -3.380E-010     1.604E-011     1.238E-010

 traceless quadrupole moment (Debye*Angs)
                       x              y              z       
 x                  -3.094E-001     3.145E-001    -1.052E+000
 y                   3.145E-001     6.381E-001     3.174E-001
 z                  -1.052E+000     3.174E-001    -3.287E-001

 ----------------------------------------------------------------------------
 Timings (seconds)
 * mean-field hamiltonian     2.8E-001
 * solver (setting up eqns)   7.7E-003
 * solver (energy estimate)   3.2E-003
 * solver (orthogonalization) 5.3E-004
 * solver (rotation matrix X) 1.9E-002
 * solver (exponential of X)  1.6E-003
 * solver (total)             3.3E-002
 * total SCF                  3.4E-001
 Atomic guess: PT, ../../../../basis-sets/bse/def2-svp.txt
 ---------------------------------------------------------
 E(HF) [a.u.]                            -1.1839352066E+002
 Tr(RhoAvg S), Cartesian AOs              1.8000000000E+001
 Tr(RhoAvg S), spherical AOs              1.8000000000E+001
 max|T RhoAvg T**T - RhoAvg_sao|                  1.78E-015
 max|c(RhoAvg) - c(Rho)|                          8.88E-016
 max|RhoAvg - Rho|                                3.67E-001
 Saved /mnt/storage_6/project_data/pl0415-03/marcin/beyond-rpa/guess/electron-densities/bse/def2-svp/pt.txt
 ----------------------------------------------------------------------------
                             SCF for AU (2S+1=2)                             
 ----------------------------------------------------------------------------
 NUMBER OF ATOMS                         1
 CHARGE                                  0
 Prescreening (pq|pq) integrals for the Cholesky decomposition
 Shell pairs will be sorted according to their max elements
 Max diagonal integral MaxDrs=3.7E+000
 Applying Eq. 15 in J. Chem. Phys. 150, 194112 (2019); doi: 10.1063/1.5083802
 Schwarz inequality: Dpq<min(10**(-8),Tau)**2/MaxDrs=2.7E-017
 Trace of exact Coulomb matrix: 4.4E+001
 Trace of discarded integrals: 0.0E+000
 Discarded 0 out of 78 shell pairs
 (0 out of 528 orbital pairs)

 Step 1 of Cholesky decomposition: locating pivots
 -------------------------------------------------
 Dimensions of the Coulomb matrix: (528,528)
 Threshold for diagonal matrix elements: Dpq > 1.0E-007
 Max number of Cholesky vectors: 480
 Rk storage block size: 500
 Max dimension of 2e integrals buffer: (528,528)

 ----------------------------------------------------------------------------
 #    Dmax        Memory (MB)    NPivots     %    Time        
 ----------------------------------------------------------------------------
 1    3.5E-002    4.1E+000       20          4    9.6E-003    
 2    3.5E-004    4.1E+000       148         39   1.1E-002    
 3    3.3E-006    3.6E+000       218         73   8.2E-003    
 4    6.6E-008    1.9E+000       257         100  6.1E-003    

 Step 1 of the Cholesky decomposition completed
 Computed 257 pivots
 Largest residual Dpq: 6.6E-008
 NCholesky/NAO = 8.0E+000
 Step 1 of Cholesky decomposition completed in 3.6E-002 seconds
 Detailed timings in seconds
 Subtract prev contribs I (M-R**T*R)     2.6E-003
 Subtract prev contribs II (Rk)          2.3E-003
 Two-electron integrals                  2.8E-002
 Reallocation                            1.1E-003

 Step 2 of Cholesky decomposition completed in 3.6E-003 seconds
 Detailed timings in seconds
 Reduced-dimension matrix V    2.8E-003
 V=L*L**T                      4.3E-004
 L**(-1)                       3.8E-004

 Full-dimension Cholesky vectors of the Coulomb matrix will be stored in memory
 Cholesky vectors computed in 5.7E-003 seconds

 ┌─────────────────────────────────────────┐
 │          Self-consistent field          │
 └─────────────────────────────────────────┘

 Atomic orbital basis set
 . . . . . . . . . . . . . . . . . . . . . . . . . . . . . . . . . . . . . . 
 atomic centers                               1
 shell parameter sets                         12
 spherical AOs                                32
 max angular momentum                         3
 parameter set                                ../../../../basis-sets/bse/def2-svp.txt
 . . . . . . . . . . . . . . . . . . . . . . . . . . . . . . . . . . . . . . 
 SCF guess: bare nuclei Hamiltonian
 Starting self-consistent field iterations (spin-unrestricted)
 Alpha electrons: 10
 Beta electrons: 9
 ----------------------------------------------------------------------------
 Exchange-correlation: Hartree-Fock
 ----------------------------------------------------------------------------
 Replicated-data parallel SCF
 ----------------------------
 Processes                               1
 Threads/process                         16
 Allocated 2.1E-004 GiB of scratch space for the KS matrix build
 ----------------------------------------------------------------------------
 Loaded pseudopotential parameters
 ----------------------------------------------------------------------------

 GOLD        
 Parameters file: ../../../../basis-sets/bse/def2-svp.txt
 ECP accounts for 60 core electrons

          Coeff         R^n       Exponent                                       

 Local part

         30.49008890      2         4.78982000                                   
          5.17107381      2         2.39491000                                   

 L = 0

        426.84667920      2        13.20510000                                   
         37.00708285      2         6.60255000                                   
        -30.49008890      2         4.78982000                                   
         -5.17107381      2         2.39491000                                   

 L = 1

        261.19958038      2        10.45202000                                   
         26.96249604      2         5.22601000                                   
        -30.49008890      2         4.78982000                                   
         -5.17107381      2         2.39491000                                   

 L = 2

        124.79066561      2         7.85110000                                   
         16.30072573      2         3.92555000                                   
        -30.49008890      2         4.78982000                                   
         -5.17107381      2         2.39491000                                   

 ----------------------------------------------------------------------------
 Spherical harmonic basis contains 32 vectors
 Linear independence thresh: Eig(S) > 1.0E-006
 Computations will be carried out in the space of 32 MOs
 Threshold for J, K: |Rho(r,s)*(pq|rs)|,|Rho(q,s)*(pq|rs)| > 1.0E-011
 Convergence conditions
 ----------------------
 RhoDiff < 1.0E-006
 OrbGrad < 1.0E-006
 Max number of macroiters: 1024
 ------------------------------------------------------------------------------
 #           Energy        EDiff    RhoDiff  OrbGrad  OrbShift NStored Time     
 ------------------------------------------------------------------------------
 0           96.3061600689                                        0    3.3E-002 
 1         -132.2439269750           2.3E+01                      0    9.8E-003 
 2         -134.7091855118 -2.5E+00  4.7E+00  1.0E+00  8.1E-01    1    1.1E-002 
 3         -134.7735673293 -6.4E-02  7.3E-01  1.3E-01  0.0E+00    2    1.0E-002 
 4         -134.7844073998 -1.1E-02  1.1E-01  4.9E-02  0.0E+00    3    1.0E-002 
 5         -134.7850695387 -6.6E-04  5.3E-02  9.9E-03  0.0E+00    4    1.0E-002 
 6         -134.7851364610 -6.7E-05  7.3E-03  2.2E-03  0.0E+00    5    1.0E-002 
 7         -134.7851611500 -2.5E-05  9.3E-03  1.2E-03  0.0E+00    6    1.0E-002 
 8         -134.7851627368 -1.6E-06  2.1E-03  2.8E-04  0.0E+00    7    1.0E-002 
 9         -134.7851628086 -7.2E-08  4.0E-04  1.2E-04  0.0E+00    8    1.0E-002 
 10        -134.7851628098 -1.2E-09  2.2E-05  1.3E-05  0.0E+00    8    1.1E-002 
 11        -134.7851628100 -1.8E-10  1.6E-05  4.3E-06  0.0E+00    8    1.0E-002 
 12        -134.7851628100 -9.9E-12  4.3E-06  1.4E-06  0.0E+00    8    1.0E-002 
 13        -134.7851628100 -1.1E-12  8.8E-07  2.3E-07  0.0E+00    8    1.0E-002 
 ------------------------------------------------------------------------------
 SCF converged
 Converged energy                        -134.785162809975   
 ------------------------------------------------------------------------------
 Ehomo(Alpha) [eV]                       -7.921896143545     
 Elumo(Alpha) [eV]                       1.792853368075      
 Ehomo(Beta) [eV]                        -12.182150876027    
 Elumo(Beta) [eV]                        -0.122383021116     

 dipole moment (Debye)
        x              y              z       
      3.879E-015    -1.465E-015    -2.988E-015

 traceless quadrupole moment (Debye*Angs)
                       x              y              z       
 x                  -2.542E-006    -5.073E-006     7.225E-006
 y                  -5.073E-006     5.738E-006     1.322E-007
 z                   7.225E-006     1.322E-007    -3.196E-006

 ----------------------------------------------------------------------------
 Timings (seconds)
 * mean-field hamiltonian     1.4E-001
 * solver (setting up eqns)   3.2E-003
 * solver (energy estimate)   1.0E-003
 * solver (orthogonalization) 2.3E-004
 * solver (rotation matrix X) 2.5E-003
 * solver (exponential of X)  7.3E-004
 * solver (total)             8.0E-003
 * total SCF                  1.7E-001
 Atomic guess: AU, ../../../../basis-sets/bse/def2-svp.txt
 ---------------------------------------------------------
 E(HF) [a.u.]                            -1.3478516281E+002
 Tr(RhoAvg S), Cartesian AOs              1.9000000000E+001
 Tr(RhoAvg S), spherical AOs              1.9000000000E+001
 max|T RhoAvg T**T - RhoAvg_sao|                  2.22E-015
 max|c(RhoAvg) - c(Rho)|                          4.44E-016
 max|RhoAvg - Rho|                                1.50E-006
 Saved /mnt/storage_6/project_data/pl0415-03/marcin/beyond-rpa/guess/electron-densities/bse/def2-svp/au.txt
 ----------------------------------------------------------------------------
                                  SCF for HG                                 
 ----------------------------------------------------------------------------
 NUMBER OF ATOMS                         1
 CHARGE                                  0
 Prescreening (pq|pq) integrals for the Cholesky decomposition
 Shell pairs will be sorted according to their max elements
 Max diagonal integral MaxDrs=3.6E+000
 Applying Eq. 15 in J. Chem. Phys. 150, 194112 (2019); doi: 10.1063/1.5083802
 Schwarz inequality: Dpq<min(10**(-8),Tau)**2/MaxDrs=2.8E-017
 Trace of exact Coulomb matrix: 4.6E+001
 Trace of discarded integrals: 0.0E+000
 Discarded 0 out of 78 shell pairs
 (0 out of 528 orbital pairs)

 Step 1 of Cholesky decomposition: locating pivots
 -------------------------------------------------
 Dimensions of the Coulomb matrix: (528,528)
 Threshold for diagonal matrix elements: Dpq > 1.0E-007
 Max number of Cholesky vectors: 480
 Rk storage block size: 500
 Max dimension of 2e integrals buffer: (528,528)

 ----------------------------------------------------------------------------
 #    Dmax        Memory (MB)    NPivots     %    Time        
 ----------------------------------------------------------------------------
 1    3.5E-002    4.1E+000       23          4    1.1E-002    
 2    3.4E-004    4.0E+000       145         36   1.5E-002    
 3    3.3E-006    3.6E+000       214         73   1.2E-002    
 4    7.6E-008    1.8E+000       258         100  4.5E-003    

 Step 1 of the Cholesky decomposition completed
 Computed 258 pivots
 Largest residual Dpq: 7.6E-008
 NCholesky/NAO = 8.1E+000
 Step 1 of Cholesky decomposition completed in 4.3E-002 seconds
 Detailed timings in seconds
 Subtract prev contribs I (M-R**T*R)     2.4E-003
 Subtract prev contribs II (Rk)          2.1E-003
 Two-electron integrals                  3.5E-002
 Reallocation                            1.3E-003

 Step 2 of Cholesky decomposition completed in 3.7E-003 seconds
 Detailed timings in seconds
 Reduced-dimension matrix V    2.9E-003
 V=L*L**T                      4.1E-004
 L**(-1)                       4.2E-004

 Full-dimension Cholesky vectors of the Coulomb matrix will be stored in memory
 Cholesky vectors computed in 5.8E-003 seconds

 ┌─────────────────────────────────────────┐
 │          Self-consistent field          │
 └─────────────────────────────────────────┘

 Atomic orbital basis set
 . . . . . . . . . . . . . . . . . . . . . . . . . . . . . . . . . . . . . . 
 atomic centers                               1
 shell parameter sets                         12
 spherical AOs                                32
 max angular momentum                         3
 parameter set                                ../../../../basis-sets/bse/def2-svp.txt
 . . . . . . . . . . . . . . . . . . . . . . . . . . . . . . . . . . . . . . 
 SCF guess: bare nuclei Hamiltonian
 Starting self-consistent field iterations (spin-restricted singlet)
 Alpha+beta electrons: 20
 ----------------------------------------------------------------------------
 Exchange-correlation: Hartree-Fock
 ----------------------------------------------------------------------------
 Replicated-data parallel SCF
 ----------------------------
 Processes                               1
 Threads/process                         16
 Allocated 1.2E-004 GiB of scratch space for the KS matrix build
 ----------------------------------------------------------------------------
 Loaded pseudopotential parameters
 ----------------------------------------------------------------------------

 MERCURY     
 Parameters file: ../../../../basis-sets/bse/def2-svp.txt
 ECP accounts for 60 core electrons

          Coeff         R^n       Exponent                                       

 Local part

         30.36499643      2         3.88579112                                   

 L = 0

        275.73721174      2        12.98154870                                   
         49.08921249      2         6.49077440                                   
        -30.36499643      2         3.88579112                                   

 L = 1

        241.54007398      2        10.53809580                                   
         27.39659081      2         5.26904790                                   
        -30.36499643      2         3.88579112                                   

 L = 2

        127.86700761      2         8.10172051                                   
         16.60831151      2         4.05086026                                   
        -30.36499643      2         3.88579112                                   

 ----------------------------------------------------------------------------
 Spherical harmonic basis contains 32 vectors
 Linear independence thresh: Eig(S) > 1.0E-006
 Computations will be carried out in the space of 32 MOs
 Threshold for J, K: |Rho(r,s)*(pq|rs)|,|Rho(q,s)*(pq|rs)| > 1.0E-011
 Convergence conditions
 ----------------------
 RhoDiff < 1.0E-006
 OrbGrad < 1.0E-006
 Max number of macroiters: 1024
 ------------------------------------------------------------------------------
 #           Energy        EDiff    RhoDiff  OrbGrad  OrbShift NStored Time     
 ------------------------------------------------------------------------------
 0           28.6527032924                                        0    2.7E-002 
 1         -149.3570935781           7.6E+01                      0    5.1E-003 
 2         -152.4728449871 -3.1E+00  1.0E+01  1.1E+00  9.2E-01    1    5.5E-003 
 3         -152.5449717919 -7.2E-02  1.4E+00  1.4E-01  0.0E+00    2    5.2E-003 
 4         -152.5501154692 -5.1E-03  1.9E-01  3.6E-02  0.0E+00    3    5.3E-003 
 5         -152.5503526767 -2.4E-04  4.6E-02  5.8E-03  0.0E+00    4    5.3E-003 
 6         -152.5503603564 -7.7E-06  5.4E-03  1.6E-03  0.0E+00    5    5.3E-003 
 7         -152.5503603755 -1.9E-08  5.3E-04  5.0E-05  0.0E+00    6    5.4E-003 
 8         -152.5503603761 -6.3E-10  5.1E-05  7.8E-06  0.0E+00    7    5.4E-003 
 9         -152.5503603762 -1.7E-11  7.3E-06  1.6E-06  0.0E+00    8    5.4E-003 
 10        -152.5503603762 -9.1E-13  1.6E-06  3.7E-07  0.0E+00    8    5.5E-003 
 11        -152.5503603762 -2.8E-14  3.8E-07  8.5E-08  0.0E+00    8    5.4E-003 
 ------------------------------------------------------------------------------
 SCF converged
 Converged energy                        -152.550360376156   
 ------------------------------------------------------------------------------
 Ehomo [eV]                              -8.886517964984     
 Elumo [eV]                              2.259896454677      

 dipole moment (Debye)
        x              y              z       
      2.520E-015    -3.855E-015     5.563E-015

 traceless quadrupole moment (Debye*Angs)
                       x              y              z       
 x                   5.028E-006     1.878E-008     9.575E-011
 y                   1.878E-008     3.089E-005     4.279E-010
 z                   9.575E-011     4.279E-010    -3.591E-005

 ----------------------------------------------------------------------------
 Timings (seconds)
 * mean-field hamiltonian     6.0E-002
 * solver (setting up eqns)   1.3E-003
 * solver (energy estimate)   3.7E-004
 * solver (orthogonalization) 1.0E-004
 * solver (rotation matrix X) 9.3E-004
 * solver (exponential of X)  3.4E-004
 * solver (total)             3.3E-003
 * total SCF                  8.8E-002
 Atomic guess: HG, ../../../../basis-sets/bse/def2-svp.txt
 ---------------------------------------------------------
 E(HF) [a.u.]                            -1.5255036038E+002
 Tr(RhoAvg S), Cartesian AOs              2.0000000000E+001
 Tr(RhoAvg S), spherical AOs              2.0000000000E+001
 max|T RhoAvg T**T - RhoAvg_sao|                  1.78E-015
 max|c(RhoAvg) - c(Rho)|                          1.11E-016
 max|RhoAvg - Rho|                                1.15E-005
 Saved /mnt/storage_6/project_data/pl0415-03/marcin/beyond-rpa/guess/electron-densities/bse/def2-svp/hg.txt
 ----------------------------------------------------------------------------
                             SCF for TL (2S+1=2)                             
 ----------------------------------------------------------------------------
 NUMBER OF ATOMS                         1
 CHARGE                                  0
 Prescreening (pq|pq) integrals for the Cholesky decomposition
 Shell pairs will be sorted according to their max elements
 Max diagonal integral MaxDrs=1.3E+000
 Applying Eq. 15 in J. Chem. Phys. 150, 194112 (2019); doi: 10.1063/1.5083802
 Schwarz inequality: Dpq<min(10**(-8),Tau)**2/MaxDrs=7.7E-017
 Trace of exact Coulomb matrix: 3.1E+001
 Trace of discarded integrals: 0.0E+000
 Discarded 0 out of 55 shell pairs
 (0 out of 351 orbital pairs)

 Step 1 of Cholesky decomposition: locating pivots
 -------------------------------------------------
 Dimensions of the Coulomb matrix: (351,351)
 Threshold for diagonal matrix elements: Dpq > 1.0E-007
 Max number of Cholesky vectors: 351
 Rk storage block size: 500
 Max dimension of 2e integrals buffer: (351,351)

 ----------------------------------------------------------------------------
 #    Dmax        Memory (MB)    NPivots     %    Time        
 ----------------------------------------------------------------------------
 1    1.2E-002    2.3E+000       50          17   1.5E-002    
 2    1.2E-004    2.1E+000       126         52   1.8E-002    
 3    7.6E-007    1.4E+000       149         80   1.2E-002    
 4    6.2E-008    5.4E-001       171         100  1.0E-003    

 Step 1 of the Cholesky decomposition completed
 Computed 171 pivots
 Largest residual Dpq: 6.2E-008
 NCholesky/NAO = 6.6E+000
 Step 1 of Cholesky decomposition completed in 4.7E-002 seconds
 Detailed timings in seconds
 Subtract prev contribs I (M-R**T*R)     8.7E-004
 Subtract prev contribs II (Rk)          8.2E-004
 Two-electron integrals                  4.4E-002
 Reallocation                            4.4E-004

 Step 2 of Cholesky decomposition completed in 7.8E-003 seconds
 Detailed timings in seconds
 Reduced-dimension matrix V    7.3E-003
 V=L*L**T                      3.2E-004
 L**(-1)                       2.0E-004

 Full-dimension Cholesky vectors of the Coulomb matrix will be stored in memory
 Cholesky vectors computed in 9.0E-003 seconds

 ┌─────────────────────────────────────────┐
 │          Self-consistent field          │
 └─────────────────────────────────────────┘

 Atomic orbital basis set
 . . . . . . . . . . . . . . . . . . . . . . . . . . . . . . . . . . . . . . 
 atomic centers                               1
 shell parameter sets                         10
 spherical AOs                                26
 max angular momentum                         2
 parameter set                                ../../../../basis-sets/bse/def2-svp.txt
 . . . . . . . . . . . . . . . . . . . . . . . . . . . . . . . . . . . . . . 
 SCF guess: bare nuclei Hamiltonian
 Starting self-consistent field iterations (spin-unrestricted)
 Alpha electrons: 11
 Beta electrons: 10
 ----------------------------------------------------------------------------
 Exchange-correlation: Hartree-Fock
 ----------------------------------------------------------------------------
 Replicated-data parallel SCF
 ----------------------------
 Processes                               1
 Threads/process                         16
 Allocated 1.2E-004 GiB of scratch space for the KS matrix build
 ----------------------------------------------------------------------------
 Loaded pseudopotential parameters
 ----------------------------------------------------------------------------

 THALLIUM    
 Parameters file: ../../../../basis-sets/bse/def2-svp.txt
 ECP accounts for 60 core electrons

          Coeff         R^n       Exponent                                       

 Local part

         15.82548800      2         5.62639900                                   
         21.10402100      2         5.54895200                                   
          2.91512700      2         2.87494600                                   
          3.89690300      2         2.82145100                                   

 L = 0

        281.28466300      2        12.16780500                                   
         62.43425100      2         8.29490900                                   
        -15.82548800      2         5.62639900                                   
        -21.10402100      2         5.54895200                                   
         -2.91512700      2         2.87494600                                   
         -3.89690300      2         2.82145100                                   

 L = 1

          4.63340800      2         7.15149200                                   
          9.34175600      2         5.17286500                                   
         72.29925300      2         9.89107200                                   
        144.55803700      2         9.00339100                                   
        -15.82548800      2         5.62639900                                   
        -21.10402100      2         5.54895200                                   
         -2.91512700      2         2.87494600                                   
         -3.89690300      2         2.82145100                                   

 L = 2

         35.94303900      2         7.13021800                                   
         53.90959300      2         6.92690600                                   
         10.38193900      2         5.41757000                                   
         15.58382200      2         5.13868100                                   
        -15.82548800      2         5.62639900                                   
        -21.10402100      2         5.54895200                                   
         -2.91512700      2         2.87494600                                   
         -3.89690300      2         2.82145100                                   

 ----------------------------------------------------------------------------
 Spherical harmonic basis contains 26 vectors
 Linear independence thresh: Eig(S) > 1.0E-006
 Computations will be carried out in the space of 26 MOs
 Threshold for J, K: |Rho(r,s)*(pq|rs)|,|Rho(q,s)*(pq|rs)| > 1.0E-011
 Convergence conditions
 ----------------------
 RhoDiff < 1.0E-006
 OrbGrad < 1.0E-006
 Max number of macroiters: 1024
 ------------------------------------------------------------------------------
 #           Energy        EDiff    RhoDiff  OrbGrad  OrbShift NStored Time     
 ------------------------------------------------------------------------------
 0           92.1066964466                                        0    2.6E-002 
 1         -170.5615775590           1.2E+01                      0    5.4E-003 
 2         -171.4828802178 -9.2E-01  2.2E+00  5.1E-01  1.9E-01    1    6.1E-003 
 3         -171.5099473794 -2.7E-02  2.6E-01  8.6E-02  0.0E+00    2    5.7E-003 
 4         -171.5133003029 -3.4E-03  1.3E-01  2.6E-02  0.0E+00    3    5.8E-003 
 5         -171.5133918095 -9.2E-05  2.8E-02  5.0E-03  0.0E+00    4    5.8E-003 
 6         -171.5133991891 -7.4E-06  7.5E-03  8.7E-04  0.0E+00    5    5.9E-003 
 7         -171.5133993175 -1.3E-07  1.2E-03  1.9E-04  0.0E+00    6    5.9E-003 
 8         -171.5133993197 -2.1E-09  1.4E-04  2.5E-05  0.0E+00    7    5.9E-003 
 9         -171.5133993197 -5.7E-11  1.6E-05  2.6E-06  0.0E+00    8    5.9E-003 
 10        -171.5133993197 -2.4E-12  3.1E-06  5.4E-07  0.0E+00    8    6.0E-003 
 11        -171.5133993197 -2.3E-13  7.6E-07  1.5E-07  0.0E+00    8    6.1E-003 
 ------------------------------------------------------------------------------
 SCF converged
 Converged energy                        -171.513399319712   
 ------------------------------------------------------------------------------
 Ehomo(Alpha) [eV]                       -5.201303172175     
 Elumo(Alpha) [eV]                       0.569952067725      
 Ehomo(Beta) [eV]                        -11.494144681928    
 Elumo(Beta) [eV]                        0.910684589521      

 dipole moment (Debye)
        x              y              z       
      1.223E-014     1.507E-015    -3.442E-015

 traceless quadrupole moment (Debye*Angs)
                       x              y              z       
 x                   4.552E+000     3.829E-001    -1.099E-001
 y                   3.829E-001    -8.075E+000     3.627E+000
 z                  -1.099E-001     3.627E+000     3.523E+000

 ----------------------------------------------------------------------------
 Timings (seconds)
 * mean-field hamiltonian     6.5E-002
 * solver (setting up eqns)   1.9E-003
 * solver (energy estimate)   7.8E-004
 * solver (orthogonalization) 1.6E-004
 * solver (rotation matrix X) 1.5E-003
 * solver (exponential of X)  5.1E-004
 * solver (total)             5.2E-003
 * total SCF                  9.2E-002
 Atomic guess: TL, ../../../../basis-sets/bse/def2-svp.txt
 ---------------------------------------------------------
 E(HF) [a.u.]                            -1.7151339932E+002
 Tr(RhoAvg S), Cartesian AOs              2.1000000000E+001
 Tr(RhoAvg S), spherical AOs              2.1000000000E+001
 max|T RhoAvg T**T - RhoAvg_sao|                  2.89E-015
 max|c(RhoAvg) - c(Rho)|                          8.88E-016
 max|RhoAvg - Rho|                                2.35E-001
 Saved /mnt/storage_6/project_data/pl0415-03/marcin/beyond-rpa/guess/electron-densities/bse/def2-svp/tl.txt
 ----------------------------------------------------------------------------
                             SCF for PB (2S+1=3)                             
 ----------------------------------------------------------------------------
 NUMBER OF ATOMS                         1
 CHARGE                                  0
 Prescreening (pq|pq) integrals for the Cholesky decomposition
 Shell pairs will be sorted according to their max elements
 Max diagonal integral MaxDrs=1.3E+000
 Applying Eq. 15 in J. Chem. Phys. 150, 194112 (2019); doi: 10.1063/1.5083802
 Schwarz inequality: Dpq<min(10**(-8),Tau)**2/MaxDrs=7.4E-017
 Trace of exact Coulomb matrix: 3.3E+001
 Trace of discarded integrals: 0.0E+000
 Discarded 0 out of 55 shell pairs
 (0 out of 351 orbital pairs)

 Step 1 of Cholesky decomposition: locating pivots
 -------------------------------------------------
 Dimensions of the Coulomb matrix: (351,351)
 Threshold for diagonal matrix elements: Dpq > 1.0E-007
 Max number of Cholesky vectors: 351
 Rk storage block size: 500
 Max dimension of 2e integrals buffer: (351,351)

 ----------------------------------------------------------------------------
 #    Dmax        Memory (MB)    NPivots     %    Time        
 ----------------------------------------------------------------------------
 1    1.2E-002    2.3E+000       49          16   1.5E-002    
 2    1.0E-004    2.1E+000       125         49   1.8E-002    
 3    7.9E-007    1.5E+000       150         83   1.0E-002    
 4    3.7E-008    5.1E-001       171         100  6.3E-003    

 Step 1 of the Cholesky decomposition completed
 Computed 171 pivots
 Largest residual Dpq: 3.7E-008
 NCholesky/NAO = 6.6E+000
 Step 1 of Cholesky decomposition completed in 5.0E-002 seconds
 Detailed timings in seconds
 Subtract prev contribs I (M-R**T*R)     7.0E-004
 Subtract prev contribs II (Rk)          8.5E-004
 Two-electron integrals                  4.8E-002
 Reallocation                            2.6E-004

 Step 2 of Cholesky decomposition completed in 7.8E-003 seconds
 Detailed timings in seconds
 Reduced-dimension matrix V    7.3E-003
 V=L*L**T                      2.9E-004
 L**(-1)                       2.0E-004

 Full-dimension Cholesky vectors of the Coulomb matrix will be stored in memory
 Cholesky vectors computed in 9.2E-003 seconds

 ┌─────────────────────────────────────────┐
 │          Self-consistent field          │
 └─────────────────────────────────────────┘

 Atomic orbital basis set
 . . . . . . . . . . . . . . . . . . . . . . . . . . . . . . . . . . . . . . 
 atomic centers                               1
 shell parameter sets                         10
 spherical AOs                                26
 max angular momentum                         2
 parameter set                                ../../../../basis-sets/bse/def2-svp.txt
 . . . . . . . . . . . . . . . . . . . . . . . . . . . . . . . . . . . . . . 
 SCF guess: bare nuclei Hamiltonian
 Starting self-consistent field iterations (spin-unrestricted)
 Alpha electrons: 12
 Beta electrons: 10
 ----------------------------------------------------------------------------
 Exchange-correlation: Hartree-Fock
 ----------------------------------------------------------------------------
 Replicated-data parallel SCF
 ----------------------------
 Processes                               1
 Threads/process                         16
 Allocated 1.2E-004 GiB of scratch space for the KS matrix build
 ----------------------------------------------------------------------------
 Loaded pseudopotential parameters
 ----------------------------------------------------------------------------

 LEAD        
 Parameters file: ../../../../basis-sets/bse/def2-svp.txt
 ECP accounts for 60 core electrons

          Coeff         R^n       Exponent                                       

 Local part

         12.20989200      2         3.88751200                                   
         16.19029100      2         3.81196300                                   

 L = 0

        281.28549900      2        12.29630300                                   
         62.52021700      2         8.63263400                                   
        -12.20989200      2         3.88751200                                   
        -16.19029100      2         3.81196300                                   

 L = 1

         72.27689700      2        10.24179000                                   
        144.59108300      2         8.92417600                                   
          4.75869300      2         6.58134200                                   
          9.94062100      2         6.25540300                                   
        -12.20989200      2         3.88751200                                   
        -16.19029100      2         3.81196300                                   

 L = 2

         35.84850700      2         7.75433600                                   
         53.72434200      2         7.72028100                                   
         10.11525600      2         4.97026400                                   
         14.83373100      2         4.56378900                                   
        -12.20989200      2         3.88751200                                   
        -16.19029100      2         3.81196300                                   

 ----------------------------------------------------------------------------
 Spherical harmonic basis contains 26 vectors
 Linear independence thresh: Eig(S) > 1.0E-006
 Computations will be carried out in the space of 26 MOs
 Threshold for J, K: |Rho(r,s)*(pq|rs)|,|Rho(q,s)*(pq|rs)| > 1.0E-011
 Convergence conditions
 ----------------------
 RhoDiff < 1.0E-006
 OrbGrad < 1.0E-006
 Max number of macroiters: 1024
 ------------------------------------------------------------------------------
 #           Energy        EDiff    RhoDiff  OrbGrad  OrbShift NStored Time     
 ------------------------------------------------------------------------------
 0           81.7876179548                                        0    2.6E-002 
 1         -190.6641831061           1.3E+01                      0    5.6E-003 
 2         -191.7931412327 -1.1E+00  2.3E+00  5.6E-01  2.2E-01    1    6.1E-003 
 3         -191.8298393557 -3.7E-02  2.7E-01  8.6E-02  0.0E+00    2    5.8E-003 
 4         -191.8333010159 -3.5E-03  1.0E-01  2.1E-02  0.0E+00    3    5.9E-003 
 5         -191.8333724567 -7.1E-05  3.3E-02  5.2E-03  0.0E+00    4    5.9E-003 
 6         -191.8333745795 -2.1E-06  3.9E-03  5.2E-04  0.0E+00    5    6.0E-003 
 7         -191.8333746197 -4.0E-08  5.6E-04  1.0E-04  0.0E+00    6    6.0E-003 
 8         -191.8333746202 -4.2E-10  3.5E-05  9.1E-06  0.0E+00    7    6.1E-003 
 9         -191.8333746202 -2.3E-11  7.4E-06  2.0E-06  0.0E+00    8    6.1E-003 
 10        -191.8333746202 -1.9E-12  2.2E-06  6.0E-07  0.0E+00    8    6.2E-003 
 11        -191.8333746202 -2.6E-13  8.2E-07  1.8E-07  0.0E+00    8    6.2E-003 
 ------------------------------------------------------------------------------
 SCF converged
 Converged energy                        -191.833374620179   
 ------------------------------------------------------------------------------
 Ehomo(Alpha) [eV]                       -6.908302795708     
 Elumo(Alpha) [eV]                       -0.281875423015     
 Ehomo(Beta) [eV]                        -13.689875346445    
 Elumo(Beta) [eV]                        0.494435189257      

 dipole moment (Debye)
        x              y              z       
     -4.529E-015    -5.144E-015     1.404E-015

 traceless quadrupole moment (Debye*Angs)
                       x              y              z       
 x                  -2.043E+000     3.511E+000    -4.230E-001
 y                   3.511E+000     5.358E+000    -1.060E+000
 z                  -4.230E-001    -1.060E+000    -3.316E+000

 ----------------------------------------------------------------------------
 Timings (seconds)
 * mean-field hamiltonian     6.6E-002
 * solver (setting up eqns)   1.9E-003
 * solver (energy estimate)   7.5E-004
 * solver (orthogonalization) 1.6E-004
 * solver (rotation matrix X) 1.5E-003
 * solver (exponential of X)  5.3E-004
 * solver (total)             5.1E-003
 * total SCF                  9.3E-002
 Atomic guess: PB, ../../../../basis-sets/bse/def2-svp.txt
 ---------------------------------------------------------
 E(HF) [a.u.]                            -1.9183337462E+002
 Tr(RhoAvg S), Cartesian AOs              2.2000000000E+001
 Tr(RhoAvg S), spherical AOs              2.2000000000E+001
 max|T RhoAvg T**T - RhoAvg_sao|                  3.33E-015
 max|c(RhoAvg) - c(Rho)|                          1.78E-015
 max|RhoAvg - Rho|                                1.81E-001
 Saved /mnt/storage_6/project_data/pl0415-03/marcin/beyond-rpa/guess/electron-densities/bse/def2-svp/pb.txt
 ----------------------------------------------------------------------------
                             SCF for BI (2S+1=4)                             
 ----------------------------------------------------------------------------
 NUMBER OF ATOMS                         1
 CHARGE                                  0
 Prescreening (pq|pq) integrals for the Cholesky decomposition
 Shell pairs will be sorted according to their max elements
 Max diagonal integral MaxDrs=1.6E+000
 Applying Eq. 15 in J. Chem. Phys. 150, 194112 (2019); doi: 10.1063/1.5083802
 Schwarz inequality: Dpq<min(10**(-8),Tau)**2/MaxDrs=6.4E-017
 Trace of exact Coulomb matrix: 3.6E+001
 Trace of discarded integrals: 0.0E+000
 Discarded 0 out of 55 shell pairs
 (0 out of 351 orbital pairs)

 Step 1 of Cholesky decomposition: locating pivots
 -------------------------------------------------
 Dimensions of the Coulomb matrix: (351,351)
 Threshold for diagonal matrix elements: Dpq > 1.0E-007
 Max number of Cholesky vectors: 351
 Rk storage block size: 500
 Max dimension of 2e integrals buffer: (351,351)

 ----------------------------------------------------------------------------
 #    Dmax        Memory (MB)    NPivots     %    Time        
 ----------------------------------------------------------------------------
 1    1.4E-002    2.3E+000       48          16   1.8E-002    
 2    9.4E-005    2.1E+000       125         52   1.8E-002    
 3    6.1E-007    1.3E+000       149         83   1.2E-002    
 4    8.8E-008    5.7E-001       170         100  7.6E-003    

 Step 1 of the Cholesky decomposition completed
 Computed 170 pivots
 Largest residual Dpq: 8.8E-008
 NCholesky/NAO = 6.5E+000
 Step 1 of Cholesky decomposition completed in 5.6E-002 seconds
 Detailed timings in seconds
 Subtract prev contribs I (M-R**T*R)     5.8E-004
 Subtract prev contribs II (Rk)          8.3E-004
 Two-electron integrals                  5.3E-002
 Reallocation                            7.2E-004

 Step 2 of Cholesky decomposition completed in 6.2E-003 seconds
 Detailed timings in seconds
 Reduced-dimension matrix V    5.7E-003
 V=L*L**T                      3.0E-004
 L**(-1)                       1.9E-004

 Full-dimension Cholesky vectors of the Coulomb matrix will be stored in memory
 Cholesky vectors computed in 7.9E-003 seconds

 ┌─────────────────────────────────────────┐
 │          Self-consistent field          │
 └─────────────────────────────────────────┘

 Atomic orbital basis set
 . . . . . . . . . . . . . . . . . . . . . . . . . . . . . . . . . . . . . . 
 atomic centers                               1
 shell parameter sets                         10
 spherical AOs                                26
 max angular momentum                         2
 parameter set                                ../../../../basis-sets/bse/def2-svp.txt
 . . . . . . . . . . . . . . . . . . . . . . . . . . . . . . . . . . . . . . 
 SCF guess: bare nuclei Hamiltonian
 Starting self-consistent field iterations (spin-unrestricted)
 Alpha electrons: 13
 Beta electrons: 10
 ----------------------------------------------------------------------------
 Exchange-correlation: Hartree-Fock
 ----------------------------------------------------------------------------
 Replicated-data parallel SCF
 ----------------------------
 Processes                               1
 Threads/process                         16
 Allocated 1.2E-004 GiB of scratch space for the KS matrix build
 ----------------------------------------------------------------------------
 Loaded pseudopotential parameters
 ----------------------------------------------------------------------------

 BISMUTH     
 Parameters file: ../../../../basis-sets/bse/def2-svp.txt
 ECP accounts for 60 core electrons

          Coeff         R^n       Exponent                                       

 Local part

         13.71338300      2         4.21454600                                   
         18.19430800      2         4.13340000                                   

 L = 0

        283.26422700      2        13.04309000                                   
         62.47195900      2         8.22168200                                   
        -13.71338300      2         4.21454600                                   
        -18.19430800      2         4.13340000                                   

 L = 1

         72.00149900      2        10.46777700                                   
        144.00227700      2         9.11890100                                   
          5.00794500      2         6.75479100                                   
          9.99155000      2         6.25259200                                   
        -13.71338300      2         4.21454600                                   
        -18.19430800      2         4.13340000                                   

 L = 2

         36.39625900      2         8.08147400                                   
         54.59766400      2         7.89059500                                   
          9.98429400      2         4.95555600                                   
         14.98148500      2         4.70455900                                   
        -13.71338300      2         4.21454600                                   
        -18.19430800      2         4.13340000                                   

 ----------------------------------------------------------------------------
 Spherical harmonic basis contains 26 vectors
 Linear independence thresh: Eig(S) > 1.0E-006
 Computations will be carried out in the space of 26 MOs
 Threshold for J, K: |Rho(r,s)*(pq|rs)|,|Rho(q,s)*(pq|rs)| > 1.0E-011
 Convergence conditions
 ----------------------
 RhoDiff < 1.0E-006
 OrbGrad < 1.0E-006
 Max number of macroiters: 1024
 ------------------------------------------------------------------------------
 #           Energy        EDiff    RhoDiff  OrbGrad  OrbShift NStored Time     
 ------------------------------------------------------------------------------
 0           58.5870319158                                        0    2.6E-002 
 1         -212.0746301180           1.2E+01                      0    5.7E-003 
 2         -213.5524611421 -1.5E+00  2.5E+00  6.1E-01  2.5E-01    1    6.2E-003 
 3         -213.5882790734 -3.6E-02  2.7E-01  9.2E-02  0.0E+00    2    6.0E-003 
 4         -213.5910958014 -2.8E-03  1.1E-01  2.2E-02  0.0E+00    3    6.1E-003 
 5         -213.5911611193 -6.5E-05  3.4E-02  5.9E-03  0.0E+00    4    6.1E-003 
 6         -213.5911637360 -2.6E-06  3.1E-03  6.4E-04  0.0E+00    5    6.1E-003 
 7         -213.5911637625 -2.7E-08  4.0E-04  7.2E-05  0.0E+00    6    6.2E-003 
 8         -213.5911637626 -5.0E-11  4.9E-06  3.9E-06  0.0E+00    7    6.3E-003 
 9         -213.5911637626 -2.0E-12  1.6E-06  5.3E-07  0.0E+00    8    6.3E-003 
 10        -213.5911637626 -1.7E-13  3.9E-07  1.3E-07  0.0E+00    8    6.3E-003 
 ------------------------------------------------------------------------------
 SCF converged
 Converged energy                        -213.591163762583   
 ------------------------------------------------------------------------------
 Ehomo(Alpha) [eV]                       -8.656437033537     
 Elumo(Alpha) [eV]                       8.573778668452      
 Ehomo(Beta) [eV]                        -15.698762302728    
 Elumo(Beta) [eV]                        1.132657438889      

 dipole moment (Debye)
        x              y              z       
     -3.263E-015     6.744E-015     8.484E-015

 traceless quadrupole moment (Debye*Angs)
                       x              y              z       
 x                   3.434E-010    -1.608E-009    -2.147E-008
 y                  -1.608E-009     6.590E-008    -6.051E-010
 z                  -2.147E-008    -6.051E-010    -6.624E-008

 ----------------------------------------------------------------------------
 Timings (seconds)
 * mean-field hamiltonian     6.2E-002
 * solver (setting up eqns)   1.6E-003
 * solver (energy estimate)   6.1E-004
 * solver (orthogonalization) 1.5E-004
 * solver (rotation matrix X) 1.2E-003
 * solver (exponential of X)  4.7E-004
 * solver (total)             4.3E-003
 * total SCF                  8.9E-002
 Atomic guess: BI, ../../../../basis-sets/bse/def2-svp.txt
 ---------------------------------------------------------
 E(HF) [a.u.]                            -2.1359116376E+002
 Tr(RhoAvg S), Cartesian AOs              2.3000000000E+001
 Tr(RhoAvg S), spherical AOs              2.3000000000E+001
 max|T RhoAvg T**T - RhoAvg_sao|                  2.66E-015
 max|c(RhoAvg) - c(Rho)|                          1.78E-015
 max|RhoAvg - Rho|                                6.74E-009
 Saved /mnt/storage_6/project_data/pl0415-03/marcin/beyond-rpa/guess/electron-densities/bse/def2-svp/bi.txt
 ----------------------------------------------------------------------------
                             SCF for PO (2S+1=3)                             
 ----------------------------------------------------------------------------
 NUMBER OF ATOMS                         1
 CHARGE                                  0
 Prescreening (pq|pq) integrals for the Cholesky decomposition
 Shell pairs will be sorted according to their max elements
 Max diagonal integral MaxDrs=1.4E+000
 Applying Eq. 15 in J. Chem. Phys. 150, 194112 (2019); doi: 10.1063/1.5083802
 Schwarz inequality: Dpq<min(10**(-8),Tau)**2/MaxDrs=6.9E-017
 Trace of exact Coulomb matrix: 3.7E+001
 Trace of discarded integrals: 0.0E+000
 Discarded 0 out of 55 shell pairs
 (0 out of 351 orbital pairs)

 Step 1 of Cholesky decomposition: locating pivots
 -------------------------------------------------
 Dimensions of the Coulomb matrix: (351,351)
 Threshold for diagonal matrix elements: Dpq > 1.0E-007
 Max number of Cholesky vectors: 351
 Rk storage block size: 500
 Max dimension of 2e integrals buffer: (351,351)

 ----------------------------------------------------------------------------
 #    Dmax        Memory (MB)    NPivots     %    Time        
 ----------------------------------------------------------------------------
 1    1.4E-002    2.3E+000       50          16   1.6E-002    
 2    7.2E-005    2.0E+000       125         48   1.1E-002    
 3    7.2E-007    1.3E+000       151         86   1.3E-002    
 4    8.7E-008    4.6E-001       164         100  4.8E-004    

 Step 1 of the Cholesky decomposition completed
 Computed 164 pivots
 Largest residual Dpq: 8.7E-008
 NCholesky/NAO = 6.3E+000
 Step 1 of Cholesky decomposition completed in 4.1E-002 seconds
 Detailed timings in seconds
 Subtract prev contribs I (M-R**T*R)     1.2E-003
 Subtract prev contribs II (Rk)          8.2E-004
 Two-electron integrals                  3.8E-002
 Reallocation                            2.4E-004

 Step 2 of Cholesky decomposition completed in 7.4E-003 seconds
 Detailed timings in seconds
 Reduced-dimension matrix V    7.0E-003
 V=L*L**T                      2.7E-004
 L**(-1)                       1.6E-004

 Full-dimension Cholesky vectors of the Coulomb matrix will be stored in memory
 Cholesky vectors computed in 8.9E-003 seconds

 ┌─────────────────────────────────────────┐
 │          Self-consistent field          │
 └─────────────────────────────────────────┘

 Atomic orbital basis set
 . . . . . . . . . . . . . . . . . . . . . . . . . . . . . . . . . . . . . . 
 atomic centers                               1
 shell parameter sets                         10
 spherical AOs                                26
 max angular momentum                         2
 parameter set                                ../../../../basis-sets/bse/def2-svp.txt
 . . . . . . . . . . . . . . . . . . . . . . . . . . . . . . . . . . . . . . 
 SCF guess: bare nuclei Hamiltonian
 Starting self-consistent field iterations (spin-unrestricted)
 Alpha electrons: 13
 Beta electrons: 11
 ----------------------------------------------------------------------------
 Exchange-correlation: Hartree-Fock
 ----------------------------------------------------------------------------
 Replicated-data parallel SCF
 ----------------------------
 Processes                               1
 Threads/process                         16
 Allocated 1.2E-004 GiB of scratch space for the KS matrix build
 ----------------------------------------------------------------------------
 Loaded pseudopotential parameters
 ----------------------------------------------------------------------------

 POLONIUM    
 Parameters file: ../../../../basis-sets/bse/def2-svp.txt
 ECP accounts for 60 core electrons

          Coeff         R^n       Exponent                                       

 Local part

         17.42829500      2         5.01327000                                   
         23.38035300      2         4.98464000                                   
          0.16339200      2         1.32676000                                   
          0.32456600      2         1.52875800                                   

 L = 0

        283.24470600      2        13.27722700                                   
         62.39646100      2         8.39951800                                   
        -17.42829500      2         5.01327000                                   
        -23.38035300      2         4.98464000                                   
         -0.16339200      2         1.32676000                                   
         -0.32456600      2         1.52875800                                   

 L = 1

         71.99171600      2        10.66568200                                   
        143.97187100      2         9.28375300                                   
          4.94961500      2         6.87274900                                   
          9.74049900      2         6.32615000                                   
        -17.42829500      2         5.01327000                                   
        -23.38035300      2         4.98464000                                   
         -0.16339200      2         1.32676000                                   
         -0.32456600      2         1.52875800                                   

 L = 2

         36.37838300      2         8.21486600                                   
         54.56271500      2         8.00869600                                   
          9.88949900      2         5.05522700                                   
         14.69387700      2         4.78255300                                   
        -17.42829500      2         5.01327000                                   
        -23.38035300      2         4.98464000                                   
         -0.16339200      2         1.32676000                                   
         -0.32456600      2         1.52875800                                   

 ----------------------------------------------------------------------------
 Spherical harmonic basis contains 26 vectors
 Linear independence thresh: Eig(S) > 1.0E-006
 Computations will be carried out in the space of 26 MOs
 Threshold for J, K: |Rho(r,s)*(pq|rs)|,|Rho(q,s)*(pq|rs)| > 1.0E-011
 Convergence conditions
 ----------------------
 RhoDiff < 1.0E-006
 OrbGrad < 1.0E-006
 Max number of macroiters: 1024
 ------------------------------------------------------------------------------
 #           Energy        EDiff    RhoDiff  OrbGrad  OrbShift NStored Time     
 ------------------------------------------------------------------------------
 0           46.3385912081                                        0    2.6E-002 
 1         -234.9904889730           1.1E+01                      0    5.7E-003 
 2         -236.6371760455 -1.6E+00  2.2E+00  6.4E-01  3.9E-01    1    6.3E-003 
 3         -236.7163210009 -7.9E-02  4.0E-01  1.0E-01  0.0E+00    2    6.0E-003 
 4         -236.7193070718 -3.0E-03  4.5E-02  2.8E-02  0.0E+00    3    6.1E-003 
 5         -236.7194509731 -1.4E-04  2.6E-02  6.9E-03  0.0E+00    4    6.1E-003 
 6         -236.7194639697 -1.3E-05  8.7E-03  2.0E-03  0.0E+00    5    6.1E-003 
 7         -236.7194642357 -2.7E-07  6.0E-04  1.9E-04  0.0E+00    6    6.2E-003 
 8         -236.7194642424 -6.8E-09  1.2E-04  4.5E-05  0.0E+00    7    6.2E-003 
 9         -236.7194642425 -1.0E-10  9.6E-06  4.1E-06  0.0E+00    8    6.3E-003 
 10        -236.7194642425 -7.0E-12  4.4E-06  1.4E-06  0.0E+00    8    6.3E-003 
 11        -236.7194642425 -5.1E-13  1.6E-06  4.2E-07  0.0E+00    8    6.3E-003 
 Skipping trust radius update
 12        -236.7194642425 -1.4E-13  2.5E-07  5.5E-08  0.0E+00    8    6.4E-003 
 ------------------------------------------------------------------------------
 SCF converged
 Converged energy                        -236.719464242549   
 ------------------------------------------------------------------------------
 Ehomo(Alpha) [eV]                       -8.825711811506     
 Elumo(Alpha) [eV]                       9.452893449453      
 Ehomo(Beta) [eV]                        -7.795734565116     
 Elumo(Beta) [eV]                        -0.039096697591     

 dipole moment (Debye)
        x              y              z       
      4.566E-015     3.071E-015     2.726E-015

 traceless quadrupole moment (Debye*Angs)
                       x              y              z       
 x                   9.813E-001    -6.513E-001     3.076E+000
 y                  -6.513E-001     2.323E+000     1.248E+000
 z                   3.076E+000     1.248E+000    -3.304E+000

 ----------------------------------------------------------------------------
 Timings (seconds)
 * mean-field hamiltonian     7.4E-002
 * solver (setting up eqns)   2.1E-003
 * solver (energy estimate)   8.9E-004
 * solver (orthogonalization) 1.8E-004
 * solver (rotation matrix X) 1.8E-003
 * solver (exponential of X)  5.5E-004
 * solver (total)             5.8E-003
 * total SCF                  1.0E-001
 Atomic guess: PO, ../../../../basis-sets/bse/def2-svp.txt
 ---------------------------------------------------------
 E(HF) [a.u.]                            -2.3671946424E+002
 Tr(RhoAvg S), Cartesian AOs              2.4000000000E+001
 Tr(RhoAvg S), spherical AOs              2.4000000000E+001
 max|T RhoAvg T**T - RhoAvg_sao|                  2.44E-015
 max|c(RhoAvg) - c(Rho)|                          8.88E-016
 max|RhoAvg - Rho|                                1.59E-001
 Saved /mnt/storage_6/project_data/pl0415-03/marcin/beyond-rpa/guess/electron-densities/bse/def2-svp/po.txt
 ----------------------------------------------------------------------------
                             SCF for AT (2S+1=2)                             
 ----------------------------------------------------------------------------
 NUMBER OF ATOMS                         1
 CHARGE                                  0
 Prescreening (pq|pq) integrals for the Cholesky decomposition
 Shell pairs will be sorted according to their max elements
 Max diagonal integral MaxDrs=1.5E+000
 Applying Eq. 15 in J. Chem. Phys. 150, 194112 (2019); doi: 10.1063/1.5083802
 Schwarz inequality: Dpq<min(10**(-8),Tau)**2/MaxDrs=6.9E-017
 Trace of exact Coulomb matrix: 3.8E+001
 Trace of discarded integrals: 0.0E+000
 Discarded 0 out of 55 shell pairs
 (0 out of 351 orbital pairs)

 Step 1 of Cholesky decomposition: locating pivots
 -------------------------------------------------
 Dimensions of the Coulomb matrix: (351,351)
 Threshold for diagonal matrix elements: Dpq > 1.0E-007
 Max number of Cholesky vectors: 351
 Rk storage block size: 500
 Max dimension of 2e integrals buffer: (351,351)

 ----------------------------------------------------------------------------
 #    Dmax        Memory (MB)    NPivots     %    Time        
 ----------------------------------------------------------------------------
 1    1.4E-002    2.3E+000       53          17   1.9E-002    
 2    7.3E-005    2.1E+000       123         46   1.6E-002    
 3    6.3E-007    1.3E+000       153         92   1.8E-003    
 4    8.9E-008    3.2E-001       162         100  4.4E-004    

 Step 1 of the Cholesky decomposition completed
 Computed 162 pivots
 Largest residual Dpq: 8.9E-008
 NCholesky/NAO = 6.2E+000
 Step 1 of Cholesky decomposition completed in 3.8E-002 seconds
 Detailed timings in seconds
 Subtract prev contribs I (M-R**T*R)     9.4E-004
 Subtract prev contribs II (Rk)          8.0E-004
 Two-electron integrals                  3.5E-002
 Reallocation                            2.7E-004

 Step 2 of Cholesky decomposition completed in 7.7E-003 seconds
 Detailed timings in seconds
 Reduced-dimension matrix V    7.3E-003
 V=L*L**T                      2.5E-004
 L**(-1)                       1.6E-004

 Full-dimension Cholesky vectors of the Coulomb matrix will be stored in memory
 Cholesky vectors computed in 7.5E-003 seconds

 ┌─────────────────────────────────────────┐
 │          Self-consistent field          │
 └─────────────────────────────────────────┘

 Atomic orbital basis set
 . . . . . . . . . . . . . . . . . . . . . . . . . . . . . . . . . . . . . . 
 atomic centers                               1
 shell parameter sets                         10
 spherical AOs                                26
 max angular momentum                         2
 parameter set                                ../../../../basis-sets/bse/def2-svp.txt
 . . . . . . . . . . . . . . . . . . . . . . . . . . . . . . . . . . . . . . 
 SCF guess: bare nuclei Hamiltonian
 Starting self-consistent field iterations (spin-unrestricted)
 Alpha electrons: 13
 Beta electrons: 12
 ----------------------------------------------------------------------------
 Exchange-correlation: Hartree-Fock
 ----------------------------------------------------------------------------
 Replicated-data parallel SCF
 ----------------------------
 Processes                               1
 Threads/process                         16
 Allocated 1.2E-004 GiB of scratch space for the KS matrix build
 ----------------------------------------------------------------------------
 Loaded pseudopotential parameters
 ----------------------------------------------------------------------------

 ASTATINE    
 Parameters file: ../../../../basis-sets/bse/def2-svp.txt
 ECP accounts for 60 core electrons

          Coeff         R^n       Exponent                                       

 Local part

         19.87019800      2         5.81216300                                   
         26.41645200      2         5.75371500                                   
          0.99497000      2         2.51347200                                   
          1.49070100      2         2.53626100                                   

 L = 0

         49.95715800      2        30.20083200                                   
        283.21037100      2        13.61230600                                   
         62.28105200      2         8.52934000                                   
        -19.87019800      2         5.81216300                                   
        -26.41645200      2         5.75371500                                   
         -0.99497000      2         2.51347200                                   
         -1.49070100      2         2.53626100                                   

 L = 1

         71.98237100      2        10.85406500                                   
        143.90353200      2         9.46822900                                   
          4.87175900      2         7.03111400                                   
          8.98305900      2         6.14385800                                   
        -19.87019800      2         5.81216300                                   
        -26.41645200      2         5.75371500                                   
         -0.99497000      2         2.51347200                                   
         -1.49070100      2         2.53626100                                   

 L = 2

         36.36323700      2         8.31351500                                   
         54.54897000      2         7.99896500                                   
          9.77628500      2         5.17996600                                   
         14.26475500      2         4.94222600                                   
        -19.87019800      2         5.81216300                                   
        -26.41645200      2         5.75371500                                   
         -0.99497000      2         2.51347200                                   
         -1.49070100      2         2.53626100                                   

 ----------------------------------------------------------------------------
 Spherical harmonic basis contains 26 vectors
 Linear independence thresh: Eig(S) > 1.0E-006
 Computations will be carried out in the space of 26 MOs
 Threshold for J, K: |Rho(r,s)*(pq|rs)|,|Rho(q,s)*(pq|rs)| > 1.0E-011
 Convergence conditions
 ----------------------
 RhoDiff < 1.0E-006
 OrbGrad < 1.0E-006
 Max number of macroiters: 1024
 ------------------------------------------------------------------------------
 #           Energy        EDiff    RhoDiff  OrbGrad  OrbShift NStored Time     
 ------------------------------------------------------------------------------
 0           38.4187325708                                        0    2.6E-002 
 1         -259.3502255814           1.0E+01                      0    5.7E-003 
 2         -261.3088438473 -2.0E+00  2.1E+00  6.8E-01  4.0E-01    1    6.5E-003 
 3         -261.3523237865 -4.3E-02  2.8E-01  9.6E-02  0.0E+00    2    6.0E-003 
 4         -261.3533482859 -1.0E-03  3.8E-02  2.1E-02  0.0E+00    3    6.2E-003 
 5         -261.3533754390 -2.7E-05  1.3E-02  3.3E-03  0.0E+00    4    6.2E-003 
 6         -261.3533782513 -2.8E-06  2.7E-03  7.9E-04  0.0E+00    5    6.2E-003 
 7         -261.3533783616 -1.1E-07  3.8E-04  1.3E-04  0.0E+00    6    6.5E-003 
 8         -261.3533783631 -1.5E-09  3.7E-05  1.4E-05  0.0E+00    7    6.3E-003 
 9         -261.3533783632 -9.8E-11  9.5E-06  5.2E-06  0.0E+00    8    6.4E-003 
 10        -261.3533783632 -8.8E-12  3.0E-06  1.8E-06  0.0E+00    8    6.5E-003 
 11        -261.3533783632 -8.5E-13  1.2E-06  6.0E-07  0.0E+00    8    6.4E-003 
 12        -261.3533783632 -1.7E-13  4.0E-07  1.3E-07  0.0E+00    8    6.4E-003 
 ------------------------------------------------------------------------------
 SCF converged
 Converged energy                        -261.353378363197   
 ------------------------------------------------------------------------------
 Ehomo(Alpha) [eV]                       -10.212971925447    
 Elumo(Alpha) [eV]                       10.449128542952     
 Ehomo(Beta) [eV]                        -9.655991542869     
 Elumo(Beta) [eV]                        -1.282078453007     

 dipole moment (Debye)
        x              y              z       
     -8.397E-016     4.371E-015     4.909E-015

 traceless quadrupole moment (Debye*Angs)
                       x              y              z       
 x                   1.488E+000    -3.239E+000    -5.412E-001
 y                  -3.239E+000     6.372E-001     4.748E-001
 z                  -5.412E-001     4.748E-001    -2.125E+000

 ----------------------------------------------------------------------------
 Timings (seconds)
 * mean-field hamiltonian     7.5E-002
 * solver (setting up eqns)   2.2E-003
 * solver (energy estimate)   9.5E-004
 * solver (orthogonalization) 1.8E-004
 * solver (rotation matrix X) 1.8E-003
 * solver (exponential of X)  5.5E-004
 * solver (total)             5.9E-003
 * total SCF                  1.0E-001
 Atomic guess: AT, ../../../../basis-sets/bse/def2-svp.txt
 ---------------------------------------------------------
 E(HF) [a.u.]                            -2.6135337836E+002
 Tr(RhoAvg S), Cartesian AOs              2.5000000000E+001
 Tr(RhoAvg S), spherical AOs              2.5000000000E+001
 max|T RhoAvg T**T - RhoAvg_sao|                  2.22E-015
 max|c(RhoAvg) - c(Rho)|                          1.78E-015
 max|RhoAvg - Rho|                                1.71E-001
 Saved /mnt/storage_6/project_data/pl0415-03/marcin/beyond-rpa/guess/electron-densities/bse/def2-svp/at.txt
 ----------------------------------------------------------------------------
                                  SCF for RN                                 
 ----------------------------------------------------------------------------
 NUMBER OF ATOMS                         1
 CHARGE                                  0
 Prescreening (pq|pq) integrals for the Cholesky decomposition
 Shell pairs will be sorted according to their max elements
 Max diagonal integral MaxDrs=4.0E+000
 Applying Eq. 15 in J. Chem. Phys. 150, 194112 (2019); doi: 10.1063/1.5083802
 Schwarz inequality: Dpq<min(10**(-8),Tau)**2/MaxDrs=2.5E-017
 Trace of exact Coulomb matrix: 9.7E+001
 Trace of discarded integrals: 0.0E+000
 Discarded 0 out of 136 shell pairs
 (0 out of 1275 orbital pairs)

 Step 1 of Cholesky decomposition: locating pivots
 -------------------------------------------------
 Dimensions of the Coulomb matrix: (1275,1275)
 Threshold for diagonal matrix elements: Dpq > 1.0E-007
 Max number of Cholesky vectors: 750
 Rk storage block size: 500
 Max dimension of 2e integrals buffer: (1275,1000)

 ----------------------------------------------------------------------------
 #    Dmax        Memory (MB)    NPivots     %    Time        
 ----------------------------------------------------------------------------
 1    3.9E-002    1.5E+001       42          4    4.7E-002    
 2    3.9E-004    1.4E+001       215         26   6.9E-002    
 3    3.9E-006    1.4E+001       326         82   6.3E-002    
 4    8.7E-008    5.5E+000       379         100  3.9E-002    

 Step 1 of the Cholesky decomposition completed
 Computed 379 pivots
 Largest residual Dpq: 8.7E-008
 NCholesky/NAO = 7.6E+000
 Step 1 of Cholesky decomposition completed in 2.2E-001 seconds
 Detailed timings in seconds
 Subtract prev contribs I (M-R**T*R)     6.7E-003
 Subtract prev contribs II (Rk)          8.7E-003
 Two-electron integrals                  2.0E-001
 Reallocation                            2.0E-003

 Step 2 of Cholesky decomposition completed in 1.7E-002 seconds
 Detailed timings in seconds
 Reduced-dimension matrix V    1.6E-002
 V=L*L**T                      6.2E-004
 L**(-1)                       6.7E-004

 Full-dimension Cholesky vectors of the Coulomb matrix will be stored in memory
 Cholesky vectors computed in 3.0E-002 seconds

 ┌─────────────────────────────────────────┐
 │          Self-consistent field          │
 └─────────────────────────────────────────┘

 Atomic orbital basis set
 . . . . . . . . . . . . . . . . . . . . . . . . . . . . . . . . . . . . . . 
 atomic centers                               1
 shell parameter sets                         16
 spherical AOs                                50
 max angular momentum                         3
 parameter set                                ../../../../basis-sets/bse/def2-svp.txt
 . . . . . . . . . . . . . . . . . . . . . . . . . . . . . . . . . . . . . . 
 SCF guess: bare nuclei Hamiltonian
 Starting self-consistent field iterations (spin-restricted singlet)
 Alpha+beta electrons: 26
 ----------------------------------------------------------------------------
 Exchange-correlation: Hartree-Fock
 ----------------------------------------------------------------------------
 Replicated-data parallel SCF
 ----------------------------
 Processes                               1
 Threads/process                         16
 Allocated 2.8E-004 GiB of scratch space for the KS matrix build
 ----------------------------------------------------------------------------
 Loaded pseudopotential parameters
 ----------------------------------------------------------------------------

 RADON       
 Parameters file: ../../../../basis-sets/bse/def2-svp.txt
 ECP accounts for 60 core electrons

          Coeff         R^n       Exponent                                       

 Local part

         21.79729000      2         6.34857100                                   
         28.94680500      2         6.29594900                                   
          1.44736500      2         2.88211800                                   
          2.17796400      2         2.90804800                                   

 L = 0

         49.96555100      2        30.15124200                                   
        283.07000000      2        14.52124100                                   
         62.00287000      2         8.05203800                                   
        -21.79729000      2         6.34857100                                   
        -28.94680500      2         6.29594900                                   
         -1.44736500      2         2.88211800                                   
         -2.17796400      2         2.90804800                                   

 L = 1

         71.96911900      2        11.00994200                                   
        143.86055900      2         9.61762500                                   
          4.71476100      2         7.33600800                                   
          9.01306500      2         6.40625300                                   
        -21.79729000      2         6.34857100                                   
        -28.94680500      2         6.29594900                                   
         -1.44736500      2         2.88211800                                   
         -2.17796400      2         2.90804800                                   

 L = 2

         36.36836500      2         8.36922000                                   
         54.55176100      2         8.11697500                                   
          9.63448700      2         5.35365600                                   
         14.38790200      2         5.09721200                                   
        -21.79729000      2         6.34857100                                   
        -28.94680500      2         6.29594900                                   
         -1.44736500      2         2.88211800                                   
         -2.17796400      2         2.90804800                                   

 ----------------------------------------------------------------------------
 Spherical harmonic basis contains 50 vectors
 Linear independence thresh: Eig(S) > 1.0E-006
 Computations will be carried out in the space of 50 MOs
 Threshold for J, K: |Rho(r,s)*(pq|rs)|,|Rho(q,s)*(pq|rs)| > 1.0E-011
 Convergence conditions
 ----------------------
 RhoDiff < 1.0E-006
 OrbGrad < 1.0E-006
 Max number of macroiters: 1024
 ------------------------------------------------------------------------------
 #           Energy        EDiff    RhoDiff  OrbGrad  OrbShift NStored Time     
 ------------------------------------------------------------------------------
 0            8.7740872255                                        0    4.3E-002 
 1         -279.4490805121           1.3E+02                      0    1.8E-002 
 2         -287.2970301231 -7.8E+00  1.5E+01  1.7E+00  1.4E+00    1    1.8E-002 
 3         -287.5386208018 -2.4E-01  1.2E+00  2.6E-01  0.0E+00    2    1.8E-002 
 4         -287.5428818813 -4.3E-03  1.1E-01  2.4E-02  0.0E+00    3    1.8E-002 
 5         -287.5431067425 -2.2E-04  2.7E-02  6.5E-03  0.0E+00    4    1.8E-002 
 6         -287.5431097699 -3.0E-06  2.4E-03  4.7E-04  0.0E+00    5    1.8E-002 
 7         -287.5431098354 -6.5E-08  5.3E-04  8.5E-05  0.0E+00    6    1.8E-002 
 8         -287.5431098355 -1.7E-10  6.5E-05  6.7E-06  0.0E+00    7    1.8E-002 
 9         -287.5431098355 -4.8E-12  1.1E-05  1.5E-06  0.0E+00    8    1.8E-002 
 10        -287.5431098355 -1.1E-13  1.9E-06  2.9E-07  0.0E+00    8    1.8E-002 
 Skipping trust radius update
 11        -287.5431098355  0.0E+00  4.2E-07  6.0E-08  0.0E+00    8    1.8E-002 
 ------------------------------------------------------------------------------
 SCF converged
 Converged energy                        -287.543109835526   
 ------------------------------------------------------------------------------
 Ehomo [eV]                              -11.627260473166    
 Elumo [eV]                              7.643052150161      

 dipole moment (Debye)
        x              y              z       
      2.504E-014    -4.912E-015     9.784E-015

 traceless quadrupole moment (Debye*Angs)
                       x              y              z       
 x                  -6.998E-005    -2.201E-014     1.805E-009
 y                  -2.201E-014     1.442E-004    -2.195E-014
 z                   1.805E-009    -2.195E-014    -7.426E-005

 ----------------------------------------------------------------------------
 Timings (seconds)
 * mean-field hamiltonian     2.1E-001
 * solver (setting up eqns)   2.8E-003
 * solver (energy estimate)   4.5E-004
 * solver (orthogonalization) 1.9E-004
 * solver (rotation matrix X) 1.5E-003
 * solver (exponential of X)  7.8E-004
 * solver (total)             5.9E-003
 * total SCF                  2.4E-001
 Atomic guess: RN, ../../../../basis-sets/bse/def2-svp.txt
 ---------------------------------------------------------
 E(HF) [a.u.]                            -2.8754310984E+002
 Tr(RhoAvg S), Cartesian AOs              2.6000000000E+001
 Tr(RhoAvg S), spherical AOs              2.6000000000E+001
 max|T RhoAvg T**T - RhoAvg_sao|                  2.00E-015
 max|c(RhoAvg) - c(Rho)|                          8.88E-016
 max|RhoAvg - Rho|                                1.24E-004
 Saved /mnt/storage_6/project_data/pl0415-03/marcin/beyond-rpa/guess/electron-densities/bse/def2-svp/rn.txt
0
% Job finished at Sat Oct 10 11:08:54 UTC 2026
% Total wall clock time [hours]: 0.184
