% Job started at Sat Oct 10 11:32:19 UTC 2026
% User                     modrzejewski
% Node name                e1221
% Executable               /mnt/storage_6/project_data/pl0415-03/marcin/beyond-rpa/bin/a
% Launcher                 
% Compiler command         ifort -qopenmp -O3 -xHost -no-prec-div -i8 -qmkl -coarray -warn all -I./obj/
% Source compiled at       Fri Oct 09 17:08:07 UTC 2026
% Process ID               675593
% Job identifier           20261010113219_675593
% Stack size (main thread) unlimited
% Stack size (other)       65536 kB
 ----------------------------------------------------------------------------
 LOADED INPUT FILE
 /mnt/storage_6/project_data/pl0415-03/marcin/beyond-rpa/guess/electron-densities/bse/def2-tzvpd/atomic_guess.inp
 ----------------------------------------------------------------------------
 > jobtype atomic_guess
 > basis file ../../../../basis-sets/bse/def2-tzvpd.txt
 > scf
 > maxniters 1024 
 > end
 > xyz
 > 72
 > H        0.0000      0.0000      0.0000
 > He       0.0000      0.0000     20.0000
 > Li       0.0000      0.0000     40.0000
 > Be       0.0000      0.0000     60.0000
 > B        0.0000      0.0000     80.0000
 > C        0.0000      0.0000    100.0000
 > N        0.0000      0.0000    120.0000
 > O        0.0000      0.0000    140.0000
 > F        0.0000      0.0000    160.0000
 > Ne       0.0000      0.0000    180.0000
 > Na       0.0000      0.0000    200.0000
 > Mg       0.0000      0.0000    220.0000
 > Al       0.0000      0.0000    240.0000
 > Si       0.0000      0.0000    260.0000
 > P        0.0000      0.0000    280.0000
 > S        0.0000      0.0000    300.0000
 > Cl       0.0000      0.0000    320.0000
 > Ar       0.0000      0.0000    340.0000
 > K        0.0000      0.0000    360.0000
 > Ca       0.0000      0.0000    380.0000
 > Sc       0.0000      0.0000    400.0000
 > Ti       0.0000      0.0000    420.0000
 > V        0.0000      0.0000    440.0000
 > Cr       0.0000      0.0000    460.0000
 > Mn       0.0000      0.0000    480.0000
 > Fe       0.0000      0.0000    500.0000
 > Co       0.0000      0.0000    520.0000
 > Ni       0.0000      0.0000    540.0000
 > Cu       0.0000      0.0000    560.0000
 > Zn       0.0000      0.0000    580.0000
 > Ga       0.0000      0.0000    600.0000
 > Ge       0.0000      0.0000    620.0000
 > As       0.0000      0.0000    640.0000
 > Se       0.0000      0.0000    660.0000
 > Br       0.0000      0.0000    680.0000
 > Kr       0.0000      0.0000    700.0000
 > Rb       0.0000      0.0000    720.0000
 > Sr       0.0000      0.0000    740.0000
 > Y        0.0000      0.0000    760.0000
 > Zr       0.0000      0.0000    780.0000
 > Nb       0.0000      0.0000    800.0000
 > Mo       0.0000      0.0000    820.0000
 > Tc       0.0000      0.0000    840.0000
 > Ru       0.0000      0.0000    860.0000
 > Rh       0.0000      0.0000    880.0000
 > Pd       0.0000      0.0000    900.0000
 > Ag       0.0000      0.0000    920.0000
 > Cd       0.0000      0.0000    940.0000
 > In       0.0000      0.0000    960.0000
 > Sn       0.0000      0.0000    980.0000
 > Sb       0.0000      0.0000   1000.0000
 > Te       0.0000      0.0000   1020.0000
 > I        0.0000      0.0000   1040.0000
 > Xe       0.0000      0.0000   1060.0000
 > Cs       0.0000      0.0000   1080.0000
 > Ba       0.0000      0.0000   1100.0000
 > La       0.0000      0.0000   1120.0000
 > Hf       0.0000      0.0000   1140.0000
 > Ta       0.0000      0.0000   1160.0000
 > W        0.0000      0.0000   1180.0000
 > Re       0.0000      0.0000   1200.0000
 > Os       0.0000      0.0000   1220.0000
 > Ir       0.0000      0.0000   1240.0000
 > Pt       0.0000      0.0000   1260.0000
 > Au       0.0000      0.0000   1280.0000
 > Hg       0.0000      0.0000   1300.0000
 > Tl       0.0000      0.0000   1320.0000
 > Pb       0.0000      0.0000   1340.0000
 > Bi       0.0000      0.0000   1360.0000
 > Po       0.0000      0.0000   1380.0000
 > At       0.0000      0.0000   1400.0000
 > Rn       0.0000      0.0000   1420.0000
 > end
 ----------------------------------------------------------------------------
                              SCF for H (2S+1=2)                             
 ----------------------------------------------------------------------------
 NUMBER OF ATOMS                         1
 CHARGE                                  0
 Prescreening (pq|pq) integrals for the Cholesky decomposition
 Shell pairs will be sorted according to their max elements
 Max diagonal integral MaxDrs=1.4E+000
 Applying Eq. 15 in J. Chem. Phys. 150, 194112 (2019); doi: 10.1063/1.5083802
 Schwarz inequality: Dpq<min(10**(-8),Tau)**2/MaxDrs=7.2E-017
 Trace of exact Coulomb matrix: 8.3E+000
 Trace of discarded integrals: 0.0E+000
 Discarded 0 out of 15 shell pairs
 (0 out of 45 orbital pairs)

 Step 1 of Cholesky decomposition: locating pivots
 -------------------------------------------------
 Dimensions of the Coulomb matrix: (45,45)
 Threshold for diagonal matrix elements: Dpq > 1.0E-007
 Max number of Cholesky vectors: 45
 Rk storage block size: 500
 Max dimension of 2e integrals buffer: (45,45)

 ----------------------------------------------------------------------------
 #    Dmax        Memory (MB)    NPivots     %    Time        
 ----------------------------------------------------------------------------
 1    1.3E-002    1.9E-001       19          42   5.3E-002    
 2    3.4E-005    1.0E-001       33          89   2.3E-003    
 3    9.7E-008    1.9E-002       37          100  4.1E-004    

 Step 1 of the Cholesky decomposition completed
 Computed 37 pivots
 Largest residual Dpq: 9.7E-008
 NCholesky/NAO = 4.1E+000
 Step 1 of Cholesky decomposition completed in 5.6E-002 seconds
 Detailed timings in seconds
 Subtract prev contribs I (M-R**T*R)     1.9E-003
 Subtract prev contribs II (Rk)          3.3E-003
 Two-electron integrals                  4.6E-004
 Reallocation                            4.9E-002

 Step 2 of Cholesky decomposition completed in 3.2E-004 seconds
 Detailed timings in seconds
 Reduced-dimension matrix V    1.1E-004
 V=L*L**T                      1.4E-004
 L**(-1)                       6.0E-005

 Full-dimension Cholesky vectors of the Coulomb matrix will be stored in memory
 Cholesky vectors computed in 3.1E-004 seconds

 ┌─────────────────────────────────────────┐
 │          Self-consistent field          │
 └─────────────────────────────────────────┘

 Atomic orbital basis set
 . . . . . . . . . . . . . . . . . . . . . . . . . . . . . . . . . . . . . . 
 atomic centers                               1
 shell parameter sets                         5
 spherical AOs                                9
 max angular momentum                         1
 parameter set                                ../../../../basis-sets/bse/def2-tzvpd.txt
 . . . . . . . . . . . . . . . . . . . . . . . . . . . . . . . . . . . . . . 
 SCF guess: bare nuclei Hamiltonian
 Starting self-consistent field iterations (spin-unrestricted)
 Alpha electrons: 1
 Beta electrons: 0
 ----------------------------------------------------------------------------
 Exchange-correlation: Hartree-Fock
 ----------------------------------------------------------------------------
 Replicated-data parallel SCF
 ----------------------------
 Processes                               1
 Threads/process                         16
 Allocated 1.4E-005 GiB of scratch space for the KS matrix build
 ----------------------------------------------------------------------------
 Spherical harmonic basis contains 9 vectors
 Linear independence thresh: Eig(S) > 1.0E-006
 Computations will be carried out in the space of 9 MOs
 Threshold for J, K: |Rho(r,s)*(pq|rs)|,|Rho(q,s)*(pq|rs)| > 1.0E-011
 Convergence conditions
 ----------------------
 RhoDiff < 1.0E-006
 OrbGrad < 1.0E-006
 Max number of macroiters: 1024
 ------------------------------------------------------------------------------
 #           Energy        EDiff    RhoDiff  OrbGrad  OrbShift NStored Time     
 ------------------------------------------------------------------------------
 0            1.3141046148                                        0    1.2E-002 
 1           -0.4793622531           5.3E+00                      0    5.0E-003 
 2           -0.4969405163 -1.8E-02  2.0E-01  9.9E-02  0.0E+00    1    6.3E-003 
 3           -0.4993853917 -2.4E-03  6.0E-02  3.8E-02  0.0E+00    2    6.2E-003 
 4           -0.4998098317 -4.2E-04  3.3E-02  1.5E-02  0.0E+00    3    6.7E-003 
 5           -0.4998098322 -5.5E-10  5.0E-05  2.2E-05  0.0E+00    4    6.9E-003 
 6           -0.4998098322 -8.7E-14  5.2E-07  4.3E-07  0.0E+00    5    7.3E-003 
 ------------------------------------------------------------------------------
 SCF converged
 Converged energy                        -0.499809832231     
 ------------------------------------------------------------------------------
 Ehomo [eV]                              -13.600517201852    
 Elumo [eV]                              5.386905713803      

 dipole moment (Debye)
        x              y              z       
      3.363E-019    -4.291E-018     3.781E-016

 traceless quadrupole moment (Debye*Angs)
                       x              y              z       
 x                   7.466E-017     6.330E-037    -9.070E-035
 y                   6.330E-037     7.466E-017     1.078E-033
 z                  -9.070E-035     1.078E-033     7.466E-017

 ----------------------------------------------------------------------------
 Timings (seconds)
 * mean-field hamiltonian     3.5E-002
 * solver (setting up eqns)   1.1E-003
 * solver (energy estimate)   2.5E-003
 * solver (orthogonalization) 5.0E-004
 * solver (rotation matrix X) 2.5E-003
 * solver (exponential of X)  9.5E-004
 * solver (total)             8.4E-003
 * total SCF                  5.2E-002
 Atomic guess: H, ../../../../basis-sets/bse/def2-tzvpd.txt
 ----------------------------------------------------------
 E(HF) [a.u.]                            -4.9980983223E-001
 Tr(RhoAvg S), Cartesian AOs              1.0000000000E+000
 Tr(RhoAvg S), spherical AOs              1.0000000000E+000
 max|T RhoAvg T**T - RhoAvg_sao|                  6.94E-018
 max|c(RhoAvg) - c(Rho)|                          2.22E-016
 max|RhoAvg - Rho|                                6.33E-017
 Saved /mnt/storage_6/project_data/pl0415-03/marcin/beyond-rpa/guess/electron-densities/bse/def2-tzvpd/h.txt
 ----------------------------------------------------------------------------
                                  SCF for HE                                 
 ----------------------------------------------------------------------------
 NUMBER OF ATOMS                         1
 CHARGE                                  0
 Prescreening (pq|pq) integrals for the Cholesky decomposition
 Shell pairs will be sorted according to their max elements
 Max diagonal integral MaxDrs=2.4E+000
 Applying Eq. 15 in J. Chem. Phys. 150, 194112 (2019); doi: 10.1063/1.5083802
 Schwarz inequality: Dpq<min(10**(-8),Tau)**2/MaxDrs=4.2E-017
 Trace of exact Coulomb matrix: 1.2E+001
 Trace of discarded integrals: 0.0E+000
 Discarded 0 out of 15 shell pairs
 (0 out of 45 orbital pairs)

 Step 1 of Cholesky decomposition: locating pivots
 -------------------------------------------------
 Dimensions of the Coulomb matrix: (45,45)
 Threshold for diagonal matrix elements: Dpq > 1.0E-007
 Max number of Cholesky vectors: 45
 Rk storage block size: 500
 Max dimension of 2e integrals buffer: (45,45)

 ----------------------------------------------------------------------------
 #    Dmax        Memory (MB)    NPivots     %    Time        
 ----------------------------------------------------------------------------
 1    1.9E-002    1.9E-001       16          36   4.6E-004    
 2    4.1E-005    1.3E-001       33          80   7.1E-004    
 3    9.0E-008    3.5E-002       37          100  3.7E-004    

 Step 1 of the Cholesky decomposition completed
 Computed 37 pivots
 Largest residual Dpq: 9.0E-008
 NCholesky/NAO = 4.1E+000
 Step 1 of Cholesky decomposition completed in 1.6E-003 seconds
 Detailed timings in seconds
 Subtract prev contribs I (M-R**T*R)     1.2E-004
 Subtract prev contribs II (Rk)          2.1E-005
 Two-electron integrals                  6.3E-004
 Reallocation                            6.2E-004

 Step 2 of Cholesky decomposition completed in 2.2E-004 seconds
 Detailed timings in seconds
 Reduced-dimension matrix V    1.7E-004
 V=L*L**T                      2.2E-005
 L**(-1)                       1.3E-005

 Full-dimension Cholesky vectors of the Coulomb matrix will be stored in memory
 Cholesky vectors computed in 1.9E-004 seconds

 ┌─────────────────────────────────────────┐
 │          Self-consistent field          │
 └─────────────────────────────────────────┘

 Atomic orbital basis set
 . . . . . . . . . . . . . . . . . . . . . . . . . . . . . . . . . . . . . . 
 atomic centers                               1
 shell parameter sets                         5
 spherical AOs                                9
 max angular momentum                         1
 parameter set                                ../../../../basis-sets/bse/def2-tzvpd.txt
 . . . . . . . . . . . . . . . . . . . . . . . . . . . . . . . . . . . . . . 
 SCF guess: bare nuclei Hamiltonian
 Starting self-consistent field iterations (spin-restricted singlet)
 Alpha+beta electrons: 2
 ----------------------------------------------------------------------------
 Exchange-correlation: Hartree-Fock
 ----------------------------------------------------------------------------
 Replicated-data parallel SCF
 ----------------------------
 Processes                               1
 Threads/process                         16
 Allocated 7.9E-006 GiB of scratch space for the KS matrix build
 ----------------------------------------------------------------------------
 Spherical harmonic basis contains 9 vectors
 Linear independence thresh: Eig(S) > 1.0E-006
 Computations will be carried out in the space of 9 MOs
 Threshold for J, K: |Rho(r,s)*(pq|rs)|,|Rho(q,s)*(pq|rs)| > 1.0E-011
 Convergence conditions
 ----------------------
 RhoDiff < 1.0E-006
 OrbGrad < 1.0E-006
 Max number of macroiters: 1024
 ------------------------------------------------------------------------------
 #           Energy        EDiff    RhoDiff  OrbGrad  OrbShift NStored Time     
 ------------------------------------------------------------------------------
 0            6.7094298173                                        0    1.1E-002 
 1           -2.8541425599           8.1E+00                      0    5.1E-003 
 2           -2.8598690678 -5.7E-03  5.4E-02  9.3E-02  0.0E+00    1    6.1E-003 
 3           -2.8598950939 -2.6E-05  5.3E-03  4.4E-03  0.0E+00    2    5.6E-003 
 4           -2.8598954388 -3.4E-07  8.6E-04  5.0E-04  0.0E+00    3    6.6E-003 
 5           -2.8598954388 -7.7E-13  1.4E-06  1.0E-06  0.0E+00    4    6.8E-003 
 Skipping trust radius update
 6           -2.8598954388 -4.4E-16  2.8E-10  2.0E-10  0.0E+00    5    7.2E-003 
 ------------------------------------------------------------------------------
 SCF converged
 Converged energy                        -2.859895438758     
 ------------------------------------------------------------------------------
 Ehomo [eV]                              -24.949306007492    
 Elumo [eV]                              11.584771537499     

 dipole moment (Debye)
        x              y              z       
     -8.007E-016     5.240E-018     3.485E-016

 traceless quadrupole moment (Debye*Angs)
                       x              y              z       
 x                  -7.466E-017     2.307E-033     1.957E-031
 y                   2.307E-033    -7.466E-017    -1.054E-033
 z                   1.957E-031    -1.054E-033    -7.466E-017

 ----------------------------------------------------------------------------
 Timings (seconds)
 * mean-field hamiltonian     3.4E-002
 * solver (setting up eqns)   1.1E-003
 * solver (energy estimate)   2.4E-003
 * solver (orthogonalization) 5.6E-004
 * solver (rotation matrix X) 2.5E-003
 * solver (exponential of X)  9.6E-004
 * solver (total)             8.1E-003
 * total SCF                  5.0E-002
 Atomic guess: HE, ../../../../basis-sets/bse/def2-tzvpd.txt
 -----------------------------------------------------------
 E(HF) [a.u.]                            -2.8598954388E+000
 Tr(RhoAvg S), Cartesian AOs              2.0000000000E+000
 Tr(RhoAvg S), spherical AOs              2.0000000000E+000
 max|T RhoAvg T**T - RhoAvg_sao|                  5.55E-017
 max|c(RhoAvg) - c(Rho)|                          1.11E-016
 max|RhoAvg - Rho|                                2.06E-016
 Saved /mnt/storage_6/project_data/pl0415-03/marcin/beyond-rpa/guess/electron-densities/bse/def2-tzvpd/he.txt
 ----------------------------------------------------------------------------
                             SCF for LI (2S+1=2)                             
 ----------------------------------------------------------------------------
 NUMBER OF ATOMS                         1
 CHARGE                                  0
 Prescreening (pq|pq) integrals for the Cholesky decomposition
 Shell pairs will be sorted according to their max elements
 Max diagonal integral MaxDrs=3.8E+000
 Applying Eq. 15 in J. Chem. Phys. 150, 194112 (2019); doi: 10.1063/1.5083802
 Schwarz inequality: Dpq<min(10**(-8),Tau)**2/MaxDrs=2.6E-017
 Trace of exact Coulomb matrix: 2.2E+001
 Trace of discarded integrals: 0.0E+000
 Discarded 0 out of 45 shell pairs
 (0 out of 153 orbital pairs)

 Step 1 of Cholesky decomposition: locating pivots
 -------------------------------------------------
 Dimensions of the Coulomb matrix: (153,153)
 Threshold for diagonal matrix elements: Dpq > 1.0E-007
 Max number of Cholesky vectors: 153
 Rk storage block size: 500
 Max dimension of 2e integrals buffer: (153,153)

 ----------------------------------------------------------------------------
 #    Dmax        Memory (MB)    NPivots     %    Time        
 ----------------------------------------------------------------------------
 1    3.6E-002    7.6E-001       18          14   1.3E-003    
 2    3.1E-004    6.7E-001       55          61   1.7E-003    
 3    4.5E-007    2.5E-001       74          97   1.2E-003    
 4    9.4E-008    1.9E-002       78          100  3.3E-004    

 Step 1 of the Cholesky decomposition completed
 Computed 78 pivots
 Largest residual Dpq: 9.4E-008
 NCholesky/NAO = 4.6E+000
 Step 1 of Cholesky decomposition completed in 4.6E-003 seconds
 Detailed timings in seconds
 Subtract prev contribs I (M-R**T*R)     9.4E-004
 Subtract prev contribs II (Rk)          4.3E-004
 Two-electron integrals                  1.9E-003
 Reallocation                            9.5E-004

 Step 2 of Cholesky decomposition completed in 5.4E-004 seconds
 Detailed timings in seconds
 Reduced-dimension matrix V    4.4E-004
 V=L*L**T                      5.6E-005
 L**(-1)                       3.1E-005

 Full-dimension Cholesky vectors of the Coulomb matrix will be stored in memory
 Cholesky vectors computed in 1.2E-003 seconds

 ┌─────────────────────────────────────────┐
 │          Self-consistent field          │
 └─────────────────────────────────────────┘

 Atomic orbital basis set
 . . . . . . . . . . . . . . . . . . . . . . . . . . . . . . . . . . . . . . 
 atomic centers                               1
 shell parameter sets                         9
 spherical AOs                                17
 max angular momentum                         1
 parameter set                                ../../../../basis-sets/bse/def2-tzvpd.txt
 . . . . . . . . . . . . . . . . . . . . . . . . . . . . . . . . . . . . . . 
 SCF guess: bare nuclei Hamiltonian
 Starting self-consistent field iterations (spin-unrestricted)
 Alpha electrons: 2
 Beta electrons: 1
 ----------------------------------------------------------------------------
 Exchange-correlation: Hartree-Fock
 ----------------------------------------------------------------------------
 Replicated-data parallel SCF
 ----------------------------
 Processes                               1
 Threads/process                         16
 Allocated 4.6E-005 GiB of scratch space for the KS matrix build
 ----------------------------------------------------------------------------
 Spherical harmonic basis contains 17 vectors
 Linear independence thresh: Eig(S) > 1.0E-006
 Computations will be carried out in the space of 17 MOs
 Threshold for J, K: |Rho(r,s)*(pq|rs)|,|Rho(q,s)*(pq|rs)| > 1.0E-011
 Convergence conditions
 ----------------------
 RhoDiff < 1.0E-006
 OrbGrad < 1.0E-006
 Max number of macroiters: 1024
 ------------------------------------------------------------------------------
 #           Energy        EDiff    RhoDiff  OrbGrad  OrbShift NStored Time     
 ------------------------------------------------------------------------------
 0           12.1767920273                                        0    3.7E-002 
 1           -7.3531577032           4.7E+00                      0    3.0E-002 
 2           -7.4242697076 -7.1E-02  1.2E+00  1.6E-01  0.0E+00    1    3.3E-002 
 3           -7.4307807988 -6.5E-03  3.5E-01  3.6E-02  0.0E+00    2    3.3E-002 
 4           -7.4326742165 -1.9E-03  2.7E-01  1.8E-02  0.0E+00    3    3.5E-002 
 5           -7.4326752101 -9.9E-07  3.9E-03  6.0E-04  0.0E+00    4    3.5E-002 
 6           -7.4326752224 -1.2E-08  5.8E-05  9.5E-05  0.0E+00    5    3.5E-002 
 7           -7.4326752227 -2.9E-10  6.6E-06  1.9E-05  0.0E+00    6    3.5E-002 
 8           -7.4326752227 -2.7E-11  1.9E-06  5.4E-06  0.0E+00    7    3.6E-002 
 9           -7.4326752227 -2.5E-12  5.6E-07  1.6E-06  0.0E+00    8    3.6E-002 
 10          -7.4326752227 -2.3E-13  1.7E-07  5.1E-07  0.0E+00    8    3.7E-002 
 ------------------------------------------------------------------------------
 SCF converged
 Converged energy                        -7.432675222693     
 ------------------------------------------------------------------------------
 Ehomo(Alpha) [eV]                       -5.342509351288     
 Elumo(Alpha) [eV]                       0.605060417205      
 Ehomo(Beta) [eV]                        -67.179209511312    
 Elumo(Beta) [eV]                        0.565306538535      

 dipole moment (Debye)
        x              y              z       
     -6.356E-015     2.147E-015    -1.290E-016

 traceless quadrupole moment (Debye*Angs)
                       x              y              z       
 x                  -5.973E-016     1.642E-030     1.154E-029
 y                   1.642E-030    -5.973E-016    -2.589E-030
 z                   1.154E-029    -2.589E-030    -5.973E-016

 ----------------------------------------------------------------------------
 Timings (seconds)
 * mean-field hamiltonian     3.3E-001
 * solver (setting up eqns)   4.2E-003
 * solver (energy estimate)   1.5E-002
 * solver (orthogonalization) 1.7E-003
 * solver (rotation matrix X) 1.4E-002
 * solver (exponential of X)  3.7E-003
 * solver (total)             4.2E-002
 * total SCF                  3.8E-001
 Atomic guess: LI, ../../../../basis-sets/bse/def2-tzvpd.txt
 -----------------------------------------------------------
 E(HF) [a.u.]                            -7.4326752227E+000
 Tr(RhoAvg S), Cartesian AOs              3.0000000000E+000
 Tr(RhoAvg S), spherical AOs              3.0000000000E+000
 max|T RhoAvg T**T - RhoAvg_sao|                  0.00E+000
 max|c(RhoAvg) - c(Rho)|                          8.76E-047
 max|RhoAvg - Rho|                                1.50E-015
 Saved /mnt/storage_6/project_data/pl0415-03/marcin/beyond-rpa/guess/electron-densities/bse/def2-tzvpd/li.txt
 ----------------------------------------------------------------------------
                                  SCF for BE                                 
 ----------------------------------------------------------------------------
 NUMBER OF ATOMS                         1
 CHARGE                                  0
 Prescreening (pq|pq) integrals for the Cholesky decomposition
 Shell pairs will be sorted according to their max elements
 Max diagonal integral MaxDrs=3.4E+000
 Applying Eq. 15 in J. Chem. Phys. 150, 194112 (2019); doi: 10.1063/1.5083802
 Schwarz inequality: Dpq<min(10**(-8),Tau)**2/MaxDrs=2.9E-017
 Trace of exact Coulomb matrix: 2.4E+001
 Trace of discarded integrals: 0.0E+000
 Discarded 0 out of 55 shell pairs
 (0 out of 253 orbital pairs)

 Step 1 of Cholesky decomposition: locating pivots
 -------------------------------------------------
 Dimensions of the Coulomb matrix: (253,253)
 Threshold for diagonal matrix elements: Dpq > 1.0E-007
 Max number of Cholesky vectors: 253
 Rk storage block size: 500
 Max dimension of 2e integrals buffer: (253,253)

 ----------------------------------------------------------------------------
 #    Dmax        Memory (MB)    NPivots     %    Time        
 ----------------------------------------------------------------------------
 1    3.0E-002    1.5E+000       18          8    3.7E-003    
 2    2.1E-004    1.3E+000       82          56   4.4E-003    
 3    1.9E-006    6.8E-001       118         87   1.9E-003    
 4    8.8E-008    3.1E-001       131         100  9.9E-004    

 Step 1 of the Cholesky decomposition completed
 Computed 131 pivots
 Largest residual Dpq: 8.8E-008
 NCholesky/NAO = 6.0E+000
 Step 1 of Cholesky decomposition completed in 1.1E-002 seconds
 Detailed timings in seconds
 Subtract prev contribs I (M-R**T*R)     1.2E-003
 Subtract prev contribs II (Rk)          1.1E-003
 Two-electron integrals                  6.5E-003
 Reallocation                            1.7E-003

 Step 2 of Cholesky decomposition completed in 2.0E-003 seconds
 Detailed timings in seconds
 Reduced-dimension matrix V    1.1E-003
 V=L*L**T                      7.1E-004
 L**(-1)                       9.4E-005

 Full-dimension Cholesky vectors of the Coulomb matrix will be stored in memory
 Cholesky vectors computed in 3.3E-003 seconds

 ┌─────────────────────────────────────────┐
 │          Self-consistent field          │
 └─────────────────────────────────────────┘

 Atomic orbital basis set
 . . . . . . . . . . . . . . . . . . . . . . . . . . . . . . . . . . . . . . 
 atomic centers                               1
 shell parameter sets                         10
 spherical AOs                                22
 max angular momentum                         2
 parameter set                                ../../../../basis-sets/bse/def2-tzvpd.txt
 . . . . . . . . . . . . . . . . . . . . . . . . . . . . . . . . . . . . . . 
 SCF guess: bare nuclei Hamiltonian
 Starting self-consistent field iterations (spin-restricted singlet)
 Alpha+beta electrons: 4
 ----------------------------------------------------------------------------
 Exchange-correlation: Hartree-Fock
 ----------------------------------------------------------------------------
 Replicated-data parallel SCF
 ----------------------------
 Processes                               1
 Threads/process                         16
 Allocated 4.7E-005 GiB of scratch space for the KS matrix build
 ----------------------------------------------------------------------------
 Spherical harmonic basis contains 22 vectors
 Linear independence thresh: Eig(S) > 1.0E-006
 Computations will be carried out in the space of 22 MOs
 Threshold for J, K: |Rho(r,s)*(pq|rs)|,|Rho(q,s)*(pq|rs)| > 1.0E-011
 Convergence conditions
 ----------------------
 RhoDiff < 1.0E-006
 OrbGrad < 1.0E-006
 Max number of macroiters: 1024
 ------------------------------------------------------------------------------
 #           Energy        EDiff    RhoDiff  OrbGrad  OrbShift NStored Time     
 ------------------------------------------------------------------------------
 0            0.2216219129                                        0    2.9E-002 
 1          -14.0845839956           4.2E+01                      0    2.2E-002 
 2          -14.5522721346 -4.7E-01  4.8E+00  6.9E-01  5.9E-02    1    2.5E-002 
 3          -14.5716589868 -1.9E-02  1.7E-01  9.5E-02  0.0E+00    2    2.3E-002 
 4          -14.5725730626 -9.1E-04  6.6E-02  1.0E-02  0.0E+00    3    2.1E-002 
 5          -14.5725798418 -6.8E-06  2.1E-02  9.5E-04  0.0E+00    4    2.1E-002 
 6          -14.5725798683 -2.7E-08  9.3E-04  1.1E-04  0.0E+00    5    2.1E-002 
 7          -14.5725798684 -1.6E-11  3.4E-06  3.8E-06  0.0E+00    6    2.1E-002 
 8          -14.5725798684 -5.2E-13  5.2E-07  4.0E-07  0.0E+00    7    2.2E-002 
 ------------------------------------------------------------------------------
 SCF converged
 Converged energy                        -14.572579868358    
 ------------------------------------------------------------------------------
 Ehomo [eV]                              -8.413932722514     
 Elumo [eV]                              0.948073838426      

 dipole moment (Debye)
        x              y              z       
     -5.192E-015    -2.471E-015    -2.159E-015

 traceless quadrupole moment (Debye*Angs)
                       x              y              z       
 x                   5.082E-007     7.863E-010    -3.910E-008
 y                   7.863E-010     5.086E-007     3.069E-008
 z                  -3.910E-008     3.069E-008    -1.017E-006

 ----------------------------------------------------------------------------
 Timings (seconds)
 * mean-field hamiltonian     1.8E-001
 * solver (setting up eqns)   1.7E-003
 * solver (energy estimate)   4.7E-003
 * solver (orthogonalization) 5.9E-004
 * solver (rotation matrix X) 6.9E-003
 * solver (exponential of X)  1.3E-003
 * solver (total)             1.6E-002
 * total SCF                  2.1E-001
 Atomic guess: BE, ../../../../basis-sets/bse/def2-tzvpd.txt
 -----------------------------------------------------------
 E(HF) [a.u.]                            -1.4572579868E+001
 Tr(RhoAvg S), Cartesian AOs              4.0000000000E+000
 Tr(RhoAvg S), spherical AOs              4.0000000000E+000
 max|T RhoAvg T**T - RhoAvg_sao|                  1.38E-030
 max|c(RhoAvg) - c(Rho)|                          3.15E-024
 max|RhoAvg - Rho|                                5.30E-008
 Saved /mnt/storage_6/project_data/pl0415-03/marcin/beyond-rpa/guess/electron-densities/bse/def2-tzvpd/be.txt
 ----------------------------------------------------------------------------
                              SCF for B (2S+1=2)                             
 ----------------------------------------------------------------------------
 NUMBER OF ATOMS                         1
 CHARGE                                  0
 Prescreening (pq|pq) integrals for the Cholesky decomposition
 Shell pairs will be sorted according to their max elements
 Max diagonal integral MaxDrs=4.6E+000
 Applying Eq. 15 in J. Chem. Phys. 150, 194112 (2019); doi: 10.1063/1.5083802
 Schwarz inequality: Dpq<min(10**(-8),Tau)**2/MaxDrs=2.2E-017
 Trace of exact Coulomb matrix: 4.0E+001
 Trace of discarded integrals: 0.0E+000
 Discarded 0 out of 91 shell pairs
 (0 out of 703 orbital pairs)

 Step 1 of Cholesky decomposition: locating pivots
 -------------------------------------------------
 Dimensions of the Coulomb matrix: (703,703)
 Threshold for diagonal matrix elements: Dpq > 1.0E-007
 Max number of Cholesky vectors: 555
 Rk storage block size: 500
 Max dimension of 2e integrals buffer: (703,703)

 ----------------------------------------------------------------------------
 #    Dmax        Memory (MB)    NPivots     %    Time        
 ----------------------------------------------------------------------------
 1    4.3E-002    6.4E+000       16          3    1.2E-002    
 2    4.3E-004    6.3E+000       155         33   3.9E-002    
 3    3.4E-006    5.8E+000       235         86   4.3E-002    
 4    8.4E-008    1.5E+000       269         100  5.0E-003    

 Step 1 of the Cholesky decomposition completed
 Computed 269 pivots
 Largest residual Dpq: 8.4E-008
 NCholesky/NAO = 7.3E+000
 Step 1 of Cholesky decomposition completed in 1.0E-001 seconds
 Detailed timings in seconds
 Subtract prev contribs I (M-R**T*R)     2.0E-002
 Subtract prev contribs II (Rk)          3.3E-002
 Two-electron integrals                  4.0E-002
 Reallocation                            5.1E-003

 Step 2 of Cholesky decomposition completed in 8.9E-003 seconds
 Detailed timings in seconds
 Reduced-dimension matrix V    2.6E-003
 V=L*L**T                      3.7E-003
 L**(-1)                       2.5E-003

 Full-dimension Cholesky vectors of the Coulomb matrix will be stored in memory
 Cholesky vectors computed in 1.9E-002 seconds

 ┌─────────────────────────────────────────┐
 │          Self-consistent field          │
 └─────────────────────────────────────────┘

 Atomic orbital basis set
 . . . . . . . . . . . . . . . . . . . . . . . . . . . . . . . . . . . . . . 
 atomic centers                               1
 shell parameter sets                         13
 spherical AOs                                37
 max angular momentum                         3
 parameter set                                ../../../../basis-sets/bse/def2-tzvpd.txt
 . . . . . . . . . . . . . . . . . . . . . . . . . . . . . . . . . . . . . . 
 SCF guess: bare nuclei Hamiltonian
 Starting self-consistent field iterations (spin-unrestricted)
 Alpha electrons: 3
 Beta electrons: 2
 ----------------------------------------------------------------------------
 Exchange-correlation: Hartree-Fock
 ----------------------------------------------------------------------------
 Replicated-data parallel SCF
 ----------------------------
 Processes                               1
 Threads/process                         16
 Allocated 2.8E-004 GiB of scratch space for the KS matrix build
 ----------------------------------------------------------------------------
 Spherical harmonic basis contains 37 vectors
 Linear independence thresh: Eig(S) > 1.0E-006
 Computations will be carried out in the space of 37 MOs
 Threshold for J, K: |Rho(r,s)*(pq|rs)|,|Rho(q,s)*(pq|rs)| > 1.0E-011
 Convergence conditions
 ----------------------
 RhoDiff < 1.0E-006
 OrbGrad < 1.0E-006
 Max number of macroiters: 1024
 ------------------------------------------------------------------------------
 #           Energy        EDiff    RhoDiff  OrbGrad  OrbShift NStored Time     
 ------------------------------------------------------------------------------
 0            2.7157264199                                        0    1.5E-001 
 1          -23.5034002752           6.1E+01                      0    1.3E-001 
 2          -24.5238859737 -1.0E+00  2.1E+00  7.6E-01  3.3E-01    1    1.4E-001 
 3          -24.5314271022 -7.5E-03  7.4E-02  8.4E-02  0.0E+00    2    2.7E-002 
 4          -24.5323564346 -9.3E-04  3.6E-02  1.3E-02  0.0E+00    3    2.7E-002 
 5          -24.5323808363 -2.4E-05  4.8E-03  2.1E-03  0.0E+00    4    3.1E-002 
 6          -24.5323829491 -2.1E-06  1.3E-03  5.4E-04  0.0E+00    5    3.1E-002 
 7          -24.5323831008 -1.5E-07  3.1E-04  1.3E-04  0.0E+00    6    3.2E-002 
 8          -24.5323831024 -1.5E-09  4.4E-05  1.7E-05  0.0E+00    7    3.1E-002 
 9          -24.5323831024 -7.4E-11  8.5E-06  4.6E-06  0.0E+00    8    3.2E-002 
 10         -24.5323831024 -2.8E-12  2.2E-06  8.6E-07  0.0E+00    8    3.2E-002 
 11         -24.5323831024 -2.4E-13  5.8E-07  2.1E-07  0.0E+00    8    3.2E-002 
 ------------------------------------------------------------------------------
 SCF converged
 Converged energy                        -24.532383102449    
 ------------------------------------------------------------------------------
 Ehomo(Alpha) [eV]                       -8.673600642444     
 Elumo(Alpha) [eV]                       1.139554700024      
 Ehomo(Beta) [eV]                        -12.137454975214    
 Elumo(Beta) [eV]                        1.398371731468      

 dipole moment (Debye)
        x              y              z       
      4.152E-016    -4.486E-016     6.452E-016

 traceless quadrupole moment (Debye*Angs)
                       x              y              z       
 x                   1.661E+000    -6.438E-002     8.335E-003
 y                  -6.438E-002    -3.240E+000     6.346E-001
 z                   8.335E-003     6.346E-001     1.580E+000

 ----------------------------------------------------------------------------
 Timings (seconds)
 * mean-field hamiltonian     6.4E-001
 * solver (setting up eqns)   6.8E-003
 * solver (energy estimate)   4.8E-003
 * solver (orthogonalization) 1.3E-003
 * solver (rotation matrix X) 1.1E-002
 * solver (exponential of X)  1.8E-003
 * solver (total)             2.7E-002
 * total SCF                  6.9E-001
 Atomic guess: B, ../../../../basis-sets/bse/def2-tzvpd.txt
 ----------------------------------------------------------
 E(HF) [a.u.]                            -2.4532383102E+001
 Tr(RhoAvg S), Cartesian AOs              5.0000000000E+000
 Tr(RhoAvg S), spherical AOs              5.0000000000E+000
 max|T RhoAvg T**T - RhoAvg_sao|                  2.22E-016
 max|c(RhoAvg) - c(Rho)|                          8.88E-016
 max|RhoAvg - Rho|                                1.49E-001
 Saved /mnt/storage_6/project_data/pl0415-03/marcin/beyond-rpa/guess/electron-densities/bse/def2-tzvpd/b.txt
 ----------------------------------------------------------------------------
                              SCF for C (2S+1=3)                             
 ----------------------------------------------------------------------------
 NUMBER OF ATOMS                         1
 CHARGE                                  0
 Prescreening (pq|pq) integrals for the Cholesky decomposition
 Shell pairs will be sorted according to their max elements
 Max diagonal integral MaxDrs=5.7E+000
 Applying Eq. 15 in J. Chem. Phys. 150, 194112 (2019); doi: 10.1063/1.5083802
 Schwarz inequality: Dpq<min(10**(-8),Tau)**2/MaxDrs=1.7E-017
 Trace of exact Coulomb matrix: 5.0E+001
 Trace of discarded integrals: 0.0E+000
 Discarded 0 out of 91 shell pairs
 (0 out of 703 orbital pairs)

 Step 1 of Cholesky decomposition: locating pivots
 -------------------------------------------------
 Dimensions of the Coulomb matrix: (703,703)
 Threshold for diagonal matrix elements: Dpq > 1.0E-007
 Max number of Cholesky vectors: 555
 Rk storage block size: 500
 Max dimension of 2e integrals buffer: (703,703)

 ----------------------------------------------------------------------------
 #    Dmax        Memory (MB)    NPivots     %    Time        
 ----------------------------------------------------------------------------
 1    5.5E-002    6.4E+000       16          3    5.3E-003    
 2    5.5E-004    6.3E+000       157         32   1.3E-002    
 3    4.6E-006    5.8E+000       236         80   7.5E-003    
 4    9.4E-008    2.2E+000       289         100  2.5E-003    

 Step 1 of the Cholesky decomposition completed
 Computed 289 pivots
 Largest residual Dpq: 9.4E-008
 NCholesky/NAO = 7.8E+000
 Step 1 of Cholesky decomposition completed in 2.9E-002 seconds
 Detailed timings in seconds
 Subtract prev contribs I (M-R**T*R)     4.0E-003
 Subtract prev contribs II (Rk)          7.8E-003
 Two-electron integrals                  1.4E-002
 Reallocation                            1.0E-003

 Step 2 of Cholesky decomposition completed in 3.0E-003 seconds
 Detailed timings in seconds
 Reduced-dimension matrix V    8.6E-004
 V=L*L**T                      6.9E-004
 L**(-1)                       1.5E-003

 Full-dimension Cholesky vectors of the Coulomb matrix will be stored in memory
 Cholesky vectors computed in 6.6E-003 seconds

 ┌─────────────────────────────────────────┐
 │          Self-consistent field          │
 └─────────────────────────────────────────┘

 Atomic orbital basis set
 . . . . . . . . . . . . . . . . . . . . . . . . . . . . . . . . . . . . . . 
 atomic centers                               1
 shell parameter sets                         13
 spherical AOs                                37
 max angular momentum                         3
 parameter set                                ../../../../basis-sets/bse/def2-tzvpd.txt
 . . . . . . . . . . . . . . . . . . . . . . . . . . . . . . . . . . . . . . 
 SCF guess: bare nuclei Hamiltonian
 Starting self-consistent field iterations (spin-unrestricted)
 Alpha electrons: 4
 Beta electrons: 2
 ----------------------------------------------------------------------------
 Exchange-correlation: Hartree-Fock
 ----------------------------------------------------------------------------
 Replicated-data parallel SCF
 ----------------------------
 Processes                               1
 Threads/process                         16
 Allocated 2.8E-004 GiB of scratch space for the KS matrix build
 ----------------------------------------------------------------------------
 Spherical harmonic basis contains 37 vectors
 Linear independence thresh: Eig(S) > 1.0E-006
 Computations will be carried out in the space of 37 MOs
 Threshold for J, K: |Rho(r,s)*(pq|rs)|,|Rho(q,s)*(pq|rs)| > 1.0E-011
 Convergence conditions
 ----------------------
 RhoDiff < 1.0E-006
 OrbGrad < 1.0E-006
 Max number of macroiters: 1024
 ------------------------------------------------------------------------------
 #           Energy        EDiff    RhoDiff  OrbGrad  OrbShift NStored Time     
 ------------------------------------------------------------------------------
 0            4.9821746300                                        0    5.0E-002 
 1          -35.8535226727           5.5E+01                      0    4.2E-002 
 2          -37.6680944670 -1.8E+00  1.7E+00  9.2E-01  5.9E-01    1    4.7E-002 
 3          -37.6911950796 -2.3E-02  1.2E-01  1.3E-01  0.0E+00    2    4.4E-002 
 4          -37.6924888827 -1.3E-03  3.8E-02  2.6E-02  0.0E+00    3    4.4E-002 
 5          -37.6925278204 -3.9E-05  4.7E-03  3.0E-03  0.0E+00    4    4.4E-002 
 6          -37.6925305054 -2.7E-06  1.2E-03  6.8E-04  0.0E+00    5    4.5E-002 
 7          -37.6925306023 -9.7E-08  1.5E-04  1.5E-04  0.0E+00    6    4.5E-002 
 8          -37.6925306027 -4.0E-10  2.1E-05  2.9E-05  0.0E+00    7    4.5E-002 
 9          -37.6925306028 -1.1E-11  2.7E-06  5.3E-06  0.0E+00    8    4.5E-002 
 10         -37.6925306028 -6.0E-13  5.0E-07  8.9E-07  0.0E+00    8    4.5E-002 
 ------------------------------------------------------------------------------
 SCF converged
 Converged energy                        -37.692530602751    
 ------------------------------------------------------------------------------
 Ehomo(Alpha) [eV]                       -11.945269261776    
 Elumo(Alpha) [eV]                       0.821886296790      
 Ehomo(Beta) [eV]                        -15.868600343866    
 Elumo(Beta) [eV]                        1.659877101024      

 dipole moment (Debye)
        x              y              z       
     -1.039E-015     3.727E-016     3.420E-015

 traceless quadrupole moment (Debye*Angs)
                       x              y              z       
 x                  -9.878E-001    -8.033E-002     2.528E-002
 y                  -8.033E-002     1.710E+000    -8.499E-001
 z                   2.528E-002    -8.499E-001    -7.227E-001

 ----------------------------------------------------------------------------
 Timings (seconds)
 * mean-field hamiltonian     4.6E-001
 * solver (setting up eqns)   6.4E-003
 * solver (energy estimate)   5.7E-003
 * solver (orthogonalization) 8.9E-004
 * solver (rotation matrix X) 8.8E-003
 * solver (exponential of X)  1.9E-003
 * solver (total)             2.5E-002
 * total SCF                  5.0E-001
 Atomic guess: C, ../../../../basis-sets/bse/def2-tzvpd.txt
 ----------------------------------------------------------
 E(HF) [a.u.]                            -3.7692530603E+001
 Tr(RhoAvg S), Cartesian AOs              6.0000000000E+000
 Tr(RhoAvg S), spherical AOs              6.0000000000E+000
 max|T RhoAvg T**T - RhoAvg_sao|                  4.44E-016
 max|c(RhoAvg) - c(Rho)|                          4.44E-016
 max|RhoAvg - Rho|                                1.30E-001
 Saved /mnt/storage_6/project_data/pl0415-03/marcin/beyond-rpa/guess/electron-densities/bse/def2-tzvpd/c.txt
 ----------------------------------------------------------------------------
                              SCF for N (2S+1=4)                             
 ----------------------------------------------------------------------------
 NUMBER OF ATOMS                         1
 CHARGE                                  0
 Prescreening (pq|pq) integrals for the Cholesky decomposition
 Shell pairs will be sorted according to their max elements
 Max diagonal integral MaxDrs=6.9E+000
 Applying Eq. 15 in J. Chem. Phys. 150, 194112 (2019); doi: 10.1063/1.5083802
 Schwarz inequality: Dpq<min(10**(-8),Tau)**2/MaxDrs=1.5E-017
 Trace of exact Coulomb matrix: 6.0E+001
 Trace of discarded integrals: 0.0E+000
 Discarded 0 out of 91 shell pairs
 (0 out of 703 orbital pairs)

 Step 1 of Cholesky decomposition: locating pivots
 -------------------------------------------------
 Dimensions of the Coulomb matrix: (703,703)
 Threshold for diagonal matrix elements: Dpq > 1.0E-007
 Max number of Cholesky vectors: 555
 Rk storage block size: 500
 Max dimension of 2e integrals buffer: (703,703)

 ----------------------------------------------------------------------------
 #    Dmax        Memory (MB)    NPivots     %    Time        
 ----------------------------------------------------------------------------
 1    6.7E-002    6.4E+000       16          3    3.9E-003    
 2    4.0E-004    6.3E+000       159         33   9.7E-003    
 3    3.3E-006    5.7E+000       241         80   7.5E-003    
 4    7.5E-008    1.7E+000       290         100  1.7E-003    

 Step 1 of the Cholesky decomposition completed
 Computed 290 pivots
 Largest residual Dpq: 7.5E-008
 NCholesky/NAO = 7.8E+000
 Step 1 of Cholesky decomposition completed in 2.4E-002 seconds
 Detailed timings in seconds
 Subtract prev contribs I (M-R**T*R)     3.2E-003
 Subtract prev contribs II (Rk)          5.2E-003
 Two-electron integrals                  1.1E-002
 Reallocation                            1.2E-003

 Step 2 of Cholesky decomposition completed in 2.4E-003 seconds
 Detailed timings in seconds
 Reduced-dimension matrix V    7.7E-004
 V=L*L**T                      4.8E-004
 L**(-1)                       1.2E-003

 Full-dimension Cholesky vectors of the Coulomb matrix will be stored in memory
 Cholesky vectors computed in 5.9E-003 seconds

 ┌─────────────────────────────────────────┐
 │          Self-consistent field          │
 └─────────────────────────────────────────┘

 Atomic orbital basis set
 . . . . . . . . . . . . . . . . . . . . . . . . . . . . . . . . . . . . . . 
 atomic centers                               1
 shell parameter sets                         13
 spherical AOs                                37
 max angular momentum                         3
 parameter set                                ../../../../basis-sets/bse/def2-tzvpd.txt
 . . . . . . . . . . . . . . . . . . . . . . . . . . . . . . . . . . . . . . 
 SCF guess: bare nuclei Hamiltonian
 Starting self-consistent field iterations (spin-unrestricted)
 Alpha electrons: 5
 Beta electrons: 2
 ----------------------------------------------------------------------------
 Exchange-correlation: Hartree-Fock
 ----------------------------------------------------------------------------
 Replicated-data parallel SCF
 ----------------------------
 Processes                               1
 Threads/process                         16
 Allocated 2.8E-004 GiB of scratch space for the KS matrix build
 ----------------------------------------------------------------------------
 Spherical harmonic basis contains 37 vectors
 Linear independence thresh: Eig(S) > 1.0E-006
 Computations will be carried out in the space of 37 MOs
 Threshold for J, K: |Rho(r,s)*(pq|rs)|,|Rho(q,s)*(pq|rs)| > 1.0E-011
 Convergence conditions
 ----------------------
 RhoDiff < 1.0E-006
 OrbGrad < 1.0E-006
 Max number of macroiters: 1024
 ------------------------------------------------------------------------------
 #           Energy        EDiff    RhoDiff  OrbGrad  OrbShift NStored Time     
 ------------------------------------------------------------------------------
 0            7.9194590492                                        0    2.7E-002 
 1          -51.5026651183           5.0E+01                      0    9.1E-003 
 2          -54.3259636766 -2.8E+00  1.4E+00  1.1E+00  8.8E-01    1    9.9E-003 
 3          -54.3997407868 -7.4E-02  1.4E-01  2.1E-01  0.0E+00    2    9.5E-003 
 4          -54.4026923163 -3.0E-03  4.0E-02  5.1E-02  0.0E+00    3    9.7E-003 
 5          -54.4027672169 -7.5E-05  6.7E-03  6.3E-03  0.0E+00    4    9.9E-003 
 6          -54.4027694134 -2.2E-06  1.0E-03  8.3E-04  0.0E+00    5    9.8E-003 
 7          -54.4027694901 -7.7E-08  1.5E-04  1.3E-04  0.0E+00    6    9.8E-003 
 8          -54.4027694906 -5.4E-10  2.4E-05  2.3E-05  0.0E+00    7    9.7E-003 
 9          -54.4027694906 -5.3E-12  3.1E-06  2.9E-06  0.0E+00    8    9.8E-003 
 10         -54.4027694906 -8.5E-14  4.1E-07  5.3E-07  0.0E+00    8    9.9E-003 
 ------------------------------------------------------------------------------
 SCF converged
 Converged energy                        -54.402769490617    
 ------------------------------------------------------------------------------
 Ehomo(Alpha) [eV]                       -15.530207639268    
 Elumo(Alpha) [eV]                       3.217545940766      
 Ehomo(Beta) [eV]                        -19.737663595209    
 Elumo(Beta) [eV]                        3.519482280315      

 dipole moment (Debye)
        x              y              z       
     -1.834E-015    -5.211E-016    -6.571E-016

 traceless quadrupole moment (Debye*Angs)
                       x              y              z       
 x                   1.954E-010     1.922E-015     9.003E-016
 y                   1.922E-015     1.888E-010    -2.717E-015
 z                   9.003E-016    -2.717E-015    -3.841E-010

 ----------------------------------------------------------------------------
 Timings (seconds)
 * mean-field hamiltonian     1.1E-001
 * solver (setting up eqns)   3.4E-003
 * solver (energy estimate)   7.6E-004
 * solver (orthogonalization) 2.4E-004
 * solver (rotation matrix X) 1.5E-003
 * solver (exponential of X)  7.4E-004
 * solver (total)             6.9E-003
 * total SCF                  1.3E-001
 Atomic guess: N, ../../../../basis-sets/bse/def2-tzvpd.txt
 ----------------------------------------------------------
 E(HF) [a.u.]                            -5.4402769491E+001
 Tr(RhoAvg S), Cartesian AOs              7.0000000000E+000
 Tr(RhoAvg S), spherical AOs              7.0000000000E+000
 max|T RhoAvg T**T - RhoAvg_sao|                  1.11E-016
 max|c(RhoAvg) - c(Rho)|                          1.78E-015
 max|RhoAvg - Rho|                                5.10E-011
 Saved /mnt/storage_6/project_data/pl0415-03/marcin/beyond-rpa/guess/electron-densities/bse/def2-tzvpd/n.txt
 ----------------------------------------------------------------------------
                              SCF for O (2S+1=3)                             
 ----------------------------------------------------------------------------
 NUMBER OF ATOMS                         1
 CHARGE                                  0
 Prescreening (pq|pq) integrals for the Cholesky decomposition
 Shell pairs will be sorted according to their max elements
 Max diagonal integral MaxDrs=8.0E+000
 Applying Eq. 15 in J. Chem. Phys. 150, 194112 (2019); doi: 10.1063/1.5083802
 Schwarz inequality: Dpq<min(10**(-8),Tau)**2/MaxDrs=1.3E-017
 Trace of exact Coulomb matrix: 7.0E+001
 Trace of discarded integrals: 0.0E+000
 Discarded 0 out of 105 shell pairs
 (0 out of 820 orbital pairs)

 Step 1 of Cholesky decomposition: locating pivots
 -------------------------------------------------
 Dimensions of the Coulomb matrix: (820,820)
 Threshold for diagonal matrix elements: Dpq > 1.0E-007
 Max number of Cholesky vectors: 600
 Rk storage block size: 500
 Max dimension of 2e integrals buffer: (820,820)

 ----------------------------------------------------------------------------
 #    Dmax        Memory (MB)    NPivots     %    Time        
 ----------------------------------------------------------------------------
 1    8.0E-002    8.2E+000       16          3    5.9E-003    
 2    5.9E-004    8.1E+000       174         33   9.0E-003    
 3    5.5E-006    6.8E+000       256         77   7.6E-003    
 4    7.9E-008    3.1E+000       307         100  4.1E-003    

 Step 1 of the Cholesky decomposition completed
 Computed 307 pivots
 Largest residual Dpq: 7.9E-008
 NCholesky/NAO = 7.7E+000
 Step 1 of Cholesky decomposition completed in 2.8E-002 seconds
 Detailed timings in seconds
 Subtract prev contribs I (M-R**T*R)     4.3E-003
 Subtract prev contribs II (Rk)          6.3E-003
 Two-electron integrals                  1.3E-002
 Reallocation                            1.6E-003

 Step 2 of Cholesky decomposition completed in 2.0E-003 seconds
 Detailed timings in seconds
 Reduced-dimension matrix V    8.3E-004
 V=L*L**T                      4.9E-004
 L**(-1)                       6.7E-004

 Full-dimension Cholesky vectors of the Coulomb matrix will be stored in memory
 Cholesky vectors computed in 6.1E-003 seconds

 ┌─────────────────────────────────────────┐
 │          Self-consistent field          │
 └─────────────────────────────────────────┘

 Atomic orbital basis set
 . . . . . . . . . . . . . . . . . . . . . . . . . . . . . . . . . . . . . . 
 atomic centers                               1
 shell parameter sets                         14
 spherical AOs                                40
 max angular momentum                         3
 parameter set                                ../../../../basis-sets/bse/def2-tzvpd.txt
 . . . . . . . . . . . . . . . . . . . . . . . . . . . . . . . . . . . . . . 
 SCF guess: bare nuclei Hamiltonian
 Starting self-consistent field iterations (spin-unrestricted)
 Alpha electrons: 5
 Beta electrons: 3
 ----------------------------------------------------------------------------
 Exchange-correlation: Hartree-Fock
 ----------------------------------------------------------------------------
 Replicated-data parallel SCF
 ----------------------------
 Processes                               1
 Threads/process                         16
 Allocated 3.2E-004 GiB of scratch space for the KS matrix build
 ----------------------------------------------------------------------------
 Spherical harmonic basis contains 40 vectors
 Linear independence thresh: Eig(S) > 1.0E-006
 Computations will be carried out in the space of 40 MOs
 Threshold for J, K: |Rho(r,s)*(pq|rs)|,|Rho(q,s)*(pq|rs)| > 1.0E-011
 Convergence conditions
 ----------------------
 RhoDiff < 1.0E-006
 OrbGrad < 1.0E-006
 Max number of macroiters: 1024
 ------------------------------------------------------------------------------
 #           Energy        EDiff    RhoDiff  OrbGrad  OrbShift NStored Time     
 ------------------------------------------------------------------------------
 0           17.2342948025                                        0    1.8E-002 
 1          -70.4741520706           3.0E+01                      0    1.1E-002 
 2          -74.7624265185 -4.3E+00  1.2E+00  1.4E+00  1.5E+00    1    1.2E-002 
 3          -74.8104841689 -4.8E-02  1.5E-01  2.4E-01  0.0E+00    2    1.1E-002 
 4          -74.8154297596 -4.9E-03  2.5E-02  4.3E-02  0.0E+00    3    1.1E-002 
 5          -74.8158954529 -4.7E-04  7.1E-03  1.2E-02  0.0E+00    4    1.1E-002 
 6          -74.8159522958 -5.7E-05  3.5E-03  3.2E-03  0.0E+00    5    1.1E-002 
 7          -74.8159536852 -1.4E-06  4.4E-04  7.0E-04  0.0E+00    6    1.1E-002 
 8          -74.8159537250 -4.0E-08  6.4E-05  1.0E-04  0.0E+00    7    1.1E-002 
 9          -74.8159537259 -9.2E-10  1.2E-05  2.3E-05  0.0E+00    8    1.2E-002 
 10         -74.8159537260 -7.4E-11  3.5E-06  6.6E-06  0.0E+00    8    1.2E-002 
 11         -74.8159537260 -6.8E-12  1.3E-06  1.8E-06  0.0E+00    8    1.2E-002 
 12         -74.8159537260 -1.8E-13  3.0E-07  2.9E-07  0.0E+00    8    1.2E-002 
 ------------------------------------------------------------------------------
 SCF converged
 Converged energy                        -74.815953725995    
 ------------------------------------------------------------------------------
 Ehomo(Alpha) [eV]                       -16.643713138260    
 Elumo(Alpha) [eV]                       3.464460824921      
 Ehomo(Beta) [eV]                        -14.181482935914    
 Elumo(Beta) [eV]                        1.665778489756      

 dipole moment (Debye)
        x              y              z       
     -3.547E-015     3.015E-015    -9.354E-016

 traceless quadrupole moment (Debye*Angs)
                       x              y              z       
 x                  -6.378E-001     6.856E-015    -9.421E-001
 y                   6.856E-015     6.607E-001     8.578E-015
 z                  -9.421E-001     8.578E-015    -2.290E-002

 ----------------------------------------------------------------------------
 Timings (seconds)
 * mean-field hamiltonian     1.4E-001
 * solver (setting up eqns)   4.8E-003
 * solver (energy estimate)   9.9E-004
 * solver (orthogonalization) 2.8E-004
 * solver (rotation matrix X) 1.9E-003
 * solver (exponential of X)  9.6E-004
 * solver (total)             9.4E-003
 * total SCF                  1.6E-001
 Atomic guess: O, ../../../../basis-sets/bse/def2-tzvpd.txt
 ----------------------------------------------------------
 E(HF) [a.u.]                            -7.4815953726E+001
 Tr(RhoAvg S), Cartesian AOs              8.0000000000E+000
 Tr(RhoAvg S), spherical AOs              8.0000000000E+000
 max|T RhoAvg T**T - RhoAvg_sao|                  1.11E-016
 max|c(RhoAvg) - c(Rho)|                          4.44E-016
 max|RhoAvg - Rho|                                1.02E-001
 Saved /mnt/storage_6/project_data/pl0415-03/marcin/beyond-rpa/guess/electron-densities/bse/def2-tzvpd/o.txt
 ----------------------------------------------------------------------------
                              SCF for F (2S+1=2)                             
 ----------------------------------------------------------------------------
 NUMBER OF ATOMS                         1
 CHARGE                                  0
 Prescreening (pq|pq) integrals for the Cholesky decomposition
 Shell pairs will be sorted according to their max elements
 Max diagonal integral MaxDrs=9.1E+000
 Applying Eq. 15 in J. Chem. Phys. 150, 194112 (2019); doi: 10.1063/1.5083802
 Schwarz inequality: Dpq<min(10**(-8),Tau)**2/MaxDrs=1.1E-017
 Trace of exact Coulomb matrix: 7.9E+001
 Trace of discarded integrals: 0.0E+000
 Discarded 0 out of 105 shell pairs
 (0 out of 820 orbital pairs)

 Step 1 of Cholesky decomposition: locating pivots
 -------------------------------------------------
 Dimensions of the Coulomb matrix: (820,820)
 Threshold for diagonal matrix elements: Dpq > 1.0E-007
 Max number of Cholesky vectors: 600
 Rk storage block size: 500
 Max dimension of 2e integrals buffer: (820,820)

 ----------------------------------------------------------------------------
 #    Dmax        Memory (MB)    NPivots     %    Time        
 ----------------------------------------------------------------------------
 1    8.9E-002    8.2E+000       18          3    5.8E-003    
 2    6.6E-004    8.1E+000       174         34   9.1E-003    
 3    6.4E-006    6.8E+000       259         76   6.9E-003    
 4    9.5E-008    2.6E+000       313         100  2.4E-003    

 Step 1 of the Cholesky decomposition completed
 Computed 313 pivots
 Largest residual Dpq: 9.5E-008
 NCholesky/NAO = 7.8E+000
 Step 1 of Cholesky decomposition completed in 2.5E-002 seconds
 Detailed timings in seconds
 Subtract prev contribs I (M-R**T*R)     2.2E-003
 Subtract prev contribs II (Rk)          6.4E-003
 Two-electron integrals                  1.3E-002
 Reallocation                            1.2E-003

 Step 2 of Cholesky decomposition completed in 2.1E-003 seconds
 Detailed timings in seconds
 Reduced-dimension matrix V    8.8E-004
 V=L*L**T                      5.4E-004
 L**(-1)                       6.9E-004

 Full-dimension Cholesky vectors of the Coulomb matrix will be stored in memory
 Cholesky vectors computed in 5.9E-003 seconds

 ┌─────────────────────────────────────────┐
 │          Self-consistent field          │
 └─────────────────────────────────────────┘

 Atomic orbital basis set
 . . . . . . . . . . . . . . . . . . . . . . . . . . . . . . . . . . . . . . 
 atomic centers                               1
 shell parameter sets                         14
 spherical AOs                                40
 max angular momentum                         3
 parameter set                                ../../../../basis-sets/bse/def2-tzvpd.txt
 . . . . . . . . . . . . . . . . . . . . . . . . . . . . . . . . . . . . . . 
 SCF guess: bare nuclei Hamiltonian
 Starting self-consistent field iterations (spin-unrestricted)
 Alpha electrons: 5
 Beta electrons: 4
 ----------------------------------------------------------------------------
 Exchange-correlation: Hartree-Fock
 ----------------------------------------------------------------------------
 Replicated-data parallel SCF
 ----------------------------
 Processes                               1
 Threads/process                         16
 Allocated 3.2E-004 GiB of scratch space for the KS matrix build
 ----------------------------------------------------------------------------
 Spherical harmonic basis contains 40 vectors
 Linear independence thresh: Eig(S) > 1.0E-006
 Computations will be carried out in the space of 40 MOs
 Threshold for J, K: |Rho(r,s)*(pq|rs)|,|Rho(q,s)*(pq|rs)| > 1.0E-011
 Convergence conditions
 ----------------------
 RhoDiff < 1.0E-006
 OrbGrad < 1.0E-006
 Max number of macroiters: 1024
 ------------------------------------------------------------------------------
 #           Energy        EDiff    RhoDiff  OrbGrad  OrbShift NStored Time     
 ------------------------------------------------------------------------------
 0           22.9578965187                                        0    1.8E-002 
 1          -93.1307892127           2.9E+01                      0    1.1E-002 
 2          -99.1044727318 -6.0E+00  1.1E+00  1.7E+00  1.9E+00    1    1.2E-002 
 3          -99.3468943416 -2.4E-01  1.7E-01  3.7E-01  0.0E+00    2    1.2E-002 
 4          -99.4116720832 -6.5E-02  5.1E-02  1.7E-01  0.0E+00    3    1.2E-002 
 5          -99.4120782223 -4.1E-04  4.9E-03  9.7E-03  0.0E+00    4    1.2E-002 
 6          -99.4121176865 -3.9E-05  1.8E-03  3.4E-03  0.0E+00    5    1.2E-002 
 7          -99.4121216605 -4.0E-06  6.3E-04  9.2E-04  0.0E+00    6    1.2E-002 
 8          -99.4121217181 -5.8E-08  6.1E-05  1.7E-04  0.0E+00    7    1.2E-002 
 9          -99.4121217210 -2.9E-09  1.3E-05  2.6E-05  0.0E+00    8    1.2E-002 
 10         -99.4121217211 -1.1E-10  2.7E-06  5.6E-06  0.0E+00    8    1.2E-002 
 11         -99.4121217211 -4.5E-12  5.3E-07  1.1E-06  0.0E+00    8    1.2E-002 
 12         -99.4121217211 -5.7E-14  8.3E-08  1.8E-07  0.0E+00    8    1.2E-002 
 ------------------------------------------------------------------------------
 SCF converged
 Converged energy                        -99.412121721074    
 ------------------------------------------------------------------------------
 Ehomo(Alpha) [eV]                       -19.910817522481    
 Elumo(Alpha) [eV]                       4.005376935312      
 Ehomo(Beta) [eV]                        -18.496279652540    
 Elumo(Beta) [eV]                        0.917000317127      

 dipole moment (Debye)
        x              y              z       
      1.854E-015    -5.887E-016     3.086E-015

 traceless quadrupole moment (Debye*Angs)
                       x              y              z       
 x                  -4.042E-002     2.090E-014    -6.463E-001
 y                   2.090E-014    -4.681E-001    -3.083E-014
 z                  -6.463E-001    -3.083E-014     5.085E-001

 ----------------------------------------------------------------------------
 Timings (seconds)
 * mean-field hamiltonian     1.5E-001
 * solver (setting up eqns)   4.7E-003
 * solver (energy estimate)   1.0E-003
 * solver (orthogonalization) 2.8E-004
 * solver (rotation matrix X) 2.0E-003
 * solver (exponential of X)  9.6E-004
 * solver (total)             9.3E-003
 * total SCF                  1.6E-001
 Atomic guess: F, ../../../../basis-sets/bse/def2-tzvpd.txt
 ----------------------------------------------------------
 E(HF) [a.u.]                            -9.9412121721E+001
 Tr(RhoAvg S), Cartesian AOs              9.0000000000E+000
 Tr(RhoAvg S), spherical AOs              9.0000000000E+000
 max|T RhoAvg T**T - RhoAvg_sao|                  1.11E-016
 max|c(RhoAvg) - c(Rho)|                          8.88E-016
 max|RhoAvg - Rho|                                1.12E-001
 Saved /mnt/storage_6/project_data/pl0415-03/marcin/beyond-rpa/guess/electron-densities/bse/def2-tzvpd/f.txt
 ----------------------------------------------------------------------------
                                  SCF for NE                                 
 ----------------------------------------------------------------------------
 NUMBER OF ATOMS                         1
 CHARGE                                  0
 Prescreening (pq|pq) integrals for the Cholesky decomposition
 Shell pairs will be sorted according to their max elements
 Max diagonal integral MaxDrs=1.0E+001
 Applying Eq. 15 in J. Chem. Phys. 150, 194112 (2019); doi: 10.1063/1.5083802
 Schwarz inequality: Dpq<min(10**(-8),Tau)**2/MaxDrs=9.7E-018
 Trace of exact Coulomb matrix: 8.9E+001
 Trace of discarded integrals: 0.0E+000
 Discarded 0 out of 105 shell pairs
 (0 out of 820 orbital pairs)

 Step 1 of Cholesky decomposition: locating pivots
 -------------------------------------------------
 Dimensions of the Coulomb matrix: (820,820)
 Threshold for diagonal matrix elements: Dpq > 1.0E-007
 Max number of Cholesky vectors: 600
 Rk storage block size: 500
 Max dimension of 2e integrals buffer: (820,820)

 ----------------------------------------------------------------------------
 #    Dmax        Memory (MB)    NPivots     %    Time        
 ----------------------------------------------------------------------------
 1    1.0E-001    8.2E+000       18          3    4.5E-003    
 2    8.7E-004    8.1E+000       174         34   8.6E-003    
 3    7.6E-006    6.8E+000       256         73   6.1E-003    
 4    8.3E-008    2.9E+000       315         100  3.1E-003    

 Step 1 of the Cholesky decomposition completed
 Computed 315 pivots
 Largest residual Dpq: 8.3E-008
 NCholesky/NAO = 7.9E+000
 Step 1 of Cholesky decomposition completed in 2.3E-002 seconds
 Detailed timings in seconds
 Subtract prev contribs I (M-R**T*R)     2.5E-003
 Subtract prev contribs II (Rk)          4.9E-003
 Two-electron integrals                  1.2E-002
 Reallocation                            1.2E-003

 Step 2 of Cholesky decomposition completed in 2.0E-003 seconds
 Detailed timings in seconds
 Reduced-dimension matrix V    8.4E-004
 V=L*L**T                      5.0E-004
 L**(-1)                       6.5E-004

 Full-dimension Cholesky vectors of the Coulomb matrix will be stored in memory
 Cholesky vectors computed in 6.2E-003 seconds

 ┌─────────────────────────────────────────┐
 │          Self-consistent field          │
 └─────────────────────────────────────────┘

 Atomic orbital basis set
 . . . . . . . . . . . . . . . . . . . . . . . . . . . . . . . . . . . . . . 
 atomic centers                               1
 shell parameter sets                         14
 spherical AOs                                40
 max angular momentum                         3
 parameter set                                ../../../../basis-sets/bse/def2-tzvpd.txt
 . . . . . . . . . . . . . . . . . . . . . . . . . . . . . . . . . . . . . . 
 SCF guess: bare nuclei Hamiltonian
 Starting self-consistent field iterations (spin-restricted singlet)
 Alpha+beta electrons: 10
 ----------------------------------------------------------------------------
 Exchange-correlation: Hartree-Fock
 ----------------------------------------------------------------------------
 Replicated-data parallel SCF
 ----------------------------
 Processes                               1
 Threads/process                         16
 Allocated 1.8E-004 GiB of scratch space for the KS matrix build
 ----------------------------------------------------------------------------
 Spherical harmonic basis contains 40 vectors
 Linear independence thresh: Eig(S) > 1.0E-006
 Computations will be carried out in the space of 40 MOs
 Threshold for J, K: |Rho(r,s)*(pq|rs)|,|Rho(q,s)*(pq|rs)| > 1.0E-011
 Convergence conditions
 ----------------------
 RhoDiff < 1.0E-006
 OrbGrad < 1.0E-006
 Max number of macroiters: 1024
 ------------------------------------------------------------------------------
 #           Energy        EDiff    RhoDiff  OrbGrad  OrbShift NStored Time     
 ------------------------------------------------------------------------------
 0           29.9179864922                                        0    1.3E-002 
 1         -119.8821828884           5.6E+01                      0    5.9E-003 
 2         -127.5617094855 -7.7E+00  1.9E+00  2.1E+00  2.3E+00    1    6.5E-003 
 3         -128.0734881278 -5.1E-01  5.4E-01  5.6E-01  0.0E+00    2    6.2E-003 
 4         -128.5219624260 -4.5E-01  2.3E-01  4.8E-01  0.0E+00    3    6.3E-003 
 5         -128.5414730595 -2.0E-02  5.2E-02  5.1E-02  0.0E+00    4    6.4E-003 
 6         -128.5417972048 -3.2E-04  1.5E-02  1.1E-02  0.0E+00    5    6.4E-003 
 7         -128.5418064732 -9.3E-06  9.0E-04  1.7E-03  0.0E+00    6    6.4E-003 
 8         -128.5418064743 -1.0E-09  1.5E-05  1.8E-05  0.0E+00    7    6.4E-003 
 9         -128.5418064743 -3.5E-11  2.1E-06  2.7E-06  0.0E+00    8    6.5E-003 
 10        -128.5418064743 -1.0E-12  2.9E-07  4.6E-07  0.0E+00    8    6.6E-003 
 ------------------------------------------------------------------------------
 SCF converged
 Converged energy                        -128.541806474310   
 ------------------------------------------------------------------------------
 Ehomo [eV]                              -23.149931517515    
 Elumo [eV]                              4.959857488029      

 dipole moment (Debye)
        x              y              z       
     -1.681E-015     4.369E-016     2.447E-015

 traceless quadrupole moment (Debye*Angs)
                       x              y              z       
 x                  -3.227E-006    -4.000E-015     2.207E-015
 y                  -4.000E-015     6.350E-006     2.783E-015
 z                   2.207E-015     2.783E-015    -3.123E-006

 ----------------------------------------------------------------------------
 Timings (seconds)
 * mean-field hamiltonian     6.6E-002
 * solver (setting up eqns)   1.9E-003
 * solver (energy estimate)   3.7E-004
 * solver (orthogonalization) 1.2E-004
 * solver (rotation matrix X) 7.8E-004
 * solver (exponential of X)  4.4E-004
 * solver (total)             4.0E-003
 * total SCF                  7.8E-002
 Atomic guess: NE, ../../../../basis-sets/bse/def2-tzvpd.txt
 -----------------------------------------------------------
 E(HF) [a.u.]                            -1.2854180647E+002
 Tr(RhoAvg S), Cartesian AOs              1.0000000000E+001
 Tr(RhoAvg S), spherical AOs              1.0000000000E+001
 max|T RhoAvg T**T - RhoAvg_sao|                  5.55E-017
 max|c(RhoAvg) - c(Rho)|                          8.88E-016
 max|RhoAvg - Rho|                                2.51E-006
 Saved /mnt/storage_6/project_data/pl0415-03/marcin/beyond-rpa/guess/electron-densities/bse/def2-tzvpd/ne.txt
 ----------------------------------------------------------------------------
                             SCF for NA (2S+1=2)                             
 ----------------------------------------------------------------------------
 NUMBER OF ATOMS                         1
 CHARGE                                  0
 Prescreening (pq|pq) integrals for the Cholesky decomposition
 Shell pairs will be sorted according to their max elements
 Max diagonal integral MaxDrs=6.6E+000
 Applying Eq. 15 in J. Chem. Phys. 150, 194112 (2019); doi: 10.1063/1.5083802
 Schwarz inequality: Dpq<min(10**(-8),Tau)**2/MaxDrs=1.5E-017
 Trace of exact Coulomb matrix: 4.2E+001
 Trace of discarded integrals: 0.0E+000
 Discarded 0 out of 91 shell pairs
 (0 out of 630 orbital pairs)

 Step 1 of Cholesky decomposition: locating pivots
 -------------------------------------------------
 Dimensions of the Coulomb matrix: (630,630)
 Threshold for diagonal matrix elements: Dpq > 1.0E-007
 Max number of Cholesky vectors: 525
 Rk storage block size: 500
 Max dimension of 2e integrals buffer: (630,630)

 ----------------------------------------------------------------------------
 #    Dmax        Memory (MB)    NPivots     %    Time        
 ----------------------------------------------------------------------------
 1    6.0E-002    5.3E+000       19          4    5.6E-003    
 2    4.7E-004    5.3E+000       137         40   9.6E-003    
 3    3.4E-006    3.1E+000       202         84   2.5E-003    
 4    9.1E-008    8.2E-001       237         100  8.0E-004    

 Step 1 of the Cholesky decomposition completed
 Computed 237 pivots
 Largest residual Dpq: 9.1E-008
 NCholesky/NAO = 6.8E+000
 Step 1 of Cholesky decomposition completed in 1.9E-002 seconds
 Detailed timings in seconds
 Subtract prev contribs I (M-R**T*R)     1.7E-003
 Subtract prev contribs II (Rk)          2.5E-003
 Two-electron integrals                  1.2E-002
 Reallocation                            4.3E-004

 Step 2 of Cholesky decomposition completed in 1.9E-003 seconds
 Detailed timings in seconds
 Reduced-dimension matrix V    1.0E-003
 V=L*L**T                      4.1E-004
 L**(-1)                       5.0E-004

 Full-dimension Cholesky vectors of the Coulomb matrix will be stored in memory
 Cholesky vectors computed in 2.6E-003 seconds

 ┌─────────────────────────────────────────┐
 │          Self-consistent field          │
 └─────────────────────────────────────────┘

 Atomic orbital basis set
 . . . . . . . . . . . . . . . . . . . . . . . . . . . . . . . . . . . . . . 
 atomic centers                               1
 shell parameter sets                         13
 spherical AOs                                35
 max angular momentum                         2
 parameter set                                ../../../../basis-sets/bse/def2-tzvpd.txt
 . . . . . . . . . . . . . . . . . . . . . . . . . . . . . . . . . . . . . . 
 SCF guess: bare nuclei Hamiltonian
 Starting self-consistent field iterations (spin-unrestricted)
 Alpha electrons: 6
 Beta electrons: 5
 ----------------------------------------------------------------------------
 Exchange-correlation: Hartree-Fock
 ----------------------------------------------------------------------------
 Replicated-data parallel SCF
 ----------------------------
 Processes                               1
 Threads/process                         16
 Allocated 2.2E-004 GiB of scratch space for the KS matrix build
 ----------------------------------------------------------------------------
 Spherical harmonic basis contains 35 vectors
 Linear independence thresh: Eig(S) > 1.0E-006
 Computations will be carried out in the space of 35 MOs
 Threshold for J, K: |Rho(r,s)*(pq|rs)|,|Rho(q,s)*(pq|rs)| > 1.0E-011
 Convergence conditions
 ----------------------
 RhoDiff < 1.0E-006
 OrbGrad < 1.0E-006
 Max number of macroiters: 1024
 ------------------------------------------------------------------------------
 #           Energy        EDiff    RhoDiff  OrbGrad  OrbShift NStored Time     
 ------------------------------------------------------------------------------
 0          -22.7472758251                                        0    1.5E-002 
 1         -154.7494585464           5.1E+00                      0    8.9E-003 
 2         -158.9177290107 -4.2E+00  1.7E+00  2.1E+00  5.8E+00    1    9.7E-003 
 3         -161.7415046908 -2.8E+00  1.6E+00  2.0E+00  1.9E+00    2    9.6E-003 
 4         -161.8453564076 -1.0E-01  1.4E+00  2.0E-01  0.0E+00    3    9.3E-003 
 5         -161.8516483559 -6.3E-03  6.9E-01  5.6E-02  0.0E+00    4    9.3E-003 
 6         -161.8518472058 -2.0E-04  2.9E-02  1.1E-02  0.0E+00    5    9.8E-003 
 7         -161.8518533485 -6.1E-06  4.3E-03  2.5E-03  0.0E+00    6    9.5E-003 
 8         -161.8518535378 -1.9E-07  4.5E-04  3.3E-04  0.0E+00    7    9.7E-003 
 9         -161.8518535536 -1.6E-08  7.0E-05  8.3E-05  0.0E+00    8    9.9E-003 
 10        -161.8518535542 -5.3E-10  1.9E-05  1.6E-05  0.0E+00    8    9.9E-003 
 11        -161.8518535542 -1.7E-12  7.5E-07  1.0E-06  0.0E+00    8    9.9E-003 
 12        -161.8518535542 -8.5E-14  1.1E-07  2.0E-07  0.0E+00    8    9.9E-003 
 ------------------------------------------------------------------------------
 SCF converged
 Converged energy                        -161.851853554163   
 ------------------------------------------------------------------------------
 Ehomo(Alpha) [eV]                       -4.947061727510     
 Elumo(Alpha) [eV]                       0.413605163895      
 Ehomo(Beta) [eV]                        -41.273563057122    
 Elumo(Beta) [eV]                        0.366468454776      

 dipole moment (Debye)
        x              y              z       
     -8.353E-015     2.969E-015    -1.185E-014

 traceless quadrupole moment (Debye*Angs)
                       x              y              z       
 x                   1.162E-008    -4.890E-016    -1.711E-007
 y                  -4.890E-016     2.094E-007    -5.168E-015
 z                  -1.711E-007    -5.168E-015    -2.210E-007

 ----------------------------------------------------------------------------
 Timings (seconds)
 * mean-field hamiltonian     1.1E-001
 * solver (setting up eqns)   3.8E-003
 * solver (energy estimate)   1.0E-003
 * solver (orthogonalization) 2.6E-004
 * solver (rotation matrix X) 2.6E-003
 * solver (exponential of X)  9.1E-004
 * solver (total)             9.0E-003
 * total SCF                  1.3E-001
 Atomic guess: NA, ../../../../basis-sets/bse/def2-tzvpd.txt
 -----------------------------------------------------------
 E(HF) [a.u.]                            -1.6185185355E+002
 Tr(RhoAvg S), Cartesian AOs              1.1000000000E+001
 Tr(RhoAvg S), spherical AOs              1.1000000000E+001
 max|T RhoAvg T**T - RhoAvg_sao|                  1.11E-016
 max|c(RhoAvg) - c(Rho)|                          8.88E-016
 max|RhoAvg - Rho|                                1.38E-008
 Saved /mnt/storage_6/project_data/pl0415-03/marcin/beyond-rpa/guess/electron-densities/bse/def2-tzvpd/na.txt
 ----------------------------------------------------------------------------
                                  SCF for MG                                 
 ----------------------------------------------------------------------------
 NUMBER OF ATOMS                         1
 CHARGE                                  0
 Prescreening (pq|pq) integrals for the Cholesky decomposition
 Shell pairs will be sorted according to their max elements
 Max diagonal integral MaxDrs=7.3E+000
 Applying Eq. 15 in J. Chem. Phys. 150, 194112 (2019); doi: 10.1063/1.5083802
 Schwarz inequality: Dpq<min(10**(-8),Tau)**2/MaxDrs=1.4E-017
 Trace of exact Coulomb matrix: 4.8E+001
 Trace of discarded integrals: 0.0E+000
 Discarded 0 out of 91 shell pairs
 (0 out of 630 orbital pairs)

 Step 1 of Cholesky decomposition: locating pivots
 -------------------------------------------------
 Dimensions of the Coulomb matrix: (630,630)
 Threshold for diagonal matrix elements: Dpq > 1.0E-007
 Max number of Cholesky vectors: 525
 Rk storage block size: 500
 Max dimension of 2e integrals buffer: (630,630)

 ----------------------------------------------------------------------------
 #    Dmax        Memory (MB)    NPivots     %    Time        
 ----------------------------------------------------------------------------
 1    7.3E-002    5.4E+000       19          4    6.4E-003    
 2    6.2E-004    5.3E+000       127         32   9.0E-003    
 3    3.1E-006    3.8E+000       208         77   3.8E-003    
 4    9.6E-008    1.6E+000       244         100  1.5E-003    

 Step 1 of the Cholesky decomposition completed
 Computed 244 pivots
 Largest residual Dpq: 9.6E-008
 NCholesky/NAO = 7.0E+000
 Step 1 of Cholesky decomposition completed in 2.2E-002 seconds
 Detailed timings in seconds
 Subtract prev contribs I (M-R**T*R)     2.2E-003
 Subtract prev contribs II (Rk)          3.5E-003
 Two-electron integrals                  1.4E-002
 Reallocation                            6.1E-004

 Step 2 of Cholesky decomposition completed in 1.8E-003 seconds
 Detailed timings in seconds
 Reduced-dimension matrix V    9.0E-004
 V=L*L**T                      4.2E-004
 L**(-1)                       4.8E-004

 Full-dimension Cholesky vectors of the Coulomb matrix will be stored in memory
 Cholesky vectors computed in 3.6E-003 seconds

 ┌─────────────────────────────────────────┐
 │          Self-consistent field          │
 └─────────────────────────────────────────┘

 Atomic orbital basis set
 . . . . . . . . . . . . . . . . . . . . . . . . . . . . . . . . . . . . . . 
 atomic centers                               1
 shell parameter sets                         13
 spherical AOs                                35
 max angular momentum                         2
 parameter set                                ../../../../basis-sets/bse/def2-tzvpd.txt
 . . . . . . . . . . . . . . . . . . . . . . . . . . . . . . . . . . . . . . 
 SCF guess: bare nuclei Hamiltonian
 Starting self-consistent field iterations (spin-restricted singlet)
 Alpha+beta electrons: 12
 ----------------------------------------------------------------------------
 Exchange-correlation: Hartree-Fock
 ----------------------------------------------------------------------------
 Replicated-data parallel SCF
 ----------------------------
 Processes                               1
 Threads/process                         16
 Allocated 1.2E-004 GiB of scratch space for the KS matrix build
 ----------------------------------------------------------------------------
 Spherical harmonic basis contains 35 vectors
 Linear independence thresh: Eig(S) > 1.0E-006
 Computations will be carried out in the space of 35 MOs
 Threshold for J, K: |Rho(r,s)*(pq|rs)|,|Rho(q,s)*(pq|rs)| > 1.0E-011
 Convergence conditions
 ----------------------
 RhoDiff < 1.0E-006
 OrbGrad < 1.0E-006
 Max number of macroiters: 1024
 ------------------------------------------------------------------------------
 #           Energy        EDiff    RhoDiff  OrbGrad  OrbShift NStored Time     
 ------------------------------------------------------------------------------
 0          -28.8166431634                                        0    1.2E-002 
 1         -189.0165348060           1.4E+01                      0    4.8E-003 
 2         -196.4546166745 -7.4E+00  3.8E+00  2.6E+00  6.7E+00    1    5.4E-003 
 3         -199.5035848972 -3.0E+00  2.3E+00  2.0E+00  1.0E+00    2    5.3E-003 
 4         -199.6058367509 -1.0E-01  9.2E-01  3.3E-01  0.0E+00    3    5.0E-003 
 5         -199.6066357842 -8.0E-04  1.7E-02  2.5E-02  0.0E+00    4    4.9E-003 
 6         -199.6066465389 -1.1E-05  4.1E-03  4.6E-03  0.0E+00    5    5.1E-003 
 7         -199.6066465999 -6.1E-08  1.8E-04  2.2E-04  0.0E+00    6    5.0E-003 
 8         -199.6066466003 -3.9E-10  2.0E-05  7.5E-06  0.0E+00    7    5.1E-003 
 9         -199.6066466003 -3.0E-11  5.8E-06  2.5E-06  0.0E+00    8    5.0E-003 
 10        -199.6066466003 -3.0E-12  1.8E-06  9.2E-07  0.0E+00    8    5.1E-003 
 11        -199.6066466003 -3.7E-13  5.8E-07  2.9E-07  0.0E+00    8    5.0E-003 
 ------------------------------------------------------------------------------
 SCF converged
 Converged energy                        -199.606646600331   
 ------------------------------------------------------------------------------
 Ehomo [eV]                              -6.884240782703     
 Elumo [eV]                              0.828993399602      

 dipole moment (Debye)
        x              y              z       
     -6.112E-015    -2.224E-015    -1.661E-014

 traceless quadrupole moment (Debye*Angs)
                       x              y              z       
 x                  -1.632E-006    -1.300E-007     3.381E-009
 y                  -1.300E-007     2.819E-006    -1.157E-007
 z                   3.381E-009    -1.157E-007    -1.187E-006

 ----------------------------------------------------------------------------
 Timings (seconds)
 * mean-field hamiltonian     5.6E-002
 * solver (setting up eqns)   1.9E-003
 * solver (energy estimate)   4.5E-004
 * solver (orthogonalization) 1.3E-004
 * solver (rotation matrix X) 1.2E-003
 * solver (exponential of X)  4.2E-004
 * solver (total)             4.3E-003
 * total SCF                  6.9E-002
 Atomic guess: MG, ../../../../basis-sets/bse/def2-tzvpd.txt
 -----------------------------------------------------------
 E(HF) [a.u.]                            -1.9960664660E+002
 Tr(RhoAvg S), Cartesian AOs              1.2000000000E+001
 Tr(RhoAvg S), spherical AOs              1.2000000000E+001
 max|T RhoAvg T**T - RhoAvg_sao|                  5.55E-017
 max|c(RhoAvg) - c(Rho)|                          4.44E-016
 max|RhoAvg - Rho|                                9.57E-008
 Saved /mnt/storage_6/project_data/pl0415-03/marcin/beyond-rpa/guess/electron-densities/bse/def2-tzvpd/mg.txt
 ----------------------------------------------------------------------------
                             SCF for AL (2S+1=2)                             
 ----------------------------------------------------------------------------
 NUMBER OF ATOMS                         1
 CHARGE                                  0
 Prescreening (pq|pq) integrals for the Cholesky decomposition
 Shell pairs will be sorted according to their max elements
 Max diagonal integral MaxDrs=7.9E+000
 Applying Eq. 15 in J. Chem. Phys. 150, 194112 (2019); doi: 10.1063/1.5083802
 Schwarz inequality: Dpq<min(10**(-8),Tau)**2/MaxDrs=1.3E-017
 Trace of exact Coulomb matrix: 6.0E+001
 Trace of discarded integrals: 0.0E+000
 Discarded 0 out of 120 shell pairs
 (0 out of 946 orbital pairs)

 Step 1 of Cholesky decomposition: locating pivots
 -------------------------------------------------
 Dimensions of the Coulomb matrix: (946,946)
 Threshold for diagonal matrix elements: Dpq > 1.0E-007
 Max number of Cholesky vectors: 645
 Rk storage block size: 500
 Max dimension of 2e integrals buffer: (946,946)

 ----------------------------------------------------------------------------
 #    Dmax        Memory (MB)    NPivots     %    Time        
 ----------------------------------------------------------------------------
 1    6.3E-002    1.0E+001       21          5    8.5E-003    
 2    4.6E-004    9.8E+000       183         35   1.3E-002    
 3    3.6E-006    7.4E+000       270         84   8.4E-003    
 4    8.3E-008    3.1E+000       315         100  4.1E-003    

 Step 1 of the Cholesky decomposition completed
 Computed 315 pivots
 Largest residual Dpq: 8.3E-008
 NCholesky/NAO = 7.3E+000
 Step 1 of Cholesky decomposition completed in 3.5E-002 seconds
 Detailed timings in seconds
 Subtract prev contribs I (M-R**T*R)     5.9E-003
 Subtract prev contribs II (Rk)          7.2E-003
 Two-electron integrals                  1.8E-002
 Reallocation                            1.7E-003

 Step 2 of Cholesky decomposition completed in 3.3E-003 seconds
 Detailed timings in seconds
 Reduced-dimension matrix V    2.1E-003
 V=L*L**T                      4.9E-004
 L**(-1)                       6.8E-004

 Full-dimension Cholesky vectors of the Coulomb matrix will be stored in memory
 Cholesky vectors computed in 8.3E-003 seconds

 ┌─────────────────────────────────────────┐
 │          Self-consistent field          │
 └─────────────────────────────────────────┘

 Atomic orbital basis set
 . . . . . . . . . . . . . . . . . . . . . . . . . . . . . . . . . . . . . . 
 atomic centers                               1
 shell parameter sets                         15
 spherical AOs                                43
 max angular momentum                         3
 parameter set                                ../../../../basis-sets/bse/def2-tzvpd.txt
 . . . . . . . . . . . . . . . . . . . . . . . . . . . . . . . . . . . . . . 
 SCF guess: bare nuclei Hamiltonian
 Starting self-consistent field iterations (spin-unrestricted)
 Alpha electrons: 7
 Beta electrons: 6
 ----------------------------------------------------------------------------
 Exchange-correlation: Hartree-Fock
 ----------------------------------------------------------------------------
 Replicated-data parallel SCF
 ----------------------------
 Processes                               1
 Threads/process                         16
 Allocated 3.6E-004 GiB of scratch space for the KS matrix build
 ----------------------------------------------------------------------------
 Spherical harmonic basis contains 43 vectors
 Linear independence thresh: Eig(S) > 1.0E-006
 Computations will be carried out in the space of 43 MOs
 Threshold for J, K: |Rho(r,s)*(pq|rs)|,|Rho(q,s)*(pq|rs)| > 1.0E-011
 Convergence conditions
 ----------------------
 RhoDiff < 1.0E-006
 OrbGrad < 1.0E-006
 Max number of macroiters: 1024
 ------------------------------------------------------------------------------
 #           Energy        EDiff    RhoDiff  OrbGrad  OrbShift NStored Time     
 ------------------------------------------------------------------------------
 0          -15.7657460917                                        0    2.3E-002 
 1         -224.3494165616           2.3E+01                      0    1.6E-002 
 2         -239.5235004952 -1.5E+01  8.2E-01  4.2E+00  5.9E+00    1    1.8E-002 
 3         -241.3875774496 -1.9E+00  5.4E-01  8.5E-01  7.4E-01    2    1.8E-002 
 4         -241.4660966710 -7.9E-02  2.8E-01  1.8E-01  9.9E-03    3    1.6E-002 
 5         -241.4749382932 -8.8E-03  2.9E-02  5.2E-02  8.2E-03    4    1.6E-002 
 6         -241.4808391851 -5.9E-03  5.6E-02  1.7E-02  2.3E-03    5    1.6E-002 
 7         -241.4822059394 -1.4E-03  1.5E-02  3.4E-02  0.0E+00    6    1.7E-002 
 8         -241.4822294701 -2.4E-05  3.9E-03  3.7E-03  0.0E+00    7    1.7E-002 
 9         -241.4822331467 -3.7E-06  2.1E-03  6.3E-04  0.0E+00    8    1.7E-002 
 10        -241.4822333239 -1.8E-07  4.7E-04  1.9E-04  0.0E+00    8    1.7E-002 
 11        -241.4822334817 -1.6E-07  2.0E-04  3.8E-05  0.0E+00    8    1.7E-002 
 12        -241.4822379097 -4.4E-06  9.6E-04  1.8E-04  3.5E-02    8    1.7E-002 
 13        -241.4822522273 -1.4E-05  1.4E-03  9.9E-04  4.6E-01    8    2.2E-002 
 14        -241.4822818193 -3.0E-05  1.8E-03  2.1E-03  6.5E-01    8    2.2E-002 
 15        -241.4823352397 -5.3E-05  2.1E-03  3.3E-03  7.9E-01    8    2.2E-002 
 16        -241.4824252973 -9.0E-05  2.5E-03  4.9E-03  9.0E-01    8    2.2E-002 
 17        -241.4825705713 -1.5E-04  2.9E-03  6.7E-03  9.9E-01    8    2.2E-002 
 18        -241.4827984231 -2.3E-04  3.5E-03  8.8E-03  1.1E+00    8    2.3E-002 
 19        -241.4831487721 -3.5E-04  4.2E-03  1.1E-02  1.1E+00    8    2.2E-002 
 20        -241.4836796039 -5.3E-04  5.0E-03  1.5E-02  1.2E+00    8    2.2E-002 
 21        -241.4844747559 -8.0E-04  6.0E-03  1.8E-02  1.2E+00    8    2.2E-002 
 22        -241.4856540166 -1.2E-03  7.1E-03  2.3E-02  1.3E+00    8    2.3E-002 
 23        -241.4873913855 -1.7E-03  8.4E-03  2.8E-02  1.3E+00    8    2.2E-002 
 24        -241.4899304880 -2.5E-03  9.9E-03  3.4E-02  1.3E+00    8    2.2E-002 
 25        -241.4936133237 -3.7E-03  1.2E-02  4.2E-02  1.3E+00    8    2.2E-002 
 26        -241.4989233269 -5.3E-03  1.3E-02  5.0E-02  1.3E+00    8    2.2E-002 
 27        -241.5064852869 -7.6E-03  1.7E-02  6.0E-02  1.3E+00    8    2.2E-002 
 28        -241.5171405834 -1.1E-02  2.4E-02  7.1E-02  1.3E+00    8    2.2E-002 
 29        -241.5319022086 -1.5E-02  3.4E-02  8.3E-02  1.2E+00    8    2.1E-002 
 30        -241.5518842706 -2.0E-02  4.6E-02  9.4E-02  1.1E+00    8    2.2E-002 
 31        -241.5779491299 -2.6E-02  6.2E-02  1.0E-01  1.0E+00    8    2.2E-002 
 32        -241.6101249752 -3.2E-02  7.9E-02  1.1E-01  8.4E-01    8    2.2E-002 
 33        -241.6464259172 -3.6E-02  9.5E-02  1.1E-01  6.3E-01    8    2.2E-002 
 34        -241.6813374224 -3.5E-02  1.0E-01  9.8E-02  3.8E-01    8    2.1E-002 
 35        -241.7050469043 -2.4E-02  8.7E-02  6.8E-02  1.3E-01    8    2.1E-002 
 36        -241.7097664093 -4.7E-03  5.6E-02  2.5E-02  0.0E+00    8    1.7E-002 
 37        -241.7098698412 -1.0E-04  5.4E-03  2.0E-03  0.0E+00    8    1.7E-002 
 38        -241.7106761230 -8.1E-04  1.5E-02  3.0E-03  0.0E+00    8    1.7E-002 
 39        -241.7165247637 -5.8E-03  3.5E-02  1.1E-02  3.6E-02    8    1.7E-002 
 40        -241.7316576111 -1.5E-02  4.6E-02  3.2E-02  4.2E-01    8    2.2E-002 
 41        -241.7577770811 -2.6E-02  4.7E-02  5.7E-02  5.2E-01    8    2.1E-002 
 42        -241.7947757381 -3.7E-02  7.6E-02  7.7E-02  4.8E-01    8    2.1E-002 
 43        -241.8356565272 -4.1E-02  1.1E-01  8.3E-02  3.3E-01    8    2.0E-002 
 44        -241.8643563731 -2.9E-02  1.3E-01  6.4E-02  1.1E-01    8    2.0E-002 
 45        -241.8724478791 -8.1E-03  7.6E-02  2.1E-02  0.0E+00    8    1.7E-002 
 46        -241.8742517656 -1.8E-03  4.6E-02  8.9E-03  0.0E+00    8    1.7E-002 
 47        -241.8743881220 -1.4E-04  1.2E-02  4.8E-03  0.0E+00    8    1.7E-002 
 48        -241.8743965647 -8.4E-06  8.9E-04  1.1E-03  0.0E+00    8    2.3E-002 
 49        -241.8743974783 -9.1E-07  6.7E-04  3.5E-04  0.0E+00    8    1.6E-002 
 50        -241.8743975687 -9.0E-08  3.1E-04  7.4E-05  0.0E+00    8    1.6E-002 
 51        -241.8743976274 -5.9E-08  1.6E-04  4.1E-05  0.0E+00    8    1.6E-002 
 52        -241.8743976728 -4.5E-08  2.4E-04  2.7E-05  0.0E+00    8    1.6E-002 
 53        -241.8743976779 -5.1E-09  7.0E-05  2.0E-05  0.0E+00    8    1.6E-002 
 54        -241.8743976784 -5.1E-10  1.3E-05  6.9E-06  0.0E+00    8    1.6E-002 
 55        -241.8743976785 -3.1E-11  3.0E-06  2.4E-06  0.0E+00    8    1.6E-002 
 56        -241.8743976785 -5.7E-12  1.1E-06  8.3E-07  0.0E+00    8    1.6E-002 
 57        -241.8743976785 -2.8E-13  4.2E-07  1.3E-07  0.0E+00    8    1.6E-002 
 ------------------------------------------------------------------------------
 SCF converged
 Converged energy                        -241.874397678465   
 ------------------------------------------------------------------------------
 Ehomo(Alpha) [eV]                       -5.928747402508     
 Elumo(Alpha) [eV]                       0.687842938800      
 Ehomo(Beta) [eV]                        -9.877844131353     
 Elumo(Beta) [eV]                        0.895469672808      

 dipole moment (Debye)
        x              y              z       
      3.656E-008    -7.924E-008    -6.658E-008

 traceless quadrupole moment (Debye*Angs)
                       x              y              z       
 x                  -2.408E+000    -5.023E+000     2.595E+000
 y                  -5.023E+000    -2.893E-001     2.105E+000
 z                   2.595E+000     2.105E+000     2.697E+000

 ----------------------------------------------------------------------------
 Timings (seconds)
 * mean-field hamiltonian     9.1E-001
 * solver (setting up eqns)   2.9E-002
 * solver (energy estimate)   7.4E-003
 * solver (orthogonalization) 1.7E-003
 * solver (rotation matrix X) 1.5E-001
 * solver (exponential of X)  7.1E-003
 * solver (total)             2.0E-001
 * total SCF                  1.1E+000
 Atomic guess: AL, ../../../../basis-sets/bse/def2-tzvpd.txt
 -----------------------------------------------------------
 E(HF) [a.u.]                            -2.4187439768E+002
 Tr(RhoAvg S), Cartesian AOs              1.3000000000E+001
 Tr(RhoAvg S), spherical AOs              1.3000000000E+001
 max|T RhoAvg T**T - RhoAvg_sao|                  1.11E-016
 max|c(RhoAvg) - c(Rho)|                          8.88E-016
 max|RhoAvg - Rho|                                1.70E-001
 Saved /mnt/storage_6/project_data/pl0415-03/marcin/beyond-rpa/guess/electron-densities/bse/def2-tzvpd/al.txt
 ----------------------------------------------------------------------------
                             SCF for SI (2S+1=3)                             
 ----------------------------------------------------------------------------
 NUMBER OF ATOMS                         1
 CHARGE                                  0
 Prescreening (pq|pq) integrals for the Cholesky decomposition
 Shell pairs will be sorted according to their max elements
 Max diagonal integral MaxDrs=8.5E+000
 Applying Eq. 15 in J. Chem. Phys. 150, 194112 (2019); doi: 10.1063/1.5083802
 Schwarz inequality: Dpq<min(10**(-8),Tau)**2/MaxDrs=1.2E-017
 Trace of exact Coulomb matrix: 6.4E+001
 Trace of discarded integrals: 0.0E+000
 Discarded 0 out of 120 shell pairs
 (0 out of 946 orbital pairs)

 Step 1 of Cholesky decomposition: locating pivots
 -------------------------------------------------
 Dimensions of the Coulomb matrix: (946,946)
 Threshold for diagonal matrix elements: Dpq > 1.0E-007
 Max number of Cholesky vectors: 645
 Rk storage block size: 500
 Max dimension of 2e integrals buffer: (946,946)

 ----------------------------------------------------------------------------
 #    Dmax        Memory (MB)    NPivots     %    Time        
 ----------------------------------------------------------------------------
 1    7.3E-002    1.0E+001       21          5    8.6E-003    
 2    6.8E-004    9.8E+000       173         35   1.1E-002    
 3    6.3E-006    8.3E+000       255         73   9.2E-003    
 4    9.0E-008    3.5E+000       311         100  4.1E-003    

 Step 1 of the Cholesky decomposition completed
 Computed 311 pivots
 Largest residual Dpq: 9.0E-008
 NCholesky/NAO = 7.2E+000
 Step 1 of Cholesky decomposition completed in 3.3E-002 seconds
 Detailed timings in seconds
 Subtract prev contribs I (M-R**T*R)     4.1E-003
 Subtract prev contribs II (Rk)          6.5E-003
 Two-electron integrals                  1.9E-002
 Reallocation                            1.8E-003

 Step 2 of Cholesky decomposition completed in 3.2E-003 seconds
 Detailed timings in seconds
 Reduced-dimension matrix V    2.0E-003
 V=L*L**T                      5.1E-004
 L**(-1)                       6.2E-004

 Full-dimension Cholesky vectors of the Coulomb matrix will be stored in memory
 Cholesky vectors computed in 5.6E-003 seconds

 ┌─────────────────────────────────────────┐
 │          Self-consistent field          │
 └─────────────────────────────────────────┘

 Atomic orbital basis set
 . . . . . . . . . . . . . . . . . . . . . . . . . . . . . . . . . . . . . . 
 atomic centers                               1
 shell parameter sets                         15
 spherical AOs                                43
 max angular momentum                         3
 parameter set                                ../../../../basis-sets/bse/def2-tzvpd.txt
 . . . . . . . . . . . . . . . . . . . . . . . . . . . . . . . . . . . . . . 
 SCF guess: bare nuclei Hamiltonian
 Starting self-consistent field iterations (spin-unrestricted)
 Alpha electrons: 8
 Beta electrons: 6
 ----------------------------------------------------------------------------
 Exchange-correlation: Hartree-Fock
 ----------------------------------------------------------------------------
 Replicated-data parallel SCF
 ----------------------------
 Processes                               1
 Threads/process                         16
 Allocated 3.6E-004 GiB of scratch space for the KS matrix build
 ----------------------------------------------------------------------------
 Spherical harmonic basis contains 43 vectors
 Linear independence thresh: Eig(S) > 1.0E-006
 Computations will be carried out in the space of 43 MOs
 Threshold for J, K: |Rho(r,s)*(pq|rs)|,|Rho(q,s)*(pq|rs)| > 1.0E-011
 Convergence conditions
 ----------------------
 RhoDiff < 1.0E-006
 OrbGrad < 1.0E-006
 Max number of macroiters: 1024
 ------------------------------------------------------------------------------
 #           Energy        EDiff    RhoDiff  OrbGrad  OrbShift NStored Time     
 ------------------------------------------------------------------------------
 0          -26.3530059943                                        0    2.3E-002 
 1         -267.7783395805           1.9E+01                      0    1.5E-002 
 2         -285.0523583302 -1.7E+01  1.1E+00  3.6E+00  6.7E+00    1    1.7E-002 
 3         -288.1777271005 -3.1E+00  8.5E-01  1.2E+00  1.0E+00    2    1.6E-002 
 4         -288.2623160277 -8.5E-02  5.3E-02  2.7E-01  1.0E-01    3    1.6E-002 
 5         -288.2636582825 -1.3E-03  1.6E-02  4.2E-02  9.8E-02    4    1.6E-002 
 6         -288.2638155418 -1.6E-04  9.3E-03  5.8E-03  9.7E-02    5    1.6E-002 
 7         -288.2638411921 -2.6E-05  5.3E-03  1.9E-03  9.7E-02    6    1.6E-002 
 8         -288.2638439803 -2.8E-06  1.9E-03  6.8E-04  9.7E-02    7    1.6E-002 
 9         -288.2638444559 -4.8E-07  6.7E-04  2.2E-04  9.7E-02    8    1.6E-002 
 10        -288.2638890778 -4.5E-05  2.9E-03  2.2E-04  1.1E-01    8    1.7E-002 
 11        -288.2640703884 -1.8E-04  3.9E-03  4.1E-03  7.7E-01    8    2.2E-002 
 12        -288.2644754974 -4.1E-04  4.6E-03  9.2E-03  1.2E+00    8    2.2E-002 
 13        -288.2652345422 -7.6E-04  5.3E-03  1.5E-02  1.5E+00    8    2.2E-002 
 14        -288.2665398587 -1.3E-03  6.2E-03  2.2E-02  1.7E+00    8    2.2E-002 
 15        -288.2686705003 -2.1E-03  7.3E-03  3.1E-02  1.9E+00    8    2.2E-002 
 16        -288.2720338726 -3.4E-03  8.6E-03  4.1E-02  2.1E+00    8    2.2E-002 
 17        -288.2772127750 -5.2E-03  1.0E-02  5.3E-02  2.2E+00    8    2.2E-002 
 18        -288.2850292852 -7.8E-03  1.2E-02  6.7E-02  2.3E+00    8    2.2E-002 
 19        -288.2966394108 -1.2E-02  1.4E-02  8.3E-02  2.4E+00    8    2.2E-002 
 20        -288.3135855568 -1.7E-02  1.6E-02  1.0E-01  2.4E+00    8    2.2E-002 
 21        -288.3378940669 -2.4E-02  1.9E-02  1.2E-01  2.4E+00    8    2.2E-002 
 22        -288.3719930348 -3.4E-02  2.7E-02  1.4E-01  2.3E+00    8    2.2E-002 
 23        -288.4184449848 -4.6E-02  3.7E-02  1.6E-01  2.2E+00    8    2.2E-002 
 24        -288.4793670933 -6.1E-02  4.9E-02  1.8E-01  1.9E+00    8    2.2E-002 
 25        -288.5547680123 -7.5E-02  6.3E-02  1.9E-01  1.6E+00    8    2.1E-002 
 26        -288.6404693891 -8.6E-02  7.4E-02  1.9E-01  1.2E+00    8    2.1E-002 
 27        -288.7263132934 -8.6E-02  7.5E-02  1.6E-01  7.9E-01    8    2.1E-002 
 28        -288.7965778935 -7.0E-02  9.1E-02  1.2E-01  3.8E-01    8    2.0E-002 
 29        -288.8373978254 -4.1E-02  1.1E-01  7.0E-02  7.1E-02    8    2.0E-002 
 30        -288.8484358134 -1.1E-02  6.6E-02  2.4E-02  0.0E+00    8    1.7E-002 
 31        -288.8507686391 -2.3E-03  5.5E-02  6.5E-03  0.0E+00    8    1.7E-002 
 32        -288.8508640558 -9.5E-05  1.1E-02  3.4E-03  0.0E+00    8    1.7E-002 
 33        -288.8508693930 -5.3E-06  2.1E-03  9.8E-04  0.0E+00    8    1.6E-002 
 34        -288.8508697607 -3.7E-07  4.2E-04  3.9E-04  0.0E+00    8    1.6E-002 
 35        -288.8508697800 -1.9E-08  1.3E-04  1.3E-04  0.0E+00    8    1.7E-002 
 36        -288.8508697809 -8.9E-10  4.0E-05  1.6E-05  0.0E+00    8    1.7E-002 
 37        -288.8508697810 -9.4E-11  1.5E-05  3.1E-06  0.0E+00    8    1.6E-002 
 38        -288.8508697810 -1.2E-11  4.6E-06  1.1E-06  0.0E+00    8    1.7E-002 
 39        -288.8508697810 -1.7E-12  2.1E-06  4.6E-07  0.0E+00    8    1.7E-002 
 40        -288.8508697810 -1.1E-13  1.3E-07  9.5E-08  0.0E+00    8    1.7E-002 
 ------------------------------------------------------------------------------
 SCF converged
 Converged energy                        -288.850869781005   
 ------------------------------------------------------------------------------
 Ehomo(Alpha) [eV]                       -8.193999776771     
 Elumo(Alpha) [eV]                       -0.091115918721     
 Ehomo(Beta) [eV]                        -12.582272640499    
 Elumo(Beta) [eV]                        0.450371857393      

 dipole moment (Debye)
        x              y              z       
     -2.545E-008    -4.267E-008    -6.548E-008

 traceless quadrupole moment (Debye*Angs)
                       x              y              z       
 x                  -2.144E+000     6.418E-001     1.196E+000
 y                   6.418E-001    -8.519E-001     2.901E+000
 z                   1.196E+000     2.901E+000     2.996E+000

 ----------------------------------------------------------------------------
 Timings (seconds)
 * mean-field hamiltonian     6.3E-001
 * solver (setting up eqns)   2.0E-002
 * solver (energy estimate)   4.9E-003
 * solver (orthogonalization) 1.1E-003
 * solver (rotation matrix X) 1.1E-001
 * solver (exponential of X)  5.0E-003
 * solver (total)             1.4E-001
 * total SCF                  7.9E-001
 Atomic guess: SI, ../../../../basis-sets/bse/def2-tzvpd.txt
 -----------------------------------------------------------
 E(HF) [a.u.]                            -2.8885086978E+002
 Tr(RhoAvg S), Cartesian AOs              1.4000000000E+001
 Tr(RhoAvg S), spherical AOs              1.4000000000E+001
 max|T RhoAvg T**T - RhoAvg_sao|                  1.11E-016
 max|c(RhoAvg) - c(Rho)|                          4.44E-016
 max|RhoAvg - Rho|                                1.27E-001
 Saved /mnt/storage_6/project_data/pl0415-03/marcin/beyond-rpa/guess/electron-densities/bse/def2-tzvpd/si.txt
 ----------------------------------------------------------------------------
                              SCF for P (2S+1=4)                             
 ----------------------------------------------------------------------------
 NUMBER OF ATOMS                         1
 CHARGE                                  0
 Prescreening (pq|pq) integrals for the Cholesky decomposition
 Shell pairs will be sorted according to their max elements
 Max diagonal integral MaxDrs=9.2E+000
 Applying Eq. 15 in J. Chem. Phys. 150, 194112 (2019); doi: 10.1063/1.5083802
 Schwarz inequality: Dpq<min(10**(-8),Tau)**2/MaxDrs=1.1E-017
 Trace of exact Coulomb matrix: 7.2E+001
 Trace of discarded integrals: 0.0E+000
 Discarded 0 out of 120 shell pairs
 (0 out of 946 orbital pairs)

 Step 1 of Cholesky decomposition: locating pivots
 -------------------------------------------------
 Dimensions of the Coulomb matrix: (946,946)
 Threshold for diagonal matrix elements: Dpq > 1.0E-007
 Max number of Cholesky vectors: 645
 Rk storage block size: 500
 Max dimension of 2e integrals buffer: (946,946)

 ----------------------------------------------------------------------------
 #    Dmax        Memory (MB)    NPivots     %    Time        
 ----------------------------------------------------------------------------
 1    8.2E-002    1.0E+001       21          5    8.9E-003    
 2    8.0E-004    9.8E+000       169         31   1.0E-002    
 3    4.8E-006    8.5E+000       256         74   8.4E-003    
 4    8.8E-008    3.2E+000       318         100  3.9E-003    

 Step 1 of the Cholesky decomposition completed
 Computed 318 pivots
 Largest residual Dpq: 8.8E-008
 NCholesky/NAO = 7.4E+000
 Step 1 of Cholesky decomposition completed in 3.2E-002 seconds
 Detailed timings in seconds
 Subtract prev contribs I (M-R**T*R)     3.4E-003
 Subtract prev contribs II (Rk)          6.3E-003
 Two-electron integrals                  1.8E-002
 Reallocation                            1.7E-003

 Step 2 of Cholesky decomposition completed in 2.7E-003 seconds
 Detailed timings in seconds
 Reduced-dimension matrix V    1.6E-003
 V=L*L**T                      5.0E-004
 L**(-1)                       6.3E-004

 Full-dimension Cholesky vectors of the Coulomb matrix will be stored in memory
 Cholesky vectors computed in 7.8E-003 seconds

 ┌─────────────────────────────────────────┐
 │          Self-consistent field          │
 └─────────────────────────────────────────┘

 Atomic orbital basis set
 . . . . . . . . . . . . . . . . . . . . . . . . . . . . . . . . . . . . . . 
 atomic centers                               1
 shell parameter sets                         15
 spherical AOs                                43
 max angular momentum                         3
 parameter set                                ../../../../basis-sets/bse/def2-tzvpd.txt
 . . . . . . . . . . . . . . . . . . . . . . . . . . . . . . . . . . . . . . 
 SCF guess: bare nuclei Hamiltonian
 Starting self-consistent field iterations (spin-unrestricted)
 Alpha electrons: 9
 Beta electrons: 6
 ----------------------------------------------------------------------------
 Exchange-correlation: Hartree-Fock
 ----------------------------------------------------------------------------
 Replicated-data parallel SCF
 ----------------------------
 Processes                               1
 Threads/process                         16
 Allocated 3.6E-004 GiB of scratch space for the KS matrix build
 ----------------------------------------------------------------------------
 Spherical harmonic basis contains 43 vectors
 Linear independence thresh: Eig(S) > 1.0E-006
 Computations will be carried out in the space of 43 MOs
 Threshold for J, K: |Rho(r,s)*(pq|rs)|,|Rho(q,s)*(pq|rs)| > 1.0E-011
 Convergence conditions
 ----------------------
 RhoDiff < 1.0E-006
 OrbGrad < 1.0E-006
 Max number of macroiters: 1024
 ------------------------------------------------------------------------------
 #           Energy        EDiff    RhoDiff  OrbGrad  OrbShift NStored Time     
 ------------------------------------------------------------------------------
 0          -33.4332345686                                        0    2.4E-002 
 1         -319.5790463404           1.9E+01                      0    1.6E-002 
 2         -338.4397256794 -1.9E+01  1.1E+00  4.4E+00  6.2E+00    1    1.8E-002 
 3         -340.3769516008 -1.9E+00  1.9E+00  6.5E-01  5.8E-01    2    1.8E-002 
 4         -340.4166615519 -4.0E-02  5.4E-01  1.4E-01  0.0E+00    3    1.8E-002 
 5         -340.4181604791 -1.5E-03  7.5E-02  2.3E-02  0.0E+00    4    1.8E-002 
 6         -340.4183566724 -2.0E-04  2.1E-02  6.5E-03  0.0E+00    5    1.7E-002 
 7         -340.4183868557 -3.0E-05  4.9E-03  3.7E-03  0.0E+00    6    1.7E-002 
 8         -340.4183880485 -1.2E-06  7.8E-04  9.5E-04  0.0E+00    7    1.7E-002 
 9         -340.4183881133 -6.5E-08  2.2E-04  1.3E-04  0.0E+00    8    1.7E-002 
 10        -340.4183881426 -2.9E-08  6.1E-05  1.3E-05  0.0E+00    8    1.7E-002 
 11        -340.4183968868 -8.7E-06  1.1E-03  8.8E-05  0.0E+00    8    1.8E-002 
 12        -340.4184464811 -5.0E-05  1.8E-03  1.5E-03  1.8E-01    8    1.8E-002 
 13        -340.4185664168 -1.2E-04  2.4E-03  4.1E-03  8.3E-01    8    2.3E-002 
 14        -340.4187915665 -2.3E-04  2.9E-03  7.4E-03  1.0E+00    8    2.3E-002 
 15        -340.4191798227 -3.9E-04  3.4E-03  1.1E-02  1.2E+00    8    2.4E-002 
 16        -340.4198162512 -6.4E-04  4.0E-03  1.6E-02  1.4E+00    8    2.4E-002 
 17        -340.4208235340 -1.0E-03  4.8E-03  2.1E-02  1.5E+00    8    2.3E-002 
 18        -340.4223802131 -1.6E-03  5.7E-03  2.8E-02  1.6E+00    8    2.3E-002 
 19        -340.4247420331 -2.4E-03  6.7E-03  3.6E-02  1.6E+00    8    2.2E-002 
 20        -340.4282772228 -3.5E-03  7.9E-03  4.5E-02  1.7E+00    8    2.3E-002 
 21        -340.4334914803 -5.2E-03  9.3E-03  5.5E-02  1.7E+00    8    2.2E-002 
 22        -340.4410924978 -7.6E-03  1.1E-02  6.8E-02  1.7E+00    8    2.3E-002 
 23        -340.4520220584 -1.1E-02  1.3E-02  8.2E-02  1.7E+00    8    2.2E-002 
 24        -340.4674459232 -1.5E-02  1.8E-02  9.7E-02  1.7E+00    8    2.3E-002 
 25        -340.4887330716 -2.1E-02  2.6E-02  1.1E-01  1.6E+00    8    2.2E-002 
 26        -340.5171973115 -2.8E-02  3.6E-02  1.3E-01  1.5E+00    8    2.3E-002 
 27        -340.5535183945 -3.6E-02  4.9E-02  1.4E-01  1.3E+00    8    2.2E-002 
 28        -340.5965647350 -4.3E-02  6.5E-02  1.5E-01  1.0E+00    8    2.2E-002 
 29        -340.6420323558 -4.5E-02  8.1E-02  1.4E-01  7.1E-01    8    2.1E-002 
 30        -340.6816756041 -4.0E-02  9.0E-02  1.1E-01  3.7E-01    8    2.1E-002 
 31        -340.7060737001 -2.4E-02  7.4E-02  6.8E-02  9.6E-02    8    2.0E-002 
 32        -340.7099724991 -3.9E-03  3.3E-02  2.0E-02  0.0E+00    8    1.7E-002 
 33        -340.7100109566 -3.8E-05  2.4E-03  1.9E-03  0.0E+00    8    1.7E-002 
 34        -340.7100115672 -6.1E-07  1.9E-04  3.4E-04  0.0E+00    8    1.7E-002 
 35        -340.7100117151 -1.5E-07  1.5E-04  1.1E-04  0.0E+00    8    1.7E-002 
 36        -340.7100117245 -9.4E-09  3.9E-05  7.8E-05  0.0E+00    8    1.7E-002 
 37        -340.7100117250 -5.2E-10  7.5E-06  1.3E-05  0.0E+00    8    1.7E-002 
 38        -340.7100117251 -8.1E-11  3.7E-06  2.9E-06  0.0E+00    8    1.7E-002 
 39        -340.7100117251 -1.7E-11  1.6E-06  2.5E-06  0.0E+00    8    1.7E-002 
 40        -340.7100117251 -6.3E-13  3.8E-07  2.6E-07  0.0E+00    8    1.7E-002 
 ------------------------------------------------------------------------------
 SCF converged
 Converged energy                        -340.710011725088   
 ------------------------------------------------------------------------------
 Ehomo(Alpha) [eV]                       -10.661394447680    
 Elumo(Alpha) [eV]                       2.687964082552      
 Ehomo(Beta) [eV]                        -15.123203752979    
 Elumo(Beta) [eV]                        1.389077882506      

 dipole moment (Debye)
        x              y              z       
      1.802E-007     7.474E-007     7.319E-007

 traceless quadrupole moment (Debye*Angs)
                       x              y              z       
 x                  -1.998E-007     1.248E-008     1.221E-008
 y                   1.248E-008     3.816E-007     5.263E-008
 z                   1.221E-008     5.263E-008    -1.819E-007

 ----------------------------------------------------------------------------
 Timings (seconds)
 * mean-field hamiltonian     6.7E-001
 * solver (setting up eqns)   2.0E-002
 * solver (energy estimate)   5.0E-003
 * solver (orthogonalization) 1.2E-003
 * solver (rotation matrix X) 1.0E-001
 * solver (exponential of X)  4.8E-003
 * solver (total)             1.4E-001
 * total SCF                  8.2E-001
 Atomic guess: P, ../../../../basis-sets/bse/def2-tzvpd.txt
 ----------------------------------------------------------
 E(HF) [a.u.]                            -3.4071001173E+002
 Tr(RhoAvg S), Cartesian AOs              1.5000000000E+001
 Tr(RhoAvg S), spherical AOs              1.5000000000E+001
 max|T RhoAvg T**T - RhoAvg_sao|                  5.55E-017
 max|c(RhoAvg) - c(Rho)|                          8.88E-016
 max|RhoAvg - Rho|                                2.05E-007
 Saved /mnt/storage_6/project_data/pl0415-03/marcin/beyond-rpa/guess/electron-densities/bse/def2-tzvpd/p.txt
 ----------------------------------------------------------------------------
                              SCF for S (2S+1=3)                             
 ----------------------------------------------------------------------------
 NUMBER OF ATOMS                         1
 CHARGE                                  0
 Prescreening (pq|pq) integrals for the Cholesky decomposition
 Shell pairs will be sorted according to their max elements
 Max diagonal integral MaxDrs=9.8E+000
 Applying Eq. 15 in J. Chem. Phys. 150, 194112 (2019); doi: 10.1063/1.5083802
 Schwarz inequality: Dpq<min(10**(-8),Tau)**2/MaxDrs=1.0E-017
 Trace of exact Coulomb matrix: 8.0E+001
 Trace of discarded integrals: 0.0E+000
 Discarded 0 out of 136 shell pairs
 (0 out of 1081 orbital pairs)

 Step 1 of Cholesky decomposition: locating pivots
 -------------------------------------------------
 Dimensions of the Coulomb matrix: (1081,1081)
 Threshold for diagonal matrix elements: Dpq > 1.0E-007
 Max number of Cholesky vectors: 690
 Rk storage block size: 500
 Max dimension of 2e integrals buffer: (1081,1000)

 ----------------------------------------------------------------------------
 #    Dmax        Memory (MB)    NPivots     %    Time        
 ----------------------------------------------------------------------------
 1    9.2E-002    1.2E+001       21          4    9.6E-003    
 2    9.0E-004    1.2E+001       180         32   1.2E-002    
 3    7.4E-006    1.1E+001       271         76   1.0E-002    
 4    9.0E-008    3.6E+000       332         100  3.9E-003    

 Step 1 of the Cholesky decomposition completed
 Computed 332 pivots
 Largest residual Dpq: 9.0E-008
 NCholesky/NAO = 7.2E+000
 Step 1 of Cholesky decomposition completed in 3.7E-002 seconds
 Detailed timings in seconds
 Subtract prev contribs I (M-R**T*R)     3.7E-003
 Subtract prev contribs II (Rk)          7.7E-003
 Two-electron integrals                  2.2E-002
 Reallocation                            1.7E-003

 Step 2 of Cholesky decomposition completed in 2.7E-003 seconds
 Detailed timings in seconds
 Reduced-dimension matrix V    1.6E-003
 V=L*L**T                      5.1E-004
 L**(-1)                       6.4E-004

 Full-dimension Cholesky vectors of the Coulomb matrix will be stored in memory
 Cholesky vectors computed in 9.3E-003 seconds

 ┌─────────────────────────────────────────┐
 │          Self-consistent field          │
 └─────────────────────────────────────────┘

 Atomic orbital basis set
 . . . . . . . . . . . . . . . . . . . . . . . . . . . . . . . . . . . . . . 
 atomic centers                               1
 shell parameter sets                         16
 spherical AOs                                46
 max angular momentum                         3
 parameter set                                ../../../../basis-sets/bse/def2-tzvpd.txt
 . . . . . . . . . . . . . . . . . . . . . . . . . . . . . . . . . . . . . . 
 SCF guess: bare nuclei Hamiltonian
 Starting self-consistent field iterations (spin-unrestricted)
 Alpha electrons: 9
 Beta electrons: 7
 ----------------------------------------------------------------------------
 Exchange-correlation: Hartree-Fock
 ----------------------------------------------------------------------------
 Replicated-data parallel SCF
 ----------------------------
 Processes                               1
 Threads/process                         16
 Allocated 4.0E-004 GiB of scratch space for the KS matrix build
 ----------------------------------------------------------------------------
 Spherical harmonic basis contains 46 vectors
 Linear independence thresh: Eig(S) > 1.0E-006
 Computations will be carried out in the space of 46 MOs
 Threshold for J, K: |Rho(r,s)*(pq|rs)|,|Rho(q,s)*(pq|rs)| > 1.0E-011
 Convergence conditions
 ----------------------
 RhoDiff < 1.0E-006
 OrbGrad < 1.0E-006
 Max number of macroiters: 1024
 ------------------------------------------------------------------------------
 #           Energy        EDiff    RhoDiff  OrbGrad  OrbShift NStored Time     
 ------------------------------------------------------------------------------
 0          -28.4631195276                                        0    2.8E-002 
 1         -372.2986954800           1.3E+01                      0    2.1E-002 
 2         -395.0138810435 -2.3E+01  9.4E-01  4.8E+00  6.7E+00    1    2.2E-002 
 3         -396.9962595903 -2.0E+00  2.1E+00  7.3E-01  3.7E-01    2    2.2E-002 
 4         -397.0701095368 -7.4E-02  6.1E-02  9.2E-02  1.5E-01    3    2.2E-002 
 5         -397.0794641946 -9.4E-03  1.3E-01  9.2E-02  7.6E-02    4    2.2E-002 
 6         -397.0806588084 -1.2E-03  3.8E-02  1.5E-02  7.6E-02    5    2.3E-002 
 7         -397.0808429573 -1.8E-04  6.5E-03  4.4E-03  7.3E-02    6    2.2E-002 
 8         -397.0808564411 -1.3E-05  1.9E-03  1.0E-03  7.2E-02    7    2.2E-002 
 9         -397.0810363751 -1.8E-04  5.2E-03  2.2E-04  7.2E-02    8    2.2E-002 
 10        -397.0826849137 -1.6E-03  1.2E-02  8.5E-03  2.6E-01    8    2.2E-002 
 11        -397.0870879505 -4.4E-03  1.6E-02  2.7E-02  1.0E+00    8    2.9E-002 
 12        -397.0955855978 -8.5E-03  1.8E-02  5.2E-02  1.3E+00    8    2.9E-002 
 13        -397.1102380369 -1.5E-02  2.1E-02  7.9E-02  1.5E+00    8    2.9E-002 
 14        -397.1336443726 -2.3E-02  2.3E-02  1.1E-01  1.7E+00    8    2.9E-002 
 15        -397.1689409286 -3.5E-02  3.3E-02  1.4E-01  1.7E+00    8    2.9E-002 
 16        -397.2188657184 -5.0E-02  4.8E-02  1.7E-01  1.7E+00    8    2.8E-002 
 17        -397.2842409158 -6.5E-02  6.7E-02  2.0E-01  1.5E+00    8    2.8E-002 
 18        -397.3609607462 -7.7E-02  8.5E-02  2.1E-01  1.1E+00    8    2.7E-002 
 19        -397.4362639516 -7.5E-02  9.7E-02  1.9E-01  7.0E-01    8    2.7E-002 
 20        -397.4892978678 -5.3E-02  8.5E-02  1.3E-01  2.5E-01    8    2.6E-002 
 21        -397.5021970246 -1.3E-02  6.7E-02  4.9E-02  0.0E+00    8    2.2E-002 
 22        -397.5023022722 -1.1E-04  3.6E-03  2.8E-03  0.0E+00    8    2.2E-002 
 23        -397.5023059618 -3.7E-06  5.7E-04  5.8E-04  0.0E+00    8    2.2E-002 
 24        -397.5023064253 -4.6E-07  1.9E-04  2.1E-04  0.0E+00    8    2.2E-002 
 25        -397.5023064435 -1.8E-08  4.9E-05  1.3E-04  0.0E+00    8    2.2E-002 
 26        -397.5023064449 -1.4E-09  9.3E-06  2.7E-05  0.0E+00    8    2.2E-002 
 27        -397.5023064449 -6.8E-11  2.3E-06  2.4E-06  0.0E+00    8    2.2E-002 
 28        -397.5023064450 -1.2E-11  8.0E-07  8.7E-07  0.0E+00    8    2.2E-002 
 ------------------------------------------------------------------------------
 SCF converged
 Converged energy                        -397.502306444954   
 ------------------------------------------------------------------------------
 Ehomo(Alpha) [eV]                       -11.310382555054    
 Elumo(Alpha) [eV]                       2.166035127334      
 Ehomo(Beta) [eV]                        -10.309543124861    
 Elumo(Beta) [eV]                        0.010935697875      

 dipole moment (Debye)
        x              y              z       
      2.453E-007     2.069E-008    -1.093E-007

 traceless quadrupole moment (Debye*Angs)
                       x              y              z       
 x                   1.530E+000     1.222E-001     1.460E-002
 y                   1.222E-001    -2.998E+000    -5.415E-001
 z                   1.460E-002    -5.415E-001     1.468E+000

 ----------------------------------------------------------------------------
 Timings (seconds)
 * mean-field hamiltonian     6.0E-001
 * solver (setting up eqns)   1.5E-002
 * solver (energy estimate)   4.0E-003
 * solver (orthogonalization) 9.3E-004
 * solver (rotation matrix X) 7.1E-002
 * solver (exponential of X)  3.8E-003
 * solver (total)             9.6E-002
 * total SCF                  7.1E-001
 Atomic guess: S, ../../../../basis-sets/bse/def2-tzvpd.txt
 ----------------------------------------------------------
 E(HF) [a.u.]                            -3.9750230644E+002
 Tr(RhoAvg S), Cartesian AOs              1.6000000000E+001
 Tr(RhoAvg S), spherical AOs              1.6000000000E+001
 max|T RhoAvg T**T - RhoAvg_sao|                  1.11E-016
 max|c(RhoAvg) - c(Rho)|                          4.44E-016
 max|RhoAvg - Rho|                                1.59E-001
 Saved /mnt/storage_6/project_data/pl0415-03/marcin/beyond-rpa/guess/electron-densities/bse/def2-tzvpd/s.txt
 ----------------------------------------------------------------------------
                             SCF for CL (2S+1=2)                             
 ----------------------------------------------------------------------------
 NUMBER OF ATOMS                         1
 CHARGE                                  0
 Prescreening (pq|pq) integrals for the Cholesky decomposition
 Shell pairs will be sorted according to their max elements
 Max diagonal integral MaxDrs=1.0E+001
 Applying Eq. 15 in J. Chem. Phys. 150, 194112 (2019); doi: 10.1063/1.5083802
 Schwarz inequality: Dpq<min(10**(-8),Tau)**2/MaxDrs=9.6E-018
 Trace of exact Coulomb matrix: 8.8E+001
 Trace of discarded integrals: 0.0E+000
 Discarded 0 out of 136 shell pairs
 (0 out of 1081 orbital pairs)

 Step 1 of Cholesky decomposition: locating pivots
 -------------------------------------------------
 Dimensions of the Coulomb matrix: (1081,1081)
 Threshold for diagonal matrix elements: Dpq > 1.0E-007
 Max number of Cholesky vectors: 690
 Rk storage block size: 500
 Max dimension of 2e integrals buffer: (1081,1000)

 ----------------------------------------------------------------------------
 #    Dmax        Memory (MB)    NPivots     %    Time        
 ----------------------------------------------------------------------------
 1    8.9E-002    1.2E+001       21          4    9.9E-003    
 2    8.4E-004    1.2E+001       185         32   1.2E-002    
 3    5.6E-006    1.1E+001       272         76   1.1E-002    
 4    7.5E-008    3.3E+000       333         100  3.8E-003    

 Step 1 of the Cholesky decomposition completed
 Computed 333 pivots
 Largest residual Dpq: 7.5E-008
 NCholesky/NAO = 7.2E+000
 Step 1 of Cholesky decomposition completed in 3.7E-002 seconds
 Detailed timings in seconds
 Subtract prev contribs I (M-R**T*R)     3.5E-003
 Subtract prev contribs II (Rk)          7.4E-003
 Two-electron integrals                  2.3E-002
 Reallocation                            1.5E-003

 Step 2 of Cholesky decomposition completed in 2.7E-003 seconds
 Detailed timings in seconds
 Reduced-dimension matrix V    1.5E-003
 V=L*L**T                      5.4E-004
 L**(-1)                       6.1E-004

 Full-dimension Cholesky vectors of the Coulomb matrix will be stored in memory
 Cholesky vectors computed in 7.8E-003 seconds

 ┌─────────────────────────────────────────┐
 │          Self-consistent field          │
 └─────────────────────────────────────────┘

 Atomic orbital basis set
 . . . . . . . . . . . . . . . . . . . . . . . . . . . . . . . . . . . . . . 
 atomic centers                               1
 shell parameter sets                         16
 spherical AOs                                46
 max angular momentum                         3
 parameter set                                ../../../../basis-sets/bse/def2-tzvpd.txt
 . . . . . . . . . . . . . . . . . . . . . . . . . . . . . . . . . . . . . . 
 SCF guess: bare nuclei Hamiltonian
 Starting self-consistent field iterations (spin-unrestricted)
 Alpha electrons: 9
 Beta electrons: 8
 ----------------------------------------------------------------------------
 Exchange-correlation: Hartree-Fock
 ----------------------------------------------------------------------------
 Replicated-data parallel SCF
 ----------------------------
 Processes                               1
 Threads/process                         16
 Allocated 4.0E-004 GiB of scratch space for the KS matrix build
 ----------------------------------------------------------------------------
 Spherical harmonic basis contains 46 vectors
 Linear independence thresh: Eig(S) > 1.0E-006
 Computations will be carried out in the space of 46 MOs
 Threshold for J, K: |Rho(r,s)*(pq|rs)|,|Rho(q,s)*(pq|rs)| > 1.0E-011
 Convergence conditions
 ----------------------
 RhoDiff < 1.0E-006
 OrbGrad < 1.0E-006
 Max number of macroiters: 1024
 ------------------------------------------------------------------------------
 #           Energy        EDiff    RhoDiff  OrbGrad  OrbShift NStored Time     
 ------------------------------------------------------------------------------
 0          -24.5421764180                                        0    2.9E-002 
 1         -431.6942792498           1.3E+01                      0    2.2E-002 
 2         -456.7384718178 -2.5E+01  8.8E-01  5.3E+00  6.8E+00    1    2.3E-002 
 3         -458.8736955422 -2.1E+00  1.9E+00  8.0E-01  3.8E-01    2    2.2E-002 
 4         -458.9084557760 -3.5E-02  4.2E-02  8.2E-02  1.9E-01    3    2.3E-002 
 5         -458.9105886572 -2.1E-03  6.5E-02  3.8E-02  1.7E-01    4    2.3E-002 
 6         -458.9108180402 -2.3E-04  2.1E-02  7.2E-03  1.7E-01    5    2.3E-002 
 7         -458.9108547886 -3.7E-05  2.5E-03  1.5E-03  1.7E-01    6    2.3E-002 
 8         -458.9108586637 -3.9E-06  7.8E-04  5.2E-04  1.7E-01    7    2.3E-002 
 9         -458.9108602405 -1.6E-06  3.8E-04  1.8E-04  1.7E-01    8    2.3E-002 
 10        -458.9109562738 -9.6E-05  2.6E-03  6.0E-04  2.3E-01    8    2.3E-002 
 11        -458.9113000565 -3.4E-04  3.6E-03  7.3E-03  1.1E+00    8    3.0E-002 
 12        -458.9120255246 -7.3E-04  4.5E-03  1.6E-02  1.6E+00    8    3.0E-002 
 13        -458.9133496994 -1.3E-03  5.3E-03  2.6E-02  2.0E+00    8    3.0E-002 
 14        -458.9155874678 -2.2E-03  6.2E-03  3.8E-02  2.3E+00    8    3.0E-002 
 15        -458.9192003721 -3.6E-03  7.4E-03  5.3E-02  2.5E+00    8    3.0E-002 
 16        -458.9248467201 -5.6E-03  8.7E-03  7.0E-02  2.7E+00    8    3.0E-002 
 17        -458.9334764388 -8.6E-03  1.0E-02  9.0E-02  2.8E+00    8    3.1E-002 
 18        -458.9463892084 -1.3E-02  1.2E-02  1.1E-01  2.9E+00    8    3.1E-002 
 19        -458.9653670586 -1.9E-02  1.4E-02  1.4E-01  2.9E+00    8    3.1E-002 
 20        -458.9927285353 -2.7E-02  2.1E-02  1.7E-01  2.9E+00    8    3.1E-002 
 21        -459.0312460498 -3.9E-02  3.0E-02  2.0E-01  2.8E+00    8    3.1E-002 
 22        -459.0838883444 -5.3E-02  4.1E-02  2.4E-01  2.7E+00    8    3.1E-002 
 23        -459.1527736806 -6.9E-02  5.6E-02  2.6E-01  2.4E+00    8    3.0E-002 
 24        -459.2371809287 -8.4E-02  7.1E-02  2.8E-01  2.0E+00    8    2.9E-002 
 25        -459.3304537228 -9.3E-02  8.5E-02  2.7E-01  1.4E+00    8    2.8E-002 
 26        -459.4163884103 -8.6E-02  8.6E-02  2.3E-01  8.2E-01    8    2.8E-002 
 27        -459.4700508157 -5.4E-02  6.3E-02  1.5E-01  2.3E-01    8    2.7E-002 
 28        -459.4770892768 -7.0E-03  3.4E-02  4.3E-02  0.0E+00    8    2.3E-002 
 29        -459.4771220071 -3.3E-05  2.0E-03  1.5E-03  0.0E+00    8    2.3E-002 
 30        -459.4771239119 -1.9E-06  5.2E-04  5.7E-04  0.0E+00    8    2.4E-002 
 31        -459.4771241735 -2.6E-07  8.1E-05  2.0E-04  0.0E+00    8    2.4E-002 
 32        -459.4771241832 -9.7E-09  2.2E-05  4.1E-05  0.0E+00    8    2.4E-002 
 33        -459.4771241837 -4.3E-10  8.1E-06  1.0E-05  0.0E+00    8    2.4E-002 
 34        -459.4771241837 -3.0E-11  1.5E-06  2.5E-06  0.0E+00    8    2.4E-002 
 35        -459.4771241837 -4.7E-12  1.1E-06  1.0E-06  0.0E+00    8    2.4E-002 
 36        -459.4771241837 -5.1E-13  2.7E-07  2.2E-07  0.0E+00    8    2.4E-002 
 ------------------------------------------------------------------------------
 SCF converged
 Converged energy                        -459.477124183691   
 ------------------------------------------------------------------------------
 Ehomo(Alpha) [eV]                       -13.679700307009    
 Elumo(Alpha) [eV]                       2.468650795563      
 Ehomo(Beta) [eV]                        -13.081077065870    
 Elumo(Beta) [eV]                        -1.143948709430     

 dipole moment (Debye)
        x              y              z       
      1.013E-007    -1.168E-007    -4.183E-008

 traceless quadrupole moment (Debye*Angs)
                       x              y              z       
 x                   2.305E-001    -1.590E+000    -5.695E-001
 y                  -1.590E+000     6.837E-001     6.564E-001
 z                  -5.695E-001     6.564E-001    -9.142E-001

 ----------------------------------------------------------------------------
 Timings (seconds)
 * mean-field hamiltonian     8.2E-001
 * solver (setting up eqns)   2.0E-002
 * solver (energy estimate)   4.8E-003
 * solver (orthogonalization) 1.1E-003
 * solver (rotation matrix X) 1.2E-001
 * solver (exponential of X)  4.6E-003
 * solver (total)             1.5E-001
 * total SCF                  9.8E-001
 Atomic guess: CL, ../../../../basis-sets/bse/def2-tzvpd.txt
 -----------------------------------------------------------
 E(HF) [a.u.]                            -4.5947712418E+002
 Tr(RhoAvg S), Cartesian AOs              1.7000000000E+001
 Tr(RhoAvg S), spherical AOs              1.7000000000E+001
 max|T RhoAvg T**T - RhoAvg_sao|                  1.11E-016
 max|c(RhoAvg) - c(Rho)|                          1.11E-016
 max|RhoAvg - Rho|                                1.27E-001
 Saved /mnt/storage_6/project_data/pl0415-03/marcin/beyond-rpa/guess/electron-densities/bse/def2-tzvpd/cl.txt
 ----------------------------------------------------------------------------
                                  SCF for AR                                 
 ----------------------------------------------------------------------------
 NUMBER OF ATOMS                         1
 CHARGE                                  0
 Prescreening (pq|pq) integrals for the Cholesky decomposition
 Shell pairs will be sorted according to their max elements
 Max diagonal integral MaxDrs=1.1E+001
 Applying Eq. 15 in J. Chem. Phys. 150, 194112 (2019); doi: 10.1063/1.5083802
 Schwarz inequality: Dpq<min(10**(-8),Tau)**2/MaxDrs=9.0E-018
 Trace of exact Coulomb matrix: 9.6E+001
 Trace of discarded integrals: 0.0E+000
 Discarded 0 out of 136 shell pairs
 (0 out of 1081 orbital pairs)

 Step 1 of Cholesky decomposition: locating pivots
 -------------------------------------------------
 Dimensions of the Coulomb matrix: (1081,1081)
 Threshold for diagonal matrix elements: Dpq > 1.0E-007
 Max number of Cholesky vectors: 690
 Rk storage block size: 500
 Max dimension of 2e integrals buffer: (1081,1000)

 ----------------------------------------------------------------------------
 #    Dmax        Memory (MB)    NPivots     %    Time        
 ----------------------------------------------------------------------------
 1    9.5E-002    1.2E+001       21          4    1.0E-002    
 2    9.0E-004    1.2E+001       185         32   1.5E-002    
 3    8.2E-006    1.1E+001       269         72   1.0E-002    
 4    8.8E-008    3.8E+000       333         100  4.6E-003    

 Step 1 of the Cholesky decomposition completed
 Computed 333 pivots
 Largest residual Dpq: 8.8E-008
 NCholesky/NAO = 7.2E+000
 Step 1 of Cholesky decomposition completed in 4.1E-002 seconds
 Detailed timings in seconds
 Subtract prev contribs I (M-R**T*R)     3.8E-003
 Subtract prev contribs II (Rk)          7.4E-003
 Two-electron integrals                  2.5E-002
 Reallocation                            1.4E-003

 Step 2 of Cholesky decomposition completed in 3.7E-003 seconds
 Detailed timings in seconds
 Reduced-dimension matrix V    2.3E-003
 V=L*L**T                      5.9E-004
 L**(-1)                       7.6E-004

 Full-dimension Cholesky vectors of the Coulomb matrix will be stored in memory
 Cholesky vectors computed in 6.0E-003 seconds

 ┌─────────────────────────────────────────┐
 │          Self-consistent field          │
 └─────────────────────────────────────────┘

 Atomic orbital basis set
 . . . . . . . . . . . . . . . . . . . . . . . . . . . . . . . . . . . . . . 
 atomic centers                               1
 shell parameter sets                         16
 spherical AOs                                46
 max angular momentum                         3
 parameter set                                ../../../../basis-sets/bse/def2-tzvpd.txt
 . . . . . . . . . . . . . . . . . . . . . . . . . . . . . . . . . . . . . . 
 SCF guess: bare nuclei Hamiltonian
 Starting self-consistent field iterations (spin-restricted singlet)
 Alpha+beta electrons: 18
 ----------------------------------------------------------------------------
 Exchange-correlation: Hartree-Fock
 ----------------------------------------------------------------------------
 Replicated-data parallel SCF
 ----------------------------
 Processes                               1
 Threads/process                         16
 Allocated 2.2E-004 GiB of scratch space for the KS matrix build
 ----------------------------------------------------------------------------
 Spherical harmonic basis contains 46 vectors
 Linear independence thresh: Eig(S) > 1.0E-006
 Computations will be carried out in the space of 46 MOs
 Threshold for J, K: |Rho(r,s)*(pq|rs)|,|Rho(q,s)*(pq|rs)| > 1.0E-011
 Convergence conditions
 ----------------------
 RhoDiff < 1.0E-006
 OrbGrad < 1.0E-006
 Max number of macroiters: 1024
 ------------------------------------------------------------------------------
 #           Energy        EDiff    RhoDiff  OrbGrad  OrbShift NStored Time     
 ------------------------------------------------------------------------------
 0          -17.6155577996                                        0    1.8E-002 
 1         -498.7710210905           2.5E+01                      0    1.1E-002 
 2         -524.5412448105 -2.6E+01  1.7E+00  5.8E+00  6.9E+00    1    1.2E-002 
 3         -525.6529302235 -1.1E+00  4.1E+00  8.5E-01  4.2E-02    2    1.2E-002 
 4         -526.4603786360 -8.1E-01  9.4E-01  4.5E-01  5.3E-02    3    1.2E-002 
 5         -526.8010441333 -3.4E-01  5.5E-01  3.5E-01  0.0E+00    4    1.2E-002 
 6         -526.8028535200 -1.8E-03  2.2E-02  1.7E-02  0.0E+00    5    1.2E-002 
 7         -526.8030684785 -2.1E-04  1.2E-02  5.2E-03  0.0E+00    6    1.2E-002 
 8         -526.8030686911 -2.1E-07  6.8E-04  2.4E-04  0.0E+00    7    1.2E-002 
 9         -526.8030686917 -6.4E-10  3.1E-05  1.7E-05  0.0E+00    8    1.3E-002 
 10        -526.8030686917 -8.8E-12  2.0E-06  1.2E-06  0.0E+00    8    1.3E-002 
 11        -526.8030686917 -4.5E-13  3.5E-07  3.0E-07  0.0E+00    8    1.2E-002 
 ------------------------------------------------------------------------------
 SCF converged
 Converged energy                        -526.803068691738   
 ------------------------------------------------------------------------------
 Ehomo [eV]                              -16.094168716414    
 Elumo [eV]                              3.077133679054      

 dipole moment (Debye)
        x              y              z       
      1.876E-015     1.010E-015    -6.551E-016

 traceless quadrupole moment (Debye*Angs)
                       x              y              z       
 x                  -2.310E-007     6.709E-008     5.115E-007
 y                   6.709E-008     8.258E-007    -2.957E-008
 z                   5.115E-007    -2.957E-008    -5.948E-007

 ----------------------------------------------------------------------------
 Timings (seconds)
 * mean-field hamiltonian     1.4E-001
 * solver (setting up eqns)   2.7E-003
 * solver (energy estimate)   5.5E-004
 * solver (orthogonalization) 1.8E-004
 * solver (rotation matrix X) 1.9E-003
 * solver (exponential of X)  7.9E-004
 * solver (total)             6.5E-003
 * total SCF                  1.5E-001
 Atomic guess: AR, ../../../../basis-sets/bse/def2-tzvpd.txt
 -----------------------------------------------------------
 E(HF) [a.u.]                            -5.2680306869E+002
 Tr(RhoAvg S), Cartesian AOs              1.8000000000E+001
 Tr(RhoAvg S), spherical AOs              1.8000000000E+001
 max|T RhoAvg T**T - RhoAvg_sao|                  2.78E-017
 max|c(RhoAvg) - c(Rho)|                          4.44E-016
 max|RhoAvg - Rho|                                2.19E-007
 Saved /mnt/storage_6/project_data/pl0415-03/marcin/beyond-rpa/guess/electron-densities/bse/def2-tzvpd/ar.txt
 ----------------------------------------------------------------------------
                              SCF for K (2S+1=2)                             
 ----------------------------------------------------------------------------
 NUMBER OF ATOMS                         1
 CHARGE                                  0
 Prescreening (pq|pq) integrals for the Cholesky decomposition
 Shell pairs will be sorted according to their max elements
 Max diagonal integral MaxDrs=1.2E+001
 Applying Eq. 15 in J. Chem. Phys. 150, 194112 (2019); doi: 10.1063/1.5083802
 Schwarz inequality: Dpq<min(10**(-8),Tau)**2/MaxDrs=8.6E-018
 Trace of exact Coulomb matrix: 5.0E+001
 Trace of discarded integrals: 0.0E+000
 Discarded 0 out of 105 shell pairs
 (0 out of 666 orbital pairs)

 Step 1 of Cholesky decomposition: locating pivots
 -------------------------------------------------
 Dimensions of the Coulomb matrix: (666,666)
 Threshold for diagonal matrix elements: Dpq > 1.0E-007
 Max number of Cholesky vectors: 540
 Rk storage block size: 500
 Max dimension of 2e integrals buffer: (666,666)

 ----------------------------------------------------------------------------
 #    Dmax        Memory (MB)    NPivots     %    Time        
 ----------------------------------------------------------------------------
 1    1.0E-001    5.7E+000       17          5    7.4E-003    
 2    9.7E-004    5.5E+000       125         38   7.9E-003    
 3    5.2E-006    3.4E+000       199         80   3.3E-003    
 4    8.4E-008    9.5E-001       234         100  1.2E-003    

 Step 1 of the Cholesky decomposition completed
 Computed 234 pivots
 Largest residual Dpq: 8.4E-008
 NCholesky/NAO = 6.5E+000
 Step 1 of Cholesky decomposition completed in 2.1E-002 seconds
 Detailed timings in seconds
 Subtract prev contribs I (M-R**T*R)     1.7E-003
 Subtract prev contribs II (Rk)          2.6E-003
 Two-electron integrals                  1.4E-002
 Reallocation                            8.3E-004

 Step 2 of Cholesky decomposition completed in 2.7E-003 seconds
 Detailed timings in seconds
 Reduced-dimension matrix V    1.9E-003
 V=L*L**T                      3.6E-004
 L**(-1)                       4.6E-004

 Full-dimension Cholesky vectors of the Coulomb matrix will be stored in memory
 Cholesky vectors computed in 5.7E-003 seconds

 ┌─────────────────────────────────────────┐
 │          Self-consistent field          │
 └─────────────────────────────────────────┘

 Atomic orbital basis set
 . . . . . . . . . . . . . . . . . . . . . . . . . . . . . . . . . . . . . . 
 atomic centers                               1
 shell parameter sets                         14
 spherical AOs                                36
 max angular momentum                         2
 parameter set                                ../../../../basis-sets/bse/def2-tzvpd.txt
 . . . . . . . . . . . . . . . . . . . . . . . . . . . . . . . . . . . . . . 
 SCF guess: bare nuclei Hamiltonian
 Starting self-consistent field iterations (spin-unrestricted)
 Alpha electrons: 10
 Beta electrons: 9
 ----------------------------------------------------------------------------
 Exchange-correlation: Hartree-Fock
 ----------------------------------------------------------------------------
 Replicated-data parallel SCF
 ----------------------------
 Processes                               1
 Threads/process                         16
 Allocated 2.3E-004 GiB of scratch space for the KS matrix build
 ----------------------------------------------------------------------------
 Spherical harmonic basis contains 36 vectors
 Linear independence thresh: Eig(S) > 1.0E-006
 Computations will be carried out in the space of 36 MOs
 Threshold for J, K: |Rho(r,s)*(pq|rs)|,|Rho(q,s)*(pq|rs)| > 1.0E-011
 Convergence conditions
 ----------------------
 RhoDiff < 1.0E-006
 OrbGrad < 1.0E-006
 Max number of macroiters: 1024
 ------------------------------------------------------------------------------
 #           Energy        EDiff    RhoDiff  OrbGrad  OrbShift NStored Time     
 ------------------------------------------------------------------------------
 0          -98.6238881742                                        0    1.9E-002 
 1         -593.8783691141           7.3E+00                      0    1.3E-002 
 2         -597.8223786220 -3.9E+00  1.8E+00  9.7E-01  1.5E+00    1    1.3E-002 
 3         -599.0219918335 -1.2E+00  5.4E-01  5.5E-01  6.0E-01    2    1.3E-002 
 4         -599.1267287510 -1.0E-01  2.8E-01  8.1E-02  3.5E-02    3    1.4E-002 
 5         -599.1502507218 -2.4E-02  4.5E-01  4.2E-02  0.0E+00    4    1.3E-002 
 6         -599.1532173312 -3.0E-03  2.2E-01  1.7E-02  0.0E+00    5    1.3E-002 
 7         -599.1533491412 -1.3E-04  6.5E-02  3.4E-03  0.0E+00    6    1.3E-002 
 8         -599.1533679098 -1.9E-05  2.7E-02  1.1E-03  0.0E+00    7    1.3E-002 
 9         -599.1533684341 -5.2E-07  1.9E-03  2.1E-04  0.0E+00    8    1.3E-002 
 10        -599.1533684489 -1.5E-08  3.8E-04  5.1E-05  0.0E+00    8    1.3E-002 
 11        -599.1533684490 -5.9E-11  1.9E-05  4.7E-06  0.0E+00    8    1.3E-002 
 12        -599.1533684490 -3.3E-12  1.2E-06  1.1E-06  0.0E+00    8    1.3E-002 
 13        -599.1533684490 -2.3E-13  3.0E-07  2.8E-07  0.0E+00    8    1.3E-002 
 ------------------------------------------------------------------------------
 SCF converged
 Converged energy                        -599.153368448964   
 ------------------------------------------------------------------------------
 Ehomo(Alpha) [eV]                       -4.017972578261     
 Elumo(Alpha) [eV]                       0.386475311949      
 Ehomo(Beta) [eV]                        -25.943947058744    
 Elumo(Beta) [eV]                        0.311399246520      

 dipole moment (Debye)
        x              y              z       
     -1.825E-014     1.250E-014    -3.256E-014

 traceless quadrupole moment (Debye*Angs)
                       x              y              z       
 x                  -2.141E-005     1.304E-006     6.384E-007
 y                   1.304E-006     4.233E-005    -4.527E-007
 z                   6.384E-007    -4.527E-007    -2.093E-005

 ----------------------------------------------------------------------------
 Timings (seconds)
 * mean-field hamiltonian     1.7E-001
 * solver (setting up eqns)   4.4E-003
 * solver (energy estimate)   1.2E-003
 * solver (orthogonalization) 2.8E-004
 * solver (rotation matrix X) 4.1E-003
 * solver (exponential of X)  1.1E-003
 * solver (total)             1.1E-002
 * total SCF                  1.9E-001
 Atomic guess: K, ../../../../basis-sets/bse/def2-tzvpd.txt
 ----------------------------------------------------------
 E(HF) [a.u.]                            -5.9915336845E+002
 Tr(RhoAvg S), Cartesian AOs              1.9000000000E+001
 Tr(RhoAvg S), spherical AOs              1.9000000000E+001
 max|T RhoAvg T**T - RhoAvg_sao|                  4.44E-016
 max|c(RhoAvg) - c(Rho)|                          6.66E-016
 max|RhoAvg - Rho|                                2.76E-006
 Saved /mnt/storage_6/project_data/pl0415-03/marcin/beyond-rpa/guess/electron-densities/bse/def2-tzvpd/k.txt
 ----------------------------------------------------------------------------
                                  SCF for CA                                 
 ----------------------------------------------------------------------------
 NUMBER OF ATOMS                         1
 CHARGE                                  0
 Prescreening (pq|pq) integrals for the Cholesky decomposition
 Shell pairs will be sorted according to their max elements
 Max diagonal integral MaxDrs=1.2E+001
 Applying Eq. 15 in J. Chem. Phys. 150, 194112 (2019); doi: 10.1063/1.5083802
 Schwarz inequality: Dpq<min(10**(-8),Tau)**2/MaxDrs=8.2E-018
 Trace of exact Coulomb matrix: 5.9E+001
 Trace of discarded integrals: 0.0E+000
 Discarded 0 out of 105 shell pairs
 (0 out of 666 orbital pairs)

 Step 1 of Cholesky decomposition: locating pivots
 -------------------------------------------------
 Dimensions of the Coulomb matrix: (666,666)
 Threshold for diagonal matrix elements: Dpq > 1.0E-007
 Max number of Cholesky vectors: 540
 Rk storage block size: 500
 Max dimension of 2e integrals buffer: (666,666)

 ----------------------------------------------------------------------------
 #    Dmax        Memory (MB)    NPivots     %    Time        
 ----------------------------------------------------------------------------
 1    1.1E-001    5.7E+000       16          4    1.0E-002    
 2    9.7E-004    5.6E+000       122         31   9.2E-003    
 3    9.0E-006    4.3E+000       194         67   5.2E-003    
 4    9.4E-008    2.3E+000       243         100  3.3E-003    

 Step 1 of the Cholesky decomposition completed
 Computed 243 pivots
 Largest residual Dpq: 9.4E-008
 NCholesky/NAO = 6.8E+000
 Step 1 of Cholesky decomposition completed in 2.8E-002 seconds
 Detailed timings in seconds
 Subtract prev contribs I (M-R**T*R)     2.2E-003
 Subtract prev contribs II (Rk)          3.9E-003
 Two-electron integrals                  2.0E-002
 Reallocation                            6.3E-004

 Step 2 of Cholesky decomposition completed in 3.4E-003 seconds
 Detailed timings in seconds
 Reduced-dimension matrix V    2.5E-003
 V=L*L**T                      3.8E-004
 L**(-1)                       5.1E-004

 Full-dimension Cholesky vectors of the Coulomb matrix will be stored in memory
 Cholesky vectors computed in 6.6E-003 seconds

 ┌─────────────────────────────────────────┐
 │          Self-consistent field          │
 └─────────────────────────────────────────┘

 Atomic orbital basis set
 . . . . . . . . . . . . . . . . . . . . . . . . . . . . . . . . . . . . . . 
 atomic centers                               1
 shell parameter sets                         14
 spherical AOs                                36
 max angular momentum                         2
 parameter set                                ../../../../basis-sets/bse/def2-tzvpd.txt
 . . . . . . . . . . . . . . . . . . . . . . . . . . . . . . . . . . . . . . 
 SCF guess: bare nuclei Hamiltonian
 Starting self-consistent field iterations (spin-restricted singlet)
 Alpha+beta electrons: 20
 ----------------------------------------------------------------------------
 Exchange-correlation: Hartree-Fock
 ----------------------------------------------------------------------------
 Replicated-data parallel SCF
 ----------------------------
 Processes                               1
 Threads/process                         16
 Allocated 1.3E-004 GiB of scratch space for the KS matrix build
 ----------------------------------------------------------------------------
 Spherical harmonic basis contains 36 vectors
 Linear independence thresh: Eig(S) > 1.0E-006
 Computations will be carried out in the space of 36 MOs
 Threshold for J, K: |Rho(r,s)*(pq|rs)|,|Rho(q,s)*(pq|rs)| > 1.0E-011
 Convergence conditions
 ----------------------
 RhoDiff < 1.0E-006
 OrbGrad < 1.0E-006
 Max number of macroiters: 1024
 ------------------------------------------------------------------------------
 #           Energy        EDiff    RhoDiff  OrbGrad  OrbShift NStored Time     
 ------------------------------------------------------------------------------
 0         -121.2451013184                                        0    1.3E-002 
 1         -667.9410766439           2.1E+01                      0    6.2E-003 
 2         -674.4836497640 -6.5E+00  4.2E+00  1.3E+00  2.3E+00    1    6.6E-003 
 3         -676.4617354769 -2.0E+00  1.1E+00  7.5E-01  9.3E-01    2    6.8E-003 
 4         -676.5000365892 -3.8E-02  2.1E-01  1.0E-01  0.0E+00    3    6.7E-003 
 5         -676.5651097529 -6.5E-02  6.4E-01  1.4E-02  5.4E-02    4    7.6E-003 
 6         -676.7097508283 -1.4E-01  4.4E-01  4.9E-02  1.1E-01    5    7.8E-003 
 7         -676.7438193084 -3.4E-02  5.5E-01  3.5E-02  0.0E+00    6    6.8E-003 
 8         -676.7455936562 -1.8E-03  6.2E-02  1.2E-02  0.0E+00    7    6.6E-003 
 9         -676.7457821401 -1.9E-04  1.4E-02  3.1E-03  0.0E+00    8    7.1E-003 
 10        -676.7457997809 -1.8E-05  9.0E-03  1.0E-03  0.0E+00    8    6.8E-003 
 11        -676.7458005803 -8.0E-07  1.1E-03  2.4E-04  0.0E+00    8    6.9E-003 
 12        -676.7458006200 -4.0E-08  5.5E-04  3.3E-05  0.0E+00    8    7.0E-003 
 13        -676.7458006205 -4.5E-10  1.7E-05  7.6E-06  0.0E+00    8    7.0E-003 
 14        -676.7458006205 -1.6E-11  7.5E-06  1.2E-06  0.0E+00    8    6.8E-003 
 15        -676.7458006205 -1.1E-12  2.5E-06  2.1E-07  0.0E+00    8    6.8E-003 
 Skipping trust radius update
 16        -676.7458006205 -1.1E-13  7.5E-07  6.5E-08  0.0E+00    8    7.0E-003 
 ------------------------------------------------------------------------------
 SCF converged
 Converged energy                        -676.745800620501   
 ------------------------------------------------------------------------------
 Ehomo [eV]                              -5.320273518020     
 Elumo [eV]                              0.654341489224      

 dipole moment (Debye)
        x              y              z       
      2.084E-014    -1.418E-015     2.055E-014

 traceless quadrupole moment (Debye*Angs)
                       x              y              z       
 x                  -2.976E-006    -1.635E-007     4.755E-008
 y                  -1.635E-007    -1.161E-005    -2.693E-007
 z                   4.755E-008    -2.693E-007     1.459E-005

 ----------------------------------------------------------------------------
 Timings (seconds)
 * mean-field hamiltonian     1.1E-001
 * solver (setting up eqns)   3.0E-003
 * solver (energy estimate)   7.8E-004
 * solver (orthogonalization) 1.8E-004
 * solver (rotation matrix X) 3.9E-003
 * solver (exponential of X)  7.5E-004
 * solver (total)             9.0E-003
 * total SCF                  1.3E-001
 Atomic guess: CA, ../../../../basis-sets/bse/def2-tzvpd.txt
 -----------------------------------------------------------
 E(HF) [a.u.]                            -6.7674580062E+002
 Tr(RhoAvg S), Cartesian AOs              2.0000000000E+001
 Tr(RhoAvg S), spherical AOs              2.0000000000E+001
 max|T RhoAvg T**T - RhoAvg_sao|                  4.44E-016
 max|c(RhoAvg) - c(Rho)|                          2.22E-016
 max|RhoAvg - Rho|                                2.01E-006
 Saved /mnt/storage_6/project_data/pl0415-03/marcin/beyond-rpa/guess/electron-densities/bse/def2-tzvpd/ca.txt
 ----------------------------------------------------------------------------
                             SCF for SC (2S+1=2)                             
 ----------------------------------------------------------------------------
 NUMBER OF ATOMS                         1
 CHARGE                                  0
 Prescreening (pq|pq) integrals for the Cholesky decomposition
 Shell pairs will be sorted according to their max elements
 Max diagonal integral MaxDrs=1.3E+001
 Applying Eq. 15 in J. Chem. Phys. 150, 194112 (2019); doi: 10.1063/1.5083802
 Schwarz inequality: Dpq<min(10**(-8),Tau)**2/MaxDrs=7.8E-018
 Trace of exact Coulomb matrix: 7.2E+001
 Trace of discarded integrals: 0.0E+000
 Discarded 0 out of 136 shell pairs
 (0 out of 1176 orbital pairs)

 Step 1 of Cholesky decomposition: locating pivots
 -------------------------------------------------
 Dimensions of the Coulomb matrix: (1176,1176)
 Threshold for diagonal matrix elements: Dpq > 1.0E-007
 Max number of Cholesky vectors: 720
 Rk storage block size: 500
 Max dimension of 2e integrals buffer: (1176,1000)

 ----------------------------------------------------------------------------
 #    Dmax        Memory (MB)    NPivots     %    Time        
 ----------------------------------------------------------------------------
 1    1.2E-001    1.3E+001       17          5    2.3E-002    
 2    1.1E-003    1.3E+001       170         27   3.1E-002    
 3    7.6E-006    1.2E+001       273         69   2.4E-002    
 4    9.8E-008    4.6E+000       348         100  1.5E-002    

 Step 1 of the Cholesky decomposition completed
 Computed 348 pivots
 Largest residual Dpq: 9.8E-008
 NCholesky/NAO = 7.2E+000
 Step 1 of Cholesky decomposition completed in 9.4E-002 seconds
 Detailed timings in seconds
 Subtract prev contribs I (M-R**T*R)     4.1E-003
 Subtract prev contribs II (Rk)          7.1E-003
 Two-electron integrals                  7.8E-002
 Reallocation                            1.9E-003

 Step 2 of Cholesky decomposition completed in 8.6E-003 seconds
 Detailed timings in seconds
 Reduced-dimension matrix V    7.4E-003
 V=L*L**T                      5.6E-004
 L**(-1)                       6.8E-004

 Full-dimension Cholesky vectors of the Coulomb matrix will be stored in memory
 Cholesky vectors computed in 1.6E-002 seconds

 ┌─────────────────────────────────────────┐
 │          Self-consistent field          │
 └─────────────────────────────────────────┘

 Atomic orbital basis set
 . . . . . . . . . . . . . . . . . . . . . . . . . . . . . . . . . . . . . . 
 atomic centers                               1
 shell parameter sets                         16
 spherical AOs                                48
 max angular momentum                         3
 parameter set                                ../../../../basis-sets/bse/def2-tzvpd.txt
 . . . . . . . . . . . . . . . . . . . . . . . . . . . . . . . . . . . . . . 
 SCF guess: bare nuclei Hamiltonian
 Starting self-consistent field iterations (spin-unrestricted)
 Alpha electrons: 11
 Beta electrons: 10
 ----------------------------------------------------------------------------
 Exchange-correlation: Hartree-Fock
 ----------------------------------------------------------------------------
 Replicated-data parallel SCF
 ----------------------------
 Processes                               1
 Threads/process                         16
 Allocated 4.5E-004 GiB of scratch space for the KS matrix build
 ----------------------------------------------------------------------------
 Spherical harmonic basis contains 48 vectors
 Linear independence thresh: Eig(S) > 1.0E-006
 Computations will be carried out in the space of 48 MOs
 Threshold for J, K: |Rho(r,s)*(pq|rs)|,|Rho(q,s)*(pq|rs)| > 1.0E-011
 Convergence conditions
 ----------------------
 RhoDiff < 1.0E-006
 OrbGrad < 1.0E-006
 Max number of macroiters: 1024
 ------------------------------------------------------------------------------
 #           Energy        EDiff    RhoDiff  OrbGrad  OrbShift NStored Time     
 ------------------------------------------------------------------------------
 0         -115.8637399872                                        0    3.6E-002 
 1         -748.9278289642           1.0E+01                      0    2.8E-002 
 2         -757.9190139676 -9.0E+00  2.2E+00  1.5E+00  2.5E+00    1    2.9E-002 
 3         -759.2945797321 -1.4E+00  1.0E+00  6.3E-01  7.6E-01    2    3.0E-002 
 4         -759.5126374374 -2.2E-01  7.4E-01  2.5E-01  0.0E+00    3    2.9E-002 
 5         -759.6356995608 -1.2E-01  2.3E-01  1.0E-01  0.0E+00    4    2.9E-002 
 6         -759.6516186936 -1.6E-02  8.5E-02  4.1E-02  0.0E+00    5    2.9E-002 
 7         -759.6526482374 -1.0E-03  2.1E-02  7.9E-03  0.0E+00    6    2.9E-002 
 8         -759.6530938905 -4.5E-04  1.2E-02  2.7E-03  0.0E+00    7    2.9E-002 
 9         -759.6542043757 -1.1E-03  2.2E-02  4.2E-03  7.8E-02    8    3.2E-002 
 10        -759.6564140380 -2.2E-03  2.9E-02  7.2E-03  1.4E-01    8    3.4E-002 
 11        -759.6603131650 -3.9E-03  4.5E-02  1.1E-02  1.8E-01    8    3.3E-002 
 12        -759.6667696691 -6.5E-03  6.2E-02  1.6E-02  2.0E-01    8    3.3E-002 
 13        -759.6767442127 -1.0E-02  7.6E-02  2.2E-02  2.2E-01    8    3.3E-002 
 14        -759.6907466279 -1.4E-02  8.3E-02  2.7E-02  2.1E-01    8    3.3E-002 
 15        -759.7073404505 -1.7E-02  7.2E-02  2.9E-02  1.6E-01    8    3.3E-002 
 16        -759.7208774246 -1.4E-02  9.5E-02  2.5E-02  7.4E-02    8    3.2E-002 
 17        -759.7237927334 -2.9E-03  7.2E-02  1.1E-02  0.0E+00    8    2.8E-002 
 18        -759.7243139664 -5.2E-04  1.2E-02  3.7E-03  0.0E+00    8    2.8E-002 
 19        -759.7244395744 -1.3E-04  1.6E-02  1.8E-03  0.0E+00    8    2.8E-002 
 20        -759.7244539129 -1.4E-05  4.0E-03  7.8E-04  0.0E+00    8    2.8E-002 
 21        -759.7244562758 -2.4E-06  1.1E-03  2.3E-04  0.0E+00    8    2.8E-002 
 22        -759.7244572604 -9.8E-07  7.8E-04  1.3E-04  0.0E+00    8    2.8E-002 
 23        -759.7244574071 -1.5E-07  2.3E-04  6.6E-05  0.0E+00    8    2.8E-002 
 24        -759.7244574294 -2.2E-08  1.0E-04  4.1E-05  0.0E+00    8    2.8E-002 
 25        -759.7244574318 -2.4E-09  5.8E-05  9.7E-06  0.0E+00    8    2.8E-002 
 26        -759.7244574325 -7.0E-10  1.9E-05  3.8E-06  0.0E+00    8    2.8E-002 
 27        -759.7244574326 -1.1E-10  6.5E-06  2.0E-06  0.0E+00    8    2.8E-002 
 28        -759.7244574326 -1.4E-11  3.4E-06  7.7E-07  0.0E+00    8    2.8E-002 
 29        -759.7244574326 -1.5E-12  1.4E-06  3.2E-07  0.0E+00    8    2.8E-002 
 30        -759.7244574326  5.7E-13  9.8E-07  9.1E-08  0.0E+00    8    2.8E-002 
 30*       -759.7244574326 -3.4E-13  4.7E-07  9.1E-08  0.0E+00    8    2.8E-002 
 ------------------------------------------------------------------------------
 SCF converged
 Converged energy                        -759.724457432630   
 ------------------------------------------------------------------------------
 Ehomo(Alpha) [eV]                       -5.885672392929     
 Elumo(Alpha) [eV]                       0.564354870633      
 Ehomo(Beta) [eV]                        -5.570190259264     
 Elumo(Beta) [eV]                        0.482919345789      

 dipole moment (Debye)
        x              y              z       
     -2.239E-012    -3.374E-013    -2.155E-012

 traceless quadrupole moment (Debye*Angs)
                       x              y              z       
 x                   8.303E-002     6.775E-002     1.864E-001
 y                   6.775E-002    -1.114E-001     5.852E-002
 z                   1.864E-001     5.852E-002     2.841E-002

 ----------------------------------------------------------------------------
 Timings (seconds)
 * mean-field hamiltonian     8.7E-001
 * solver (setting up eqns)   1.8E-002
 * solver (energy estimate)   3.9E-003
 * solver (orthogonalization) 9.0E-004
 * solver (rotation matrix X) 4.5E-002
 * solver (exponential of X)  4.0E-003
 * solver (total)             7.3E-002
 * total SCF                  9.6E-001
 Atomic guess: SC, ../../../../basis-sets/bse/def2-tzvpd.txt
 -----------------------------------------------------------
 E(HF) [a.u.]                            -7.5972445743E+002
 Tr(RhoAvg S), Cartesian AOs              2.1000000000E+001
 Tr(RhoAvg S), spherical AOs              2.1000000000E+001
 max|T RhoAvg T**T - RhoAvg_sao|                  1.11E-016
 max|c(RhoAvg) - c(Rho)|                          4.44E-016
 max|RhoAvg - Rho|                                1.55E-001
 Saved /mnt/storage_6/project_data/pl0415-03/marcin/beyond-rpa/guess/electron-densities/bse/def2-tzvpd/sc.txt
 ----------------------------------------------------------------------------
                             SCF for TI (2S+1=3)                             
 ----------------------------------------------------------------------------
 NUMBER OF ATOMS                         1
 CHARGE                                  0
 Prescreening (pq|pq) integrals for the Cholesky decomposition
 Shell pairs will be sorted according to their max elements
 Max diagonal integral MaxDrs=1.3E+001
 Applying Eq. 15 in J. Chem. Phys. 150, 194112 (2019); doi: 10.1063/1.5083802
 Schwarz inequality: Dpq<min(10**(-8),Tau)**2/MaxDrs=7.4E-018
 Trace of exact Coulomb matrix: 7.9E+001
 Trace of discarded integrals: 0.0E+000
 Discarded 0 out of 136 shell pairs
 (0 out of 1176 orbital pairs)

 Step 1 of Cholesky decomposition: locating pivots
 -------------------------------------------------
 Dimensions of the Coulomb matrix: (1176,1176)
 Threshold for diagonal matrix elements: Dpq > 1.0E-007
 Max number of Cholesky vectors: 720
 Rk storage block size: 500
 Max dimension of 2e integrals buffer: (1176,1000)

 ----------------------------------------------------------------------------
 #    Dmax        Memory (MB)    NPivots     %    Time        
 ----------------------------------------------------------------------------
 1    1.2E-001    1.3E+001       16          5    2.4E-002    
 2    1.2E-003    1.3E+001       169         25   3.4E-002    
 3    1.2E-005    1.2E+001       267         68   2.7E-002    
 4    1.1E-007    5.2E+000       345         100  1.7E-002    
 5    4.5E-008    1.2E-001       347         100  3.9E-004    

 Step 1 of the Cholesky decomposition completed
 Computed 347 pivots
 Largest residual Dpq: 4.5E-008
 NCholesky/NAO = 7.2E+000
 Step 1 of Cholesky decomposition completed in 1.0E-001 seconds
 Detailed timings in seconds
 Subtract prev contribs I (M-R**T*R)     4.8E-003
 Subtract prev contribs II (Rk)          7.6E-003
 Two-electron integrals                  8.6E-002
 Reallocation                            1.8E-003

 Step 2 of Cholesky decomposition completed in 6.9E-003 seconds
 Detailed timings in seconds
 Reduced-dimension matrix V    5.6E-003
 V=L*L**T                      5.4E-004
 L**(-1)                       7.4E-004

 Full-dimension Cholesky vectors of the Coulomb matrix will be stored in memory
 Cholesky vectors computed in 1.7E-002 seconds

 ┌─────────────────────────────────────────┐
 │          Self-consistent field          │
 └─────────────────────────────────────────┘

 Atomic orbital basis set
 . . . . . . . . . . . . . . . . . . . . . . . . . . . . . . . . . . . . . . 
 atomic centers                               1
 shell parameter sets                         16
 spherical AOs                                48
 max angular momentum                         3
 parameter set                                ../../../../basis-sets/bse/def2-tzvpd.txt
 . . . . . . . . . . . . . . . . . . . . . . . . . . . . . . . . . . . . . . 
 SCF guess: bare nuclei Hamiltonian
 Starting self-consistent field iterations (spin-unrestricted)
 Alpha electrons: 12
 Beta electrons: 10
 ----------------------------------------------------------------------------
 Exchange-correlation: Hartree-Fock
 ----------------------------------------------------------------------------
 Replicated-data parallel SCF
 ----------------------------
 Processes                               1
 Threads/process                         16
 Allocated 4.5E-004 GiB of scratch space for the KS matrix build
 ----------------------------------------------------------------------------
 Spherical harmonic basis contains 48 vectors
 Linear independence thresh: Eig(S) > 1.0E-006
 Computations will be carried out in the space of 48 MOs
 Threshold for J, K: |Rho(r,s)*(pq|rs)|,|Rho(q,s)*(pq|rs)| > 1.0E-011
 Convergence conditions
 ----------------------
 RhoDiff < 1.0E-006
 OrbGrad < 1.0E-006
 Max number of macroiters: 1024
 ------------------------------------------------------------------------------
 #           Energy        EDiff    RhoDiff  OrbGrad  OrbShift NStored Time     
 ------------------------------------------------------------------------------
 0         -142.4392750955                                        0    3.6E-002 
 1         -834.1884699144           1.0E+01                      0    2.8E-002 
 2         -846.0441283813 -1.2E+01  2.1E+00  1.7E+00  3.2E+00    1    3.0E-002 
 3         -847.4432189975 -1.4E+00  1.3E+00  7.6E-01  8.4E-01    2    3.2E-002 
 4         -848.1028370755 -6.6E-01  1.1E+00  3.8E-01  3.7E-01    3    3.4E-002 
 5         -848.2522005945 -1.5E-01  1.6E-01  2.0E-01  0.0E+00    4    3.2E-002 
 6         -848.3126515567 -6.0E-02  2.0E-01  5.5E-02  3.0E-02    5    3.4E-002 
 7         -848.3303505001 -1.8E-02  3.7E-02  6.0E-02  0.0E+00    6    3.0E-002 
 8         -848.3368177975 -6.5E-03  4.7E-02  1.6E-02  0.0E+00    7    3.0E-002 
 9         -848.3571256457 -2.0E-02  2.9E-01  1.5E-02  2.2E-02    8    3.4E-002 
 10        -848.3649836060 -7.9E-03  4.3E-02  2.5E-02  0.0E+00    8    3.0E-002 
 11        -848.3757281784 -1.1E-02  1.4E-01  1.8E-02  3.8E-03    8    3.5E-002 
 12        -848.3822671711 -6.5E-03  7.3E-02  2.0E-02  0.0E+00    8    3.0E-002 
 13        -848.3833081757 -1.0E-03  2.5E-02  9.1E-03  0.0E+00    8    3.0E-002 
 14        -848.3834538539 -1.5E-04  1.5E-02  2.5E-03  0.0E+00    8    3.0E-002 
 15        -848.3834723242 -1.8E-05  6.0E-03  1.2E-03  0.0E+00    8    3.0E-002 
 16        -848.3834769003 -4.6E-06  7.7E-04  4.7E-04  0.0E+00    8    3.0E-002 
 17        -848.3834780037 -1.1E-06  4.6E-04  1.8E-04  0.0E+00    8    3.0E-002 
 18        -848.3834782038 -2.0E-07  2.9E-04  7.3E-05  0.0E+00    8    3.0E-002 
 19        -848.3834782322 -2.8E-08  1.0E-04  2.5E-05  0.0E+00    8    3.0E-002 
 20        -848.3834782927 -6.0E-08  2.4E-04  2.3E-05  0.0E+00    8    3.0E-002 
 21        -848.3834783143 -2.2E-08  5.7E-05  3.5E-05  0.0E+00    8    3.0E-002 
 22        -848.3834783352 -2.1E-08  4.2E-05  3.0E-05  0.0E+00    8    3.0E-002 
 23        -848.3834783578 -2.3E-08  2.2E-05  3.4E-05  0.0E+00    8    3.0E-002 
 24        -848.3834783827 -2.5E-08  2.1E-05  3.6E-05  0.0E+00    8    2.9E-002 
 25        -848.3834784104 -2.8E-08  2.3E-05  3.8E-05  0.0E+00    8    2.9E-002 
 26        -848.3834791708 -7.6E-07  4.2E-04  4.0E-05  6.6E-02    8    3.4E-002 
 27        -848.3834807299 -1.6E-06  5.0E-04  8.7E-05  9.1E-02    8    3.4E-002 
 28        -848.3834835260 -2.8E-06  6.0E-04  1.5E-04  1.1E-01    8    3.4E-002 
 29        -848.3834882244 -4.7E-06  7.2E-04  2.1E-04  1.2E-01    8    3.4E-002 
 30        -848.3834957816 -7.6E-06  8.7E-04  3.0E-04  1.4E-01    8    3.4E-002 
 31        -848.3835076166 -1.2E-05  1.0E-03  4.0E-04  1.5E-01    8    3.5E-002 
 32        -848.3835257891 -1.8E-05  1.3E-03  5.1E-04  1.6E-01    8    3.5E-002 
 33        -848.3835532922 -2.8E-05  1.5E-03  6.4E-04  1.6E-01    8    3.5E-002 
 34        -848.3835944705 -4.1E-05  1.8E-03  7.8E-04  1.7E-01    8    3.5E-002 
 35        -848.3836556309 -6.1E-05  2.2E-03  1.1E-03  1.7E-01    8    3.5E-002 
 36        -848.3837455952 -9.0E-05  2.7E-03  1.3E-03  1.8E-01    8    3.5E-002 
 37        -848.3838771897 -1.3E-04  3.2E-03  1.6E-03  1.8E-01    8    3.5E-002 
 38        -848.3840683499 -1.9E-04  4.0E-03  1.9E-03  1.8E-01    8    3.5E-002 
 39        -848.3843439268 -2.8E-04  4.8E-03  2.3E-03  1.8E-01    8    3.5E-002 
 40        -848.3847372282 -3.9E-04  5.9E-03  2.8E-03  1.8E-01    8    3.8E-002 
 41        -848.3852929207 -5.6E-04  7.3E-03  2.6E-03  1.7E-01    8    3.4E-002 
 42        -848.3860643222 -7.7E-04  8.9E-03  3.5E-03  1.7E-01    8    3.4E-002 
 43        -848.3871118400 -1.0E-03  1.1E-02  4.1E-03  1.6E-01    8    3.4E-002 
 44        -848.3884855461 -1.4E-03  1.3E-02  4.7E-03  1.4E-01    8    3.4E-002 
 45        -848.3901902187 -1.7E-03  1.6E-02  5.2E-03  1.2E-01    8    3.4E-002 
 46        -848.3921065773 -1.9E-03  1.9E-02  5.2E-03  8.8E-02    8    3.3E-002 
 47        -848.3938569615 -1.8E-03  2.2E-02  3.8E-03  5.0E-02    8    3.3E-002 
 48        -848.3946237652 -7.7E-04  2.5E-02  2.4E-03  3.3E-03    8    3.4E-002 
 49        -848.3946318494 -8.1E-06  1.7E-03  1.3E-03  0.0E+00    8    2.9E-002 
 50        -848.3946320486 -2.0E-07  3.4E-04  2.2E-04  0.0E+00    8    2.9E-002 
 51        -848.3946320890 -4.0E-08  1.2E-04  4.6E-05  0.0E+00    8    2.9E-002 
 52        -848.3946321072 -1.8E-08  8.2E-05  3.4E-05  0.0E+00    8    2.9E-002 
 53        -848.3946321092 -2.0E-09  2.4E-05  9.6E-06  0.0E+00    8    2.9E-002 
 54        -848.3946321121 -2.9E-09  4.9E-05  7.8E-06  0.0E+00    8    2.9E-002 
 55        -848.3946321138 -1.7E-09  2.0E-05  6.2E-06  0.0E+00    8    2.9E-002 
 56        -848.3946321144 -5.4E-10  1.0E-05  4.3E-06  0.0E+00    8    2.9E-002 
 57        -848.3946321150 -6.3E-10  4.0E-05  3.2E-06  0.0E+00    8    2.9E-002 
 58        -848.3946321151 -1.3E-10  6.5E-06  1.2E-06  0.0E+00    8    2.9E-002 
 59        -848.3946321152 -2.5E-11  7.4E-06  9.1E-07  0.0E+00    8    2.9E-002 
 60        -848.3946321152 -3.9E-12  3.8E-06  2.3E-07  0.0E+00    8    2.9E-002 
 61        -848.3946321152 -3.4E-13  3.9E-07  9.6E-08  0.0E+00    8    2.9E-002 
 ------------------------------------------------------------------------------
 SCF converged
 Converged energy                        -848.394632115178   
 ------------------------------------------------------------------------------
 Ehomo(Alpha) [eV]                       -6.319931535192     
 Elumo(Alpha) [eV]                       0.601662036753      
 Ehomo(Beta) [eV]                        -5.718026738200     
 Elumo(Beta) [eV]                        0.650304498409      

 dipole moment (Debye)
        x              y              z       
      1.168E-014     1.868E-014     6.678E-015

 traceless quadrupole moment (Debye*Angs)
                       x              y              z       
 x                   3.475E-006    -4.623E-007    -1.381E-006
 y                  -4.623E-007     8.821E-007     7.149E-007
 z                  -1.381E-006     7.149E-007    -4.357E-006

 ----------------------------------------------------------------------------
 Timings (seconds)
 * mean-field hamiltonian     1.8E+000
 * solver (setting up eqns)   3.6E-002
 * solver (energy estimate)   8.6E-003
 * solver (orthogonalization) 1.8E-003
 * solver (rotation matrix X) 1.5E-001
 * solver (exponential of X)  7.4E-003
 * solver (total)             2.0E-001
 * total SCF                  2.0E+000
 Atomic guess: TI, ../../../../basis-sets/bse/def2-tzvpd.txt
 -----------------------------------------------------------
 E(HF) [a.u.]                            -8.4839463212E+002
 Tr(RhoAvg S), Cartesian AOs              2.2000000000E+001
 Tr(RhoAvg S), spherical AOs              2.2000000000E+001
 max|T RhoAvg T**T - RhoAvg_sao|                  4.44E-016
 max|c(RhoAvg) - c(Rho)|                          4.44E-016
 max|RhoAvg - Rho|                                1.26E-001
 Saved /mnt/storage_6/project_data/pl0415-03/marcin/beyond-rpa/guess/electron-densities/bse/def2-tzvpd/ti.txt
 ----------------------------------------------------------------------------
                              SCF for V (2S+1=4)                             
 ----------------------------------------------------------------------------
 NUMBER OF ATOMS                         1
 CHARGE                                  0
 Prescreening (pq|pq) integrals for the Cholesky decomposition
 Shell pairs will be sorted according to their max elements
 Max diagonal integral MaxDrs=1.4E+001
 Applying Eq. 15 in J. Chem. Phys. 150, 194112 (2019); doi: 10.1063/1.5083802
 Schwarz inequality: Dpq<min(10**(-8),Tau)**2/MaxDrs=7.1E-018
 Trace of exact Coulomb matrix: 8.5E+001
 Trace of discarded integrals: 0.0E+000
 Discarded 0 out of 136 shell pairs
 (0 out of 1176 orbital pairs)

 Step 1 of Cholesky decomposition: locating pivots
 -------------------------------------------------
 Dimensions of the Coulomb matrix: (1176,1176)
 Threshold for diagonal matrix elements: Dpq > 1.0E-007
 Max number of Cholesky vectors: 720
 Rk storage block size: 500
 Max dimension of 2e integrals buffer: (1176,1000)

 ----------------------------------------------------------------------------
 #    Dmax        Memory (MB)    NPivots     %    Time        
 ----------------------------------------------------------------------------
 1    1.3E-001    1.3E+001       16          4    2.4E-002    
 2    1.3E-003    1.3E+001       174         27   3.6E-002    
 3    1.1E-005    1.2E+001       266         63   2.2E-002    
 4    1.0E-007    7.2E+000       365         100  1.7E-002    
 5    1.0E-007    1.2E-002       366         100  5.5E-005    

 Step 1 of the Cholesky decomposition completed
 Computed 366 pivots
 Largest residual Dpq: 1.0E-007
 NCholesky/NAO = 7.6E+000
 Step 1 of Cholesky decomposition completed in 1.0E-001 seconds
 Detailed timings in seconds
 Subtract prev contribs I (M-R**T*R)     4.0E-003
 Subtract prev contribs II (Rk)          7.9E-003
 Two-electron integrals                  8.3E-002
 Reallocation                            1.8E-003

 Step 2 of Cholesky decomposition completed in 7.1E-003 seconds
 Detailed timings in seconds
 Reduced-dimension matrix V    5.7E-003
 V=L*L**T                      6.0E-004
 L**(-1)                       8.5E-004

 Full-dimension Cholesky vectors of the Coulomb matrix will be stored in memory
 Cholesky vectors computed in 1.7E-002 seconds

 ┌─────────────────────────────────────────┐
 │          Self-consistent field          │
 └─────────────────────────────────────────┘

 Atomic orbital basis set
 . . . . . . . . . . . . . . . . . . . . . . . . . . . . . . . . . . . . . . 
 atomic centers                               1
 shell parameter sets                         16
 spherical AOs                                48
 max angular momentum                         3
 parameter set                                ../../../../basis-sets/bse/def2-tzvpd.txt
 . . . . . . . . . . . . . . . . . . . . . . . . . . . . . . . . . . . . . . 
 SCF guess: bare nuclei Hamiltonian
 Starting self-consistent field iterations (spin-unrestricted)
 Alpha electrons: 13
 Beta electrons: 10
 ----------------------------------------------------------------------------
 Exchange-correlation: Hartree-Fock
 ----------------------------------------------------------------------------
 Replicated-data parallel SCF
 ----------------------------
 Processes                               1
 Threads/process                         16
 Allocated 4.5E-004 GiB of scratch space for the KS matrix build
 ----------------------------------------------------------------------------
 Spherical harmonic basis contains 48 vectors
 Linear independence thresh: Eig(S) > 1.0E-006
 Computations will be carried out in the space of 48 MOs
 Threshold for J, K: |Rho(r,s)*(pq|rs)|,|Rho(q,s)*(pq|rs)| > 1.0E-011
 Convergence conditions
 ----------------------
 RhoDiff < 1.0E-006
 OrbGrad < 1.0E-006
 Max number of macroiters: 1024
 ------------------------------------------------------------------------------
 #           Energy        EDiff    RhoDiff  OrbGrad  OrbShift NStored Time     
 ------------------------------------------------------------------------------
 0         -168.0140748110                                        0    3.7E-002 
 1         -924.9097041432           9.6E+00                      0    3.0E-002 
 2         -939.2904268462 -1.4E+01  2.0E+00  1.9E+00  4.0E+00    1    3.1E-002 
 3         -942.0685644576 -2.8E+00  5.2E-01  9.7E-01  1.3E+00    2    3.1E-002 
 4         -942.5667311399 -5.0E-01  2.9E-01  4.3E-01  0.0E+00    3    3.1E-002 
 5         -942.6535434990 -8.7E-02  1.3E-01  1.8E-01  9.1E-03    4    3.1E-002 
 6         -942.6648374540 -1.1E-02  1.5E-01  3.9E-02  0.0E+00    5    3.1E-002 
 7         -942.6715602651 -6.7E-03  4.4E-01  1.5E-02  3.5E-02    6    3.4E-002 
 8         -942.6756300977 -4.1E-03  4.5E-02  4.1E-02  0.0E+00    7    3.1E-002 
 9         -942.6762848598 -6.5E-04  1.7E-02  7.0E-03  0.0E+00    8    3.1E-002 
 10        -942.6769536412 -6.7E-04  2.1E-02  4.9E-03  1.6E-01    8    3.7E-002 
 11        -942.6779479296 -9.9E-04  2.4E-02  5.4E-03  2.1E-01    8    3.7E-002 
 12        -942.6798789945 -1.9E-03  3.8E-02  8.2E-03  3.0E-01    8    3.8E-002 
 13        -942.6836913835 -3.8E-03  4.7E-02  1.7E-02  3.9E-01    8    3.8E-002 
 14        -942.6904781991 -6.8E-03  5.4E-02  2.8E-02  4.7E-01    8    3.8E-002 
 15        -942.7015881979 -1.1E-02  5.7E-02  4.1E-02  5.1E-01    8    3.8E-002 
 16        -942.7184768316 -1.7E-02  7.3E-02  5.4E-02  5.3E-01    8    3.8E-002 
 17        -942.7422014922 -2.4E-02  1.0E-01  6.6E-02  5.0E-01    8    3.8E-002 
 18        -942.7723404392 -3.0E-02  1.4E-01  7.4E-02  4.3E-01    8    3.8E-002 
 19        -942.8049478776 -3.3E-02  1.5E-01  7.3E-02  3.0E-01    8    3.7E-002 
 20        -942.8299482907 -2.5E-02  1.4E-01  5.8E-02  1.2E-01    8    3.8E-002 
 21        -942.8350768873 -5.1E-03  1.2E-01  2.5E-02  0.0E+00    8    3.2E-002 
 22        -942.8357341492 -6.6E-04  3.9E-02  6.9E-03  0.0E+00    8    3.2E-002 
 23        -942.8369980000 -1.3E-03  1.2E-01  2.1E-03  0.0E+00    8    3.1E-002 
 24        -942.8378790987 -8.8E-04  3.7E-02  1.4E-02  0.0E+00    8    3.2E-002 
 25        -942.8384754157 -6.0E-04  2.2E-02  7.4E-03  0.0E+00    8    3.2E-002 
 26        -942.8476057478 -9.1E-03  1.5E-01  7.9E-03  6.3E-02    8    3.7E-002 
 27        -942.8627502939 -1.5E-02  1.3E-01  1.9E-02  9.6E-02    8    3.6E-002 
 28        -942.8692632648 -6.5E-03  1.3E-01  2.0E-02  9.6E-03    8    3.6E-002 
 29        -942.8717318767 -2.5E-03  2.8E-02  1.7E-02  0.0E+00    8    3.1E-002 
 30        -942.8722125501 -4.8E-04  1.3E-02  9.0E-03  0.0E+00    8    3.1E-002 
 31        -942.8723296664 -1.2E-04  1.0E-02  2.1E-03  0.0E+00    8    3.1E-002 
 32        -942.8723413458 -1.2E-05  2.2E-03  8.0E-04  0.0E+00    8    3.1E-002 
 33        -942.8723429641 -1.6E-06  1.8E-03  4.5E-04  0.0E+00    8    3.1E-002 
 34        -942.8723431957 -2.3E-07  2.3E-04  1.5E-04  0.0E+00    8    3.2E-002 
 35        -942.8723433330 -1.4E-07  1.8E-04  7.6E-05  0.0E+00    8    3.1E-002 
 36        -942.8723433995 -6.7E-08  1.8E-04  4.6E-05  0.0E+00    8    3.1E-002 
 37        -942.8723434531 -5.4E-08  2.3E-04  3.9E-05  0.0E+00    8    3.1E-002 
 38        -942.8723434638 -1.1E-08  1.1E-04  1.5E-05  0.0E+00    8    3.1E-002 
 39        -942.8723434689 -5.1E-09  6.0E-05  6.9E-06  0.0E+00    8    3.1E-002 
 40        -942.8723434700 -1.1E-09  2.8E-05  4.2E-06  0.0E+00    8    3.1E-002 
 41        -942.8723434702 -1.9E-10  1.0E-05  3.7E-06  0.0E+00    8    3.1E-002 
 42        -942.8723434702 -1.1E-11  3.3E-06  1.0E-06  0.0E+00    8    3.1E-002 
 43        -942.8723434702 -1.6E-12  5.5E-07  5.4E-07  0.0E+00    8    3.1E-002 
 ------------------------------------------------------------------------------
 SCF converged
 Converged energy                        -942.872343470176   
 ------------------------------------------------------------------------------
 Ehomo(Alpha) [eV]                       -6.717627343392     
 Elumo(Alpha) [eV]                       0.690256118145      
 Ehomo(Beta) [eV]                        -5.874105445739     
 Elumo(Beta) [eV]                        0.757845323079      

 dipole moment (Debye)
        x              y              z       
     -3.689E-012     1.390E-010    -1.814E-010

 traceless quadrupole moment (Debye*Angs)
                       x              y              z       
 x                  -5.877E-006     1.279E-014    -5.157E-014
 y                   1.279E-014     2.758E-006     2.244E-006
 z                  -5.157E-014     2.244E-006     3.119E-006

 ----------------------------------------------------------------------------
 Timings (seconds)
 * mean-field hamiltonian     1.3E+000
 * solver (setting up eqns)   2.6E-002
 * solver (energy estimate)   5.8E-003
 * solver (orthogonalization) 1.2E-003
 * solver (rotation matrix X) 9.6E-002
 * solver (exponential of X)  5.6E-003
 * solver (total)             1.4E-001
 * total SCF                  1.5E+000
 Atomic guess: V, ../../../../basis-sets/bse/def2-tzvpd.txt
 ----------------------------------------------------------
 E(HF) [a.u.]                            -9.4287234347E+002
 Tr(RhoAvg S), Cartesian AOs              2.3000000000E+001
 Tr(RhoAvg S), spherical AOs              2.3000000000E+001
 max|T RhoAvg T**T - RhoAvg_sao|                  8.88E-016
 max|c(RhoAvg) - c(Rho)|                          8.88E-016
 max|RhoAvg - Rho|                                2.10E-001
 Saved /mnt/storage_6/project_data/pl0415-03/marcin/beyond-rpa/guess/electron-densities/bse/def2-tzvpd/v.txt
 ----------------------------------------------------------------------------
                             SCF for CR (2S+1=7)                             
 ----------------------------------------------------------------------------
 NUMBER OF ATOMS                         1
 CHARGE                                  0
 Prescreening (pq|pq) integrals for the Cholesky decomposition
 Shell pairs will be sorted according to their max elements
 Max diagonal integral MaxDrs=1.5E+001
 Applying Eq. 15 in J. Chem. Phys. 150, 194112 (2019); doi: 10.1063/1.5083802
 Schwarz inequality: Dpq<min(10**(-8),Tau)**2/MaxDrs=6.8E-018
 Trace of exact Coulomb matrix: 8.7E+001
 Trace of discarded integrals: 0.0E+000
 Discarded 0 out of 136 shell pairs
 (0 out of 1176 orbital pairs)

 Step 1 of Cholesky decomposition: locating pivots
 -------------------------------------------------
 Dimensions of the Coulomb matrix: (1176,1176)
 Threshold for diagonal matrix elements: Dpq > 1.0E-007
 Max number of Cholesky vectors: 720
 Rk storage block size: 500
 Max dimension of 2e integrals buffer: (1176,1000)

 ----------------------------------------------------------------------------
 #    Dmax        Memory (MB)    NPivots     %    Time        
 ----------------------------------------------------------------------------
 1    1.4E-001    1.3E+001       18          5    2.3E-002    
 2    1.4E-003    1.3E+001       186         33   2.5E-002    
 3    8.1E-006    1.1E+001       288         76   1.8E-002    
 4    9.9E-008    3.8E+000       356         100  1.4E-002    

 Step 1 of the Cholesky decomposition completed
 Computed 356 pivots
 Largest residual Dpq: 9.9E-008
 NCholesky/NAO = 7.4E+000
 Step 1 of Cholesky decomposition completed in 8.0E-002 seconds
 Detailed timings in seconds
 Subtract prev contribs I (M-R**T*R)     3.3E-003
 Subtract prev contribs II (Rk)          7.7E-003
 Two-electron integrals                  6.5E-002
 Reallocation                            1.4E-003

 Step 2 of Cholesky decomposition completed in 6.9E-003 seconds
 Detailed timings in seconds
 Reduced-dimension matrix V    5.6E-003
 V=L*L**T                      5.4E-004
 L**(-1)                       6.5E-004

 Full-dimension Cholesky vectors of the Coulomb matrix will be stored in memory
 Cholesky vectors computed in 1.6E-002 seconds

 ┌─────────────────────────────────────────┐
 │          Self-consistent field          │
 └─────────────────────────────────────────┘

 Atomic orbital basis set
 . . . . . . . . . . . . . . . . . . . . . . . . . . . . . . . . . . . . . . 
 atomic centers                               1
 shell parameter sets                         16
 spherical AOs                                48
 max angular momentum                         3
 parameter set                                ../../../../basis-sets/bse/def2-tzvpd.txt
 . . . . . . . . . . . . . . . . . . . . . . . . . . . . . . . . . . . . . . 
 SCF guess: bare nuclei Hamiltonian
 Starting self-consistent field iterations (spin-unrestricted)
 Alpha electrons: 15
 Beta electrons: 9
 ----------------------------------------------------------------------------
 Exchange-correlation: Hartree-Fock
 ----------------------------------------------------------------------------
 Replicated-data parallel SCF
 ----------------------------
 Processes                               1
 Threads/process                         16
 Allocated 4.5E-004 GiB of scratch space for the KS matrix build
 ----------------------------------------------------------------------------
 Spherical harmonic basis contains 48 vectors
 Linear independence thresh: Eig(S) > 1.0E-006
 Computations will be carried out in the space of 48 MOs
 Threshold for J, K: |Rho(r,s)*(pq|rs)|,|Rho(q,s)*(pq|rs)| > 1.0E-011
 Convergence conditions
 ----------------------
 RhoDiff < 1.0E-006
 OrbGrad < 1.0E-006
 Max number of macroiters: 1024
 ------------------------------------------------------------------------------
 #           Energy        EDiff    RhoDiff  OrbGrad  OrbShift NStored Time     
 ------------------------------------------------------------------------------
 0         -276.0242986622                                        0    3.9E-002 
 1        -1027.7339369693           8.1E+00                      0    3.0E-002 
 2        -1038.5972085795 -1.1E+01  3.9E+00  2.0E+00  4.1E+00    1    3.2E-002 
 3        -1043.0479088116 -4.5E+00  2.4E+00  1.4E+00  1.5E+00    2    3.1E-002 
 4        -1043.3133135633 -2.7E-01  1.4E+00  5.0E-01  0.0E+00    3    3.1E-002 
 5        -1043.3318368858 -1.9E-02  6.0E-01  5.8E-02  0.0E+00    4    3.1E-002 
 6        -1043.3344352342 -2.6E-03  5.9E-02  2.0E-02  0.0E+00    5    3.1E-002 
 7        -1043.3345348925 -1.0E-04  3.0E-02  3.3E-03  0.0E+00    6    3.1E-002 
 8        -1043.3345365171 -1.6E-06  1.1E-03  6.1E-04  0.0E+00    7    3.1E-002 
 9        -1043.3345365748 -5.8E-08  1.1E-04  1.3E-04  0.0E+00    8    3.1E-002 
 10       -1043.3345365765 -1.7E-09  1.2E-05  1.7E-05  0.0E+00    8    3.3E-002 
 11       -1043.3345365769 -3.8E-10  5.1E-06  7.1E-06  0.0E+00    8    3.2E-002 
 12       -1043.3345365770 -1.2E-10  4.0E-06  3.6E-06  0.0E+00    8    3.2E-002 
 13       -1043.3345365770 -6.6E-12  1.3E-06  1.7E-06  0.0E+00    8    3.2E-002 
 14       -1043.3345365770 -2.3E-13  3.8E-07  2.8E-07  0.0E+00    8    3.2E-002 
 ------------------------------------------------------------------------------
 SCF converged
 Converged energy                        -1043.334536577018  
 ------------------------------------------------------------------------------
 Ehomo(Alpha) [eV]                       -6.054943939556     
 Elumo(Alpha) [eV]                       0.758676834392      
 Ehomo(Beta) [eV]                        -50.098907588251    
 Elumo(Beta) [eV]                        0.845679396880      

 dipole moment (Debye)
        x              y              z       
      7.664E-015    -1.529E-014    -1.876E-014

 traceless quadrupole moment (Debye*Angs)
                       x              y              z       
 x                  -4.382E-007    -1.801E-007     1.944E-007
 y                  -1.801E-007     8.840E-007     4.386E-007
 z                   1.944E-007     4.386E-007    -4.458E-007

 ----------------------------------------------------------------------------
 Timings (seconds)
 * mean-field hamiltonian     4.5E-001
 * solver (setting up eqns)   7.3E-003
 * solver (energy estimate)   1.3E-003
 * solver (orthogonalization) 4.0E-004
 * solver (rotation matrix X) 4.3E-003
 * solver (exponential of X)  1.6E-003
 * solver (total)             1.5E-002
 * total SCF                  4.8E-001
 Atomic guess: CR, ../../../../basis-sets/bse/def2-tzvpd.txt
 -----------------------------------------------------------
 E(HF) [a.u.]                            -1.0433345366E+003
 Tr(RhoAvg S), Cartesian AOs              2.4000000000E+001
 Tr(RhoAvg S), spherical AOs              2.4000000000E+001
 max|T RhoAvg T**T - RhoAvg_sao|                  3.89E-016
 max|c(RhoAvg) - c(Rho)|                          3.33E-016
 max|RhoAvg - Rho|                                6.46E-008
 Saved /mnt/storage_6/project_data/pl0415-03/marcin/beyond-rpa/guess/electron-densities/bse/def2-tzvpd/cr.txt
 ----------------------------------------------------------------------------
                             SCF for MN (2S+1=6)                             
 ----------------------------------------------------------------------------
 NUMBER OF ATOMS                         1
 CHARGE                                  0
 Prescreening (pq|pq) integrals for the Cholesky decomposition
 Shell pairs will be sorted according to their max elements
 Max diagonal integral MaxDrs=1.5E+001
 Applying Eq. 15 in J. Chem. Phys. 150, 194112 (2019); doi: 10.1063/1.5083802
 Schwarz inequality: Dpq<min(10**(-8),Tau)**2/MaxDrs=6.5E-018
 Trace of exact Coulomb matrix: 9.6E+001
 Trace of discarded integrals: 0.0E+000
 Discarded 0 out of 136 shell pairs
 (0 out of 1176 orbital pairs)

 Step 1 of Cholesky decomposition: locating pivots
 -------------------------------------------------
 Dimensions of the Coulomb matrix: (1176,1176)
 Threshold for diagonal matrix elements: Dpq > 1.0E-007
 Max number of Cholesky vectors: 720
 Rk storage block size: 500
 Max dimension of 2e integrals buffer: (1176,1000)

 ----------------------------------------------------------------------------
 #    Dmax        Memory (MB)    NPivots     %    Time        
 ----------------------------------------------------------------------------
 1    1.5E-001    1.3E+001       17          4    2.7E-002    
 2    1.4E-003    1.3E+001       187         29   3.3E-002    
 3    1.4E-005    1.2E+001       290         79   2.1E-002    
 4    1.3E-007    4.6E+000       352         98   1.3E-002    
 5    9.7E-008    7.3E-001       369         100  3.1E-003    

 Step 1 of the Cholesky decomposition completed
 Computed 369 pivots
 Largest residual Dpq: 9.7E-008
 NCholesky/NAO = 7.7E+000
 Step 1 of Cholesky decomposition completed in 9.8E-002 seconds
 Detailed timings in seconds
 Subtract prev contribs I (M-R**T*R)     4.1E-003
 Subtract prev contribs II (Rk)          7.2E-003
 Two-electron integrals                  8.2E-002
 Reallocation                            1.8E-003

 Step 2 of Cholesky decomposition completed in 6.7E-003 seconds
 Detailed timings in seconds
 Reduced-dimension matrix V    5.4E-003
 V=L*L**T                      5.8E-004
 L**(-1)                       7.6E-004

 Full-dimension Cholesky vectors of the Coulomb matrix will be stored in memory
 Cholesky vectors computed in 1.7E-002 seconds

 ┌─────────────────────────────────────────┐
 │          Self-consistent field          │
 └─────────────────────────────────────────┘

 Atomic orbital basis set
 . . . . . . . . . . . . . . . . . . . . . . . . . . . . . . . . . . . . . . 
 atomic centers                               1
 shell parameter sets                         16
 spherical AOs                                48
 max angular momentum                         3
 parameter set                                ../../../../basis-sets/bse/def2-tzvpd.txt
 . . . . . . . . . . . . . . . . . . . . . . . . . . . . . . . . . . . . . . 
 SCF guess: bare nuclei Hamiltonian
 Starting self-consistent field iterations (spin-unrestricted)
 Alpha electrons: 15
 Beta electrons: 10
 ----------------------------------------------------------------------------
 Exchange-correlation: Hartree-Fock
 ----------------------------------------------------------------------------
 Replicated-data parallel SCF
 ----------------------------
 Processes                               1
 Threads/process                         16
 Allocated 4.5E-004 GiB of scratch space for the KS matrix build
 ----------------------------------------------------------------------------
 Spherical harmonic basis contains 48 vectors
 Linear independence thresh: Eig(S) > 1.0E-006
 Computations will be carried out in the space of 48 MOs
 Threshold for J, K: |Rho(r,s)*(pq|rs)|,|Rho(q,s)*(pq|rs)| > 1.0E-011
 Convergence conditions
 ----------------------
 RhoDiff < 1.0E-006
 OrbGrad < 1.0E-006
 Max number of macroiters: 1024
 ------------------------------------------------------------------------------
 #           Energy        EDiff    RhoDiff  OrbGrad  OrbShift NStored Time     
 ------------------------------------------------------------------------------
 0         -222.2279405931                                        0    4.0E-002 
 1        -1126.1691977195           8.8E+00                      0    3.2E-002 
 2        -1144.2709597902 -1.8E+01  4.1E+00  2.3E+00  5.1E+00    1    3.4E-002 
 3        -1149.0364942179 -4.8E+00  2.5E+00  1.6E+00  1.7E+00    2    3.3E-002 
 4        -1149.6773004440 -6.4E-01  1.1E+00  7.0E-01  0.0E+00    3    3.3E-002 
 5        -1149.7227925748 -4.5E-02  7.0E-01  1.2E-01  0.0E+00    4    3.3E-002 
 6        -1149.7290285147 -6.2E-03  1.2E-01  3.4E-02  0.0E+00    5    3.3E-002 
 7        -1149.7292784969 -2.5E-04  2.5E-02  3.9E-03  0.0E+00    6    3.3E-002 
 8        -1149.7301267599 -8.5E-04  2.2E-02  3.0E-03  6.9E-02    7    3.7E-002 
 9        -1149.7320006093 -1.9E-03  2.2E-02  6.9E-03  1.5E-01    8    3.8E-002 
 10       -1149.7357185791 -3.7E-03  2.8E-02  1.2E-02  2.0E-01    8    3.9E-002 
 11       -1149.7428094993 -7.1E-03  3.9E-02  1.9E-02  2.6E-01    8    3.9E-002 
 12       -1149.7555070685 -1.3E-02  5.0E-02  2.9E-02  3.2E-01    8    3.9E-002 
 13       -1149.7760817592 -2.1E-02  5.8E-02  4.2E-02  3.6E-01    8    3.9E-002 
 14       -1149.8044426301 -2.8E-02  8.1E-02  5.2E-02  3.3E-01    8    3.9E-002 
 15       -1149.8335685942 -2.9E-02  1.1E-01  5.2E-02  2.1E-01    8    3.9E-002 
 16       -1149.8460666083 -1.2E-02  1.4E-01  3.4E-02  1.4E-02    8    3.8E-002 
 17       -1149.8466517885 -5.9E-04  1.8E-02  9.7E-03  0.0E+00    8    3.4E-002 
 18       -1149.8466884958 -3.7E-05  1.1E-02  2.4E-03  0.0E+00    8    3.4E-002 
 19       -1149.8466900730 -1.6E-06  4.0E-03  4.3E-04  0.0E+00    8    3.4E-002 
 20       -1149.8466901984 -1.3E-07  9.7E-04  2.1E-04  0.0E+00    8    3.4E-002 
 21       -1149.8466902006 -2.3E-09  5.7E-05  1.9E-05  0.0E+00    8    3.4E-002 
 22       -1149.8466902011 -4.5E-10  1.6E-05  9.4E-06  0.0E+00    8    3.3E-002 
 23       -1149.8466902012 -1.2E-10  3.3E-06  4.0E-06  0.0E+00    8    3.4E-002 
 24       -1149.8466902012 -2.7E-11  2.7E-06  1.4E-06  0.0E+00    8    3.4E-002 
 25       -1149.8466902012 -7.7E-12  2.4E-06  7.4E-07  0.0E+00    8    3.4E-002 
 26       -1149.8466902012 -6.8E-13  1.9E-07  2.9E-07  0.0E+00    8    3.4E-002 
 ------------------------------------------------------------------------------
 SCF converged
 Converged energy                        -1149.846690201245  
 ------------------------------------------------------------------------------
 Ehomo(Alpha) [eV]                       -7.438108303286     
 Elumo(Alpha) [eV]                       0.836511337514      
 Ehomo(Beta) [eV]                        -6.152499502411     
 Elumo(Beta) [eV]                        0.929896866705      

 dipole moment (Debye)
        x              y              z       
      5.041E-015    -1.472E-015     2.389E-015

 traceless quadrupole moment (Debye*Angs)
                       x              y              z       
 x                   5.487E-006    -6.277E-008    -6.933E-008
 y                  -6.277E-008    -2.468E-005    -1.008E-007
 z                  -6.933E-008    -1.008E-007     1.920E-005

 ----------------------------------------------------------------------------
 Timings (seconds)
 * mean-field hamiltonian     8.7E-001
 * solver (setting up eqns)   1.4E-002
 * solver (energy estimate)   3.3E-003
 * solver (orthogonalization) 7.7E-004
 * solver (rotation matrix X) 5.2E-002
 * solver (exponential of X)  3.3E-003
 * solver (total)             7.5E-002
 * total SCF                  9.6E-001
 Atomic guess: MN, ../../../../basis-sets/bse/def2-tzvpd.txt
 -----------------------------------------------------------
 E(HF) [a.u.]                            -1.1498466902E+003
 Tr(RhoAvg S), Cartesian AOs              2.5000000000E+001
 Tr(RhoAvg S), spherical AOs              2.5000000000E+001
 max|T RhoAvg T**T - RhoAvg_sao|                  3.89E-016
 max|c(RhoAvg) - c(Rho)|                          4.44E-016
 max|RhoAvg - Rho|                                8.64E-007
 Saved /mnt/storage_6/project_data/pl0415-03/marcin/beyond-rpa/guess/electron-densities/bse/def2-tzvpd/mn.txt
 ----------------------------------------------------------------------------
                             SCF for FE (2S+1=5)                             
 ----------------------------------------------------------------------------
 NUMBER OF ATOMS                         1
 CHARGE                                  0
 Prescreening (pq|pq) integrals for the Cholesky decomposition
 Shell pairs will be sorted according to their max elements
 Max diagonal integral MaxDrs=1.6E+001
 Applying Eq. 15 in J. Chem. Phys. 150, 194112 (2019); doi: 10.1063/1.5083802
 Schwarz inequality: Dpq<min(10**(-8),Tau)**2/MaxDrs=6.3E-018
 Trace of exact Coulomb matrix: 1.0E+002
 Trace of discarded integrals: 0.0E+000
 Discarded 0 out of 136 shell pairs
 (0 out of 1176 orbital pairs)

 Step 1 of Cholesky decomposition: locating pivots
 -------------------------------------------------
 Dimensions of the Coulomb matrix: (1176,1176)
 Threshold for diagonal matrix elements: Dpq > 1.0E-007
 Max number of Cholesky vectors: 720
 Rk storage block size: 500
 Max dimension of 2e integrals buffer: (1176,1000)

 ----------------------------------------------------------------------------
 #    Dmax        Memory (MB)    NPivots     %    Time        
 ----------------------------------------------------------------------------
 1    1.5E-001    1.3E+001       17          4    2.8E-002    
 2    1.5E-003    1.3E+001       190         33   3.3E-002    
 3    9.2E-006    1.1E+001       291         78   2.0E-002    
 4    1.0E-007    3.9E+000       366         100  1.4E-002    

 Step 1 of the Cholesky decomposition completed
 Computed 366 pivots
 Largest residual Dpq: 1.0E-007
 NCholesky/NAO = 7.6E+000
 Step 1 of Cholesky decomposition completed in 9.5E-002 seconds
 Detailed timings in seconds
 Subtract prev contribs I (M-R**T*R)     3.9E-003
 Subtract prev contribs II (Rk)          7.4E-003
 Two-electron integrals                  7.9E-002
 Reallocation                            1.7E-003

 Step 2 of Cholesky decomposition completed in 7.8E-003 seconds
 Detailed timings in seconds
 Reduced-dimension matrix V    6.5E-003
 V=L*L**T                      6.0E-004
 L**(-1)                       6.8E-004

 Full-dimension Cholesky vectors of the Coulomb matrix will be stored in memory
 Cholesky vectors computed in 1.9E-002 seconds

 ┌─────────────────────────────────────────┐
 │          Self-consistent field          │
 └─────────────────────────────────────────┘

 Atomic orbital basis set
 . . . . . . . . . . . . . . . . . . . . . . . . . . . . . . . . . . . . . . 
 atomic centers                               1
 shell parameter sets                         16
 spherical AOs                                48
 max angular momentum                         3
 parameter set                                ../../../../basis-sets/bse/def2-tzvpd.txt
 . . . . . . . . . . . . . . . . . . . . . . . . . . . . . . . . . . . . . . 
 SCF guess: bare nuclei Hamiltonian
 Starting self-consistent field iterations (spin-unrestricted)
 Alpha electrons: 15
 Beta electrons: 11
 ----------------------------------------------------------------------------
 Exchange-correlation: Hartree-Fock
 ----------------------------------------------------------------------------
 Replicated-data parallel SCF
 ----------------------------
 Processes                               1
 Threads/process                         16
 Allocated 4.5E-004 GiB of scratch space for the KS matrix build
 ----------------------------------------------------------------------------
 Spherical harmonic basis contains 48 vectors
 Linear independence thresh: Eig(S) > 1.0E-006
 Computations will be carried out in the space of 48 MOs
 Threshold for J, K: |Rho(r,s)*(pq|rs)|,|Rho(q,s)*(pq|rs)| > 1.0E-011
 Convergence conditions
 ----------------------
 RhoDiff < 1.0E-006
 OrbGrad < 1.0E-006
 Max number of macroiters: 1024
 ------------------------------------------------------------------------------
 #           Energy        EDiff    RhoDiff  OrbGrad  OrbShift NStored Time     
 ------------------------------------------------------------------------------
 0         -255.4739099107                                        0    4.1E-002 
 1        -1234.3886583601           8.6E+00                      0    3.4E-002 
 2        -1256.1977637497 -2.2E+01  4.0E+00  2.6E+00  5.8E+00    1    3.5E-002 
 3        -1260.5134386273 -4.3E+00  2.4E+00  1.7E+00  1.8E+00    2    3.4E-002 
 4        -1262.0752407528 -1.6E+00  6.2E-01  9.5E-01  2.7E-01    3    3.6E-002 
 5        -1262.3001025349 -2.2E-01  8.9E-01  4.1E-01  0.0E+00    4    3.5E-002 
 6        -1262.3243406372 -2.4E-02  1.2E-01  6.5E-02  0.0E+00    5    3.4E-002 
 7        -1262.3317737686 -7.4E-03  1.2E-01  2.2E-02  0.0E+00    6    3.4E-002 
 8        -1262.3383125518 -6.5E-03  3.6E-02  1.6E-02  0.0E+00    7    3.4E-002 
 9        -1262.3466264397 -8.3E-03  4.4E-02  1.4E-02  6.5E-02    8    3.8E-002 
 10       -1262.3519950279 -5.4E-03  5.6E-02  9.0E-03  1.8E-02    8    4.0E-002 
 11       -1262.3532476176 -1.3E-03  2.6E-02  6.7E-03  0.0E+00    8    3.4E-002 
 12       -1262.3561718326 -2.9E-03  3.9E-02  8.7E-03  0.0E+00    8    3.4E-002 
 13       -1262.3586080878 -2.4E-03  3.7E-02  8.3E-03  0.0E+00    8    3.4E-002 
 14       -1262.3591384562 -5.3E-04  9.9E-03  4.7E-03  0.0E+00    8    3.4E-002 
 15       -1262.3593357932 -2.0E-04  8.4E-03  2.0E-03  0.0E+00    8    3.4E-002 
 16       -1262.3593806423 -4.5E-05  5.6E-03  2.3E-03  0.0E+00    8    3.4E-002 
 17       -1262.3593873460 -6.7E-06  1.3E-03  5.6E-04  0.0E+00    8    3.4E-002 
 18       -1262.3593904227 -3.1E-06  7.2E-04  3.4E-04  0.0E+00    8    3.4E-002 
 19       -1262.3593941402 -3.7E-06  1.6E-03  3.0E-04  0.0E+00    8    3.4E-002 
 20       -1262.3593951379 -1.0E-06  5.8E-04  1.8E-04  0.0E+00    8    3.4E-002 
 21       -1262.3593952252 -8.7E-08  1.1E-04  8.2E-05  0.0E+00    8    3.4E-002 
 22       -1262.3593952294 -4.2E-09  2.9E-05  2.2E-05  0.0E+00    8    3.4E-002 
 23       -1262.3593952302 -7.9E-10  1.2E-05  6.5E-06  0.0E+00    8    3.4E-002 
 24       -1262.3593952310 -8.1E-10  2.0E-05  5.7E-06  0.0E+00    8    3.4E-002 
 25       -1262.3593952314 -3.9E-10  1.4E-05  5.0E-06  0.0E+00    8    3.4E-002 
 26       -1262.3593952317 -2.6E-10  1.1E-05  7.3E-06  0.0E+00    8    3.4E-002 
 27       -1262.3593952318 -1.8E-10  5.8E-06  3.9E-06  0.0E+00    8    3.4E-002 
 28       -1262.3593952319 -9.3E-11  4.2E-06  1.6E-06  0.0E+00    8    3.4E-002 
 29       -1262.3593952320 -5.9E-11  5.0E-06  1.2E-06  0.0E+00    8    3.4E-002 
 30       -1262.3593952320 -8.6E-12  1.5E-06  5.0E-07  0.0E+00    8    3.4E-002 
 31       -1262.3593952320 -2.3E-12  1.3E-06  2.2E-07  0.0E+00    8    3.4E-002 
 32       -1262.3593952320 -4.5E-13  5.6E-07  1.4E-07  0.0E+00    8    3.4E-002 
 ------------------------------------------------------------------------------
 SCF converged
 Converged energy                        -1262.359395232008  
 ------------------------------------------------------------------------------
 Ehomo(Alpha) [eV]                       -6.233838212899     
 Elumo(Alpha) [eV]                       1.023471606614      
 Ehomo(Beta) [eV]                        -8.653987962667     
 Elumo(Beta) [eV]                        0.772857679765      

 dipole moment (Debye)
        x              y              z       
     -2.582E-014    -1.786E-013    -5.747E-014

 traceless quadrupole moment (Debye*Angs)
                       x              y              z       
 x                   1.219E-006     5.778E-007    -1.638E-006
 y                   5.778E-007    -9.995E-007    -4.636E-007
 z                  -1.638E-006    -4.636E-007    -2.195E-007

 ----------------------------------------------------------------------------
 Timings (seconds)
 * mean-field hamiltonian     1.1E+000
 * solver (setting up eqns)   1.8E-002
 * solver (energy estimate)   4.2E-003
 * solver (orthogonalization) 9.3E-004
 * solver (rotation matrix X) 2.2E-002
 * solver (exponential of X)  3.9E-003
 * solver (total)             5.0E-002
 * total SCF                  1.2E+000
 Atomic guess: FE, ../../../../basis-sets/bse/def2-tzvpd.txt
 -----------------------------------------------------------
 E(HF) [a.u.]                            -1.2623593952E+003
 Tr(RhoAvg S), Cartesian AOs              2.6000000000E+001
 Tr(RhoAvg S), spherical AOs              2.6000000000E+001
 max|T RhoAvg T**T - RhoAvg_sao|                  8.88E-016
 max|c(RhoAvg) - c(Rho)|                          1.33E-015
 max|RhoAvg - Rho|                                1.44E-001
 Saved /mnt/storage_6/project_data/pl0415-03/marcin/beyond-rpa/guess/electron-densities/bse/def2-tzvpd/fe.txt
 ----------------------------------------------------------------------------
                             SCF for CO (2S+1=4)                             
 ----------------------------------------------------------------------------
 NUMBER OF ATOMS                         1
 CHARGE                                  0
 Prescreening (pq|pq) integrals for the Cholesky decomposition
 Shell pairs will be sorted according to their max elements
 Max diagonal integral MaxDrs=1.7E+001
 Applying Eq. 15 in J. Chem. Phys. 150, 194112 (2019); doi: 10.1063/1.5083802
 Schwarz inequality: Dpq<min(10**(-8),Tau)**2/MaxDrs=6.0E-018
 Trace of exact Coulomb matrix: 1.1E+002
 Trace of discarded integrals: 0.0E+000
 Discarded 0 out of 136 shell pairs
 (0 out of 1176 orbital pairs)

 Step 1 of Cholesky decomposition: locating pivots
 -------------------------------------------------
 Dimensions of the Coulomb matrix: (1176,1176)
 Threshold for diagonal matrix elements: Dpq > 1.0E-007
 Max number of Cholesky vectors: 720
 Rk storage block size: 500
 Max dimension of 2e integrals buffer: (1176,1000)

 ----------------------------------------------------------------------------
 #    Dmax        Memory (MB)    NPivots     %    Time        
 ----------------------------------------------------------------------------
 1    1.6E-001    1.3E+001       17          4    2.5E-002    
 2    1.6E-003    1.3E+001       196         35   3.3E-002    
 3    1.1E-005    1.1E+001       290         74   1.7E-002    
 4    1.1E-007    4.9E+000       365         100  1.5E-002    
 5    9.5E-008    5.9E-002       366         100  2.0E-004    

 Step 1 of the Cholesky decomposition completed
 Computed 366 pivots
 Largest residual Dpq: 9.5E-008
 NCholesky/NAO = 7.6E+000
 Step 1 of Cholesky decomposition completed in 9.1E-002 seconds
 Detailed timings in seconds
 Subtract prev contribs I (M-R**T*R)     3.9E-003
 Subtract prev contribs II (Rk)          8.2E-003
 Two-electron integrals                  7.4E-002
 Reallocation                            1.9E-003

 Step 2 of Cholesky decomposition completed in 6.7E-003 seconds
 Detailed timings in seconds
 Reduced-dimension matrix V    5.4E-003
 V=L*L**T                      6.2E-004
 L**(-1)                       6.2E-004

 Full-dimension Cholesky vectors of the Coulomb matrix will be stored in memory
 Cholesky vectors computed in 1.6E-002 seconds

 ┌─────────────────────────────────────────┐
 │          Self-consistent field          │
 └─────────────────────────────────────────┘

 Atomic orbital basis set
 . . . . . . . . . . . . . . . . . . . . . . . . . . . . . . . . . . . . . . 
 atomic centers                               1
 shell parameter sets                         16
 spherical AOs                                48
 max angular momentum                         3
 parameter set                                ../../../../basis-sets/bse/def2-tzvpd.txt
 . . . . . . . . . . . . . . . . . . . . . . . . . . . . . . . . . . . . . . 
 SCF guess: bare nuclei Hamiltonian
 Starting self-consistent field iterations (spin-unrestricted)
 Alpha electrons: 15
 Beta electrons: 12
 ----------------------------------------------------------------------------
 Exchange-correlation: Hartree-Fock
 ----------------------------------------------------------------------------
 Replicated-data parallel SCF
 ----------------------------
 Processes                               1
 Threads/process                         16
 Allocated 4.5E-004 GiB of scratch space for the KS matrix build
 ----------------------------------------------------------------------------
 Spherical harmonic basis contains 48 vectors
 Linear independence thresh: Eig(S) > 1.0E-006
 Computations will be carried out in the space of 48 MOs
 Threshold for J, K: |Rho(r,s)*(pq|rs)|,|Rho(q,s)*(pq|rs)| > 1.0E-011
 Convergence conditions
 ----------------------
 RhoDiff < 1.0E-006
 OrbGrad < 1.0E-006
 Max number of macroiters: 1024
 ------------------------------------------------------------------------------
 #           Energy        EDiff    RhoDiff  OrbGrad  OrbShift NStored Time     
 ------------------------------------------------------------------------------
 0         -291.2396900802                                        0    4.3E-002 
 1        -1348.4353101638           8.3E+00                      0    3.6E-002 
 2        -1374.3652027573 -2.6E+01  3.9E+00  2.8E+00  6.5E+00    1    3.7E-002 
 3        -1379.7208500883 -5.4E+00  2.4E+00  1.9E+00  2.1E+00    2    3.7E-002 
 4        -1381.1571254037 -1.4E+00  1.1E+00  1.0E+00  0.0E+00    3    3.7E-002 
 5        -1381.2950160039 -1.4E-01  7.5E-01  2.6E-01  0.0E+00    4    3.7E-002 
 6        -1381.3120840909 -1.7E-02  1.7E-01  5.8E-02  0.0E+00    5    3.7E-002 
 7        -1381.3178196650 -5.7E-03  5.0E-02  2.1E-02  0.0E+00    6    3.7E-002 
 8        -1381.3310641959 -1.3E-02  1.2E-01  2.0E-02  1.8E-02    7    4.0E-002 
 9        -1381.3333333788 -2.3E-03  3.8E-02  1.4E-02  0.0E+00    8    3.6E-002 
 10       -1381.3341901425 -8.6E-04  1.5E-02  6.3E-03  0.0E+00    8    3.5E-002 
 11       -1381.3350106794 -8.2E-04  1.6E-02  6.7E-03  0.0E+00    8    3.5E-002 
 12       -1381.3357242676 -7.1E-04  2.6E-02  4.7E-03  2.5E-03    8    4.0E-002 
 13       -1381.3357918314 -6.8E-05  4.9E-03  2.3E-03  0.0E+00    8    3.5E-002 
 14       -1381.3357995188 -7.7E-06  1.7E-03  8.1E-04  0.0E+00    8    3.6E-002 
 15       -1381.3357999943 -4.8E-07  6.3E-04  4.0E-04  0.0E+00    8    3.6E-002 
 16       -1381.3358007552 -7.6E-07  3.0E-04  3.7E-04  0.0E+00    8    3.6E-002 
 17       -1381.3358010524 -3.0E-07  5.2E-04  8.3E-05  0.0E+00    8    3.6E-002 
 18       -1381.3358011426 -9.0E-08  2.5E-04  5.6E-05  0.0E+00    8    3.6E-002 
 19       -1381.3358011618 -1.9E-08  4.4E-05  4.0E-05  0.0E+00    8    3.6E-002 
 20       -1381.3358011869 -2.5E-08  1.1E-04  3.2E-05  0.0E+00    8    3.6E-002 
 21       -1381.3358011970 -1.0E-08  8.1E-05  1.6E-05  0.0E+00    8    3.6E-002 
 22       -1381.3358011991 -2.1E-09  2.1E-05  9.4E-06  0.0E+00    8    3.6E-002 
 23       -1381.3358012000 -8.7E-10  1.8E-05  5.6E-06  0.0E+00    8    3.5E-002 
 24       -1381.3358012001 -1.5E-10  1.0E-05  3.1E-06  0.0E+00    8    3.6E-002 
 25       -1381.3358012002 -6.5E-11  5.4E-06  2.6E-06  0.0E+00    8    3.5E-002 
 26       -1381.3358012002 -1.8E-11  2.0E-06  1.2E-06  0.0E+00    8    3.5E-002 
 27       -1381.3358012002 -1.6E-12  1.9E-06  3.0E-07  0.0E+00    8    3.5E-002 
 28       -1381.3358012002 -2.3E-13  1.6E-07  2.3E-07  0.0E+00    8    3.5E-002 
 ------------------------------------------------------------------------------
 SCF converged
 Converged energy                        -1381.335801200189  
 ------------------------------------------------------------------------------
 Ehomo(Alpha) [eV]                       -6.325991681535     
 Elumo(Alpha) [eV]                       1.120473941591      
 Ehomo(Beta) [eV]                        -10.266172222991    
 Elumo(Beta) [eV]                        0.738761966233      

 dipole moment (Debye)
        x              y              z       
     -1.461E-014    -5.429E-013    -3.792E-014

 traceless quadrupole moment (Debye*Angs)
                       x              y              z       
 x                   7.431E-007    -2.116E-008     2.793E-007
 y                  -2.116E-008    -1.065E-006    -5.106E-008
 z                   2.793E-007    -5.106E-008     3.215E-007

 ----------------------------------------------------------------------------
 Timings (seconds)
 * mean-field hamiltonian     1.0E+000
 * solver (setting up eqns)   1.5E-002
 * solver (energy estimate)   3.7E-003
 * solver (orthogonalization) 8.5E-004
 * solver (rotation matrix X) 2.0E-002
 * solver (exponential of X)  3.4E-003
 * solver (total)             4.4E-002
 * total SCF                  1.1E+000
 Atomic guess: CO, ../../../../basis-sets/bse/def2-tzvpd.txt
 -----------------------------------------------------------
 E(HF) [a.u.]                            -1.3813358012E+003
 Tr(RhoAvg S), Cartesian AOs              2.7000000000E+001
 Tr(RhoAvg S), spherical AOs              2.7000000000E+001
 max|T RhoAvg T**T - RhoAvg_sao|                  5.55E-016
 max|c(RhoAvg) - c(Rho)|                          4.44E-016
 max|RhoAvg - Rho|                                1.89E-001
 Saved /mnt/storage_6/project_data/pl0415-03/marcin/beyond-rpa/guess/electron-densities/bse/def2-tzvpd/co.txt
 ----------------------------------------------------------------------------
                             SCF for NI (2S+1=3)                             
 ----------------------------------------------------------------------------
 NUMBER OF ATOMS                         1
 CHARGE                                  0
 Prescreening (pq|pq) integrals for the Cholesky decomposition
 Shell pairs will be sorted according to their max elements
 Max diagonal integral MaxDrs=1.7E+001
 Applying Eq. 15 in J. Chem. Phys. 150, 194112 (2019); doi: 10.1063/1.5083802
 Schwarz inequality: Dpq<min(10**(-8),Tau)**2/MaxDrs=5.8E-018
 Trace of exact Coulomb matrix: 1.1E+002
 Trace of discarded integrals: 0.0E+000
 Discarded 0 out of 136 shell pairs
 (0 out of 1176 orbital pairs)

 Step 1 of Cholesky decomposition: locating pivots
 -------------------------------------------------
 Dimensions of the Coulomb matrix: (1176,1176)
 Threshold for diagonal matrix elements: Dpq > 1.0E-007
 Max number of Cholesky vectors: 720
 Rk storage block size: 500
 Max dimension of 2e integrals buffer: (1176,1000)

 ----------------------------------------------------------------------------
 #    Dmax        Memory (MB)    NPivots     %    Time        
 ----------------------------------------------------------------------------
 1    1.7E-001    1.3E+001       17          4    2.5E-002    
 2    1.6E-003    1.3E+001       198         35   3.3E-002    
 3    1.2E-005    1.0E+001       290         73   1.6E-002    
 4    1.2E-007    5.0E+000       363         99   1.2E-002    
 5    9.7E-008    3.0E-001       366         100  6.7E-004    

 Step 1 of the Cholesky decomposition completed
 Computed 366 pivots
 Largest residual Dpq: 9.7E-008
 NCholesky/NAO = 7.6E+000
 Step 1 of Cholesky decomposition completed in 8.7E-002 seconds
 Detailed timings in seconds
 Subtract prev contribs I (M-R**T*R)     3.9E-003
 Subtract prev contribs II (Rk)          8.7E-003
 Two-electron integrals                  7.0E-002
 Reallocation                            1.9E-003

 Step 2 of Cholesky decomposition completed in 6.7E-003 seconds
 Detailed timings in seconds
 Reduced-dimension matrix V    5.4E-003
 V=L*L**T                      6.2E-004
 L**(-1)                       6.7E-004

 Full-dimension Cholesky vectors of the Coulomb matrix will be stored in memory
 Cholesky vectors computed in 1.8E-002 seconds

 ┌─────────────────────────────────────────┐
 │          Self-consistent field          │
 └─────────────────────────────────────────┘

 Atomic orbital basis set
 . . . . . . . . . . . . . . . . . . . . . . . . . . . . . . . . . . . . . . 
 atomic centers                               1
 shell parameter sets                         16
 spherical AOs                                48
 max angular momentum                         3
 parameter set                                ../../../../basis-sets/bse/def2-tzvpd.txt
 . . . . . . . . . . . . . . . . . . . . . . . . . . . . . . . . . . . . . . 
 SCF guess: bare nuclei Hamiltonian
 Starting self-consistent field iterations (spin-unrestricted)
 Alpha electrons: 15
 Beta electrons: 13
 ----------------------------------------------------------------------------
 Exchange-correlation: Hartree-Fock
 ----------------------------------------------------------------------------
 Replicated-data parallel SCF
 ----------------------------
 Processes                               1
 Threads/process                         16
 Allocated 4.5E-004 GiB of scratch space for the KS matrix build
 ----------------------------------------------------------------------------
 Spherical harmonic basis contains 48 vectors
 Linear independence thresh: Eig(S) > 1.0E-006
 Computations will be carried out in the space of 48 MOs
 Threshold for J, K: |Rho(r,s)*(pq|rs)|,|Rho(q,s)*(pq|rs)| > 1.0E-011
 Convergence conditions
 ----------------------
 RhoDiff < 1.0E-006
 OrbGrad < 1.0E-006
 Max number of macroiters: 1024
 ------------------------------------------------------------------------------
 #           Energy        EDiff    RhoDiff  OrbGrad  OrbShift NStored Time     
 ------------------------------------------------------------------------------
 0         -328.9545415093                                        0    4.3E-002 
 1        -1468.5071671940           8.1E+00                      0    3.7E-002 
 2        -1498.8478901470 -3.0E+01  3.7E+00  3.1E+00  7.2E+00    1    3.7E-002 
 3        -1505.4841533799 -6.6E+00  2.4E+00  2.2E+00  2.5E+00    2    3.7E-002 
 4        -1506.7027093836 -1.2E+00  1.4E+00  1.1E+00  0.0E+00    3    3.7E-002 
 5        -1506.7807793233 -7.8E-02  6.9E-01  1.8E-01  0.0E+00    4    3.6E-002 
 6        -1506.7956245351 -1.5E-02  1.2E-01  5.9E-02  0.0E+00    5    3.6E-002 
 7        -1506.7958118498 -1.9E-04  3.5E-02  4.7E-03  0.0E+00    6    3.6E-002 
 8        -1506.7958197615 -7.9E-06  7.3E-04  6.2E-04  0.0E+00    7    3.6E-002 
 9        -1506.7958235208 -3.8E-06  1.2E-03  3.9E-04  0.0E+00    8    3.6E-002 
 10       -1506.7958243789 -8.6E-07  8.1E-04  2.2E-04  0.0E+00    8    3.6E-002 
 11       -1506.7958247866 -4.1E-07  5.5E-04  1.7E-04  0.0E+00    8    3.6E-002 
 12       -1506.7958247897 -3.0E-09  4.8E-05  1.8E-05  0.0E+00    8    3.6E-002 
 13       -1506.7958247901 -4.0E-10  1.1E-05  6.7E-06  0.0E+00    8    3.6E-002 
 14       -1506.7958247901 -3.4E-11  2.7E-06  2.5E-06  0.0E+00    8    3.6E-002 
 15       -1506.7958247901 -9.3E-12  2.3E-06  7.7E-07  0.0E+00    8    3.6E-002 
 16       -1506.7958247901 -7.3E-12  2.7E-06  1.1E-06  0.0E+00    8    3.6E-002 
 17       -1506.7958247901 -1.4E-12  6.5E-07  3.7E-07  0.0E+00    8    3.6E-002 
 ------------------------------------------------------------------------------
 SCF converged
 Converged energy                        -1506.795824790104  
 ------------------------------------------------------------------------------
 Ehomo(Alpha) [eV]                       -6.431612153585     
 Elumo(Alpha) [eV]                       1.172161904206      
 Ehomo(Beta) [eV]                        -10.860744083306    
 Elumo(Beta) [eV]                        0.704385141269      

 dipole moment (Debye)
        x              y              z       
     -2.073E-014    -3.073E-015     1.471E-014

 traceless quadrupole moment (Debye*Angs)
                       x              y              z       
 x                   8.844E-002     5.424E-002    -2.978E-001
 y                   5.424E-002     2.337E-001     9.690E-002
 z                  -2.978E-001     9.690E-002    -3.221E-001

 ----------------------------------------------------------------------------
 Timings (seconds)
 * mean-field hamiltonian     6.3E-001
 * solver (setting up eqns)   8.7E-003
 * solver (energy estimate)   1.8E-003
 * solver (orthogonalization) 4.8E-004
 * solver (rotation matrix X) 6.1E-003
 * solver (exponential of X)  2.0E-003
 * solver (total)             2.0E-002
 * total SCF                  6.6E-001
 Atomic guess: NI, ../../../../basis-sets/bse/def2-tzvpd.txt
 -----------------------------------------------------------
 E(HF) [a.u.]                            -1.5067958248E+003
 Tr(RhoAvg S), Cartesian AOs              2.8000000000E+001
 Tr(RhoAvg S), spherical AOs              2.8000000000E+001
 max|T RhoAvg T**T - RhoAvg_sao|                  8.88E-016
 max|c(RhoAvg) - c(Rho)|                          1.11E-015
 max|RhoAvg - Rho|                                1.39E-001
 Saved /mnt/storage_6/project_data/pl0415-03/marcin/beyond-rpa/guess/electron-densities/bse/def2-tzvpd/ni.txt
 ----------------------------------------------------------------------------
                             SCF for CU (2S+1=2)                             
 ----------------------------------------------------------------------------
 NUMBER OF ATOMS                         1
 CHARGE                                  0
 Prescreening (pq|pq) integrals for the Cholesky decomposition
 Shell pairs will be sorted according to their max elements
 Max diagonal integral MaxDrs=1.8E+001
 Applying Eq. 15 in J. Chem. Phys. 150, 194112 (2019); doi: 10.1063/1.5083802
 Schwarz inequality: Dpq<min(10**(-8),Tau)**2/MaxDrs=5.6E-018
 Trace of exact Coulomb matrix: 1.1E+002
 Trace of discarded integrals: 0.0E+000
 Discarded 0 out of 136 shell pairs
 (0 out of 1176 orbital pairs)

 Step 1 of Cholesky decomposition: locating pivots
 -------------------------------------------------
 Dimensions of the Coulomb matrix: (1176,1176)
 Threshold for diagonal matrix elements: Dpq > 1.0E-007
 Max number of Cholesky vectors: 720
 Rk storage block size: 500
 Max dimension of 2e integrals buffer: (1176,1000)

 ----------------------------------------------------------------------------
 #    Dmax        Memory (MB)    NPivots     %    Time        
 ----------------------------------------------------------------------------
 1    1.8E-001    1.3E+001       17          4    2.1E-002    
 2    1.8E-003    1.3E+001       196         36   3.3E-002    
 3    1.6E-005    9.7E+000       290         69   9.8E-003    
 4    1.5E-007    5.0E+000       361         99   1.6E-002    
 5    9.2E-008    1.7E-001       367         100  5.4E-004    

 Step 1 of the Cholesky decomposition completed
 Computed 367 pivots
 Largest residual Dpq: 9.2E-008
 NCholesky/NAO = 7.6E+000
 Step 1 of Cholesky decomposition completed in 8.1E-002 seconds
 Detailed timings in seconds
 Subtract prev contribs I (M-R**T*R)     3.4E-003
 Subtract prev contribs II (Rk)          8.3E-003
 Two-electron integrals                  6.5E-002
 Reallocation                            1.8E-003

 Step 2 of Cholesky decomposition completed in 6.4E-003 seconds
 Detailed timings in seconds
 Reduced-dimension matrix V    5.1E-003
 V=L*L**T                      5.9E-004
 L**(-1)                       6.8E-004

 Full-dimension Cholesky vectors of the Coulomb matrix will be stored in memory
 Cholesky vectors computed in 1.9E-002 seconds

 ┌─────────────────────────────────────────┐
 │          Self-consistent field          │
 └─────────────────────────────────────────┘

 Atomic orbital basis set
 . . . . . . . . . . . . . . . . . . . . . . . . . . . . . . . . . . . . . . 
 atomic centers                               1
 shell parameter sets                         16
 spherical AOs                                48
 max angular momentum                         3
 parameter set                                ../../../../basis-sets/bse/def2-tzvpd.txt
 . . . . . . . . . . . . . . . . . . . . . . . . . . . . . . . . . . . . . . 
 SCF guess: bare nuclei Hamiltonian
 Starting self-consistent field iterations (spin-unrestricted)
 Alpha electrons: 15
 Beta electrons: 14
 ----------------------------------------------------------------------------
 Exchange-correlation: Hartree-Fock
 ----------------------------------------------------------------------------
 Replicated-data parallel SCF
 ----------------------------
 Processes                               1
 Threads/process                         16
 Allocated 4.5E-004 GiB of scratch space for the KS matrix build
 ----------------------------------------------------------------------------
 Spherical harmonic basis contains 48 vectors
 Linear independence thresh: Eig(S) > 1.0E-006
 Computations will be carried out in the space of 48 MOs
 Threshold for J, K: |Rho(r,s)*(pq|rs)|,|Rho(q,s)*(pq|rs)| > 1.0E-011
 Convergence conditions
 ----------------------
 RhoDiff < 1.0E-006
 OrbGrad < 1.0E-006
 Max number of macroiters: 1024
 ------------------------------------------------------------------------------
 #           Energy        EDiff    RhoDiff  OrbGrad  OrbShift NStored Time     
 ------------------------------------------------------------------------------
 0         -592.5578294731                                        0    4.7E-002 
 1        -1602.7939294227           6.5E+00                      0    4.0E-002 
 2        -1631.0223299418 -2.8E+01  3.0E+00  3.1E+00  7.2E+00    1    4.0E-002 
 3        -1638.1283514934 -7.1E+00  2.2E+00  2.2E+00  2.9E+00    2    4.1E-002 
 4        -1638.8642999205 -7.4E-01  1.5E+00  9.9E-01  0.0E+00    3    4.0E-002 
 5        -1638.9113041079 -4.7E-02  5.8E-01  1.3E-01  0.0E+00    4    4.0E-002 
 6        -1638.9228875983 -1.2E-02  7.1E-02  5.0E-02  0.0E+00    5    4.0E-002 
 7        -1638.9230905709 -2.0E-04  4.9E-02  4.6E-03  0.0E+00    6    4.0E-002 
 8        -1638.9230955462 -5.0E-06  1.6E-03  5.7E-04  0.0E+00    7    4.0E-002 
 9        -1638.9230962733 -7.3E-07  2.6E-04  2.3E-04  0.0E+00    8    4.1E-002 
 10       -1638.9230963449 -7.2E-08  6.2E-05  1.1E-04  0.0E+00    8    4.1E-002 
 11       -1638.9230963491 -4.1E-09  2.6E-05  2.8E-05  0.0E+00    8    4.0E-002 
 12       -1638.9230963495 -4.1E-10  1.1E-05  6.5E-06  0.0E+00    8    4.0E-002 
 13       -1638.9230963497 -2.7E-10  1.5E-05  4.4E-06  0.0E+00    8    4.1E-002 
 14       -1638.9230963499 -1.3E-10  1.0E-05  4.2E-06  0.0E+00    8    4.1E-002 
 15       -1638.9230963499 -7.5E-12  6.4E-07  1.5E-06  0.0E+00    8    4.1E-002 
 16       -1638.9230963499 -4.5E-13  1.6E-07  2.9E-07  0.0E+00    8    4.1E-002 
 ------------------------------------------------------------------------------
 SCF converged
 Converged energy                        -1638.923096349874  
 ------------------------------------------------------------------------------
 Ehomo(Alpha) [eV]                       -6.537584620156     
 Elumo(Alpha) [eV]                       1.157593440351      
 Ehomo(Beta) [eV]                        -13.438772868763    
 Elumo(Beta) [eV]                        0.512029654357      

 dipole moment (Debye)
        x              y              z       
     -1.067E-014    -3.945E-015    -4.605E-016

 traceless quadrupole moment (Debye*Angs)
                       x              y              z       
 x                  -1.171E-007    -1.168E-008     2.088E-008
 y                  -1.168E-008     2.283E-007     6.509E-008
 z                   2.088E-008     6.509E-008    -1.112E-007

 ----------------------------------------------------------------------------
 Timings (seconds)
 * mean-field hamiltonian     6.7E-001
 * solver (setting up eqns)   8.3E-003
 * solver (energy estimate)   1.8E-003
 * solver (orthogonalization) 4.8E-004
 * solver (rotation matrix X) 5.9E-003
 * solver (exponential of X)  1.9E-003
 * solver (total)             1.9E-002
 * total SCF                  7.0E-001
 Atomic guess: CU, ../../../../basis-sets/bse/def2-tzvpd.txt
 -----------------------------------------------------------
 E(HF) [a.u.]                            -1.6389230963E+003
 Tr(RhoAvg S), Cartesian AOs              2.9000000000E+001
 Tr(RhoAvg S), spherical AOs              2.9000000000E+001
 max|T RhoAvg T**T - RhoAvg_sao|                  1.11E-015
 max|c(RhoAvg) - c(Rho)|                          8.88E-016
 max|RhoAvg - Rho|                                6.49E-007
 Saved /mnt/storage_6/project_data/pl0415-03/marcin/beyond-rpa/guess/electron-densities/bse/def2-tzvpd/cu.txt
 ----------------------------------------------------------------------------
                                  SCF for ZN                                 
 ----------------------------------------------------------------------------
 NUMBER OF ATOMS                         1
 CHARGE                                  0
 Prescreening (pq|pq) integrals for the Cholesky decomposition
 Shell pairs will be sorted according to their max elements
 Max diagonal integral MaxDrs=1.8E+001
 Applying Eq. 15 in J. Chem. Phys. 150, 194112 (2019); doi: 10.1063/1.5083802
 Schwarz inequality: Dpq<min(10**(-8),Tau)**2/MaxDrs=5.4E-018
 Trace of exact Coulomb matrix: 1.2E+002
 Trace of discarded integrals: 0.0E+000
 Discarded 0 out of 153 shell pairs
 (0 out of 1326 orbital pairs)

 Step 1 of Cholesky decomposition: locating pivots
 -------------------------------------------------
 Dimensions of the Coulomb matrix: (1326,1326)
 Threshold for diagonal matrix elements: Dpq > 1.0E-007
 Max number of Cholesky vectors: 765
 Rk storage block size: 500
 Max dimension of 2e integrals buffer: (1326,1000)

 ----------------------------------------------------------------------------
 #    Dmax        Memory (MB)    NPivots     %    Time        
 ----------------------------------------------------------------------------
 1    1.8E-001    1.5E+001       17          4    2.7E-002    
 2    1.8E-003    1.5E+001       200         36   3.8E-002    
 3    1.7E-005    1.2E+001       297         72   1.7E-002    
 4    1.6E-007    6.2E+000       376         99   1.4E-002    
 5    9.2E-008    3.1E-001       384         100  3.1E-004    

 Step 1 of the Cholesky decomposition completed
 Computed 384 pivots
 Largest residual Dpq: 9.2E-008
 NCholesky/NAO = 7.5E+000
 Step 1 of Cholesky decomposition completed in 9.8E-002 seconds
 Detailed timings in seconds
 Subtract prev contribs I (M-R**T*R)     3.5E-003
 Subtract prev contribs II (Rk)          8.6E-003
 Two-electron integrals                  8.1E-002
 Reallocation                            1.7E-003

 Step 2 of Cholesky decomposition completed in 6.1E-003 seconds
 Detailed timings in seconds
 Reduced-dimension matrix V    5.2E-003
 V=L*L**T                      5.1E-004
 L**(-1)                       3.8E-004

 Full-dimension Cholesky vectors of the Coulomb matrix will be stored in memory
 Cholesky vectors computed in 1.9E-002 seconds

 ┌─────────────────────────────────────────┐
 │          Self-consistent field          │
 └─────────────────────────────────────────┘

 Atomic orbital basis set
 . . . . . . . . . . . . . . . . . . . . . . . . . . . . . . . . . . . . . . 
 atomic centers                               1
 shell parameter sets                         17
 spherical AOs                                51
 max angular momentum                         3
 parameter set                                ../../../../basis-sets/bse/def2-tzvpd.txt
 . . . . . . . . . . . . . . . . . . . . . . . . . . . . . . . . . . . . . . 
 SCF guess: bare nuclei Hamiltonian
 Starting self-consistent field iterations (spin-restricted singlet)
 Alpha+beta electrons: 30
 ----------------------------------------------------------------------------
 Exchange-correlation: Hartree-Fock
 ----------------------------------------------------------------------------
 Replicated-data parallel SCF
 ----------------------------
 Processes                               1
 Threads/process                         16
 Allocated 2.8E-004 GiB of scratch space for the KS matrix build
 ----------------------------------------------------------------------------
 Spherical harmonic basis contains 51 vectors
 Linear independence thresh: Eig(S) > 1.0E-006
 Computations will be carried out in the space of 51 MOs
 Threshold for J, K: |Rho(r,s)*(pq|rs)|,|Rho(q,s)*(pq|rs)| > 1.0E-011
 Convergence conditions
 ----------------------
 RhoDiff < 1.0E-006
 OrbGrad < 1.0E-006
 Max number of macroiters: 1024
 ------------------------------------------------------------------------------
 #           Energy        EDiff    RhoDiff  OrbGrad  OrbShift NStored Time     
 ------------------------------------------------------------------------------
 0         -361.5854940590                                        0    3.0E-002 
 1        -1731.0951300433           1.2E+01                      0    2.2E-002 
 2        -1767.9048735715 -3.7E+01  7.1E+00  2.7E+00  8.3E+00    1    2.3E-002 
 3        -1776.2598313046 -8.4E+00  4.8E+00  2.4E+00  2.8E+00    2    2.3E-002 
 4        -1777.6799034544 -1.4E+00  2.7E+00  1.2E+00  0.0E+00    3    2.3E-002 
 5        -1777.7857872495 -1.1E-01  1.0E+00  2.2E-01  0.0E+00    4    2.3E-002 
 6        -1777.8069196294 -2.1E-02  1.1E-01  7.4E-02  0.0E+00    5    2.3E-002 
 7        -1777.8070728728 -1.5E-04  9.4E-03  3.6E-03  0.0E+00    6    2.3E-002 
 8        -1777.8070738184 -9.5E-07  2.6E-03  3.8E-04  0.0E+00    7    2.3E-002 
 9        -1777.8070738269 -8.5E-09  2.1E-04  5.6E-05  0.0E+00    8    2.3E-002 
 10       -1777.8070738270 -6.7E-11  5.5E-06  6.3E-06  0.0E+00    8    2.3E-002 
 11       -1777.8070738270 -2.7E-12  4.7E-07  5.5E-07  0.0E+00    8    2.3E-002 
 ------------------------------------------------------------------------------
 SCF converged
 Converged energy                        -1777.807073826981  
 ------------------------------------------------------------------------------
 Ehomo [eV]                              -7.966042305125     
 Elumo [eV]                              0.861348557402      

 dipole moment (Debye)
        x              y              z       
      1.381E-014     1.570E-015    -1.044E-014

 traceless quadrupole moment (Debye*Angs)
                       x              y              z       
 x                   5.531E-007    -3.996E-008     2.165E-008
 y                  -3.996E-008    -2.058E-006    -1.129E-008
 z                   2.165E-008    -1.129E-008     1.505E-006

 ----------------------------------------------------------------------------
 Timings (seconds)
 * mean-field hamiltonian     2.6E-001
 * solver (setting up eqns)   2.9E-003
 * solver (energy estimate)   5.9E-004
 * solver (orthogonalization) 2.6E-004
 * solver (rotation matrix X) 2.0E-003
 * solver (exponential of X)  4.5E-003
 * solver (total)             1.1E-002
 * total SCF                  2.8E-001
 Atomic guess: ZN, ../../../../basis-sets/bse/def2-tzvpd.txt
 -----------------------------------------------------------
 E(HF) [a.u.]                            -1.7778070738E+003
 Tr(RhoAvg S), Cartesian AOs              3.0000000000E+001
 Tr(RhoAvg S), spherical AOs              3.0000000000E+001
 max|T RhoAvg T**T - RhoAvg_sao|                  1.33E-015
 max|c(RhoAvg) - c(Rho)|                          6.66E-016
 max|RhoAvg - Rho|                                2.82E-007
 Saved /mnt/storage_6/project_data/pl0415-03/marcin/beyond-rpa/guess/electron-densities/bse/def2-tzvpd/zn.txt
 ----------------------------------------------------------------------------
                             SCF for GA (2S+1=2)                             
 ----------------------------------------------------------------------------
 NUMBER OF ATOMS                         1
 CHARGE                                  0
 Prescreening (pq|pq) integrals for the Cholesky decomposition
 Shell pairs will be sorted according to their max elements
 Max diagonal integral MaxDrs=1.9E+001
 Applying Eq. 15 in J. Chem. Phys. 150, 194112 (2019); doi: 10.1063/1.5083802
 Schwarz inequality: Dpq<min(10**(-8),Tau)**2/MaxDrs=5.2E-018
 Trace of exact Coulomb matrix: 1.1E+002
 Trace of discarded integrals: 0.0E+000
 Discarded 0 out of 171 shell pairs
 (0 out of 1485 orbital pairs)

 Step 1 of Cholesky decomposition: locating pivots
 -------------------------------------------------
 Dimensions of the Coulomb matrix: (1485,1485)
 Threshold for diagonal matrix elements: Dpq > 1.0E-007
 Max number of Cholesky vectors: 810
 Rk storage block size: 500
 Max dimension of 2e integrals buffer: (1485,1000)

 ----------------------------------------------------------------------------
 #    Dmax        Memory (MB)    NPivots     %    Time        
 ----------------------------------------------------------------------------
 1    1.7E-001    1.6E+001       20          7    4.8E-002    
 2    1.6E-003    1.6E+001       181         27   5.5E-002    
 3    1.4E-005    1.5E+001       292         62   4.7E-002    
 4    1.4E-007    9.8E+000       380         99   2.9E-002    
 5    7.5E-008    2.6E-001       388         100  4.8E-004    

 Step 1 of the Cholesky decomposition completed
 Computed 388 pivots
 Largest residual Dpq: 7.5E-008
 NCholesky/NAO = 7.2E+000
 Step 1 of Cholesky decomposition completed in 1.8E-001 seconds
 Detailed timings in seconds
 Subtract prev contribs I (M-R**T*R)     5.6E-003
 Subtract prev contribs II (Rk)          1.0E-002
 Two-electron integrals                  1.6E-001
 Reallocation                            2.5E-003

 Step 2 of Cholesky decomposition completed in 1.2E-002 seconds
 Detailed timings in seconds
 Reduced-dimension matrix V    9.8E-003
 V=L*L**T                      6.0E-004
 L**(-1)                       1.2E-003

 Full-dimension Cholesky vectors of the Coulomb matrix will be stored in memory
 Cholesky vectors computed in 3.0E-002 seconds

 ┌─────────────────────────────────────────┐
 │          Self-consistent field          │
 └─────────────────────────────────────────┘

 Atomic orbital basis set
 . . . . . . . . . . . . . . . . . . . . . . . . . . . . . . . . . . . . . . 
 atomic centers                               1
 shell parameter sets                         18
 spherical AOs                                54
 max angular momentum                         3
 parameter set                                ../../../../basis-sets/bse/def2-tzvpd.txt
 . . . . . . . . . . . . . . . . . . . . . . . . . . . . . . . . . . . . . . 
 SCF guess: bare nuclei Hamiltonian
 Starting self-consistent field iterations (spin-unrestricted)
 Alpha electrons: 16
 Beta electrons: 15
 ----------------------------------------------------------------------------
 Exchange-correlation: Hartree-Fock
 ----------------------------------------------------------------------------
 Replicated-data parallel SCF
 ----------------------------
 Processes                               1
 Threads/process                         16
 Allocated 5.6E-004 GiB of scratch space for the KS matrix build
 ----------------------------------------------------------------------------
 Spherical harmonic basis contains 54 vectors
 Linear independence thresh: Eig(S) > 1.0E-006
 Computations will be carried out in the space of 54 MOs
 Threshold for J, K: |Rho(r,s)*(pq|rs)|,|Rho(q,s)*(pq|rs)| > 1.0E-011
 Convergence conditions
 ----------------------
 RhoDiff < 1.0E-006
 OrbGrad < 1.0E-006
 Max number of macroiters: 1024
 ------------------------------------------------------------------------------
 #           Energy        EDiff    RhoDiff  OrbGrad  OrbShift NStored Time     
 ------------------------------------------------------------------------------
 0         -312.7176728787                                        0    5.7E-002 
 1        -1892.2181904445           1.8E+01                      0    4.9E-002 
 2        -1910.6418486580 -1.8E+01  4.9E+00  3.0E+00  8.1E+00    1    5.2E-002 
 3        -1921.5908046644 -1.1E+01  2.1E+00  2.7E+00  4.7E+00    2    5.3E-002 
 4        -1923.1634417824 -1.6E+00  2.1E+00  1.0E+00  5.0E-01    3    5.9E-002 
 5        -1923.2150469679 -5.2E-02  5.5E-01  1.1E-01  0.0E+00    4    5.7E-002 
 6        -1923.2233167907 -8.3E-03  1.7E-02  5.0E-02  0.0E+00    5    5.5E-002 
 7        -1923.2237400886 -4.2E-04  1.5E-02  1.5E-02  0.0E+00    6    5.4E-002 
 8        -1923.2237462557 -6.2E-06  5.1E-03  1.3E-03  0.0E+00    7    5.2E-002 
 9        -1923.2237465584 -3.0E-07  9.0E-04  1.9E-04  0.0E+00    8    5.4E-002 
 10       -1923.2237465657 -7.3E-09  1.2E-04  3.8E-05  0.0E+00    8    5.2E-002 
 11       -1923.2237465666 -9.0E-10  4.2E-05  9.0E-06  0.0E+00    8    5.2E-002 
 12       -1923.2237465667 -8.6E-11  1.2E-05  3.8E-06  0.0E+00    8    5.1E-002 
 13       -1923.2237465667 -1.4E-11  5.4E-06  1.3E-06  0.0E+00    8    5.2E-002 
 14       -1923.2237465667 -1.4E-12  1.1E-06  3.3E-07  0.0E+00    8    5.3E-002 
 Skipping trust radius update
 15       -1923.2237465667 -2.3E-13  3.8E-07  1.1E-07  0.0E+00    8    5.3E-002 
 ------------------------------------------------------------------------------
 SCF converged
 Converged energy                        -1923.223746566726  
 ------------------------------------------------------------------------------
 Ehomo(Alpha) [eV]                       -5.847228867565     
 Elumo(Alpha) [eV]                       0.786918726080      
 Ehomo(Beta) [eV]                        -10.703888709848    
 Elumo(Beta) [eV]                        1.061222509448      

 dipole moment (Debye)
        x              y              z       
      2.293E-013     1.586E-015     3.960E-015

 traceless quadrupole moment (Debye*Angs)
                       x              y              z       
 x                  -7.372E+000    -4.646E-006     2.023E-007
 y                  -4.646E-006     3.686E+000     8.260E-014
 z                   2.023E-007     8.260E-014     3.686E+000

 ----------------------------------------------------------------------------
 Timings (seconds)
 * mean-field hamiltonian     8.1E-001
 * solver (setting up eqns)   9.1E-003
 * solver (energy estimate)   1.5E-003
 * solver (orthogonalization) 6.9E-004
 * solver (rotation matrix X) 7.6E-003
 * solver (exponential of X)  1.8E-002
 * solver (total)             3.7E-002
 * total SCF                  8.6E-001
 Atomic guess: GA, ../../../../basis-sets/bse/def2-tzvpd.txt
 -----------------------------------------------------------
 E(HF) [a.u.]                            -1.9232237466E+003
 Tr(RhoAvg S), Cartesian AOs              3.1000000000E+001
 Tr(RhoAvg S), spherical AOs              3.1000000000E+001
 max|T RhoAvg T**T - RhoAvg_sao|                  1.55E-015
 max|c(RhoAvg) - c(Rho)|                          8.88E-016
 max|RhoAvg - Rho|                                2.99E-001
 Saved /mnt/storage_6/project_data/pl0415-03/marcin/beyond-rpa/guess/electron-densities/bse/def2-tzvpd/ga.txt
 ----------------------------------------------------------------------------
                             SCF for GE (2S+1=3)                             
 ----------------------------------------------------------------------------
 NUMBER OF ATOMS                         1
 CHARGE                                  0
 Prescreening (pq|pq) integrals for the Cholesky decomposition
 Shell pairs will be sorted according to their max elements
 Max diagonal integral MaxDrs=2.0E+001
 Applying Eq. 15 in J. Chem. Phys. 150, 194112 (2019); doi: 10.1063/1.5083802
 Schwarz inequality: Dpq<min(10**(-8),Tau)**2/MaxDrs=5.1E-018
 Trace of exact Coulomb matrix: 1.2E+002
 Trace of discarded integrals: 0.0E+000
 Discarded 0 out of 171 shell pairs
 (0 out of 1485 orbital pairs)

 Step 1 of Cholesky decomposition: locating pivots
 -------------------------------------------------
 Dimensions of the Coulomb matrix: (1485,1485)
 Threshold for diagonal matrix elements: Dpq > 1.0E-007
 Max number of Cholesky vectors: 810
 Rk storage block size: 500
 Max dimension of 2e integrals buffer: (1485,1000)

 ----------------------------------------------------------------------------
 #    Dmax        Memory (MB)    NPivots     %    Time        
 ----------------------------------------------------------------------------
 1    1.7E-001    1.6E+001       20          6    4.2E-002    
 2    1.6E-003    1.6E+001       178         26   5.4E-002    
 3    1.6E-005    1.5E+001       292         66   4.6E-002    
 4    1.5E-007    1.1E+001       376         99   2.3E-002    
 5    1.0E-007    3.4E-001       384         100  4.4E-004    

 Step 1 of the Cholesky decomposition completed
 Computed 384 pivots
 Largest residual Dpq: 1.0E-007
 NCholesky/NAO = 7.1E+000
 Step 1 of Cholesky decomposition completed in 1.7E-001 seconds
 Detailed timings in seconds
 Subtract prev contribs I (M-R**T*R)     5.5E-003
 Subtract prev contribs II (Rk)          1.1E-002
 Two-electron integrals                  1.4E-001
 Reallocation                            2.6E-003

 Step 2 of Cholesky decomposition completed in 1.0E-002 seconds
 Detailed timings in seconds
 Reduced-dimension matrix V    9.3E-003
 V=L*L**T                      5.2E-004
 L**(-1)                       4.2E-004

 Full-dimension Cholesky vectors of the Coulomb matrix will be stored in memory
 Cholesky vectors computed in 2.8E-002 seconds

 ┌─────────────────────────────────────────┐
 │          Self-consistent field          │
 └─────────────────────────────────────────┘

 Atomic orbital basis set
 . . . . . . . . . . . . . . . . . . . . . . . . . . . . . . . . . . . . . . 
 atomic centers                               1
 shell parameter sets                         18
 spherical AOs                                54
 max angular momentum                         3
 parameter set                                ../../../../basis-sets/bse/def2-tzvpd.txt
 . . . . . . . . . . . . . . . . . . . . . . . . . . . . . . . . . . . . . . 
 SCF guess: bare nuclei Hamiltonian
 Starting self-consistent field iterations (spin-unrestricted)
 Alpha electrons: 17
 Beta electrons: 15
 ----------------------------------------------------------------------------
 Exchange-correlation: Hartree-Fock
 ----------------------------------------------------------------------------
 Replicated-data parallel SCF
 ----------------------------
 Processes                               1
 Threads/process                         16
 Allocated 5.6E-004 GiB of scratch space for the KS matrix build
 ----------------------------------------------------------------------------
 Spherical harmonic basis contains 54 vectors
 Linear independence thresh: Eig(S) > 1.0E-006
 Computations will be carried out in the space of 54 MOs
 Threshold for J, K: |Rho(r,s)*(pq|rs)|,|Rho(q,s)*(pq|rs)| > 1.0E-011
 Convergence conditions
 ----------------------
 RhoDiff < 1.0E-006
 OrbGrad < 1.0E-006
 Max number of macroiters: 1024
 ------------------------------------------------------------------------------
 #           Energy        EDiff    RhoDiff  OrbGrad  OrbShift NStored Time     
 ------------------------------------------------------------------------------
 0         -346.3187669926                                        0    6.0E-002 
 1        -2038.0096745602           2.3E+01                      0    5.2E-002 
 2        -2059.3680857303 -2.1E+01  5.8E+00  3.4E+00  9.2E+00    1    5.7E-002 
 3        -2073.3907495248 -1.4E+01  2.2E+00  3.0E+00  5.0E+00    2    5.8E-002 
 4        -2075.2602459293 -1.9E+00  2.7E+00  9.2E-01  4.4E-01    3    6.1E-002 
 5        -2075.3154931063 -5.5E-02  2.4E-01  1.8E-01  0.0E+00    4    5.9E-002 
 6        -2075.3209963355 -5.5E-03  4.5E-02  5.4E-02  0.0E+00    5    5.7E-002 
 7        -2075.3212802028 -2.8E-04  1.7E-02  1.1E-02  0.0E+00    6    5.8E-002 
 8        -2075.3212881883 -8.0E-06  4.8E-03  1.0E-03  0.0E+00    7    5.7E-002 
 9        -2075.3212886121 -4.2E-07  1.5E-03  3.1E-04  0.0E+00    8    5.7E-002 
 10       -2075.3212886185 -6.4E-09  5.4E-05  3.3E-05  0.0E+00    8    5.6E-002 
 11       -2075.3212886189 -4.2E-10  1.5E-05  7.8E-06  0.0E+00    8    5.6E-002 
 12       -2075.3212886190 -3.4E-11  2.3E-06  2.1E-06  0.0E+00    8    5.6E-002 
 13       -2075.3212886190 -3.2E-12  8.6E-07  7.6E-07  0.0E+00    8    5.6E-002 
 ------------------------------------------------------------------------------
 SCF converged
 Converged energy                        -2075.321288618975  
 ------------------------------------------------------------------------------
 Ehomo(Alpha) [eV]                       -7.889448021964     
 Elumo(Alpha) [eV]                       -0.035047486732     
 Ehomo(Beta) [eV]                        -12.992031023329    
 Elumo(Beta) [eV]                        0.640559921111      

 dipole moment (Debye)
        x              y              z       
     -1.120E-013    -9.114E-015     7.325E-014

 traceless quadrupole moment (Debye*Angs)
                       x              y              z       
 x                  -2.558E+000     3.236E-009     2.429E-007
 y                   3.236E-009     5.116E+000    -1.770E-009
 z                   2.429E-007    -1.770E-009    -2.558E+000

 ----------------------------------------------------------------------------
 Timings (seconds)
 * mean-field hamiltonian     7.6E-001
 * solver (setting up eqns)   8.0E-003
 * solver (energy estimate)   1.3E-003
 * solver (orthogonalization) 6.4E-004
 * solver (rotation matrix X) 6.7E-003
 * solver (exponential of X)  1.8E-002
 * solver (total)             3.5E-002
 * total SCF                  8.1E-001
 Atomic guess: GE, ../../../../basis-sets/bse/def2-tzvpd.txt
 -----------------------------------------------------------
 E(HF) [a.u.]                            -2.0753212886E+003
 Tr(RhoAvg S), Cartesian AOs              3.2000000000E+001
 Tr(RhoAvg S), spherical AOs              3.2000000000E+001
 max|T RhoAvg T**T - RhoAvg_sao|                  2.00E-015
 max|c(RhoAvg) - c(Rho)|                          4.44E-016
 max|RhoAvg - Rho|                                2.60E-001
 Saved /mnt/storage_6/project_data/pl0415-03/marcin/beyond-rpa/guess/electron-densities/bse/def2-tzvpd/ge.txt
 ----------------------------------------------------------------------------
                             SCF for AS (2S+1=4)                             
 ----------------------------------------------------------------------------
 NUMBER OF ATOMS                         1
 CHARGE                                  0
 Prescreening (pq|pq) integrals for the Cholesky decomposition
 Shell pairs will be sorted according to their max elements
 Max diagonal integral MaxDrs=2.0E+001
 Applying Eq. 15 in J. Chem. Phys. 150, 194112 (2019); doi: 10.1063/1.5083802
 Schwarz inequality: Dpq<min(10**(-8),Tau)**2/MaxDrs=4.9E-018
 Trace of exact Coulomb matrix: 1.3E+002
 Trace of discarded integrals: 0.0E+000
 Discarded 0 out of 171 shell pairs
 (0 out of 1485 orbital pairs)

 Step 1 of Cholesky decomposition: locating pivots
 -------------------------------------------------
 Dimensions of the Coulomb matrix: (1485,1485)
 Threshold for diagonal matrix elements: Dpq > 1.0E-007
 Max number of Cholesky vectors: 810
 Rk storage block size: 500
 Max dimension of 2e integrals buffer: (1485,1000)

 ----------------------------------------------------------------------------
 #    Dmax        Memory (MB)    NPivots     %    Time        
 ----------------------------------------------------------------------------
 1    1.5E-001    1.6E+001       20          5    5.1E-002    
 2    1.5E-003    1.6E+001       175         23   4.8E-002    
 3    1.3E-005    1.5E+001       296         68   5.2E-002    
 4    1.1E-007    9.2E+000       363         100  3.6E-002    
 5    8.0E-008    2.7E-001       367         100  3.7E-004    

 Step 1 of the Cholesky decomposition completed
 Computed 367 pivots
 Largest residual Dpq: 8.0E-008
 NCholesky/NAO = 6.8E+000
 Step 1 of Cholesky decomposition completed in 1.9E-001 seconds
 Detailed timings in seconds
 Subtract prev contribs I (M-R**T*R)     6.9E-003
 Subtract prev contribs II (Rk)          9.9E-003
 Two-electron integrals                  1.7E-001
 Reallocation                            2.8E-003

 Step 2 of Cholesky decomposition completed in 1.1E-002 seconds
 Detailed timings in seconds
 Reduced-dimension matrix V    9.5E-003
 V=L*L**T                      5.8E-004
 L**(-1)                       6.5E-004

 Full-dimension Cholesky vectors of the Coulomb matrix will be stored in memory
 Cholesky vectors computed in 2.9E-002 seconds

 ┌─────────────────────────────────────────┐
 │          Self-consistent field          │
 └─────────────────────────────────────────┘

 Atomic orbital basis set
 . . . . . . . . . . . . . . . . . . . . . . . . . . . . . . . . . . . . . . 
 atomic centers                               1
 shell parameter sets                         18
 spherical AOs                                54
 max angular momentum                         3
 parameter set                                ../../../../basis-sets/bse/def2-tzvpd.txt
 . . . . . . . . . . . . . . . . . . . . . . . . . . . . . . . . . . . . . . 
 SCF guess: bare nuclei Hamiltonian
 Starting self-consistent field iterations (spin-unrestricted)
 Alpha electrons: 18
 Beta electrons: 15
 ----------------------------------------------------------------------------
 Exchange-correlation: Hartree-Fock
 ----------------------------------------------------------------------------
 Replicated-data parallel SCF
 ----------------------------
 Processes                               1
 Threads/process                         16
 Allocated 5.6E-004 GiB of scratch space for the KS matrix build
 ----------------------------------------------------------------------------
 Spherical harmonic basis contains 54 vectors
 Linear independence thresh: Eig(S) > 1.0E-006
 Computations will be carried out in the space of 54 MOs
 Threshold for J, K: |Rho(r,s)*(pq|rs)|,|Rho(q,s)*(pq|rs)| > 1.0E-011
 Convergence conditions
 ----------------------
 RhoDiff < 1.0E-006
 OrbGrad < 1.0E-006
 Max number of macroiters: 1024
 ------------------------------------------------------------------------------
 #           Energy        EDiff    RhoDiff  OrbGrad  OrbShift NStored Time     
 ------------------------------------------------------------------------------
 0         -369.6220153748                                        0    5.9E-002 
 1        -2202.8275179779           2.3E+01                      0    5.0E-002 
 2        -2219.3205011044 -1.6E+01  6.7E+00  3.2E+00  9.7E+00    1    5.3E-002 
 3        -2233.0135134577 -1.4E+01  2.4E+00  3.2E+00  3.0E+00    2    5.3E-002 
 4        -2234.0616605515 -1.0E+00  1.6E+00  8.3E-01  0.0E+00    3    5.2E-002 
 5        -2234.1778133192 -1.2E-01  2.0E-01  2.0E-01  0.0E+00    4    5.3E-002 
 6        -2234.1845390816 -6.7E-03  1.2E-01  3.5E-02  0.0E+00    5    5.3E-002 
 7        -2234.1846370777 -9.8E-05  2.2E-02  8.9E-03  0.0E+00    6    5.2E-002 
 8        -2234.1846389446 -1.9E-06  2.2E-03  1.2E-03  0.0E+00    7    5.1E-002 
 9        -2234.1846390019 -5.7E-08  4.5E-04  1.4E-04  0.0E+00    8    5.2E-002 
 10       -2234.1846390035 -1.6E-09  3.0E-05  2.1E-05  0.0E+00    8    5.1E-002 
 11       -2234.1846390036 -9.5E-11  6.9E-06  3.6E-06  0.0E+00    8    5.2E-002 
 12       -2234.1846390036 -1.5E-11  3.5E-06  1.4E-06  0.0E+00    8    5.2E-002 
 13       -2234.1846390036 -2.7E-12  1.4E-06  5.6E-07  0.0E+00    8    5.2E-002 
 Skipping trust radius update
 14       -2234.1846390036  0.0E+00  4.1E-07  1.5E-07  0.0E+00    8    5.2E-002 
 ------------------------------------------------------------------------------
 SCF converged
 Converged energy                        -2234.184639003638  
 ------------------------------------------------------------------------------
 Ehomo(Alpha) [eV]                       -10.050262598227    
 Elumo(Alpha) [eV]                       2.798618166096      
 Ehomo(Beta) [eV]                        -15.100489348354    
 Elumo(Beta) [eV]                        1.382855104596      

 dipole moment (Debye)
        x              y              z       
      1.444E-015     1.057E-015    -1.687E-015

 traceless quadrupole moment (Debye*Angs)
                       x              y              z       
 x                  -1.599E-004    -2.942E-015    -7.539E-008
 y                  -2.942E-015    -1.594E-004    -1.971E-015
 z                  -7.539E-008    -1.971E-015     3.193E-004

 ----------------------------------------------------------------------------
 Timings (seconds)
 * mean-field hamiltonian     7.4E-001
 * solver (setting up eqns)   8.5E-003
 * solver (energy estimate)   1.3E-003
 * solver (orthogonalization) 6.8E-004
 * solver (rotation matrix X) 5.5E-003
 * solver (exponential of X)  1.8E-002
 * solver (total)             3.4E-002
 * total SCF                  7.9E-001
 Atomic guess: AS, ../../../../basis-sets/bse/def2-tzvpd.txt
 -----------------------------------------------------------
 E(HF) [a.u.]                            -2.2341846390E+003
 Tr(RhoAvg S), Cartesian AOs              3.3000000000E+001
 Tr(RhoAvg S), spherical AOs              3.3000000000E+001
 max|T RhoAvg T**T - RhoAvg_sao|                  2.00E-015
 max|c(RhoAvg) - c(Rho)|                          8.88E-016
 max|RhoAvg - Rho|                                1.23E-003
 Saved /mnt/storage_6/project_data/pl0415-03/marcin/beyond-rpa/guess/electron-densities/bse/def2-tzvpd/as.txt
 ----------------------------------------------------------------------------
                             SCF for SE (2S+1=3)                             
 ----------------------------------------------------------------------------
 NUMBER OF ATOMS                         1
 CHARGE                                  0
 Prescreening (pq|pq) integrals for the Cholesky decomposition
 Shell pairs will be sorted according to their max elements
 Max diagonal integral MaxDrs=2.1E+001
 Applying Eq. 15 in J. Chem. Phys. 150, 194112 (2019); doi: 10.1063/1.5083802
 Schwarz inequality: Dpq<min(10**(-8),Tau)**2/MaxDrs=4.8E-018
 Trace of exact Coulomb matrix: 1.3E+002
 Trace of discarded integrals: 0.0E+000
 Discarded 0 out of 190 shell pairs
 (0 out of 1653 orbital pairs)

 Step 1 of Cholesky decomposition: locating pivots
 -------------------------------------------------
 Dimensions of the Coulomb matrix: (1653,1653)
 Threshold for diagonal matrix elements: Dpq > 1.0E-007
 Max number of Cholesky vectors: 855
 Rk storage block size: 500
 Max dimension of 2e integrals buffer: (1653,1000)

 ----------------------------------------------------------------------------
 #    Dmax        Memory (MB)    NPivots     %    Time        
 ----------------------------------------------------------------------------
 1    1.6E-001    1.8E+001       19          5    4.9E-002    
 2    1.5E-003    1.8E+001       185         24   6.4E-002    
 3    4.8E-006    1.6E+001       320         77   5.1E-002    
 4    9.8E-008    8.4E+000       396         100  3.2E-002    

 Step 1 of the Cholesky decomposition completed
 Computed 396 pivots
 Largest residual Dpq: 9.8E-008
 NCholesky/NAO = 6.9E+000
 Step 1 of Cholesky decomposition completed in 2.0E-001 seconds
 Detailed timings in seconds
 Subtract prev contribs I (M-R**T*R)     7.6E-003
 Subtract prev contribs II (Rk)          1.3E-002
 Two-electron integrals                  1.7E-001
 Reallocation                            2.6E-003

 Step 2 of Cholesky decomposition completed in 1.1E-002 seconds
 Detailed timings in seconds
 Reduced-dimension matrix V    1.0E-002
 V=L*L**T                      5.6E-004
 L**(-1)                       8.8E-004

 Full-dimension Cholesky vectors of the Coulomb matrix will be stored in memory
 Cholesky vectors computed in 3.3E-002 seconds

 ┌─────────────────────────────────────────┐
 │          Self-consistent field          │
 └─────────────────────────────────────────┘

 Atomic orbital basis set
 . . . . . . . . . . . . . . . . . . . . . . . . . . . . . . . . . . . . . . 
 atomic centers                               1
 shell parameter sets                         19
 spherical AOs                                57
 max angular momentum                         3
 parameter set                                ../../../../basis-sets/bse/def2-tzvpd.txt
 . . . . . . . . . . . . . . . . . . . . . . . . . . . . . . . . . . . . . . 
 SCF guess: bare nuclei Hamiltonian
 Starting self-consistent field iterations (spin-unrestricted)
 Alpha electrons: 18
 Beta electrons: 16
 ----------------------------------------------------------------------------
 Exchange-correlation: Hartree-Fock
 ----------------------------------------------------------------------------
 Replicated-data parallel SCF
 ----------------------------
 Processes                               1
 Threads/process                         16
 Allocated 6.2E-004 GiB of scratch space for the KS matrix build
 ----------------------------------------------------------------------------
 Spherical harmonic basis contains 57 vectors
 Linear independence thresh: Eig(S) > 1.0E-006
 Computations will be carried out in the space of 57 MOs
 Threshold for J, K: |Rho(r,s)*(pq|rs)|,|Rho(q,s)*(pq|rs)| > 1.0E-011
 Convergence conditions
 ----------------------
 RhoDiff < 1.0E-006
 OrbGrad < 1.0E-006
 Max number of macroiters: 1024
 ------------------------------------------------------------------------------
 #           Energy        EDiff    RhoDiff  OrbGrad  OrbShift NStored Time     
 ------------------------------------------------------------------------------
 0         -371.1931157535                                        0    7.0E-002 
 1        -2370.4277541770           1.4E+01                      0    6.2E-002 
 2        -2386.3176848331 -1.6E+01  7.4E+00  3.5E+00  1.0E+01    1    6.4E-002 
 3        -2398.1840110806 -1.2E+01  2.5E+00  3.3E+00  2.8E+00    2    6.3E-002 
 4        -2399.6914850796 -1.5E+00  1.0E+00  6.9E-01  2.9E-01    3    6.4E-002 
 5        -2399.8170631146 -1.3E-01  2.0E-01  1.7E-01  0.0E+00    4    6.1E-002 
 6        -2399.8262001566 -9.1E-03  1.1E-01  3.6E-02  0.0E+00    5    6.1E-002 
 7        -2399.8274923238 -1.3E-03  4.2E-02  1.2E-02  0.0E+00    6    6.1E-002 
 8        -2399.8275899878 -9.8E-05  6.9E-03  4.7E-03  0.0E+00    7    6.2E-002 
 9        -2399.8275972819 -7.3E-06  1.4E-03  1.6E-03  0.0E+00    8    6.2E-002 
 10       -2399.8275975149 -2.3E-07  2.3E-04  1.7E-04  0.0E+00    8    6.1E-002 
 11       -2399.8275975209 -6.0E-09  2.5E-05  3.3E-05  0.0E+00    8    6.1E-002 
 12       -2399.8275975211 -1.5E-10  6.6E-06  5.0E-06  0.0E+00    8    6.1E-002 
 13       -2399.8275975211 -1.0E-11  2.3E-06  1.4E-06  0.0E+00    8    6.1E-002 
 14       -2399.8275975211  0.0E+00  6.6E-07  3.8E-07  0.0E+00    8    6.1E-002 
 ------------------------------------------------------------------------------
 SCF converged
 Converged energy                        -2399.827597521083  
 ------------------------------------------------------------------------------
 Ehomo(Alpha) [eV]                       -10.462656126474    
 Elumo(Alpha) [eV]                       1.884721213244      
 Ehomo(Beta) [eV]                        -9.480920028616     
 Elumo(Beta) [eV]                        -0.189027989697     

 dipole moment (Debye)
        x              y              z       
     -4.195E-015    -2.599E-015    -4.153E-015

 traceless quadrupole moment (Debye*Angs)
                       x              y              z       
 x                   1.296E+000    -6.085E-001    -1.528E+000
 y                  -6.085E-001     1.158E+000    -1.710E+000
 z                  -1.528E+000    -1.710E+000    -2.454E+000

 ----------------------------------------------------------------------------
 Timings (seconds)
 * mean-field hamiltonian     9.0E-001
 * solver (setting up eqns)   9.3E-003
 * solver (energy estimate)   1.3E-003
 * solver (orthogonalization) 6.4E-004
 * solver (rotation matrix X) 7.5E-003
 * solver (exponential of X)  1.1E-002
 * solver (total)             3.1E-002
 * total SCF                  9.4E-001
 Atomic guess: SE, ../../../../basis-sets/bse/def2-tzvpd.txt
 -----------------------------------------------------------
 E(HF) [a.u.]                            -2.3998275975E+003
 Tr(RhoAvg S), Cartesian AOs              3.4000000000E+001
 Tr(RhoAvg S), spherical AOs              3.4000000000E+001
 max|T RhoAvg T**T - RhoAvg_sao|                  2.00E-015
 max|c(RhoAvg) - c(Rho)|                          4.44E-016
 max|RhoAvg - Rho|                                1.02E-001
 Saved /mnt/storage_6/project_data/pl0415-03/marcin/beyond-rpa/guess/electron-densities/bse/def2-tzvpd/se.txt
 ----------------------------------------------------------------------------
                             SCF for BR (2S+1=2)                             
 ----------------------------------------------------------------------------
 NUMBER OF ATOMS                         1
 CHARGE                                  0
 Prescreening (pq|pq) integrals for the Cholesky decomposition
 Shell pairs will be sorted according to their max elements
 Max diagonal integral MaxDrs=2.2E+001
 Applying Eq. 15 in J. Chem. Phys. 150, 194112 (2019); doi: 10.1063/1.5083802
 Schwarz inequality: Dpq<min(10**(-8),Tau)**2/MaxDrs=4.6E-018
 Trace of exact Coulomb matrix: 1.4E+002
 Trace of discarded integrals: 0.0E+000
 Discarded 0 out of 190 shell pairs
 (0 out of 1653 orbital pairs)

 Step 1 of Cholesky decomposition: locating pivots
 -------------------------------------------------
 Dimensions of the Coulomb matrix: (1653,1653)
 Threshold for diagonal matrix elements: Dpq > 1.0E-007
 Max number of Cholesky vectors: 855
 Rk storage block size: 500
 Max dimension of 2e integrals buffer: (1653,1000)

 ----------------------------------------------------------------------------
 #    Dmax        Memory (MB)    NPivots     %    Time        
 ----------------------------------------------------------------------------
 1    1.7E-001    1.8E+001       20          5    4.0E-002    
 2    1.7E-003    1.8E+001       187         24   5.8E-002    
 3    1.7E-005    1.7E+001       314         71   3.8E-002    
 4    1.6E-007    1.2E+001       383         98   3.9E-002    
 5    9.9E-008    5.5E-001       397         100  1.5E-003    

 Step 1 of the Cholesky decomposition completed
 Computed 397 pivots
 Largest residual Dpq: 9.9E-008
 NCholesky/NAO = 7.0E+000
 Step 1 of Cholesky decomposition completed in 1.8E-001 seconds
 Detailed timings in seconds
 Subtract prev contribs I (M-R**T*R)     9.0E-003
 Subtract prev contribs II (Rk)          1.2E-002
 Two-electron integrals                  1.5E-001
 Reallocation                            3.3E-003

 Step 2 of Cholesky decomposition completed in 1.1E-002 seconds
 Detailed timings in seconds
 Reduced-dimension matrix V    9.9E-003
 V=L*L**T                      6.5E-004
 L**(-1)                       8.7E-004

 Full-dimension Cholesky vectors of the Coulomb matrix will be stored in memory
 Cholesky vectors computed in 3.3E-002 seconds

 ┌─────────────────────────────────────────┐
 │          Self-consistent field          │
 └─────────────────────────────────────────┘

 Atomic orbital basis set
 . . . . . . . . . . . . . . . . . . . . . . . . . . . . . . . . . . . . . . 
 atomic centers                               1
 shell parameter sets                         19
 spherical AOs                                57
 max angular momentum                         3
 parameter set                                ../../../../basis-sets/bse/def2-tzvpd.txt
 . . . . . . . . . . . . . . . . . . . . . . . . . . . . . . . . . . . . . . 
 SCF guess: bare nuclei Hamiltonian
 Starting self-consistent field iterations (spin-unrestricted)
 Alpha electrons: 18
 Beta electrons: 17
 ----------------------------------------------------------------------------
 Exchange-correlation: Hartree-Fock
 ----------------------------------------------------------------------------
 Replicated-data parallel SCF
 ----------------------------
 Processes                               1
 Threads/process                         16
 Allocated 6.2E-004 GiB of scratch space for the KS matrix build
 ----------------------------------------------------------------------------
 Spherical harmonic basis contains 57 vectors
 Linear independence thresh: Eig(S) > 1.0E-006
 Computations will be carried out in the space of 57 MOs
 Threshold for J, K: |Rho(r,s)*(pq|rs)|,|Rho(q,s)*(pq|rs)| > 1.0E-011
 Convergence conditions
 ----------------------
 RhoDiff < 1.0E-006
 OrbGrad < 1.0E-006
 Max number of macroiters: 1024
 ------------------------------------------------------------------------------
 #           Energy        EDiff    RhoDiff  OrbGrad  OrbShift NStored Time     
 ------------------------------------------------------------------------------
 0         -416.0479212008                                        0    7.2E-002 
 1        -2539.2046117606           1.5E+01                      0    6.7E-002 
 2        -2557.3238926316 -1.8E+01  8.1E+00  4.1E+00  1.1E+01    1    6.9E-002 
 3        -2570.7704380407 -1.3E+01  2.3E+00  3.5E+00  2.7E+00    2    6.6E-002 
 4        -2571.9012307703 -1.1E+00  7.6E-01  7.4E-01  6.9E-02    3    6.6E-002 
 5        -2572.3371338790 -4.4E-01  2.3E-01  2.4E-01  0.0E+00    4    6.6E-002 
 6        -2572.3958693110 -5.9E-02  9.5E-02  1.1E-01  0.0E+00    5    6.3E-002 
 7        -2572.3984420826 -2.6E-03  2.6E-02  3.4E-02  0.0E+00    6    6.3E-002 
 8        -2572.3984621879 -2.0E-05  4.1E-03  3.1E-03  0.0E+00    7    6.2E-002 
 9        -2572.3984625351 -3.5E-07  8.2E-04  2.7E-04  0.0E+00    8    6.3E-002 
 10       -2572.3984625516 -1.6E-08  1.0E-04  3.7E-05  0.0E+00    8    6.3E-002 
 11       -2572.3984625549 -3.3E-09  4.4E-05  1.6E-05  0.0E+00    8    6.5E-002 
 12       -2572.3984625552 -3.1E-10  9.4E-06  5.1E-06  0.0E+00    8    6.5E-002 
 13       -2572.3984625552 -3.5E-11  3.9E-06  1.9E-06  0.0E+00    8    6.6E-002 
 14       -2572.3984625552 -9.1E-13  5.8E-07  4.8E-07  0.0E+00    8    6.4E-002 
 ------------------------------------------------------------------------------
 SCF converged
 Converged energy                        -2572.398462555231  
 ------------------------------------------------------------------------------
 Ehomo(Alpha) [eV]                       -12.366028867499    
 Elumo(Alpha) [eV]                       1.996996606833      
 Ehomo(Beta) [eV]                        -11.811283232117    
 Elumo(Beta) [eV]                        -1.367882807639     

 dipole moment (Debye)
        x              y              z       
      5.880E-015     1.204E-014     1.219E-014

 traceless quadrupole moment (Debye*Angs)
                       x              y              z       
 x                   2.894E+000    -5.159E-003    -2.158E-001
 y                  -5.159E-003    -1.452E+000     2.561E-004
 z                  -2.158E-001     2.561E-004    -1.441E+000

 ----------------------------------------------------------------------------
 Timings (seconds)
 * mean-field hamiltonian     9.4E-001
 * solver (setting up eqns)   9.5E-003
 * solver (energy estimate)   1.3E-003
 * solver (orthogonalization) 6.4E-004
 * solver (rotation matrix X) 7.5E-003
 * solver (exponential of X)  1.1E-002
 * solver (total)             3.1E-002
 * total SCF                  9.9E-001
 Atomic guess: BR, ../../../../basis-sets/bse/def2-tzvpd.txt
 -----------------------------------------------------------
 E(HF) [a.u.]                            -2.5723984626E+003
 Tr(RhoAvg S), Cartesian AOs              3.5000000000E+001
 Tr(RhoAvg S), spherical AOs              3.5000000000E+001
 max|T RhoAvg T**T - RhoAvg_sao|                  1.78E-015
 max|c(RhoAvg) - c(Rho)|                          8.88E-016
 max|RhoAvg - Rho|                                1.74E-001
 Saved /mnt/storage_6/project_data/pl0415-03/marcin/beyond-rpa/guess/electron-densities/bse/def2-tzvpd/br.txt
 ----------------------------------------------------------------------------
                                  SCF for KR                                 
 ----------------------------------------------------------------------------
 NUMBER OF ATOMS                         1
 CHARGE                                  0
 Prescreening (pq|pq) integrals for the Cholesky decomposition
 Shell pairs will be sorted according to their max elements
 Max diagonal integral MaxDrs=2.2E+001
 Applying Eq. 15 in J. Chem. Phys. 150, 194112 (2019); doi: 10.1063/1.5083802
 Schwarz inequality: Dpq<min(10**(-8),Tau)**2/MaxDrs=4.5E-018
 Trace of exact Coulomb matrix: 1.5E+002
 Trace of discarded integrals: 0.0E+000
 Discarded 0 out of 190 shell pairs
 (0 out of 1653 orbital pairs)

 Step 1 of Cholesky decomposition: locating pivots
 -------------------------------------------------
 Dimensions of the Coulomb matrix: (1653,1653)
 Threshold for diagonal matrix elements: Dpq > 1.0E-007
 Max number of Cholesky vectors: 855
 Rk storage block size: 500
 Max dimension of 2e integrals buffer: (1653,1000)

 ----------------------------------------------------------------------------
 #    Dmax        Memory (MB)    NPivots     %    Time        
 ----------------------------------------------------------------------------
 1    1.8E-001    1.8E+001       19          5    3.8E-002    
 2    1.8E-003    1.8E+001       186         23   6.5E-002    
 3    1.8E-005    1.7E+001       312         73   4.9E-002    
 4    1.8E-007    1.0E+001       385         98   3.5E-002    
 5    9.9E-008    5.4E-001       401         100  1.1E-003    

 Step 1 of the Cholesky decomposition completed
 Computed 401 pivots
 Largest residual Dpq: 9.9E-008
 NCholesky/NAO = 7.0E+000
 Step 1 of Cholesky decomposition completed in 1.9E-001 seconds
 Detailed timings in seconds
 Subtract prev contribs I (M-R**T*R)     6.8E-003
 Subtract prev contribs II (Rk)          1.2E-002
 Two-electron integrals                  1.6E-001
 Reallocation                            2.8E-003

 Step 2 of Cholesky decomposition completed in 1.3E-002 seconds
 Detailed timings in seconds
 Reduced-dimension matrix V    1.1E-002
 V=L*L**T                      6.7E-004
 L**(-1)                       9.4E-004

 Full-dimension Cholesky vectors of the Coulomb matrix will be stored in memory
 Cholesky vectors computed in 3.3E-002 seconds

 ┌─────────────────────────────────────────┐
 │          Self-consistent field          │
 └─────────────────────────────────────────┘

 Atomic orbital basis set
 . . . . . . . . . . . . . . . . . . . . . . . . . . . . . . . . . . . . . . 
 atomic centers                               1
 shell parameter sets                         19
 spherical AOs                                57
 max angular momentum                         3
 parameter set                                ../../../../basis-sets/bse/def2-tzvpd.txt
 . . . . . . . . . . . . . . . . . . . . . . . . . . . . . . . . . . . . . . 
 SCF guess: bare nuclei Hamiltonian
 Starting self-consistent field iterations (spin-restricted singlet)
 Alpha+beta electrons: 36
 ----------------------------------------------------------------------------
 Exchange-correlation: Hartree-Fock
 ----------------------------------------------------------------------------
 Replicated-data parallel SCF
 ----------------------------
 Processes                               1
 Threads/process                         16
 Allocated 3.4E-004 GiB of scratch space for the KS matrix build
 ----------------------------------------------------------------------------
 Spherical harmonic basis contains 57 vectors
 Linear independence thresh: Eig(S) > 1.0E-006
 Computations will be carried out in the space of 57 MOs
 Threshold for J, K: |Rho(r,s)*(pq|rs)|,|Rho(q,s)*(pq|rs)| > 1.0E-011
 Convergence conditions
 ----------------------
 RhoDiff < 1.0E-006
 OrbGrad < 1.0E-006
 Max number of macroiters: 1024
 ------------------------------------------------------------------------------
 #           Energy        EDiff    RhoDiff  OrbGrad  OrbShift NStored Time     
 ------------------------------------------------------------------------------
 0         -460.5578671445                                        0    4.0E-002 
 1        -2714.9481439753           3.4E+01                      0    3.1E-002 
 2        -2735.1937991842 -2.0E+01  1.7E+01  4.7E+00  1.2E+01    1    3.3E-002 
 3        -2750.6044668548 -1.5E+01  4.6E+00  3.7E+00  2.6E+00    2    3.3E-002 
 4        -2751.9203174650 -1.3E+00  1.2E+00  8.0E-01  0.0E+00    3    3.2E-002 
 5        -2752.0022228843 -8.2E-02  2.5E-01  2.0E-01  0.0E+00    4    3.2E-002 
 6        -2752.0030833461 -8.6E-04  2.5E-02  2.3E-02  0.0E+00    5    3.2E-002 
 7        -2752.0030902897 -6.9E-06  1.8E-03  1.8E-03  0.0E+00    6    3.2E-002 
 8        -2752.0030903356 -4.6E-08  6.1E-04  1.5E-04  0.0E+00    7    3.2E-002 
 9        -2752.0030903383 -2.7E-09  3.5E-05  3.1E-05  0.0E+00    8    3.2E-002 
 10       -2752.0030903384 -7.4E-11  6.4E-06  5.2E-06  0.0E+00    8    3.3E-002 
 11       -2752.0030903384 -3.6E-12  1.9E-06  1.2E-06  0.0E+00    8    3.3E-002 
 Skipping trust radius update
 12       -2752.0030903384 -4.5E-13  1.9E-07  2.1E-07  0.0E+00    8    3.3E-002 
 ------------------------------------------------------------------------------
 SCF converged
 Converged energy                        -2752.003090338366  
 ------------------------------------------------------------------------------
 Ehomo [eV]                              -14.273887388453    
 Elumo [eV]                              2.357529668265      

 dipole moment (Debye)
        x              y              z       
      8.504E-015    -1.724E-015    -7.959E-015

 traceless quadrupole moment (Debye*Angs)
                       x              y              z       
 x                  -7.431E-007     1.095E-016     1.007E-014
 y                   1.095E-016     1.394E-006     1.083E-015
 z                   1.007E-014     1.083E-015    -6.508E-007

 ----------------------------------------------------------------------------
 Timings (seconds)
 * mean-field hamiltonian     4.1E-001
 * solver (setting up eqns)   4.0E-003
 * solver (energy estimate)   5.6E-004
 * solver (orthogonalization) 2.8E-004
 * solver (rotation matrix X) 2.4E-003
 * solver (exponential of X)  4.2E-003
 * solver (total)             1.2E-002
 * total SCF                  4.3E-001
 Atomic guess: KR, ../../../../basis-sets/bse/def2-tzvpd.txt
 -----------------------------------------------------------
 E(HF) [a.u.]                            -2.7520030903E+003
 Tr(RhoAvg S), Cartesian AOs              3.6000000000E+001
 Tr(RhoAvg S), spherical AOs              3.6000000000E+001
 max|T RhoAvg T**T - RhoAvg_sao|                  1.55E-015
 max|c(RhoAvg) - c(Rho)|                          8.88E-016
 max|RhoAvg - Rho|                                4.49E-007
 Saved /mnt/storage_6/project_data/pl0415-03/marcin/beyond-rpa/guess/electron-densities/bse/def2-tzvpd/kr.txt
 ----------------------------------------------------------------------------
                             SCF for RB (2S+1=2)                             
 ----------------------------------------------------------------------------
 NUMBER OF ATOMS                         1
 CHARGE                                  0
 Prescreening (pq|pq) integrals for the Cholesky decomposition
 Shell pairs will be sorted according to their max elements
 Max diagonal integral MaxDrs=2.7E+000
 Applying Eq. 15 in J. Chem. Phys. 150, 194112 (2019); doi: 10.1063/1.5083802
 Schwarz inequality: Dpq<min(10**(-8),Tau)**2/MaxDrs=3.7E-017
 Trace of exact Coulomb matrix: 2.4E+001
 Trace of discarded integrals: 0.0E+000
 Discarded 0 out of 91 shell pairs
 (0 out of 561 orbital pairs)

 Step 1 of Cholesky decomposition: locating pivots
 -------------------------------------------------
 Dimensions of the Coulomb matrix: (561,561)
 Threshold for diagonal matrix elements: Dpq > 1.0E-007
 Max number of Cholesky vectors: 495
 Rk storage block size: 500
 Max dimension of 2e integrals buffer: (561,561)

 ----------------------------------------------------------------------------
 #    Dmax        Memory (MB)    NPivots     %    Time        
 ----------------------------------------------------------------------------
 1    2.6E-002    4.4E+000       26          10   1.9E-003    
 2    2.6E-004    4.2E+000       109         37   3.8E-003    
 3    1.9E-006    2.6E+000       192         88   2.4E-003    
 4    7.0E-008    8.7E-001       211         100  6.3E-004    

 Step 1 of the Cholesky decomposition completed
 Computed 211 pivots
 Largest residual Dpq: 7.0E-008
 NCholesky/NAO = 6.4E+000
 Step 1 of Cholesky decomposition completed in 9.3E-003 seconds
 Detailed timings in seconds
 Subtract prev contribs I (M-R**T*R)     1.6E-003
 Subtract prev contribs II (Rk)          2.0E-003
 Two-electron integrals                  3.8E-003
 Reallocation                            4.0E-004

 Step 2 of Cholesky decomposition completed in 1.1E-003 seconds
 Detailed timings in seconds
 Reduced-dimension matrix V    3.9E-004
 V=L*L**T                      3.6E-004
 L**(-1)                       3.5E-004

 Full-dimension Cholesky vectors of the Coulomb matrix will be stored in memory
 Cholesky vectors computed in 1.3E-003 seconds

 ┌─────────────────────────────────────────┐
 │          Self-consistent field          │
 └─────────────────────────────────────────┘

 Atomic orbital basis set
 . . . . . . . . . . . . . . . . . . . . . . . . . . . . . . . . . . . . . . 
 atomic centers                               1
 shell parameter sets                         13
 spherical AOs                                33
 max angular momentum                         2
 parameter set                                ../../../../basis-sets/bse/def2-tzvpd.txt
 . . . . . . . . . . . . . . . . . . . . . . . . . . . . . . . . . . . . . . 
 SCF guess: bare nuclei Hamiltonian
 Starting self-consistent field iterations (spin-unrestricted)
 Alpha electrons: 5
 Beta electrons: 4
 ----------------------------------------------------------------------------
 Exchange-correlation: Hartree-Fock
 ----------------------------------------------------------------------------
 Replicated-data parallel SCF
 ----------------------------
 Processes                               1
 Threads/process                         16
 Allocated 2.0E-004 GiB of scratch space for the KS matrix build
 ----------------------------------------------------------------------------
 Loaded pseudopotential parameters
 ----------------------------------------------------------------------------

 RUBIDIUM    
 Parameters file: ../../../../basis-sets/bse/def2-tzvpd.txt
 ECP accounts for 28 core electrons

          Coeff         R^n       Exponent                                       

 Local part

        -12.31690000      2         3.84311400                                   

 L = 0

         89.50019800      2         5.03655100                                   
          0.49376100      2         1.97084900                                   
         12.31690000      2         3.84311400                                   

 L = 1

         58.56897400      2         4.25834100                                   
          0.43179100      2         1.47070900                                   
         12.31690000      2         3.84311400                                   

 L = 2

         26.22489800      2         3.02312700                                   
          0.96283900      2         0.65038300                                   
         12.31690000      2         3.84311400                                   

 ----------------------------------------------------------------------------
 Spherical harmonic basis contains 33 vectors
 Linear independence thresh: Eig(S) > 1.0E-006
 Computations will be carried out in the space of 33 MOs
 Threshold for J, K: |Rho(r,s)*(pq|rs)|,|Rho(q,s)*(pq|rs)| > 1.0E-011
 Convergence conditions
 ----------------------
 RhoDiff < 1.0E-006
 OrbGrad < 1.0E-006
 Max number of macroiters: 1024
 ------------------------------------------------------------------------------
 #           Energy        EDiff    RhoDiff  OrbGrad  OrbShift NStored Time     
 ------------------------------------------------------------------------------
 0           25.3133815626                                        0    2.9E-002 
 1          -23.0273981662           1.3E+01                      0    6.8E-003 
 2          -23.7276977127 -7.0E-01  4.1E+00  3.6E-01  6.2E-01    1    7.7E-003 
 3          -23.7983630282 -7.1E-02  9.3E-01  1.6E-01  0.0E+00    2    7.3E-003 
 4          -23.8024259342 -4.1E-03  5.4E-01  2.1E-02  0.0E+00    3    7.4E-003 
 5          -23.8025424134 -1.2E-04  3.2E-02  3.2E-03  0.0E+00    4    7.4E-003 
 6          -23.8025634826 -2.1E-05  8.0E-03  1.2E-03  0.0E+00    5    7.4E-003 
 7          -23.8025646557 -1.2E-06  5.1E-03  3.5E-04  0.0E+00    6    7.5E-003 
 8          -23.8025646796 -2.4E-08  2.1E-04  6.1E-05  0.0E+00    7    7.6E-003 
 9          -23.8025646808 -1.3E-09  3.3E-05  1.5E-05  0.0E+00    8    7.7E-003 
 10         -23.8025646809 -6.9E-11  8.6E-06  3.0E-06  0.0E+00    8    7.6E-003 
 11         -23.8025646809 -5.0E-12  2.5E-06  8.2E-07  0.0E+00    8    7.6E-003 
 12         -23.8025646809 -2.0E-13  6.3E-07  1.7E-07  0.0E+00    8    7.6E-003 
 ------------------------------------------------------------------------------
 SCF converged
 Converged energy                        -23.802564680894    
 ------------------------------------------------------------------------------
 Ehomo(Alpha) [eV]                       -3.818289712573     
 Elumo(Alpha) [eV]                       0.402860593765      
 Ehomo(Beta) [eV]                        -21.993504240451    
 Elumo(Beta) [eV]                        0.279425611997      

 dipole moment (Debye)
        x              y              z       
      1.408E-014     1.268E-014     1.890E-015

 traceless quadrupole moment (Debye*Angs)
                       x              y              z       
 x                   9.230E-007     2.647E-009     2.709E-007
 y                   2.647E-009     9.555E-007    -2.192E-008
 z                   2.709E-007    -2.192E-008    -1.878E-006

 ----------------------------------------------------------------------------
 Timings (seconds)
 * mean-field hamiltonian     8.9E-002
 * solver (setting up eqns)   3.5E-003
 * solver (energy estimate)   1.0E-003
 * solver (orthogonalization) 2.4E-004
 * solver (rotation matrix X) 1.8E-003
 * solver (exponential of X)  7.9E-004
 * solver (total)             7.6E-003
 * total SCF                  1.2E-001
 Atomic guess: RB, ../../../../basis-sets/bse/def2-tzvpd.txt
 -----------------------------------------------------------
 E(HF) [a.u.]                            -2.3802564681E+001
 Tr(RhoAvg S), Cartesian AOs              9.0000000000E+000
 Tr(RhoAvg S), spherical AOs              9.0000000000E+000
 max|T RhoAvg T**T - RhoAvg_sao|                  1.11E-016
 max|c(RhoAvg) - c(Rho)|                          2.22E-016
 max|RhoAvg - Rho|                                5.18E-008
 Saved /mnt/storage_6/project_data/pl0415-03/marcin/beyond-rpa/guess/electron-densities/bse/def2-tzvpd/rb.txt
 ----------------------------------------------------------------------------
                                  SCF for SR                                 
 ----------------------------------------------------------------------------
 NUMBER OF ATOMS                         1
 CHARGE                                  0
 Prescreening (pq|pq) integrals for the Cholesky decomposition
 Shell pairs will be sorted according to their max elements
 Max diagonal integral MaxDrs=3.0E+000
 Applying Eq. 15 in J. Chem. Phys. 150, 194112 (2019); doi: 10.1063/1.5083802
 Schwarz inequality: Dpq<min(10**(-8),Tau)**2/MaxDrs=3.4E-017
 Trace of exact Coulomb matrix: 3.1E+001
 Trace of discarded integrals: 0.0E+000
 Discarded 0 out of 91 shell pairs
 (0 out of 561 orbital pairs)

 Step 1 of Cholesky decomposition: locating pivots
 -------------------------------------------------
 Dimensions of the Coulomb matrix: (561,561)
 Threshold for diagonal matrix elements: Dpq > 1.0E-007
 Max number of Cholesky vectors: 495
 Rk storage block size: 500
 Max dimension of 2e integrals buffer: (561,561)

 ----------------------------------------------------------------------------
 #    Dmax        Memory (MB)    NPivots     %    Time        
 ----------------------------------------------------------------------------
 1    2.9E-002    4.5E+000       17          4    5.8E-003    
 2    2.8E-004    4.4E+000       114         34   1.1E-002    
 3    2.0E-006    3.5E+000       174         81   4.6E-003    
 4    9.6E-008    1.2E+000       211         100  2.5E-003    

 Step 1 of the Cholesky decomposition completed
 Computed 211 pivots
 Largest residual Dpq: 9.6E-008
 NCholesky/NAO = 6.4E+000
 Step 1 of Cholesky decomposition completed in 2.5E-002 seconds
 Detailed timings in seconds
 Subtract prev contribs I (M-R**T*R)     1.8E-003
 Subtract prev contribs II (Rk)          2.9E-003
 Two-electron integrals                  1.7E-002
 Reallocation                            7.4E-004

 Step 2 of Cholesky decomposition completed in 2.0E-003 seconds
 Detailed timings in seconds
 Reduced-dimension matrix V    1.3E-003
 V=L*L**T                      3.5E-004
 L**(-1)                       3.5E-004

 Full-dimension Cholesky vectors of the Coulomb matrix will be stored in memory
 Cholesky vectors computed in 3.3E-003 seconds

 ┌─────────────────────────────────────────┐
 │          Self-consistent field          │
 └─────────────────────────────────────────┘

 Atomic orbital basis set
 . . . . . . . . . . . . . . . . . . . . . . . . . . . . . . . . . . . . . . 
 atomic centers                               1
 shell parameter sets                         13
 spherical AOs                                33
 max angular momentum                         2
 parameter set                                ../../../../basis-sets/bse/def2-tzvpd.txt
 . . . . . . . . . . . . . . . . . . . . . . . . . . . . . . . . . . . . . . 
 SCF guess: bare nuclei Hamiltonian
 Starting self-consistent field iterations (spin-restricted singlet)
 Alpha+beta electrons: 10
 ----------------------------------------------------------------------------
 Exchange-correlation: Hartree-Fock
 ----------------------------------------------------------------------------
 Replicated-data parallel SCF
 ----------------------------
 Processes                               1
 Threads/process                         16
 Allocated 1.1E-004 GiB of scratch space for the KS matrix build
 ----------------------------------------------------------------------------
 Loaded pseudopotential parameters
 ----------------------------------------------------------------------------

 STRONTIUM   
 Parameters file: ../../../../basis-sets/bse/def2-tzvpd.txt
 ECP accounts for 28 core electrons

          Coeff         R^n       Exponent                                       

 Local part

        -15.80599200      2         4.63397500                                   

 L = 0

        135.47943000      2         7.40007400                                   
         17.53446300      2         3.60637900                                   
         15.80599200      2         4.63397500                                   

 L = 1

         88.35970900      2         6.48486800                                   
         15.39437200      2         3.28805300                                   
         15.80599200      2         4.63397500                                   

 L = 2

         29.88898700      2         4.62284100                                   
          6.65941400      2         2.24690400                                   
         15.80599200      2         4.63397500                                   

 ----------------------------------------------------------------------------
 Spherical harmonic basis contains 33 vectors
 Linear independence thresh: Eig(S) > 1.0E-006
 Computations will be carried out in the space of 33 MOs
 Threshold for J, K: |Rho(r,s)*(pq|rs)|,|Rho(q,s)*(pq|rs)| > 1.0E-011
 Convergence conditions
 ----------------------
 RhoDiff < 1.0E-006
 OrbGrad < 1.0E-006
 Max number of macroiters: 1024
 ------------------------------------------------------------------------------
 #           Energy        EDiff    RhoDiff  OrbGrad  OrbShift NStored Time     
 ------------------------------------------------------------------------------
 0           33.7743234407                                        0    2.0E-002 
 1          -29.0570228063           3.2E+01                      0    3.6E-003 
 2          -30.1250091704 -1.1E+00  1.5E+00  3.4E-01  4.6E-01    1    3.9E-003 
 3          -30.1510701700 -2.6E-02  3.0E-01  4.0E-02  0.0E+00    2    3.8E-003 
 4          -30.1543700664 -3.3E-03  1.6E-01  1.4E-02  0.0E+00    3    3.9E-003 
 5          -30.1544052619 -3.5E-05  7.1E-03  1.9E-03  0.0E+00    4    3.9E-003 
 6          -30.1544076844 -2.4E-06  3.4E-03  5.8E-04  0.0E+00    5    3.9E-003 
 7          -30.1544076893 -4.9E-09  8.9E-05  2.9E-05  0.0E+00    6    3.9E-003 
 8          -30.1544076894 -9.6E-11  1.1E-05  3.5E-06  0.0E+00    7    3.9E-003 
 9          -30.1544076894 -2.9E-12  1.9E-06  6.0E-07  0.0E+00    8    4.0E-003 
 10         -30.1544076894 -1.0E-13  3.3E-07  1.2E-07  0.0E+00    8    3.9E-003 
 ------------------------------------------------------------------------------
 SCF converged
 Converged energy                        -30.154407689388    
 ------------------------------------------------------------------------------
 Ehomo [eV]                              -2.080621435028     
 Elumo [eV]                              -0.263793930737     

 dipole moment (Debye)
        x              y              z       
     -3.636E-014     3.434E-014    -2.723E-015

 traceless quadrupole moment (Debye*Angs)
                       x              y              z       
 x                  -9.349E+000    -2.945E-005     3.052E-008
 y                  -2.945E-005    -9.349E+000    -1.201E-008
 z                   3.052E-008    -1.201E-008     1.870E+001

 ----------------------------------------------------------------------------
 Timings (seconds)
 * mean-field hamiltonian     3.9E-002
 * solver (setting up eqns)   1.5E-003
 * solver (energy estimate)   3.5E-004
 * solver (orthogonalization) 1.0E-004
 * solver (rotation matrix X) 6.0E-004
 * solver (exponential of X)  3.5E-004
 * solver (total)             3.2E-003
 * total SCF                  6.1E-002
 Atomic guess: SR, ../../../../basis-sets/bse/def2-tzvpd.txt
 -----------------------------------------------------------
 E(HF) [a.u.]                            -3.0154407689E+001
 Tr(RhoAvg S), Cartesian AOs              1.0000000000E+001
 Tr(RhoAvg S), spherical AOs              1.0000000000E+001
 max|T RhoAvg T**T - RhoAvg_sao|                  1.25E-016
 max|c(RhoAvg) - c(Rho)|                          6.66E-016
 max|RhoAvg - Rho|                                5.06E-001
 Saved /mnt/storage_6/project_data/pl0415-03/marcin/beyond-rpa/guess/electron-densities/bse/def2-tzvpd/sr.txt
 ----------------------------------------------------------------------------
                              SCF for Y (2S+1=2)                             
 ----------------------------------------------------------------------------
 NUMBER OF ATOMS                         1
 CHARGE                                  0
 Prescreening (pq|pq) integrals for the Cholesky decomposition
 Shell pairs will be sorted according to their max elements
 Max diagonal integral MaxDrs=3.0E+000
 Applying Eq. 15 in J. Chem. Phys. 150, 194112 (2019); doi: 10.1063/1.5083802
 Schwarz inequality: Dpq<min(10**(-8),Tau)**2/MaxDrs=3.3E-017
 Trace of exact Coulomb matrix: 4.1E+001
 Trace of discarded integrals: 0.0E+000
 Discarded 0 out of 105 shell pairs
 (0 out of 820 orbital pairs)

 Step 1 of Cholesky decomposition: locating pivots
 -------------------------------------------------
 Dimensions of the Coulomb matrix: (820,820)
 Threshold for diagonal matrix elements: Dpq > 1.0E-007
 Max number of Cholesky vectors: 600
 Rk storage block size: 500
 Max dimension of 2e integrals buffer: (820,820)

 ----------------------------------------------------------------------------
 #    Dmax        Memory (MB)    NPivots     %    Time        
 ----------------------------------------------------------------------------
 1    2.8E-002    8.3E+000       19          2    9.9E-003    
 2    2.2E-004    8.2E+000       165         32   1.4E-002    
 3    2.0E-006    7.5E+000       255         88   1.1E-002    
 4    8.8E-008    1.9E+000       284         100  2.6E-003    

 Step 1 of the Cholesky decomposition completed
 Computed 284 pivots
 Largest residual Dpq: 8.8E-008
 NCholesky/NAO = 7.1E+000
 Step 1 of Cholesky decomposition completed in 3.8E-002 seconds
 Detailed timings in seconds
 Subtract prev contribs I (M-R**T*R)     4.1E-003
 Subtract prev contribs II (Rk)          5.9E-003
 Two-electron integrals                  2.5E-002
 Reallocation                            1.5E-003

 Step 2 of Cholesky decomposition completed in 2.3E-003 seconds
 Detailed timings in seconds
 Reduced-dimension matrix V    1.4E-003
 V=L*L**T                      4.2E-004
 L**(-1)                       4.5E-004

 Full-dimension Cholesky vectors of the Coulomb matrix will be stored in memory
 Cholesky vectors computed in 5.4E-003 seconds

 ┌─────────────────────────────────────────┐
 │          Self-consistent field          │
 └─────────────────────────────────────────┘

 Atomic orbital basis set
 . . . . . . . . . . . . . . . . . . . . . . . . . . . . . . . . . . . . . . 
 atomic centers                               1
 shell parameter sets                         14
 spherical AOs                                40
 max angular momentum                         3
 parameter set                                ../../../../basis-sets/bse/def2-tzvpd.txt
 . . . . . . . . . . . . . . . . . . . . . . . . . . . . . . . . . . . . . . 
 SCF guess: bare nuclei Hamiltonian
 Starting self-consistent field iterations (spin-unrestricted)
 Alpha electrons: 6
 Beta electrons: 5
 ----------------------------------------------------------------------------
 Exchange-correlation: Hartree-Fock
 ----------------------------------------------------------------------------
 Replicated-data parallel SCF
 ----------------------------
 Processes                               1
 Threads/process                         16
 Allocated 3.2E-004 GiB of scratch space for the KS matrix build
 ----------------------------------------------------------------------------
 Loaded pseudopotential parameters
 ----------------------------------------------------------------------------

 YTTRIUM     
 Parameters file: ../../../../basis-sets/bse/def2-tzvpd.txt
 ECP accounts for 28 core electrons

          Coeff         R^n       Exponent                                       

 Local part

        -19.12219811      2         6.58421200                                   
         -2.43637543      2         3.29210600                                   

 L = 0

        135.15384412      2         7.48804940                                   
         15.55244130      2         3.74402470                                   
         19.12219811      2         6.58421200                                   
          2.43637543      2         3.29210600                                   

 L = 1

         87.78499167      2         6.44537720                                   
         11.56406599      2         3.22268860                                   
         19.12219811      2         6.58421200                                   
          2.43637543      2         3.29210600                                   

 L = 2

         29.70100072      2         4.65844720                                   
          5.53996847      2         2.32922360                                   
         19.12219811      2         6.58421200                                   
          2.43637543      2         3.29210600                                   

 ----------------------------------------------------------------------------
 Spherical harmonic basis contains 40 vectors
 Linear independence thresh: Eig(S) > 1.0E-006
 Computations will be carried out in the space of 40 MOs
 Threshold for J, K: |Rho(r,s)*(pq|rs)|,|Rho(q,s)*(pq|rs)| > 1.0E-011
 Convergence conditions
 ----------------------
 RhoDiff < 1.0E-006
 OrbGrad < 1.0E-006
 Max number of macroiters: 1024
 ------------------------------------------------------------------------------
 #           Energy        EDiff    RhoDiff  OrbGrad  OrbShift NStored Time     
 ------------------------------------------------------------------------------
 0           44.0899278551                                        0    3.2E-002 
 1          -36.5013180727           1.9E+01                      0    1.2E-002 
 2          -37.6228822328 -1.1E+00  7.0E-01  4.0E-01  4.7E-01    1    1.3E-002 
 3          -37.6536025161 -3.1E-02  1.1E-01  6.7E-02  0.0E+00    2    1.2E-002 
 4          -37.6644654488 -1.1E-02  7.1E-02  1.6E-02  0.0E+00    3    1.3E-002 
 5          -37.6952624536 -3.1E-02  1.8E-01  2.3E-02  8.0E-02    4    1.4E-002 
 6          -37.7246457686 -2.9E-02  2.0E-01  3.1E-02  4.4E-02    5    1.4E-002 
 7          -37.7276629999 -3.0E-03  6.4E-02  1.5E-02  0.0E+00    6    1.3E-002 
 8          -37.7280013098 -3.4E-04  5.4E-02  4.0E-03  0.0E+00    7    1.2E-002 
 9          -37.7280835238 -8.2E-05  2.0E-02  2.1E-03  0.0E+00    8    1.3E-002 
 10         -37.7280970214 -1.3E-05  6.2E-03  7.7E-04  0.0E+00    8    1.3E-002 
 11         -37.7280977927 -7.7E-07  2.4E-03  2.4E-04  0.0E+00    8    1.3E-002 
 12         -37.7280978299 -3.7E-08  2.3E-04  7.1E-05  0.0E+00    8    1.3E-002 
 13         -37.7280978302 -3.2E-10  1.1E-05  7.0E-06  0.0E+00    8    1.3E-002 
 14         -37.7280978302 -2.1E-11  3.1E-06  1.8E-06  0.0E+00    8    1.3E-002 
 15         -37.7280978303 -2.2E-12  1.0E-06  5.5E-07  0.0E+00    8    1.3E-002 
 16         -37.7280978303 -1.9E-13  3.5E-07  1.4E-07  0.0E+00    8    1.3E-002 
 ------------------------------------------------------------------------------
 SCF converged
 Converged energy                        -37.728097830252    
 ------------------------------------------------------------------------------
 Ehomo(Alpha) [eV]                       -3.852360641787     
 Elumo(Alpha) [eV]                       0.385518525167      
 Ehomo(Beta) [eV]                        -3.779607215874     
 Elumo(Beta) [eV]                        0.145937598084      

 dipole moment (Debye)
        x              y              z       
     -6.305E-013     1.265E-014    -8.460E-015

 traceless quadrupole moment (Debye*Angs)
                       x              y              z       
 x                  -2.601E+000     1.131E-005    -3.349E-007
 y                   1.131E-005    -2.601E+000    -8.470E-009
 z                  -3.349E-007    -8.470E-009     5.202E+000

 ----------------------------------------------------------------------------
 Timings (seconds)
 * mean-field hamiltonian     2.0E-001
 * solver (setting up eqns)   6.6E-003
 * solver (energy estimate)   1.6E-003
 * solver (orthogonalization) 4.0E-004
 * solver (rotation matrix X) 6.3E-003
 * solver (exponential of X)  1.5E-003
 * solver (total)             1.7E-002
 * total SCF                  2.4E-001
 Atomic guess: Y, ../../../../basis-sets/bse/def2-tzvpd.txt
 ----------------------------------------------------------
 E(HF) [a.u.]                            -3.7728097830E+001
 Tr(RhoAvg S), Cartesian AOs              1.1000000000E+001
 Tr(RhoAvg S), spherical AOs              1.1000000000E+001
 max|T RhoAvg T**T - RhoAvg_sao|                  1.11E-016
 max|c(RhoAvg) - c(Rho)|                          8.88E-016
 max|RhoAvg - Rho|                                3.63E-001
 Saved /mnt/storage_6/project_data/pl0415-03/marcin/beyond-rpa/guess/electron-densities/bse/def2-tzvpd/y.txt
 ----------------------------------------------------------------------------
                             SCF for ZR (2S+1=3)                             
 ----------------------------------------------------------------------------
 NUMBER OF ATOMS                         1
 CHARGE                                  0
 Prescreening (pq|pq) integrals for the Cholesky decomposition
 Shell pairs will be sorted according to their max elements
 Max diagonal integral MaxDrs=3.2E+000
 Applying Eq. 15 in J. Chem. Phys. 150, 194112 (2019); doi: 10.1063/1.5083802
 Schwarz inequality: Dpq<min(10**(-8),Tau)**2/MaxDrs=3.2E-017
 Trace of exact Coulomb matrix: 4.3E+001
 Trace of discarded integrals: 0.0E+000
 Discarded 0 out of 105 shell pairs
 (0 out of 820 orbital pairs)

 Step 1 of Cholesky decomposition: locating pivots
 -------------------------------------------------
 Dimensions of the Coulomb matrix: (820,820)
 Threshold for diagonal matrix elements: Dpq > 1.0E-007
 Max number of Cholesky vectors: 600
 Rk storage block size: 500
 Max dimension of 2e integrals buffer: (820,820)

 ----------------------------------------------------------------------------
 #    Dmax        Memory (MB)    NPivots     %    Time        
 ----------------------------------------------------------------------------
 1    2.9E-002    8.3E+000       19          2    9.9E-003    
 2    2.8E-004    8.2E+000       165         35   1.4E-002    
 3    1.9E-006    6.9E+000       248         80   9.6E-003    
 4    1.0E-007    2.2E+000       300         100  3.4E-003    

 Step 1 of the Cholesky decomposition completed
 Computed 300 pivots
 Largest residual Dpq: 1.0E-007
 NCholesky/NAO = 7.5E+000
 Step 1 of Cholesky decomposition completed in 3.8E-002 seconds
 Detailed timings in seconds
 Subtract prev contribs I (M-R**T*R)     2.2E-003
 Subtract prev contribs II (Rk)          5.9E-003
 Two-electron integrals                  2.6E-002
 Reallocation                            1.4E-003

 Step 2 of Cholesky decomposition completed in 2.7E-003 seconds
 Detailed timings in seconds
 Reduced-dimension matrix V    1.5E-003
 V=L*L**T                      5.1E-004
 L**(-1)                       5.8E-004

 Full-dimension Cholesky vectors of the Coulomb matrix will be stored in memory
 Cholesky vectors computed in 4.6E-003 seconds

 ┌─────────────────────────────────────────┐
 │          Self-consistent field          │
 └─────────────────────────────────────────┘

 Atomic orbital basis set
 . . . . . . . . . . . . . . . . . . . . . . . . . . . . . . . . . . . . . . 
 atomic centers                               1
 shell parameter sets                         14
 spherical AOs                                40
 max angular momentum                         3
 parameter set                                ../../../../basis-sets/bse/def2-tzvpd.txt
 . . . . . . . . . . . . . . . . . . . . . . . . . . . . . . . . . . . . . . 
 SCF guess: bare nuclei Hamiltonian
 Starting self-consistent field iterations (spin-unrestricted)
 Alpha electrons: 7
 Beta electrons: 5
 ----------------------------------------------------------------------------
 Exchange-correlation: Hartree-Fock
 ----------------------------------------------------------------------------
 Replicated-data parallel SCF
 ----------------------------
 Processes                               1
 Threads/process                         16
 Allocated 3.2E-004 GiB of scratch space for the KS matrix build
 ----------------------------------------------------------------------------
 Loaded pseudopotential parameters
 ----------------------------------------------------------------------------

 ZIRCONIUM   
 Parameters file: ../../../../basis-sets/bse/def2-tzvpd.txt
 ECP accounts for 28 core electrons

          Coeff         R^n       Exponent                                       

 Local part

        -21.09377605      2         7.54000000                                   
         -3.08069427      2         3.77000000                                   

 L = 0

        150.26759106      2         8.20000000                                   
         18.97621650      2         4.08972780                                   
         21.09377605      2         7.54000000                                   
          3.08069427      2         3.77000000                                   

 L = 1

         99.62212372      2         7.11000000                                   
         14.16873329      2         3.59679800                                   
         21.09377605      2         7.54000000                                   
          3.08069427      2         3.77000000                                   

 L = 2

         35.04512355      2         5.35000000                                   
          6.11125948      2         2.49182150                                   
         21.09377605      2         7.54000000                                   
          3.08069427      2         3.77000000                                   

 ----------------------------------------------------------------------------
 Spherical harmonic basis contains 40 vectors
 Linear independence thresh: Eig(S) > 1.0E-006
 Computations will be carried out in the space of 40 MOs
 Threshold for J, K: |Rho(r,s)*(pq|rs)|,|Rho(q,s)*(pq|rs)| > 1.0E-011
 Convergence conditions
 ----------------------
 RhoDiff < 1.0E-006
 OrbGrad < 1.0E-006
 Max number of macroiters: 1024
 ------------------------------------------------------------------------------
 #           Energy        EDiff    RhoDiff  OrbGrad  OrbShift NStored Time     
 ------------------------------------------------------------------------------
 0           44.2377032972                                        0    3.2E-002 
 1          -44.6121979337           1.8E+01                      0    1.2E-002 
 2          -46.2580896950 -1.6E+00  8.0E-01  4.6E-01  6.1E-01    1    1.3E-002 
 3          -46.2943629410 -3.6E-02  1.4E-01  8.9E-02  0.0E+00    2    1.3E-002 
 4          -46.3298308628 -3.5E-02  2.3E-01  2.6E-02  5.2E-02    3    1.4E-002 
 5          -46.3884399060 -5.9E-02  1.8E-01  4.0E-02  8.0E-02    4    1.5E-002 
 6          -46.3981158527 -9.7E-03  8.4E-02  2.0E-02  0.0E+00    5    1.4E-002 
 7          -46.3987846401 -6.7E-04  3.8E-02  6.4E-03  0.0E+00    6    1.3E-002 
 8          -46.3993665211 -5.8E-04  2.2E-02  5.4E-03  9.4E-02    7    1.6E-002 
 9          -46.4001432436 -7.8E-04  2.2E-02  5.5E-03  1.3E-01    8    1.7E-002 
 10         -46.4011826983 -1.0E-03  3.1E-02  6.3E-03  1.3E-01    8    1.7E-002 
 11         -46.4025996625 -1.4E-03  4.3E-02  7.3E-03  1.2E-01    8    1.7E-002 
 12         -46.4045403934 -1.9E-03  5.8E-02  8.3E-03  1.2E-01    8    1.7E-002 
 13         -46.4071902708 -2.6E-03  7.7E-02  9.3E-03  1.1E-01    8    1.7E-002 
 14         -46.4107262441 -3.5E-03  9.6E-02  1.0E-02  1.0E-01    8    1.8E-002 
 15         -46.4151581605 -4.4E-03  1.1E-01  9.4E-03  8.9E-02    8    1.7E-002 
 16         -46.4199041924 -4.7E-03  9.5E-02  1.1E-02  6.2E-02    8    1.7E-002 
 17         -46.4228936695 -3.0E-03  9.1E-02  9.0E-03  1.8E-02    8    1.7E-002 
 18         -46.4229961227 -1.0E-04  2.0E-02  2.4E-03  0.0E+00    8    1.4E-002 
 19         -46.4230032344 -7.1E-06  6.0E-03  9.8E-04  0.0E+00    8    1.4E-002 
 20         -46.4230037158 -4.8E-07  4.2E-04  1.9E-04  0.0E+00    8    1.4E-002 
 21         -46.4230038212 -1.1E-07  4.0E-04  6.9E-05  0.0E+00    8    1.3E-002 
 22         -46.4230038771 -5.6E-08  3.4E-04  3.4E-05  0.0E+00    8    1.3E-002 
 23         -46.4230039179 -4.1E-08  9.0E-05  3.4E-05  0.0E+00    8    1.3E-002 
 24         -46.4230039452 -2.7E-08  6.5E-05  4.0E-05  0.0E+00    8    1.3E-002 
 25         -46.4230039744 -2.9E-08  4.8E-05  4.3E-05  0.0E+00    8    1.3E-002 
 26         -46.4230040070 -3.3E-08  5.1E-05  4.6E-05  0.0E+00    8    1.3E-002 
 27         -46.4230040441 -3.7E-08  5.5E-05  5.0E-05  0.0E+00    8    1.3E-002 
 28         -46.4230040866 -4.3E-08  5.8E-05  5.3E-05  0.0E+00    8    1.4E-002 
 29         -46.4230041355 -4.9E-08  6.3E-05  5.7E-05  0.0E+00    8    1.4E-002 
 30         -46.4230041917 -5.6E-08  6.7E-05  6.1E-05  0.0E+00    8    1.4E-002 
 31         -46.4230052822 -1.1E-06  8.8E-04  6.6E-05  5.9E-02    8    1.7E-002 
 32         -46.4230074764 -2.2E-06  1.1E-03  1.3E-04  8.0E-02    8    1.7E-002 
 33         -46.4230113854 -3.9E-06  1.3E-03  2.1E-04  9.6E-02    8    1.7E-002 
 34         -46.4230179097 -6.5E-06  1.5E-03  3.1E-04  1.1E-01    8    1.7E-002 
 35         -46.4230283850 -1.0E-05  1.8E-03  4.2E-04  1.2E-01    8    1.7E-002 
 36         -46.4230447472 -1.6E-05  2.2E-03  5.5E-04  1.3E-01    8    1.7E-002 
 37         -46.4230698227 -2.5E-05  2.6E-03  7.0E-04  1.4E-01    8    1.7E-002 
 38         -46.4231077240 -3.8E-05  3.2E-03  8.9E-04  1.4E-01    8    1.7E-002 
 39         -46.4231644084 -5.7E-05  3.8E-03  1.1E-03  1.5E-01    8    1.7E-002 
 40         -46.4232485353 -8.4E-05  4.6E-03  1.4E-03  1.5E-01    8    1.7E-002 
 41         -46.4233722229 -1.2E-04  5.6E-03  1.7E-03  1.5E-01    8    1.7E-002 
 42         -46.4235529304 -1.8E-04  6.8E-03  2.1E-03  1.5E-01    8    1.7E-002 
 43         -46.4238148217 -2.6E-04  8.2E-03  2.6E-03  1.5E-01    8    1.7E-002 
 44         -46.4241916072 -3.8E-04  9.9E-03  3.1E-03  1.5E-01    8    1.7E-002 
 45         -46.4247282789 -5.4E-04  1.2E-02  3.7E-03  1.5E-01    8    1.7E-002 
 46         -46.4254837937 -7.6E-04  1.4E-02  4.4E-03  1.5E-01    8    1.7E-002 
 47         -46.4265293091 -1.0E-03  1.7E-02  5.1E-03  1.4E-01    8    1.7E-002 
 48         -46.4279422520 -1.4E-03  2.0E-02  5.8E-03  1.3E-01    8    1.7E-002 
 49         -46.4297886854 -1.8E-03  2.4E-02  6.5E-03  1.2E-01    8    1.7E-002 
 50         -46.4320869040 -2.3E-03  2.7E-02  7.0E-03  1.0E-01    8    1.6E-002 
 51         -46.4347500619 -2.7E-03  2.9E-02  7.0E-03  7.9E-02    8    1.6E-002 
 52         -46.4375349829 -2.8E-03  3.4E-02  6.3E-03  5.4E-02    8    1.6E-002 
 53         -46.4400748568 -2.5E-03  4.9E-02  4.9E-03  3.1E-02    8    1.7E-002 
 54         -46.4419416086 -1.9E-03  5.2E-02  3.1E-03  1.2E-02    8    1.7E-002 
 55         -46.4425762903 -6.3E-04  2.8E-02  2.3E-03  0.0E+00    8    1.4E-002 
 56         -46.4426653233 -8.9E-05  1.5E-02  1.5E-03  0.0E+00    8    1.4E-002 
 57         -46.4426849764 -2.0E-05  1.1E-02  6.6E-04  0.0E+00    8    1.4E-002 
 58         -46.4426885750 -3.6E-06  1.4E-03  2.6E-04  0.0E+00    8    1.4E-002 
 59         -46.4426925905 -4.0E-06  3.1E-03  2.5E-04  0.0E+00    8    1.4E-002 
 60         -46.4426954167 -2.8E-06  1.9E-03  1.6E-04  0.0E+00    8    1.3E-002 
 61         -46.4426967733 -1.4E-06  1.8E-03  1.8E-04  0.0E+00    8    1.4E-002 
 62         -46.4426971977 -4.2E-07  1.2E-03  8.7E-05  0.0E+00    8    1.3E-002 
 63         -46.4426974901 -2.9E-07  7.7E-04  6.1E-05  0.0E+00    8    1.3E-002 
 64         -46.4426976307 -1.4E-07  4.0E-04  4.2E-05  0.0E+00    8    1.4E-002 
 65         -46.4426976533 -2.3E-08  4.0E-04  2.7E-05  0.0E+00    8    1.4E-002 
 66         -46.4426976623 -9.0E-09  9.3E-05  1.6E-05  0.0E+00    8    1.3E-002 
 67         -46.4426976637 -1.4E-09  2.9E-05  5.3E-06  0.0E+00    8    1.4E-002 
 68         -46.4426976643 -6.3E-10  2.8E-05  2.7E-06  0.0E+00    8    1.4E-002 
 69         -46.4426976646 -2.4E-10  1.1E-05  1.8E-06  0.0E+00    8    1.4E-002 
 70         -46.4426976649 -3.3E-10  1.6E-05  1.4E-06  0.0E+00    8    1.4E-002 
 71         -46.4426976651 -1.8E-10  1.2E-05  2.0E-06  0.0E+00    8    1.4E-002 
 72         -46.4426976651 -5.0E-11  7.5E-06  1.1E-06  0.0E+00    8    1.4E-002 
 73         -46.4426976652 -3.6E-11  7.6E-06  1.0E-06  0.0E+00    8    1.4E-002 
 74         -46.4426976652 -1.9E-11  3.3E-06  7.9E-07  0.0E+00    8    1.4E-002 
 75         -46.4426976652 -1.5E-11  3.6E-06  5.4E-07  0.0E+00    8    1.3E-002 
 76         -46.4426976652 -9.1E-12  3.6E-06  2.8E-07  0.0E+00    8    1.4E-002 
 77         -46.4426976652 -1.0E-12  1.8E-06  1.5E-07  0.0E+00    8    1.4E-002 
 78         -46.4426976652 -1.6E-13  6.5E-07  6.1E-08  0.0E+00    8    1.4E-002 
 ------------------------------------------------------------------------------
 SCF converged
 Converged energy                        -46.442697665230    
 ------------------------------------------------------------------------------
 Ehomo(Alpha) [eV]                       -6.305168662526     
 Elumo(Alpha) [eV]                       0.661424191739      
 Ehomo(Beta) [eV]                        -5.365407914286     
 Elumo(Beta) [eV]                        0.806509064934      

 dipole moment (Debye)
        x              y              z       
      9.176E-009     7.539E-009     1.978E-008

 traceless quadrupole moment (Debye*Angs)
                       x              y              z       
 x                   1.219E-005    -1.005E-006     2.010E-006
 y                  -1.005E-006    -1.694E-005     2.992E-006
 z                   2.010E-006     2.992E-006     4.748E-006

 ----------------------------------------------------------------------------
 Timings (seconds)
 * mean-field hamiltonian     9.8E-001
 * solver (setting up eqns)   3.5E-002
 * solver (energy estimate)   1.1E-002
 * solver (orthogonalization) 1.9E-003
 * solver (rotation matrix X) 1.4E-001
 * solver (exponential of X)  7.3E-003
 * solver (total)             2.0E-001
 * total SCF                  1.2E+000
 Atomic guess: ZR, ../../../../basis-sets/bse/def2-tzvpd.txt
 -----------------------------------------------------------
 E(HF) [a.u.]                            -4.6442697665E+001
 Tr(RhoAvg S), Cartesian AOs              1.2000000000E+001
 Tr(RhoAvg S), spherical AOs              1.2000000000E+001
 max|T RhoAvg T**T - RhoAvg_sao|                  1.94E-016
 max|c(RhoAvg) - c(Rho)|                          4.44E-016
 max|RhoAvg - Rho|                                2.36E-001
 Saved /mnt/storage_6/project_data/pl0415-03/marcin/beyond-rpa/guess/electron-densities/bse/def2-tzvpd/zr.txt
 ----------------------------------------------------------------------------
                             SCF for NB (2S+1=6)                             
 ----------------------------------------------------------------------------
 NUMBER OF ATOMS                         1
 CHARGE                                  0
 Prescreening (pq|pq) integrals for the Cholesky decomposition
 Shell pairs will be sorted according to their max elements
 Max diagonal integral MaxDrs=3.3E+000
 Applying Eq. 15 in J. Chem. Phys. 150, 194112 (2019); doi: 10.1063/1.5083802
 Schwarz inequality: Dpq<min(10**(-8),Tau)**2/MaxDrs=3.0E-017
 Trace of exact Coulomb matrix: 4.8E+001
 Trace of discarded integrals: 0.0E+000
 Discarded 0 out of 105 shell pairs
 (0 out of 820 orbital pairs)

 Step 1 of Cholesky decomposition: locating pivots
 -------------------------------------------------
 Dimensions of the Coulomb matrix: (820,820)
 Threshold for diagonal matrix elements: Dpq > 1.0E-007
 Max number of Cholesky vectors: 600
 Rk storage block size: 500
 Max dimension of 2e integrals buffer: (820,820)

 ----------------------------------------------------------------------------
 #    Dmax        Memory (MB)    NPivots     %    Time        
 ----------------------------------------------------------------------------
 1    3.2E-002    8.3E+000       23          3    8.6E-003    
 2    3.2E-004    8.2E+000       163         36   1.4E-002    
 3    2.9E-006    6.8E+000       249         85   1.1E-002    
 4    6.6E-008    2.8E+000       291         100  4.5E-003    

 Step 1 of the Cholesky decomposition completed
 Computed 291 pivots
 Largest residual Dpq: 6.6E-008
 NCholesky/NAO = 7.3E+000
 Step 1 of Cholesky decomposition completed in 3.9E-002 seconds
 Detailed timings in seconds
 Subtract prev contribs I (M-R**T*R)     2.5E-003
 Subtract prev contribs II (Rk)          5.5E-003
 Two-electron integrals                  2.7E-002
 Reallocation                            1.3E-003

 Step 2 of Cholesky decomposition completed in 2.8E-003 seconds
 Detailed timings in seconds
 Reduced-dimension matrix V    1.5E-003
 V=L*L**T                      4.8E-004
 L**(-1)                       7.8E-004

 Full-dimension Cholesky vectors of the Coulomb matrix will be stored in memory
 Cholesky vectors computed in 4.2E-003 seconds

 ┌─────────────────────────────────────────┐
 │          Self-consistent field          │
 └─────────────────────────────────────────┘

 Atomic orbital basis set
 . . . . . . . . . . . . . . . . . . . . . . . . . . . . . . . . . . . . . . 
 atomic centers                               1
 shell parameter sets                         14
 spherical AOs                                40
 max angular momentum                         3
 parameter set                                ../../../../basis-sets/bse/def2-tzvpd.txt
 . . . . . . . . . . . . . . . . . . . . . . . . . . . . . . . . . . . . . . 
 SCF guess: bare nuclei Hamiltonian
 Starting self-consistent field iterations (spin-unrestricted)
 Alpha electrons: 9
 Beta electrons: 4
 ----------------------------------------------------------------------------
 Exchange-correlation: Hartree-Fock
 ----------------------------------------------------------------------------
 Replicated-data parallel SCF
 ----------------------------
 Processes                               1
 Threads/process                         16
 Allocated 3.2E-004 GiB of scratch space for the KS matrix build
 ----------------------------------------------------------------------------
 Loaded pseudopotential parameters
 ----------------------------------------------------------------------------

 NIOBIUM     
 Parameters file: ../../../../basis-sets/bse/def2-tzvpd.txt
 ECP accounts for 28 core electrons

          Coeff         R^n       Exponent                                       

 Local part

        -22.92954996      2         8.49000000                                   
         -3.66630986      2         4.25000000                                   

 L = 0

        165.17914349      2         8.90000000                                   
         21.99297437      2         4.43000000                                   
         22.92954996      2         8.49000000                                   
          3.66630986      2         4.25000000                                   

 L = 1

        111.79441445      2         7.77000000                                   
         16.63348326      2         3.96000000                                   
         22.92954996      2         8.49000000                                   
          3.66630986      2         4.25000000                                   

 L = 2

         38.11224880      2         6.05000000                                   
          8.03916727      2         2.84000000                                   
         22.92954996      2         8.49000000                                   
          3.66630986      2         4.25000000                                   

 ----------------------------------------------------------------------------
 Spherical harmonic basis contains 40 vectors
 Linear independence thresh: Eig(S) > 1.0E-006
 Computations will be carried out in the space of 40 MOs
 Threshold for J, K: |Rho(r,s)*(pq|rs)|,|Rho(q,s)*(pq|rs)| > 1.0E-011
 Convergence conditions
 ----------------------
 RhoDiff < 1.0E-006
 OrbGrad < 1.0E-006
 Max number of macroiters: 1024
 ------------------------------------------------------------------------------
 #           Energy        EDiff    RhoDiff  OrbGrad  OrbShift NStored Time     
 ------------------------------------------------------------------------------
 0           45.3993753075                                        0    3.4E-002 
 1          -54.1642027282           1.9E+01                      0    1.3E-002 
 2          -56.1709860685 -2.0E+00  8.8E-01  5.7E-01  6.0E-01    1    1.4E-002 
 3          -56.2488434694 -7.8E-02  2.4E-01  1.7E-01  0.0E+00    2    1.3E-002 
 4          -56.2682148674 -1.9E-02  4.8E-02  5.4E-02  0.0E+00    3    1.4E-002 
 5          -56.2758634372 -7.6E-03  1.2E-01  1.2E-02  0.0E+00    4    1.4E-002 
 6          -56.2985669846 -2.3E-02  2.2E-01  2.0E-02  8.6E-02    5    1.6E-002 
 7          -56.3232481694 -2.5E-02  1.3E-01  2.9E-02  7.2E-02    6    1.6E-002 
 8          -56.3277034047 -4.5E-03  7.6E-02  1.7E-02  0.0E+00    7    1.4E-002 
 9          -56.3280516364 -3.5E-04  1.3E-02  7.1E-03  0.0E+00    8    1.4E-002 
 10         -56.3280595427 -7.9E-06  1.5E-03  1.0E-03  0.0E+00    8    1.4E-002 
 11         -56.3280600608 -5.2E-07  1.4E-03  2.3E-04  0.0E+00    8    1.4E-002 
 12         -56.3280600699 -9.1E-09  1.6E-04  2.8E-05  0.0E+00    8    1.4E-002 
 13         -56.3280600707 -7.8E-10  3.7E-05  7.9E-06  0.0E+00    8    1.4E-002 
 14         -56.3280600708 -1.8E-10  4.1E-06  5.1E-06  0.0E+00    8    1.4E-002 
 15         -56.3280600711 -2.2E-10  8.7E-06  4.7E-06  0.0E+00    8    1.4E-002 
 16         -56.3280600721 -1.0E-09  2.7E-05  4.1E-06  0.0E+00    8    1.4E-002 
 17         -56.3280600844 -1.2E-08  4.0E-04  4.9E-06  0.0E+00    8    1.4E-002 
 18         -56.3280600880 -3.6E-09  4.1E-05  2.3E-05  0.0E+00    8    1.4E-002 
 19         -56.3280601839 -9.6E-08  2.3E-03  1.0E-05  8.4E-04    8    1.9E-002 
 20         -56.3280602997 -1.2E-07  2.7E-03  7.9E-06  4.6E-04    8    1.9E-002 
 21         -56.3280604407 -1.4E-07  3.3E-03  1.4E-05  3.8E-04    8    1.9E-002 
 22         -56.3280606086 -1.7E-07  3.9E-03  1.4E-05  2.9E-04    8    1.9E-002 
 23         -56.3280608057 -2.0E-07  4.7E-03  1.8E-05  2.0E-04    8    1.9E-002 
 24         -56.3280610331 -2.3E-07  5.6E-03  2.4E-05  1.2E-04    8    2.0E-002 
 25         -56.3280612881 -2.5E-07  6.7E-03  3.5E-05  5.7E-05    8    2.0E-002 
 26         -56.3280615564 -2.7E-07  7.9E-03  5.0E-05  2.1E-05    8    2.1E-002 
 27         -56.3280618021 -2.5E-07  9.3E-03  7.2E-05  1.8E-05    8    2.0E-002 
 28         -56.3280619608 -1.6E-07  1.1E-02  1.0E-04  3.9E-07    8    2.0E-002 
 29         -56.3280620293 -6.9E-08  1.4E-04  1.4E-04  0.0E+00    8    1.4E-002 
 30         -56.3280620381 -8.7E-09  1.0E-02  3.5E-05  2.2E-05    8    2.0E-002 
 31         -56.3280619334  1.0E-07  1.1E-02  1.2E-04  5.6E-06    8    2.0E-002 
 31*        -56.3280620164  2.2E-08  7.6E-03  1.2E-04  1.8E-05    8    1.9E-002 
 31*        -56.3280620499 -1.2E-08  5.3E-03  1.2E-04  3.5E-05    8    1.9E-002 
 SCF solver: failed to solve ||X(shift)|| = trust_radius
 32         -56.3280620822 -3.2E-08  5.3E-03  3.1E-05  4.1E-07    8    2.7E-002 
 33         -56.3280620848 -2.6E-09  9.4E-06  3.0E-05  0.0E+00    8    2.1E-002 
 34         -56.3280620766  8.2E-09  5.2E-03  6.9E-06  1.7E-05    8    2.3E-002 
 34*        -56.3280620843  4.8E-10  3.7E-03  6.9E-06  2.9E-05    8    2.0E-002 
 34*        -56.3280620867 -2.0E-09  2.6E-03  6.9E-06  3.8E-05    8    1.9E-002 
 35         -56.3280620848  1.9E-09  2.6E-03  6.6E-06  5.6E-06    8    2.1E-002 
 35*        -56.3280620865  2.7E-10  1.8E-03  6.6E-06  1.1E-05    8    2.0E-002 
 35*        -56.3280620871 -3.5E-10  1.3E-03  6.6E-06  2.5E-05    8    2.0E-002 
 36         -56.3280620871 -1.0E-11  5.2E-07  1.7E-06  0.0E+00    8    1.4E-002 
 37         -56.3280620873 -1.6E-10  7.4E-04  3.8E-07  2.0E-05    8    2.1E-002 
 38         -56.3280620873 -3.2E-11  1.7E-04  5.6E-07  0.0E+00    8    1.4E-002 
 39         -56.3280620873  1.8E-11  2.1E-04  5.8E-08  0.0E+00    8    1.4E-002 
 39*        -56.3280620873  1.5E-12  1.1E-04  5.8E-08  0.0E+00    8    1.4E-002 
 39*        -56.3280620873  1.0E-12  1.0E-04  5.8E-08  6.7E-07    8    1.9E-002 
 39*        -56.3280620873 -8.5E-13  7.3E-05  5.8E-08  6.6E-06    8    1.9E-002 
 40         -56.3280620873 -5.8E-13  2.1E-05  5.7E-08  0.0E+00    8    1.4E-002 
 41         -56.3280620873 -2.8E-14  4.4E-08  5.6E-08  0.0E+00    8    1.4E-002 
 ------------------------------------------------------------------------------
 SCF converged
 Converged energy                        -56.328062087288    
 ------------------------------------------------------------------------------
 Ehomo(Alpha) [eV]                       -6.225563128062     
 Elumo(Alpha) [eV]                       0.671233132614      
 Ehomo(Beta) [eV]                        -39.952610708549    
 Elumo(Beta) [eV]                        0.787256007650      

 dipole moment (Debye)
        x              y              z       
      1.765E-014    -3.376E-015     2.218E-015

 traceless quadrupole moment (Debye*Angs)
                       x              y              z       
 x                  -1.023E+000     8.598E-003    -7.030E-002
 y                   8.598E-003    -8.436E-001    -6.662E-001
 z                  -7.030E-002    -6.662E-001     1.867E+000

 ----------------------------------------------------------------------------
 Timings (seconds)
 * mean-field hamiltonian     6.6E-001
 * solver (setting up eqns)   2.3E-002
 * solver (energy estimate)   6.4E-003
 * solver (orthogonalization) 1.3E-003
 * solver (rotation matrix X) 1.7E-001
 * solver (exponential of X)  4.6E-003
 * solver (total)             2.0E-001
 * total SCF                  9.0E-001
 Atomic guess: NB, ../../../../basis-sets/bse/def2-tzvpd.txt
 -----------------------------------------------------------
 E(HF) [a.u.]                            -5.6328062087E+001
 Tr(RhoAvg S), Cartesian AOs              1.3000000000E+001
 Tr(RhoAvg S), spherical AOs              1.3000000000E+001
 max|T RhoAvg T**T - RhoAvg_sao|                  3.05E-016
 max|c(RhoAvg) - c(Rho)|                          8.88E-016
 max|RhoAvg - Rho|                                1.86E-001
 Saved /mnt/storage_6/project_data/pl0415-03/marcin/beyond-rpa/guess/electron-densities/bse/def2-tzvpd/nb.txt
 ----------------------------------------------------------------------------
                             SCF for MO (2S+1=7)                             
 ----------------------------------------------------------------------------
 NUMBER OF ATOMS                         1
 CHARGE                                  0
 Prescreening (pq|pq) integrals for the Cholesky decomposition
 Shell pairs will be sorted according to their max elements
 Max diagonal integral MaxDrs=3.5E+000
 Applying Eq. 15 in J. Chem. Phys. 150, 194112 (2019); doi: 10.1063/1.5083802
 Schwarz inequality: Dpq<min(10**(-8),Tau)**2/MaxDrs=2.8E-017
 Trace of exact Coulomb matrix: 5.1E+001
 Trace of discarded integrals: 0.0E+000
 Discarded 0 out of 105 shell pairs
 (0 out of 820 orbital pairs)

 Step 1 of Cholesky decomposition: locating pivots
 -------------------------------------------------
 Dimensions of the Coulomb matrix: (820,820)
 Threshold for diagonal matrix elements: Dpq > 1.0E-007
 Max number of Cholesky vectors: 600
 Rk storage block size: 500
 Max dimension of 2e integrals buffer: (820,820)

 ----------------------------------------------------------------------------
 #    Dmax        Memory (MB)    NPivots     %    Time        
 ----------------------------------------------------------------------------
 1    3.5E-002    8.3E+000       23          3    7.8E-003    
 2    3.4E-004    8.2E+000       161         32   1.3E-002    
 3    3.3E-006    7.1E+000       247         84   1.3E-002    
 4    4.8E-008    2.2E+000       291         100  3.5E-003    

 Step 1 of the Cholesky decomposition completed
 Computed 291 pivots
 Largest residual Dpq: 4.8E-008
 NCholesky/NAO = 7.3E+000
 Step 1 of Cholesky decomposition completed in 3.7E-002 seconds
 Detailed timings in seconds
 Subtract prev contribs I (M-R**T*R)     2.2E-003
 Subtract prev contribs II (Rk)          4.3E-003
 Two-electron integrals                  2.8E-002
 Reallocation                            1.3E-003

 Step 2 of Cholesky decomposition completed in 2.8E-003 seconds
 Detailed timings in seconds
 Reduced-dimension matrix V    1.5E-003
 V=L*L**T                      4.8E-004
 L**(-1)                       8.0E-004

 Full-dimension Cholesky vectors of the Coulomb matrix will be stored in memory
 Cholesky vectors computed in 4.6E-003 seconds

 ┌─────────────────────────────────────────┐
 │          Self-consistent field          │
 └─────────────────────────────────────────┘

 Atomic orbital basis set
 . . . . . . . . . . . . . . . . . . . . . . . . . . . . . . . . . . . . . . 
 atomic centers                               1
 shell parameter sets                         14
 spherical AOs                                40
 max angular momentum                         3
 parameter set                                ../../../../basis-sets/bse/def2-tzvpd.txt
 . . . . . . . . . . . . . . . . . . . . . . . . . . . . . . . . . . . . . . 
 SCF guess: bare nuclei Hamiltonian
 Starting self-consistent field iterations (spin-unrestricted)
 Alpha electrons: 10
 Beta electrons: 4
 ----------------------------------------------------------------------------
 Exchange-correlation: Hartree-Fock
 ----------------------------------------------------------------------------
 Replicated-data parallel SCF
 ----------------------------
 Processes                               1
 Threads/process                         16
 Allocated 3.2E-004 GiB of scratch space for the KS matrix build
 ----------------------------------------------------------------------------
 Loaded pseudopotential parameters
 ----------------------------------------------------------------------------

 MOLYBDENUM  
 Parameters file: ../../../../basis-sets/bse/def2-tzvpd.txt
 ECP accounts for 28 core electrons

          Coeff         R^n       Exponent                                       

 Local part

        -24.80517707      2         9.45000000                                   
         -4.15378155      2         4.72000000                                   

 L = 0

        180.10310850      2         9.71459380                                   
         24.99722791      2         4.68050040                                   
         24.80517707      2         9.45000000                                   
          4.15378155      2         4.72000000                                   

 L = 1

        123.77275231      2         8.14213660                                   
         19.53022800      2         4.62598630                                   
         24.80517707      2         9.45000000                                   
          4.15378155      2         4.72000000                                   

 L = 2

         48.37502229      2         6.61841480                                   
          8.89205274      2         3.24875160                                   
         24.80517707      2         9.45000000                                   
          4.15378155      2         4.72000000                                   

 ----------------------------------------------------------------------------
 Spherical harmonic basis contains 40 vectors
 Linear independence thresh: Eig(S) > 1.0E-006
 Computations will be carried out in the space of 40 MOs
 Threshold for J, K: |Rho(r,s)*(pq|rs)|,|Rho(q,s)*(pq|rs)| > 1.0E-011
 Convergence conditions
 ----------------------
 RhoDiff < 1.0E-006
 OrbGrad < 1.0E-006
 Max number of macroiters: 1024
 ------------------------------------------------------------------------------
 #           Energy        EDiff    RhoDiff  OrbGrad  OrbShift NStored Time     
 ------------------------------------------------------------------------------
 0           41.7035390970                                        0    3.5E-002 
 1          -64.7293874486           1.9E+01                      0    1.5E-002 
 2          -67.3039066551 -2.6E+00  5.9E+00  9.5E-01  1.3E+00    1    1.6E-002 
 3          -67.5350471247 -2.3E-01  2.2E+00  1.9E-01  0.0E+00    2    1.5E-002 
 4          -67.5655518178 -3.1E-02  1.4E-01  9.7E-02  0.0E+00    3    1.5E-002 
 5          -67.5665631502 -1.0E-03  2.0E-02  1.3E-02  0.0E+00    4    1.5E-002 
 6          -67.5666231189 -6.0E-05  1.8E-02  3.2E-03  0.0E+00    5    1.5E-002 
 7          -67.5666242483 -1.1E-06  4.3E-03  4.5E-04  0.0E+00    6    1.5E-002 
 8          -67.5666242833 -3.5E-08  3.6E-04  7.5E-05  0.0E+00    7    1.5E-002 
 9          -67.5666242837 -3.7E-10  1.8E-05  1.1E-05  0.0E+00    8    1.5E-002 
 10         -67.5666242837 -8.7E-12  2.6E-06  1.6E-06  0.0E+00    8    1.5E-002 
 11         -67.5666242837 -6.3E-13  3.9E-07  2.4E-07  0.0E+00    8    1.5E-002 
 ------------------------------------------------------------------------------
 SCF converged
 Converged energy                        -67.566624283692    
 ------------------------------------------------------------------------------
 Ehomo(Alpha) [eV]                       -6.482797376564     
 Elumo(Alpha) [eV]                       0.842508027627      
 Ehomo(Beta) [eV]                        -44.218776410954    
 Elumo(Beta) [eV]                        0.905818788768      

 dipole moment (Debye)
        x              y              z       
      4.322E-015     2.225E-015    -9.966E-016

 traceless quadrupole moment (Debye*Angs)
                       x              y              z       
 x                   1.087E-005    -5.843E-007    -3.687E-007
 y                  -5.843E-007    -2.174E-005    -2.097E-007
 z                  -3.687E-007    -2.097E-007     1.087E-005

 ----------------------------------------------------------------------------
 Timings (seconds)
 * mean-field hamiltonian     1.7E-001
 * solver (setting up eqns)   4.2E-003
 * solver (energy estimate)   8.4E-004
 * solver (orthogonalization) 2.7E-004
 * solver (rotation matrix X) 2.1E-003
 * solver (exponential of X)  8.9E-004
 * solver (total)             8.7E-003
 * total SCF                  2.0E-001
 Atomic guess: MO, ../../../../basis-sets/bse/def2-tzvpd.txt
 -----------------------------------------------------------
 E(HF) [a.u.]                            -6.7566624284E+001
 Tr(RhoAvg S), Cartesian AOs              1.4000000000E+001
 Tr(RhoAvg S), spherical AOs              1.4000000000E+001
 max|T RhoAvg T**T - RhoAvg_sao|                  4.44E-016
 max|c(RhoAvg) - c(Rho)|                          1.33E-015
 max|RhoAvg - Rho|                                8.40E-006
 Saved /mnt/storage_6/project_data/pl0415-03/marcin/beyond-rpa/guess/electron-densities/bse/def2-tzvpd/mo.txt
 ----------------------------------------------------------------------------
                             SCF for TC (2S+1=6)                             
 ----------------------------------------------------------------------------
 NUMBER OF ATOMS                         1
 CHARGE                                  0
 Prescreening (pq|pq) integrals for the Cholesky decomposition
 Shell pairs will be sorted according to their max elements
 Max diagonal integral MaxDrs=3.6E+000
 Applying Eq. 15 in J. Chem. Phys. 150, 194112 (2019); doi: 10.1063/1.5083802
 Schwarz inequality: Dpq<min(10**(-8),Tau)**2/MaxDrs=2.8E-017
 Trace of exact Coulomb matrix: 5.4E+001
 Trace of discarded integrals: 0.0E+000
 Discarded 0 out of 105 shell pairs
 (0 out of 820 orbital pairs)

 Step 1 of Cholesky decomposition: locating pivots
 -------------------------------------------------
 Dimensions of the Coulomb matrix: (820,820)
 Threshold for diagonal matrix elements: Dpq > 1.0E-007
 Max number of Cholesky vectors: 600
 Rk storage block size: 500
 Max dimension of 2e integrals buffer: (820,820)

 ----------------------------------------------------------------------------
 #    Dmax        Memory (MB)    NPivots     %    Time        
 ----------------------------------------------------------------------------
 1    3.6E-002    8.3E+000       24          3    9.5E-003    
 2    3.2E-004    8.2E+000       161         31   1.3E-002    
 3    3.1E-006    7.4E+000       253         88   1.1E-002    
 4    8.9E-008    2.5E+000       288         100  3.3E-003    

 Step 1 of the Cholesky decomposition completed
 Computed 288 pivots
 Largest residual Dpq: 8.9E-008
 NCholesky/NAO = 7.2E+000
 Step 1 of Cholesky decomposition completed in 3.7E-002 seconds
 Detailed timings in seconds
 Subtract prev contribs I (M-R**T*R)     2.1E-003
 Subtract prev contribs II (Rk)          4.4E-003
 Two-electron integrals                  2.7E-002
 Reallocation                            8.5E-004

 Step 2 of Cholesky decomposition completed in 2.5E-003 seconds
 Detailed timings in seconds
 Reduced-dimension matrix V    1.7E-003
 V=L*L**T                      4.5E-004
 L**(-1)                       3.3E-004

 Full-dimension Cholesky vectors of the Coulomb matrix will be stored in memory
 Cholesky vectors computed in 4.1E-003 seconds

 ┌─────────────────────────────────────────┐
 │          Self-consistent field          │
 └─────────────────────────────────────────┘

 Atomic orbital basis set
 . . . . . . . . . . . . . . . . . . . . . . . . . . . . . . . . . . . . . . 
 atomic centers                               1
 shell parameter sets                         14
 spherical AOs                                40
 max angular momentum                         3
 parameter set                                ../../../../basis-sets/bse/def2-tzvpd.txt
 . . . . . . . . . . . . . . . . . . . . . . . . . . . . . . . . . . . . . . 
 SCF guess: bare nuclei Hamiltonian
 Starting self-consistent field iterations (spin-unrestricted)
 Alpha electrons: 10
 Beta electrons: 5
 ----------------------------------------------------------------------------
 Exchange-correlation: Hartree-Fock
 ----------------------------------------------------------------------------
 Replicated-data parallel SCF
 ----------------------------
 Processes                               1
 Threads/process                         16
 Allocated 3.2E-004 GiB of scratch space for the KS matrix build
 ----------------------------------------------------------------------------
 Loaded pseudopotential parameters
 ----------------------------------------------------------------------------

 TECHNETIUM  
 Parameters file: ../../../../basis-sets/bse/def2-tzvpd.txt
 ECP accounts for 28 core electrons

          Coeff         R^n       Exponent                                       

 Local part

        -26.56244747      2        10.40000000                                   
         -4.58568054      2         5.20000000                                   

 L = 0

        195.15916591      2        10.42234620                                   
         28.09260333      2         5.03651600                                   
         26.56244747      2        10.40000000                                   
          4.58568054      2         5.20000000                                   

 L = 1

        135.28456622      2         8.95044940                                   
         21.80650430      2         4.85443940                                   
         26.56244747      2        10.40000000                                   
          4.58568054      2         5.20000000                                   

 L = 2

         54.32972942      2         6.94569680                                   
         11.15506795      2         3.97058490                                   
         26.56244747      2        10.40000000                                   
          4.58568054      2         5.20000000                                   

 ----------------------------------------------------------------------------
 Spherical harmonic basis contains 40 vectors
 Linear independence thresh: Eig(S) > 1.0E-006
 Computations will be carried out in the space of 40 MOs
 Threshold for J, K: |Rho(r,s)*(pq|rs)|,|Rho(q,s)*(pq|rs)| > 1.0E-011
 Convergence conditions
 ----------------------
 RhoDiff < 1.0E-006
 OrbGrad < 1.0E-006
 Max number of macroiters: 1024
 ------------------------------------------------------------------------------
 #           Energy        EDiff    RhoDiff  OrbGrad  OrbShift NStored Time     
 ------------------------------------------------------------------------------
 0           42.1681091818                                        0    3.4E-002 
 1          -76.5749139812           1.8E+01                      0    1.4E-002 
 2          -79.7499352745 -3.2E+00  6.1E+00  1.0E+00  1.6E+00    1    1.5E-002 
 3          -80.0316107489 -2.8E-01  2.1E+00  2.8E-01  4.2E-02    2    1.5E-002 
 4          -80.0812482705 -5.0E-02  1.7E-01  1.1E-01  0.0E+00    3    1.5E-002 
 5          -80.0825234626 -1.3E-03  3.1E-02  1.7E-02  0.0E+00    4    1.5E-002 
 6          -80.0825864913 -6.3E-05  4.6E-03  3.3E-03  0.0E+00    5    1.5E-002 
 7          -80.0825979235 -1.1E-05  1.7E-03  8.6E-04  0.0E+00    6    1.5E-002 
 8          -80.0826250046 -2.7E-05  6.8E-03  5.7E-04  3.6E-03    7    1.8E-002 
 9          -80.0826582073 -3.3E-05  8.1E-03  8.8E-04  1.1E-02    8    1.9E-002 
 10         -80.0826813984 -2.3E-05  9.5E-03  5.1E-04  6.0E-03    8    1.9E-002 
 11         -80.0826973972 -1.6E-05  1.1E-02  3.2E-04  1.9E-03    8    2.0E-002 
 12         -80.0827129956 -1.6E-05  1.2E-02  4.3E-04  9.6E-04    8    2.0E-002 
 13         -80.0827523782 -3.9E-05  1.2E-02  5.5E-04  4.3E-03    8    2.0E-002 
 14         -80.0827558008 -3.4E-06  8.1E-04  6.6E-04  0.0E+00    8    1.5E-002 
 15         -80.0827578347 -2.0E-06  1.1E-02  6.5E-04  0.0E+00    8    1.5E-002 
 16         -80.0828524619 -9.5E-05  1.6E-02  5.4E-04  5.9E-03    8    2.0E-002 
 17         -80.0830082825 -1.6E-04  1.7E-02  4.8E-04  1.4E-02    8    2.0E-002 
 18         -80.0834275624 -4.2E-04  2.4E-02  1.0E-03  2.2E-02    8    1.9E-002 
 19         -80.0845793985 -1.2E-03  3.9E-02  2.5E-03  4.4E-02    8    1.9E-002 
 20         -80.0872944761 -2.7E-03  5.9E-02  5.6E-03  7.2E-02    8    1.9E-002 
 21         -80.0925956842 -5.3E-03  8.7E-02  1.1E-02  9.9E-02    8    1.8E-002 
 22         -80.1008342588 -8.2E-03  1.2E-01  1.6E-02  1.0E-01    8    1.8E-002 
 23         -80.1096381516 -8.8E-03  1.4E-01  1.9E-02  6.7E-02    8    1.8E-002 
 24         -80.1124304954 -2.8E-03  8.0E-02  1.3E-02  0.0E+00    8    1.5E-002 
 25         -80.1127124397 -2.8E-04  3.4E-02  4.3E-03  0.0E+00    8    1.5E-002 
 26         -80.1127229174 -1.0E-05  1.1E-02  8.9E-04  0.0E+00    8    1.5E-002 
 27         -80.1127237709 -8.5E-07  1.3E-03  2.6E-04  0.0E+00    8    1.5E-002 
 28         -80.1127241590 -3.9E-07  5.0E-04  1.3E-04  0.0E+00    8    1.5E-002 
 29         -80.1127241876 -2.9E-08  1.0E-04  5.0E-05  0.0E+00    8    1.5E-002 
 30         -80.1127241896 -2.0E-09  4.0E-05  1.4E-05  0.0E+00    8    1.5E-002 
 31         -80.1127241897 -1.5E-10  1.6E-05  3.3E-06  0.0E+00    8    1.5E-002 
 32         -80.1127241897 -4.4E-12  2.4E-06  6.6E-07  0.0E+00    8    1.5E-002 
 33         -80.1127241897 -3.0E-13  8.5E-07  1.8E-07  0.0E+00    8    1.5E-002 
 ------------------------------------------------------------------------------
 SCF converged
 Converged energy                        -80.112724189742    
 ------------------------------------------------------------------------------
 Ehomo(Alpha) [eV]                       -7.650917440141     
 Elumo(Alpha) [eV]                       0.824369679575      
 Ehomo(Beta) [eV]                        -5.676501719481     
 Elumo(Beta) [eV]                        1.044004919502      

 dipole moment (Debye)
        x              y              z       
     -1.198E-009     7.635E-011     9.066E-010

 traceless quadrupole moment (Debye*Angs)
                       x              y              z       
 x                  -2.898E-005    -1.431E-008    -5.273E-007
 y                  -1.431E-008     5.756E-005    -8.646E-007
 z                  -5.273E-007    -8.646E-007    -2.859E-005

 ----------------------------------------------------------------------------
 Timings (seconds)
 * mean-field hamiltonian     4.8E-001
 * solver (setting up eqns)   1.5E-002
 * solver (energy estimate)   4.1E-003
 * solver (orthogonalization) 8.4E-004
 * solver (rotation matrix X) 6.3E-002
 * solver (exponential of X)  3.2E-003
 * solver (total)             8.7E-002
 * total SCF                  5.9E-001
 Atomic guess: TC, ../../../../basis-sets/bse/def2-tzvpd.txt
 -----------------------------------------------------------
 E(HF) [a.u.]                            -8.0112724190E+001
 Tr(RhoAvg S), Cartesian AOs              1.5000000000E+001
 Tr(RhoAvg S), spherical AOs              1.5000000000E+001
 max|T RhoAvg T**T - RhoAvg_sao|                  6.11E-016
 max|c(RhoAvg) - c(Rho)|                          4.44E-016
 max|RhoAvg - Rho|                                9.44E-006
 Saved /mnt/storage_6/project_data/pl0415-03/marcin/beyond-rpa/guess/electron-densities/bse/def2-tzvpd/tc.txt
 ----------------------------------------------------------------------------
                             SCF for RU (2S+1=5)                             
 ----------------------------------------------------------------------------
 NUMBER OF ATOMS                         1
 CHARGE                                  0
 Prescreening (pq|pq) integrals for the Cholesky decomposition
 Shell pairs will be sorted according to their max elements
 Max diagonal integral MaxDrs=3.8E+000
 Applying Eq. 15 in J. Chem. Phys. 150, 194112 (2019); doi: 10.1063/1.5083802
 Schwarz inequality: Dpq<min(10**(-8),Tau)**2/MaxDrs=2.7E-017
 Trace of exact Coulomb matrix: 5.7E+001
 Trace of discarded integrals: 0.0E+000
 Discarded 0 out of 105 shell pairs
 (0 out of 820 orbital pairs)

 Step 1 of Cholesky decomposition: locating pivots
 -------------------------------------------------
 Dimensions of the Coulomb matrix: (820,820)
 Threshold for diagonal matrix elements: Dpq > 1.0E-007
 Max number of Cholesky vectors: 600
 Rk storage block size: 500
 Max dimension of 2e integrals buffer: (820,820)

 ----------------------------------------------------------------------------
 #    Dmax        Memory (MB)    NPivots     %    Time        
 ----------------------------------------------------------------------------
 1    3.3E-002    8.3E+000       27          3    8.7E-003    
 2    2.9E-004    8.2E+000       161         30   1.3E-002    
 3    2.8E-006    7.0E+000       267         91   1.1E-002    
 4    6.5E-008    1.4E+000       294         100  2.2E-003    

 Step 1 of the Cholesky decomposition completed
 Computed 294 pivots
 Largest residual Dpq: 6.5E-008
 NCholesky/NAO = 7.3E+000
 Step 1 of Cholesky decomposition completed in 3.6E-002 seconds
 Detailed timings in seconds
 Subtract prev contribs I (M-R**T*R)     2.0E-003
 Subtract prev contribs II (Rk)          4.4E-003
 Two-electron integrals                  2.8E-002
 Reallocation                            5.3E-004

 Step 2 of Cholesky decomposition completed in 2.8E-003 seconds
 Detailed timings in seconds
 Reduced-dimension matrix V    1.6E-003
 V=L*L**T                      4.7E-004
 L**(-1)                       7.1E-004

 Full-dimension Cholesky vectors of the Coulomb matrix will be stored in memory
 Cholesky vectors computed in 4.1E-003 seconds

 ┌─────────────────────────────────────────┐
 │          Self-consistent field          │
 └─────────────────────────────────────────┘

 Atomic orbital basis set
 . . . . . . . . . . . . . . . . . . . . . . . . . . . . . . . . . . . . . . 
 atomic centers                               1
 shell parameter sets                         14
 spherical AOs                                40
 max angular momentum                         3
 parameter set                                ../../../../basis-sets/bse/def2-tzvpd.txt
 . . . . . . . . . . . . . . . . . . . . . . . . . . . . . . . . . . . . . . 
 SCF guess: bare nuclei Hamiltonian
 Starting self-consistent field iterations (spin-unrestricted)
 Alpha electrons: 10
 Beta electrons: 6
 ----------------------------------------------------------------------------
 Exchange-correlation: Hartree-Fock
 ----------------------------------------------------------------------------
 Replicated-data parallel SCF
 ----------------------------
 Processes                               1
 Threads/process                         16
 Allocated 3.2E-004 GiB of scratch space for the KS matrix build
 ----------------------------------------------------------------------------
 Loaded pseudopotential parameters
 ----------------------------------------------------------------------------

 RUTHENIUM   
 Parameters file: ../../../../basis-sets/bse/def2-tzvpd.txt
 ECP accounts for 28 core electrons

          Coeff         R^n       Exponent                                       

 Local part

        -28.34061627      2        11.36000000                                   
         -4.94462923      2         5.68000000                                   

 L = 0

        209.82297122      2        11.10526930                                   
         30.65472642      2         5.41474540                                   
         28.34061627      2        11.36000000                                   
          4.94462923      2         5.68000000                                   

 L = 1

        146.33618228      2         9.77127070                                   
         24.12787723      2         5.07399080                                   
         28.34061627      2        11.36000000                                   
          4.94462923      2         5.68000000                                   

 L = 2

         67.51589667      2         7.67142310                                   
          9.87010415      2         4.13656470                                   
         28.34061627      2        11.36000000                                   
          4.94462923      2         5.68000000                                   

 ----------------------------------------------------------------------------
 Spherical harmonic basis contains 40 vectors
 Linear independence thresh: Eig(S) > 1.0E-006
 Computations will be carried out in the space of 40 MOs
 Threshold for J, K: |Rho(r,s)*(pq|rs)|,|Rho(q,s)*(pq|rs)| > 1.0E-011
 Convergence conditions
 ----------------------
 RhoDiff < 1.0E-006
 OrbGrad < 1.0E-006
 Max number of macroiters: 1024
 ------------------------------------------------------------------------------
 #           Energy        EDiff    RhoDiff  OrbGrad  OrbShift NStored Time     
 ------------------------------------------------------------------------------
 0           52.9980295458                                        0    3.5E-002 
 1          -90.0822756702           2.0E+01                      0    1.4E-002 
 2          -93.7384621167 -3.7E+00  6.1E+00  1.2E+00  1.8E+00    1    1.5E-002 
 3          -94.0190696362 -2.8E-01  2.1E+00  2.9E-01  5.2E-02    2    1.5E-002 
 4          -94.0785629003 -5.9E-02  1.6E-01  1.2E-01  0.0E+00    3    1.5E-002 
 5          -94.0805206954 -2.0E-03  4.5E-02  2.0E-02  0.0E+00    4    1.5E-002 
 6          -94.0816754851 -1.2E-03  1.6E-02  1.0E-02  1.6E-01    5    1.7E-002 
 7          -94.0832632588 -1.6E-03  1.1E-02  1.2E-02  2.5E-01    6    1.7E-002 
 8          -94.0854437066 -2.2E-03  1.4E-02  1.4E-02  2.4E-01    7    1.8E-002 
 9          -94.0883983947 -3.0E-03  1.5E-02  1.6E-02  2.3E-01    8    1.8E-002 
 10         -94.0923243332 -3.9E-03  1.8E-02  1.8E-02  2.1E-01    8    1.9E-002 
 11         -94.0973736183 -5.0E-03  2.4E-02  2.0E-02  1.8E-01    8    1.9E-002 
 12         -94.1035464407 -6.2E-03  2.9E-02  2.1E-02  1.5E-01    8    1.9E-002 
 13         -94.1104650859 -6.9E-03  3.3E-02  2.0E-02  1.1E-01    8    1.9E-002 
 14         -94.1170093236 -6.5E-03  3.6E-02  1.8E-02  6.8E-02    8    1.8E-002 
 15         -94.1209090709 -3.9E-03  4.7E-02  1.2E-02  1.6E-02    8    1.9E-002 
 16         -94.1211391789 -2.3E-04  1.1E-02  5.3E-03  0.0E+00    8    1.5E-002 
 17         -94.1211453726 -6.2E-06  8.7E-04  1.3E-03  0.0E+00    8    1.5E-002 
 18         -94.1211463060 -9.3E-07  5.0E-04  1.9E-04  0.0E+00    8    1.5E-002 
 19         -94.1211465667 -2.6E-07  4.7E-04  1.2E-04  0.0E+00    8    1.5E-002 
 20         -94.1211466875 -1.2E-07  2.4E-04  1.2E-04  0.0E+00    8    1.5E-002 
 21         -94.1211466923 -4.8E-09  4.0E-05  2.3E-05  0.0E+00    8    1.5E-002 
 22         -94.1211466925 -2.2E-10  3.7E-06  5.5E-06  0.0E+00    8    1.5E-002 
 23         -94.1211466926 -1.2E-10  3.3E-06  3.6E-06  0.0E+00    8    1.5E-002 
 24         -94.1211466929 -2.5E-10  8.9E-06  3.1E-06  0.0E+00    8    1.5E-002 
 25         -94.1211466930 -1.3E-10  1.1E-05  1.7E-06  0.0E+00    8    1.5E-002 
 26         -94.1211466930 -5.2E-12  1.2E-06  6.7E-07  0.0E+00    8    1.5E-002 
 27         -94.1211466930  0.0E+00  2.3E-07  5.2E-08  0.0E+00    8    1.5E-002 
 ------------------------------------------------------------------------------
 SCF converged
 Converged energy                        -94.121146693015    
 ------------------------------------------------------------------------------
 Ehomo(Alpha) [eV]                       -6.458189556945     
 Elumo(Alpha) [eV]                       1.087299079235      
 Ehomo(Beta) [eV]                        -8.886817344582     
 Elumo(Beta) [eV]                        0.695373280775      

 dipole moment (Debye)
        x              y              z       
     -3.500E-013     1.387E-014    -1.903E-013

 traceless quadrupole moment (Debye*Angs)
                       x              y              z       
 x                   5.843E-006     4.722E-006     3.007E-006
 y                   4.722E-006     3.660E-006    -4.581E-006
 z                   3.007E-006    -4.581E-006    -9.504E-006

 ----------------------------------------------------------------------------
 Timings (seconds)
 * mean-field hamiltonian     4.0E-001
 * solver (setting up eqns)   1.1E-002
 * solver (energy estimate)   3.3E-003
 * solver (orthogonalization) 6.5E-004
 * solver (rotation matrix X) 3.9E-002
 * solver (exponential of X)  2.5E-003
 * solver (total)             5.8E-002
 * total SCF                  4.8E-001
 Atomic guess: RU, ../../../../basis-sets/bse/def2-tzvpd.txt
 -----------------------------------------------------------
 E(HF) [a.u.]                            -9.4121146693E+001
 Tr(RhoAvg S), Cartesian AOs              1.6000000000E+001
 Tr(RhoAvg S), spherical AOs              1.6000000000E+001
 max|T RhoAvg T**T - RhoAvg_sao|                  5.55E-016
 max|c(RhoAvg) - c(Rho)|                          8.88E-016
 max|RhoAvg - Rho|                                1.58E-001
 Saved /mnt/storage_6/project_data/pl0415-03/marcin/beyond-rpa/guess/electron-densities/bse/def2-tzvpd/ru.txt
 ----------------------------------------------------------------------------
                             SCF for RH (2S+1=4)                             
 ----------------------------------------------------------------------------
 NUMBER OF ATOMS                         1
 CHARGE                                  0
 Prescreening (pq|pq) integrals for the Cholesky decomposition
 Shell pairs will be sorted according to their max elements
 Max diagonal integral MaxDrs=3.8E+000
 Applying Eq. 15 in J. Chem. Phys. 150, 194112 (2019); doi: 10.1063/1.5083802
 Schwarz inequality: Dpq<min(10**(-8),Tau)**2/MaxDrs=2.6E-017
 Trace of exact Coulomb matrix: 5.7E+001
 Trace of discarded integrals: 0.0E+000
 Discarded 0 out of 105 shell pairs
 (0 out of 820 orbital pairs)

 Step 1 of Cholesky decomposition: locating pivots
 -------------------------------------------------
 Dimensions of the Coulomb matrix: (820,820)
 Threshold for diagonal matrix elements: Dpq > 1.0E-007
 Max number of Cholesky vectors: 600
 Rk storage block size: 500
 Max dimension of 2e integrals buffer: (820,820)

 ----------------------------------------------------------------------------
 #    Dmax        Memory (MB)    NPivots     %    Time        
 ----------------------------------------------------------------------------
 1    3.7E-002    8.3E+000       26          3    1.6E-002    
 2    3.6E-004    8.2E+000       163         27   1.2E-002    
 3    1.5E-006    6.9E+000       273         96   1.2E-002    
 4    9.0E-008    6.0E-001       288         100  2.8E-003    

 Step 1 of the Cholesky decomposition completed
 Computed 288 pivots
 Largest residual Dpq: 9.0E-008
 NCholesky/NAO = 7.2E+000
 Step 1 of Cholesky decomposition completed in 4.4E-002 seconds
 Detailed timings in seconds
 Subtract prev contribs I (M-R**T*R)     2.2E-003
 Subtract prev contribs II (Rk)          4.2E-003
 Two-electron integrals                  3.5E-002
 Reallocation                            5.4E-004

 Step 2 of Cholesky decomposition completed in 4.5E-003 seconds
 Detailed timings in seconds
 Reduced-dimension matrix V    3.7E-003
 V=L*L**T                      4.4E-004
 L**(-1)                       2.9E-004

 Full-dimension Cholesky vectors of the Coulomb matrix will be stored in memory
 Cholesky vectors computed in 7.0E-003 seconds

 ┌─────────────────────────────────────────┐
 │          Self-consistent field          │
 └─────────────────────────────────────────┘

 Atomic orbital basis set
 . . . . . . . . . . . . . . . . . . . . . . . . . . . . . . . . . . . . . . 
 atomic centers                               1
 shell parameter sets                         14
 spherical AOs                                40
 max angular momentum                         3
 parameter set                                ../../../../basis-sets/bse/def2-tzvpd.txt
 . . . . . . . . . . . . . . . . . . . . . . . . . . . . . . . . . . . . . . 
 SCF guess: bare nuclei Hamiltonian
 Starting self-consistent field iterations (spin-unrestricted)
 Alpha electrons: 10
 Beta electrons: 7
 ----------------------------------------------------------------------------
 Exchange-correlation: Hartree-Fock
 ----------------------------------------------------------------------------
 Replicated-data parallel SCF
 ----------------------------
 Processes                               1
 Threads/process                         16
 Allocated 3.2E-004 GiB of scratch space for the KS matrix build
 ----------------------------------------------------------------------------
 Loaded pseudopotential parameters
 ----------------------------------------------------------------------------

 RHODIUM     
 Parameters file: ../../../../basis-sets/bse/def2-tzvpd.txt
 ECP accounts for 28 core electrons

          Coeff         R^n       Exponent                                       

 Local part

        -30.09345572      2        12.31000000                                   
         -5.21848192      2         6.16000000                                   

 L = 0

        225.34775353      2        11.72000000                                   
         32.82318898      2         5.82000000                                   
         30.09345572      2        12.31000000                                   
          5.21848192      2         6.16000000                                   

 L = 1

        158.70941159      2        10.42000000                                   
         26.44410049      2         5.45000000                                   
         30.09345572      2        12.31000000                                   
          5.21848192      2         6.16000000                                   

 L = 2

         62.75862572      2         8.82000000                                   
         10.97871947      2         3.87000000                                   
         30.09345572      2        12.31000000                                   
          5.21848192      2         6.16000000                                   

 ----------------------------------------------------------------------------
 Spherical harmonic basis contains 40 vectors
 Linear independence thresh: Eig(S) > 1.0E-006
 Computations will be carried out in the space of 40 MOs
 Threshold for J, K: |Rho(r,s)*(pq|rs)|,|Rho(q,s)*(pq|rs)| > 1.0E-011
 Convergence conditions
 ----------------------
 RhoDiff < 1.0E-006
 OrbGrad < 1.0E-006
 Max number of macroiters: 1024
 ------------------------------------------------------------------------------
 #           Energy        EDiff    RhoDiff  OrbGrad  OrbShift NStored Time     
 ------------------------------------------------------------------------------
 0           49.1670190649                                        0    3.5E-002 
 1         -104.6466203151           1.7E+01                      0    1.5E-002 
 2         -109.1477959218 -4.5E+00  5.8E+00  1.2E+00  2.3E+00    1    1.6E-002 
 3         -109.5931677479 -4.5E-01  1.5E+00  4.0E-01  1.6E-01    2    1.6E-002 
 4         -109.7256334386 -1.3E-01  2.3E-01  1.7E-01  0.0E+00    3    1.6E-002 
 5         -109.7303270295 -4.7E-03  1.0E-01  3.0E-02  0.0E+00    4    1.6E-002 
 6         -109.7326986782 -2.4E-03  6.1E-02  1.3E-02  4.0E-02    5    1.8E-002 
 7         -109.7351998804 -2.5E-03  3.0E-02  1.2E-02  1.1E-01    6    1.8E-002 
 8         -109.7376837698 -2.5E-03  3.4E-02  1.0E-02  8.0E-02    7    1.9E-002 
 9         -109.7400698608 -2.4E-03  4.4E-02  8.6E-03  4.8E-02    8    1.9E-002 
 10        -109.7421344663 -2.1E-03  4.9E-02  6.5E-03  2.5E-02    8    2.0E-002 
 11        -109.7428629697 -7.3E-04  3.0E-02  5.2E-03  0.0E+00    8    1.6E-002 
 12        -109.7430303490 -1.7E-04  7.4E-03  2.7E-03  0.0E+00    8    1.6E-002 
 13        -109.7431713479 -1.4E-04  1.9E-02  2.0E-03  0.0E+00    8    1.6E-002 
 14        -109.7431762495 -4.9E-06  1.4E-03  5.4E-04  0.0E+00    8    1.6E-002 
 15        -109.7431772278 -9.8E-07  7.0E-04  2.0E-04  0.0E+00    8    1.6E-002 
 16        -109.7431775418 -3.1E-07  5.7E-04  1.0E-04  0.0E+00    8    1.6E-002 
 17        -109.7431776036 -6.2E-08  1.0E-04  8.6E-05  0.0E+00    8    1.6E-002 
 18        -109.7431776296 -2.6E-08  7.1E-05  4.3E-05  0.0E+00    8    1.6E-002 
 19        -109.7431776613 -3.2E-08  1.7E-04  3.7E-05  0.0E+00    8    1.6E-002 
 20        -109.7431776814 -2.0E-08  1.8E-04  2.2E-05  0.0E+00    8    1.6E-002 
 21        -109.7431776823 -8.5E-10  5.9E-05  7.3E-06  0.0E+00    8    1.6E-002 
 22        -109.7431776824 -7.3E-11  1.1E-05  1.5E-06  0.0E+00    8    1.6E-002 
 23        -109.7431776824 -1.4E-11  3.5E-06  1.3E-06  0.0E+00    8    1.6E-002 
 24        -109.7431776824 -2.1E-12  6.2E-07  3.1E-07  0.0E+00    8    1.6E-002 
 ------------------------------------------------------------------------------
 SCF converged
 Converged energy                        -109.743177682380   
 ------------------------------------------------------------------------------
 Ehomo(Alpha) [eV]                       -6.457076186622     
 Elumo(Alpha) [eV]                       1.129826121158      
 Ehomo(Beta) [eV]                        -10.573141613508    
 Elumo(Beta) [eV]                        0.524752183244      

 dipole moment (Debye)
        x              y              z       
      3.840E-013    -8.575E-015     9.532E-014

 traceless quadrupole moment (Debye*Angs)
                       x              y              z       
 x                  -3.622E-005    -1.872E-005     2.720E-006
 y                  -1.872E-005     6.937E-005    -3.600E-005
 z                   2.720E-006    -3.600E-005    -3.316E-005

 ----------------------------------------------------------------------------
 Timings (seconds)
 * mean-field hamiltonian     3.8E-001
 * solver (setting up eqns)   1.0E-002
 * solver (energy estimate)   2.9E-003
 * solver (orthogonalization) 6.1E-004
 * solver (rotation matrix X) 2.0E-002
 * solver (exponential of X)  2.3E-003
 * solver (total)             3.7E-002
 * total SCF                  4.4E-001
 Atomic guess: RH, ../../../../basis-sets/bse/def2-tzvpd.txt
 -----------------------------------------------------------
 E(HF) [a.u.]                            -1.0974317768E+002
 Tr(RhoAvg S), Cartesian AOs              1.7000000000E+001
 Tr(RhoAvg S), spherical AOs              1.7000000000E+001
 max|T RhoAvg T**T - RhoAvg_sao|                  6.66E-016
 max|c(RhoAvg) - c(Rho)|                          2.22E-016
 max|RhoAvg - Rho|                                2.39E-001
 Saved /mnt/storage_6/project_data/pl0415-03/marcin/beyond-rpa/guess/electron-densities/bse/def2-tzvpd/rh.txt
 ----------------------------------------------------------------------------
                                  SCF for PD                                 
 ----------------------------------------------------------------------------
 NUMBER OF ATOMS                         1
 CHARGE                                  0
 Prescreening (pq|pq) integrals for the Cholesky decomposition
 Shell pairs will be sorted according to their max elements
 Max diagonal integral MaxDrs=3.9E+000
 Applying Eq. 15 in J. Chem. Phys. 150, 194112 (2019); doi: 10.1063/1.5083802
 Schwarz inequality: Dpq<min(10**(-8),Tau)**2/MaxDrs=2.5E-017
 Trace of exact Coulomb matrix: 5.9E+001
 Trace of discarded integrals: 0.0E+000
 Discarded 0 out of 105 shell pairs
 (0 out of 820 orbital pairs)

 Step 1 of Cholesky decomposition: locating pivots
 -------------------------------------------------
 Dimensions of the Coulomb matrix: (820,820)
 Threshold for diagonal matrix elements: Dpq > 1.0E-007
 Max number of Cholesky vectors: 600
 Rk storage block size: 500
 Max dimension of 2e integrals buffer: (820,820)

 ----------------------------------------------------------------------------
 #    Dmax        Memory (MB)    NPivots     %    Time        
 ----------------------------------------------------------------------------
 1    3.8E-002    8.3E+000       28          4    1.2E-002    
 2    3.4E-004    8.2E+000       161         28   1.8E-002    
 3    1.2E-006    6.8E+000       273         95   1.8E-002    
 4    8.9E-008    7.7E-001       294         100  2.9E-003    

 Step 1 of the Cholesky decomposition completed
 Computed 294 pivots
 Largest residual Dpq: 8.9E-008
 NCholesky/NAO = 7.3E+000
 Step 1 of Cholesky decomposition completed in 5.2E-002 seconds
 Detailed timings in seconds
 Subtract prev contribs I (M-R**T*R)     2.0E-003
 Subtract prev contribs II (Rk)          4.5E-003
 Two-electron integrals                  4.4E-002
 Reallocation                            4.4E-004

 Step 2 of Cholesky decomposition completed in 4.8E-003 seconds
 Detailed timings in seconds
 Reduced-dimension matrix V    3.7E-003
 V=L*L**T                      4.6E-004
 L**(-1)                       6.7E-004

 Full-dimension Cholesky vectors of the Coulomb matrix will be stored in memory
 Cholesky vectors computed in 7.0E-003 seconds

 ┌─────────────────────────────────────────┐
 │          Self-consistent field          │
 └─────────────────────────────────────────┘

 Atomic orbital basis set
 . . . . . . . . . . . . . . . . . . . . . . . . . . . . . . . . . . . . . . 
 atomic centers                               1
 shell parameter sets                         14
 spherical AOs                                40
 max angular momentum                         3
 parameter set                                ../../../../basis-sets/bse/def2-tzvpd.txt
 . . . . . . . . . . . . . . . . . . . . . . . . . . . . . . . . . . . . . . 
 SCF guess: bare nuclei Hamiltonian
 Starting self-consistent field iterations (spin-restricted singlet)
 Alpha+beta electrons: 18
 ----------------------------------------------------------------------------
 Exchange-correlation: Hartree-Fock
 ----------------------------------------------------------------------------
 Replicated-data parallel SCF
 ----------------------------
 Processes                               1
 Threads/process                         16
 Allocated 1.8E-004 GiB of scratch space for the KS matrix build
 ----------------------------------------------------------------------------
 Loaded pseudopotential parameters
 ----------------------------------------------------------------------------

 PALLADIUM   
 Parameters file: ../../../../basis-sets/bse/def2-tzvpd.txt
 ECP accounts for 28 core electrons

          Coeff         R^n       Exponent                                       

 Local part

        -31.92955431      2        13.27000000                                   
         -5.39821694      2         6.63000000                                   

 L = 0

        240.22904033      2        12.43000000                                   
         35.17194347      2         6.17075940                                   
         31.92955431      2        13.27000000                                   
          5.39821694      2         6.63000000                                   

 L = 1

        170.41727605      2        11.08000000                                   
         28.47213287      2         5.82955410                                   
         31.92955431      2        13.27000000                                   
          5.39821694      2         6.63000000                                   

 L = 2

         69.01384488      2         9.51000000                                   
         11.75086158      2         4.13978110                                   
         31.92955431      2        13.27000000                                   
          5.39821694      2         6.63000000                                   

 ----------------------------------------------------------------------------
 Spherical harmonic basis contains 40 vectors
 Linear independence thresh: Eig(S) > 1.0E-006
 Computations will be carried out in the space of 40 MOs
 Threshold for J, K: |Rho(r,s)*(pq|rs)|,|Rho(q,s)*(pq|rs)| > 1.0E-011
 Convergence conditions
 ----------------------
 RhoDiff < 1.0E-006
 OrbGrad < 1.0E-006
 Max number of macroiters: 1024
 ------------------------------------------------------------------------------
 #           Energy        EDiff    RhoDiff  OrbGrad  OrbShift NStored Time     
 ------------------------------------------------------------------------------
 0           44.8613912503                                        0    2.8E-002 
 1         -120.8863575481           3.2E+01                      0    7.8E-003 
 2         -126.3860497619 -5.5E+00  2.1E+00  1.0E+00  1.4E+00    1    8.2E-003 
 3         -126.5013241195 -1.2E-01  6.7E-01  3.4E-01  0.0E+00    2    8.1E-003 
 4         -126.9351781179 -4.3E-01  9.0E-01  3.2E-01  1.0E-01    3    8.9E-003 
 5         -127.0260808660 -9.1E-02  8.9E-01  7.5E-02  0.0E+00    4    8.0E-003 
 6         -127.0297205785 -3.6E-03  6.1E-02  1.7E-02  0.0E+00    5    8.2E-003 
 7         -127.0301231564 -4.0E-04  7.7E-03  6.3E-03  0.0E+00    6    8.2E-003 
 8         -127.0301355062 -1.2E-05  5.1E-03  8.1E-04  0.0E+00    7    8.2E-003 
 9         -127.0301374547 -1.9E-06  2.8E-03  3.1E-04  0.0E+00    8    8.7E-003 
 10        -127.0301376002 -1.5E-07  2.4E-04  1.0E-04  0.0E+00    8    8.4E-003 
 11        -127.0301376036 -3.4E-09  3.4E-05  8.8E-06  0.0E+00    8    8.3E-003 
 12        -127.0301376068 -3.2E-09  6.7E-05  7.3E-06  0.0E+00    8    8.4E-003 
 13        -127.0301376075 -6.4E-10  2.4E-05  5.2E-06  0.0E+00    8    8.3E-003 
 14        -127.0301376076 -8.4E-11  8.3E-06  2.4E-06  0.0E+00    8    8.3E-003 
 15        -127.0301376076 -1.1E-12  7.0E-07  3.7E-07  0.0E+00    8    8.3E-003 
 ------------------------------------------------------------------------------
 SCF converged
 Converged energy                        -127.030137607554   
 ------------------------------------------------------------------------------
 Ehomo [eV]                              -8.748753357507     
 Elumo [eV]                              0.811157302525      

 dipole moment (Debye)
        x              y              z       
     -7.778E-016     3.464E-016     1.413E-016

 traceless quadrupole moment (Debye*Angs)
                       x              y              z       
 x                   2.476E-006    -2.249E-009     3.861E-008
 y                  -2.249E-009     1.238E-006     2.049E-008
 z                   3.861E-008     2.049E-008    -3.714E-006

 ----------------------------------------------------------------------------
 Timings (seconds)
 * mean-field hamiltonian     1.2E-001
 * solver (setting up eqns)   3.3E-003
 * solver (energy estimate)   7.2E-004
 * solver (orthogonalization) 1.9E-004
 * solver (rotation matrix X) 2.3E-003
 * solver (exponential of X)  7.2E-004
 * solver (total)             7.5E-003
 * total SCF                  1.5E-001
 Atomic guess: PD, ../../../../basis-sets/bse/def2-tzvpd.txt
 -----------------------------------------------------------
 E(HF) [a.u.]                            -1.2703013761E+002
 Tr(RhoAvg S), Cartesian AOs              1.8000000000E+001
 Tr(RhoAvg S), spherical AOs              1.8000000000E+001
 max|T RhoAvg T**T - RhoAvg_sao|                  1.44E-015
 max|c(RhoAvg) - c(Rho)|                          6.66E-016
 max|RhoAvg - Rho|                                1.71E-005
 Saved /mnt/storage_6/project_data/pl0415-03/marcin/beyond-rpa/guess/electron-densities/bse/def2-tzvpd/pd.txt
 ----------------------------------------------------------------------------
                             SCF for AG (2S+1=2)                             
 ----------------------------------------------------------------------------
 NUMBER OF ATOMS                         1
 CHARGE                                  0
 Prescreening (pq|pq) integrals for the Cholesky decomposition
 Shell pairs will be sorted according to their max elements
 Max diagonal integral MaxDrs=4.0E+000
 Applying Eq. 15 in J. Chem. Phys. 150, 194112 (2019); doi: 10.1063/1.5083802
 Schwarz inequality: Dpq<min(10**(-8),Tau)**2/MaxDrs=2.5E-017
 Trace of exact Coulomb matrix: 6.2E+001
 Trace of discarded integrals: 0.0E+000
 Discarded 0 out of 105 shell pairs
 (0 out of 820 orbital pairs)

 Step 1 of Cholesky decomposition: locating pivots
 -------------------------------------------------
 Dimensions of the Coulomb matrix: (820,820)
 Threshold for diagonal matrix elements: Dpq > 1.0E-007
 Max number of Cholesky vectors: 600
 Rk storage block size: 500
 Max dimension of 2e integrals buffer: (820,820)

 ----------------------------------------------------------------------------
 #    Dmax        Memory (MB)    NPivots     %    Time        
 ----------------------------------------------------------------------------
 1    3.9E-002    8.3E+000       29          4    1.3E-002    
 2    3.7E-004    8.2E+000       161         27   1.8E-002    
 3    7.0E-007    6.9E+000       273         95   1.3E-002    
 4    8.7E-008    6.8E-001       296         100  3.0E-003    

 Step 1 of the Cholesky decomposition completed
 Computed 296 pivots
 Largest residual Dpq: 8.7E-008
 NCholesky/NAO = 7.4E+000
 Step 1 of Cholesky decomposition completed in 4.7E-002 seconds
 Detailed timings in seconds
 Subtract prev contribs I (M-R**T*R)     2.3E-003
 Subtract prev contribs II (Rk)          4.3E-003
 Two-electron integrals                  3.8E-002
 Reallocation                            8.1E-004

 Step 2 of Cholesky decomposition completed in 4.2E-003 seconds
 Detailed timings in seconds
 Reduced-dimension matrix V    3.2E-003
 V=L*L**T                      4.3E-004
 L**(-1)                       5.5E-004

 Full-dimension Cholesky vectors of the Coulomb matrix will be stored in memory
 Cholesky vectors computed in 8.8E-003 seconds

 ┌─────────────────────────────────────────┐
 │          Self-consistent field          │
 └─────────────────────────────────────────┘

 Atomic orbital basis set
 . . . . . . . . . . . . . . . . . . . . . . . . . . . . . . . . . . . . . . 
 atomic centers                               1
 shell parameter sets                         14
 spherical AOs                                40
 max angular momentum                         3
 parameter set                                ../../../../basis-sets/bse/def2-tzvpd.txt
 . . . . . . . . . . . . . . . . . . . . . . . . . . . . . . . . . . . . . . 
 SCF guess: bare nuclei Hamiltonian
 Starting self-consistent field iterations (spin-unrestricted)
 Alpha electrons: 10
 Beta electrons: 9
 ----------------------------------------------------------------------------
 Exchange-correlation: Hartree-Fock
 ----------------------------------------------------------------------------
 Replicated-data parallel SCF
 ----------------------------
 Processes                               1
 Threads/process                         16
 Allocated 3.2E-004 GiB of scratch space for the KS matrix build
 ----------------------------------------------------------------------------
 Loaded pseudopotential parameters
 ----------------------------------------------------------------------------

 SILVER      
 Parameters file: ../../../../basis-sets/bse/def2-tzvpd.txt
 ECP accounts for 28 core electrons

          Coeff         R^n       Exponent                                       

 Local part

        -33.68992012      2        14.22000000                                   
         -5.53112021      2         7.11000000                                   

 L = 0

        255.13936452      2        13.13000000                                   
         36.86612154      2         6.51000000                                   
         33.68992012      2        14.22000000                                   
          5.53112021      2         7.11000000                                   

 L = 1

        182.18186871      2        11.74000000                                   
         30.35775148      2         6.20000000                                   
         33.68992012      2        14.22000000                                   
          5.53112021      2         7.11000000                                   

 L = 2

         73.71926087      2        10.21000000                                   
         12.50211712      2         4.38000000                                   
         33.68992012      2        14.22000000                                   
          5.53112021      2         7.11000000                                   

 ----------------------------------------------------------------------------
 Spherical harmonic basis contains 40 vectors
 Linear independence thresh: Eig(S) > 1.0E-006
 Computations will be carried out in the space of 40 MOs
 Threshold for J, K: |Rho(r,s)*(pq|rs)|,|Rho(q,s)*(pq|rs)| > 1.0E-011
 Convergence conditions
 ----------------------
 RhoDiff < 1.0E-006
 OrbGrad < 1.0E-006
 Max number of macroiters: 1024
 ------------------------------------------------------------------------------
 #           Energy        EDiff    RhoDiff  OrbGrad  OrbShift NStored Time     
 ------------------------------------------------------------------------------
 0           39.7186321579                                        0    3.6E-002 
 1         -138.7874143639           1.6E+01                      0    1.6E-002 
 2         -145.1953887756 -6.4E+00  5.7E+00  1.4E+00  3.0E+00    1    1.7E-002 
 3         -145.8767683668 -6.8E-01  1.6E+00  7.0E-01  3.0E-01    2    1.7E-002 
 4         -146.1100746394 -2.3E-01  2.6E-01  2.3E-01  0.0E+00    3    1.7E-002 
 5         -146.1166248570 -6.6E-03  1.2E-01  4.1E-02  0.0E+00    4    1.7E-002 
 6         -146.1169147930 -2.9E-04  6.0E-02  4.7E-03  0.0E+00    5    1.7E-002 
 7         -146.1169188343 -4.0E-06  3.0E-03  7.2E-04  0.0E+00    6    1.7E-002 
 8         -146.1169191473 -3.1E-07  3.2E-04  1.4E-04  0.0E+00    7    1.7E-002 
 9         -146.1169191787 -3.1E-08  1.1E-04  5.3E-05  0.0E+00    8    1.7E-002 
 10        -146.1169191852 -6.5E-09  6.0E-05  1.7E-05  0.0E+00    8    1.7E-002 
 11        -146.1169191860 -7.6E-10  1.1E-05  7.5E-06  0.0E+00    8    1.7E-002 
 12        -146.1169191862 -1.5E-10  6.0E-06  3.8E-06  0.0E+00    8    1.7E-002 
 13        -146.1169191862 -6.8E-12  1.3E-06  1.0E-06  0.0E+00    8    1.7E-002 
 14        -146.1169191862 -3.4E-13  2.3E-07  2.4E-07  0.0E+00    8    1.7E-002 
 ------------------------------------------------------------------------------
 SCF converged
 Converged energy                        -146.116919186175   
 ------------------------------------------------------------------------------
 Ehomo(Alpha) [eV]                       -6.473756918084     
 Elumo(Alpha) [eV]                       1.318800734996      
 Ehomo(Beta) [eV]                        -13.842461426177    
 Elumo(Beta) [eV]                        0.361200419531      

 dipole moment (Debye)
        x              y              z       
     -7.547E-015     1.141E-015    -4.557E-015

 traceless quadrupole moment (Debye*Angs)
                       x              y              z       
 x                  -5.516E-005     4.643E-008    -5.214E-009
 y                   4.643E-008     9.239E-005     3.557E-008
 z                  -5.214E-009     3.557E-008    -3.723E-005

 ----------------------------------------------------------------------------
 Timings (seconds)
 * mean-field hamiltonian     2.4E-001
 * solver (setting up eqns)   5.6E-003
 * solver (energy estimate)   1.3E-003
 * solver (orthogonalization) 3.3E-004
 * solver (rotation matrix X) 3.9E-003
 * solver (exponential of X)  1.2E-003
 * solver (total)             1.3E-002
 * total SCF                  2.7E-001
 Atomic guess: AG, ../../../../basis-sets/bse/def2-tzvpd.txt
 -----------------------------------------------------------
 E(HF) [a.u.]                            -1.4611691919E+002
 Tr(RhoAvg S), Cartesian AOs              1.9000000000E+001
 Tr(RhoAvg S), spherical AOs              1.9000000000E+001
 max|T RhoAvg T**T - RhoAvg_sao|                  1.11E-015
 max|c(RhoAvg) - c(Rho)|                          4.44E-016
 max|RhoAvg - Rho|                                2.69E-005
 Saved /mnt/storage_6/project_data/pl0415-03/marcin/beyond-rpa/guess/electron-densities/bse/def2-tzvpd/ag.txt
 ----------------------------------------------------------------------------
                                  SCF for CD                                 
 ----------------------------------------------------------------------------
 NUMBER OF ATOMS                         1
 CHARGE                                  0
 Prescreening (pq|pq) integrals for the Cholesky decomposition
 Shell pairs will be sorted according to their max elements
 Max diagonal integral MaxDrs=4.2E+000
 Applying Eq. 15 in J. Chem. Phys. 150, 194112 (2019); doi: 10.1063/1.5083802
 Schwarz inequality: Dpq<min(10**(-8),Tau)**2/MaxDrs=2.4E-017
 Trace of exact Coulomb matrix: 6.7E+001
 Trace of discarded integrals: 0.0E+000
 Discarded 0 out of 105 shell pairs
 (0 out of 820 orbital pairs)

 Step 1 of Cholesky decomposition: locating pivots
 -------------------------------------------------
 Dimensions of the Coulomb matrix: (820,820)
 Threshold for diagonal matrix elements: Dpq > 1.0E-007
 Max number of Cholesky vectors: 600
 Rk storage block size: 500
 Max dimension of 2e integrals buffer: (820,820)

 ----------------------------------------------------------------------------
 #    Dmax        Memory (MB)    NPivots     %    Time        
 ----------------------------------------------------------------------------
 1    4.0E-002    8.3E+000       28          4    1.6E-002    
 2    3.7E-004    8.2E+000       161         26   1.5E-002    
 3    3.2E-006    6.6E+000       272         93   1.7E-002    
 4    9.4E-008    9.3E-001       294         100  3.3E-003    

 Step 1 of the Cholesky decomposition completed
 Computed 294 pivots
 Largest residual Dpq: 9.4E-008
 NCholesky/NAO = 7.3E+000
 Step 1 of Cholesky decomposition completed in 5.3E-002 seconds
 Detailed timings in seconds
 Subtract prev contribs I (M-R**T*R)     2.1E-003
 Subtract prev contribs II (Rk)          4.9E-003
 Two-electron integrals                  4.2E-002
 Reallocation                            1.2E-003

 Step 2 of Cholesky decomposition completed in 4.4E-003 seconds
 Detailed timings in seconds
 Reduced-dimension matrix V    3.2E-003
 V=L*L**T                      4.9E-004
 L**(-1)                       7.3E-004

 Full-dimension Cholesky vectors of the Coulomb matrix will be stored in memory
 Cholesky vectors computed in 8.1E-003 seconds

 ┌─────────────────────────────────────────┐
 │          Self-consistent field          │
 └─────────────────────────────────────────┘

 Atomic orbital basis set
 . . . . . . . . . . . . . . . . . . . . . . . . . . . . . . . . . . . . . . 
 atomic centers                               1
 shell parameter sets                         14
 spherical AOs                                40
 max angular momentum                         3
 parameter set                                ../../../../basis-sets/bse/def2-tzvpd.txt
 . . . . . . . . . . . . . . . . . . . . . . . . . . . . . . . . . . . . . . 
 SCF guess: bare nuclei Hamiltonian
 Starting self-consistent field iterations (spin-restricted singlet)
 Alpha+beta electrons: 20
 ----------------------------------------------------------------------------
 Exchange-correlation: Hartree-Fock
 ----------------------------------------------------------------------------
 Replicated-data parallel SCF
 ----------------------------
 Processes                               1
 Threads/process                         16
 Allocated 1.8E-004 GiB of scratch space for the KS matrix build
 ----------------------------------------------------------------------------
 Loaded pseudopotential parameters
 ----------------------------------------------------------------------------

 CADMIUM     
 Parameters file: ../../../../basis-sets/bse/def2-tzvpd.txt
 ECP accounts for 28 core electrons

          Coeff         R^n       Exponent                                       

 Local part

        -35.47662555      2        15.18479570                                   
         -5.61767685      2         7.59239780                                   

 L = 0

        270.00948324      2        13.83586890                                   
         38.76730798      2         6.85727040                                   
         35.47662555      2        15.18479570                                   
          5.61767685      2         7.59239780                                   

 L = 1

        193.82962939      2        12.40497100                                   
         31.89652523      2         6.56779950                                   
         35.47662555      2        15.18479570                                   
          5.61767685      2         7.59239780                                   

 L = 2

         79.19364700      2        10.89692530                                   
         13.23082674      2         4.64116490                                   
         35.47662555      2        15.18479570                                   
          5.61767685      2         7.59239780                                   

 ----------------------------------------------------------------------------
 Spherical harmonic basis contains 40 vectors
 Linear independence thresh: Eig(S) > 1.0E-006
 Computations will be carried out in the space of 40 MOs
 Threshold for J, K: |Rho(r,s)*(pq|rs)|,|Rho(q,s)*(pq|rs)| > 1.0E-011
 Convergence conditions
 ----------------------
 RhoDiff < 1.0E-006
 OrbGrad < 1.0E-006
 Max number of macroiters: 1024
 ------------------------------------------------------------------------------
 #           Energy        EDiff    RhoDiff  OrbGrad  OrbShift NStored Time     
 ------------------------------------------------------------------------------
 0           36.4078690633                                        0    2.9E-002 
 1         -158.3753988277           3.0E+01                      0    8.2E-003 
 2         -166.0611013016 -7.7E+00  1.3E+01  1.6E+00  3.0E+00    1    8.7E-003 
 3         -166.7283900407 -6.7E-01  3.0E+00  5.8E-01  2.2E-01    2    8.7E-003 
 4         -166.8799030641 -1.5E-01  4.3E-01  1.8E-01  0.0E+00    3    8.8E-003 
 5         -166.8837736266 -3.9E-03  9.0E-02  3.0E-02  0.0E+00    4    8.7E-003 
 6         -166.8838471817 -7.4E-05  2.9E-02  2.8E-03  0.0E+00    5    8.7E-003 
 7         -166.8838476548 -4.7E-07  5.7E-04  2.9E-04  0.0E+00    6    8.9E-003 
 8         -166.8838476559 -1.1E-09  5.8E-05  1.9E-05  0.0E+00    7    9.0E-003 
 9         -166.8838476559 -1.1E-11  4.6E-06  1.8E-06  0.0E+00    8    9.5E-003 
 10        -166.8838476559 -5.7E-14  5.2E-07  1.7E-07  0.0E+00    8    8.8E-003 
 ------------------------------------------------------------------------------
 SCF converged
 Converged energy                        -166.883847655937   
 ------------------------------------------------------------------------------
 Ehomo [eV]                              -7.647491094764     
 Elumo [eV]                              1.552922171424      

 dipole moment (Debye)
        x              y              z       
      8.575E-015    -2.556E-015     2.265E-015

 traceless quadrupole moment (Debye*Angs)
                       x              y              z       
 x                  -1.990E-005    -1.562E-007     6.030E-009
 y                  -1.562E-007     6.243E-005     1.467E-008
 z                   6.030E-009     1.467E-008    -4.253E-005

 ----------------------------------------------------------------------------
 Timings (seconds)
 * mean-field hamiltonian     9.2E-002
 * solver (setting up eqns)   1.9E-003
 * solver (energy estimate)   3.5E-004
 * solver (orthogonalization) 1.2E-004
 * solver (rotation matrix X) 1.1E-003
 * solver (exponential of X)  4.5E-004
 * solver (total)             4.2E-003
 * total SCF                  1.2E-001
 Atomic guess: CD, ../../../../basis-sets/bse/def2-tzvpd.txt
 -----------------------------------------------------------
 E(HF) [a.u.]                            -1.6688384766E+002
 Tr(RhoAvg S), Cartesian AOs              2.0000000000E+001
 Tr(RhoAvg S), spherical AOs              2.0000000000E+001
 max|T RhoAvg T**T - RhoAvg_sao|                  1.33E-015
 max|c(RhoAvg) - c(Rho)|                          4.44E-016
 max|RhoAvg - Rho|                                2.96E-005
 Saved /mnt/storage_6/project_data/pl0415-03/marcin/beyond-rpa/guess/electron-densities/bse/def2-tzvpd/cd.txt
 ----------------------------------------------------------------------------
                             SCF for IN (2S+1=2)                             
 ----------------------------------------------------------------------------
 NUMBER OF ATOMS                         1
 CHARGE                                  0
 Prescreening (pq|pq) integrals for the Cholesky decomposition
 Shell pairs will be sorted according to their max elements
 Max diagonal integral MaxDrs=4.0E+000
 Applying Eq. 15 in J. Chem. Phys. 150, 194112 (2019); doi: 10.1063/1.5083802
 Schwarz inequality: Dpq<min(10**(-8),Tau)**2/MaxDrs=2.5E-017
 Trace of exact Coulomb matrix: 7.9E+001
 Trace of discarded integrals: 0.0E+000
 Discarded 0 out of 171 shell pairs
 (0 out of 1596 orbital pairs)

 Step 1 of Cholesky decomposition: locating pivots
 -------------------------------------------------
 Dimensions of the Coulomb matrix: (1596,1596)
 Threshold for diagonal matrix elements: Dpq > 1.0E-007
 Max number of Cholesky vectors: 840
 Rk storage block size: 500
 Max dimension of 2e integrals buffer: (1596,1000)

 ----------------------------------------------------------------------------
 #    Dmax        Memory (MB)    NPivots     %    Time        
 ----------------------------------------------------------------------------
 1    3.9E-002    1.8E+001       32          5    6.3E-002    
 2    3.9E-004    1.8E+001       245         33   4.7E-002    
 3    3.8E-006    1.5E+001       363         83   6.4E-002    
 4    6.6E-008    4.3E+000       429         100  2.8E-002    

 Step 1 of the Cholesky decomposition completed
 Computed 429 pivots
 Largest residual Dpq: 6.6E-008
 NCholesky/NAO = 7.7E+000
 Step 1 of Cholesky decomposition completed in 2.0E-001 seconds
 Detailed timings in seconds
 Subtract prev contribs I (M-R**T*R)     6.0E-003
 Subtract prev contribs II (Rk)          1.1E-002
 Two-electron integrals                  1.8E-001
 Reallocation                            3.4E-003

 Step 2 of Cholesky decomposition completed in 1.6E-002 seconds
 Detailed timings in seconds
 Reduced-dimension matrix V    1.4E-002
 V=L*L**T                      6.8E-004
 L**(-1)                       9.6E-004

 Full-dimension Cholesky vectors of the Coulomb matrix will be stored in memory
 Cholesky vectors computed in 2.8E-002 seconds

 ┌─────────────────────────────────────────┐
 │          Self-consistent field          │
 └─────────────────────────────────────────┘

 Atomic orbital basis set
 . . . . . . . . . . . . . . . . . . . . . . . . . . . . . . . . . . . . . . 
 atomic centers                               1
 shell parameter sets                         18
 spherical AOs                                56
 max angular momentum                         3
 parameter set                                ../../../../basis-sets/bse/def2-tzvpd.txt
 . . . . . . . . . . . . . . . . . . . . . . . . . . . . . . . . . . . . . . 
 SCF guess: bare nuclei Hamiltonian
 Starting self-consistent field iterations (spin-unrestricted)
 Alpha electrons: 11
 Beta electrons: 10
 ----------------------------------------------------------------------------
 Exchange-correlation: Hartree-Fock
 ----------------------------------------------------------------------------
 Replicated-data parallel SCF
 ----------------------------
 Processes                               1
 Threads/process                         16
 Allocated 6.4E-004 GiB of scratch space for the KS matrix build
 ----------------------------------------------------------------------------
 Loaded pseudopotential parameters
 ----------------------------------------------------------------------------

 INDIUM      
 Parameters file: ../../../../basis-sets/bse/def2-tzvpd.txt
 ECP accounts for 28 core electrons

          Coeff         R^n       Exponent                                       

 Local part

        -13.72807800      2        12.53905600                                   
        -18.20686600      2        12.55256100                                   

 L = 0

        281.12235000      2        15.39282200                                   
         61.90147000      2         8.05586400                                   
         13.72807800      2        12.53905600                                   
         18.20686600      2        12.55256100                                   

 L = 1

         67.46215400      2        13.92867200                                   
        134.94925000      2        13.34723400                                   
         14.74614000      2         7.61413200                                   
         29.63926200      2         7.31836500                                   
         13.72807800      2        12.53905600                                   
         18.20686600      2        12.55256100                                   

 L = 2

         35.49325400      2        14.03471500                                   
         53.17877300      2        14.51161600                                   
          9.17728100      2         5.55055000                                   
         12.39241000      2         5.05941500                                   
         13.72807800      2        12.53905600                                   
         18.20686600      2        12.55256100                                   

 ----------------------------------------------------------------------------
 Spherical harmonic basis contains 56 vectors
 Linear independence thresh: Eig(S) > 1.0E-006
 Computations will be carried out in the space of 56 MOs
 Threshold for J, K: |Rho(r,s)*(pq|rs)|,|Rho(q,s)*(pq|rs)| > 1.0E-011
 Convergence conditions
 ----------------------
 RhoDiff < 1.0E-006
 OrbGrad < 1.0E-006
 Max number of macroiters: 1024
 ------------------------------------------------------------------------------
 #           Energy        EDiff    RhoDiff  OrbGrad  OrbShift NStored Time     
 ------------------------------------------------------------------------------
 0           36.1387099224                                        0    6.5E-002 
 1         -179.9500259961           1.6E+02                      0    4.3E-002 
 2         -186.1042360987 -6.2E+00  8.0E+00  1.7E+00  3.4E+00    1    4.6E-002 
 3         -188.5260370704 -2.4E+00  1.7E+00  9.3E-01  1.6E+00    2    4.7E-002 
 4         -189.1464684176 -6.2E-01  1.1E+00  4.1E-01  5.3E-01    3    4.8E-002 
 5         -189.2045455274 -5.8E-02  7.2E-01  9.7E-02  0.0E+00    4    4.6E-002 
 6         -189.2095041813 -5.0E-03  1.7E-01  2.0E-02  0.0E+00    5    4.7E-002 
 7         -189.2099364820 -4.3E-04  2.9E-02  6.2E-03  0.0E+00    6    4.6E-002 
 8         -189.2099710260 -3.5E-05  8.8E-03  2.6E-03  0.0E+00    7    4.6E-002 
 9         -189.2099729170 -1.9E-06  2.2E-03  4.6E-04  0.0E+00    8    4.6E-002 
 10        -189.2099729877 -7.1E-08  7.8E-04  7.1E-05  0.0E+00    8    4.7E-002 
 11        -189.2099729898 -2.0E-09  1.2E-04  1.6E-05  0.0E+00    8    4.7E-002 
 12        -189.2099729899 -1.4E-10  2.7E-05  3.8E-06  0.0E+00    8    4.6E-002 
 13        -189.2099729899 -7.3E-12  2.5E-06  8.5E-07  0.0E+00    8    4.4E-002 
 14        -189.2099729899 -1.5E-12  8.4E-07  3.2E-07  0.0E+00    8    4.4E-002 
 ------------------------------------------------------------------------------
 SCF converged
 Converged energy                        -189.209972989915   
 ------------------------------------------------------------------------------
 Ehomo(Alpha) [eV]                       -5.477477432163     
 Elumo(Alpha) [eV]                       0.332978284927      
 Ehomo(Beta) [eV]                        -10.040287752343    
 Elumo(Beta) [eV]                        0.565231890665      

 dipole moment (Debye)
        x              y              z       
     -8.252E-015     8.164E-015     4.228E-015

 traceless quadrupole moment (Debye*Angs)
                       x              y              z       
 x                  -5.865E+000    -5.616E+000    -1.292E+000
 y                  -5.616E+000     1.496E+000    -6.978E-001
 z                  -1.292E+000    -6.978E-001     4.369E+000

 ----------------------------------------------------------------------------
 Timings (seconds)
 * mean-field hamiltonian     6.6E-001
 * solver (setting up eqns)   9.1E-003
 * solver (energy estimate)   1.4E-003
 * solver (orthogonalization) 5.8E-004
 * solver (rotation matrix X) 6.6E-003
 * solver (exponential of X)  8.6E-003
 * solver (total)             2.7E-002
 * total SCF                  7.1E-001
 Atomic guess: IN, ../../../../basis-sets/bse/def2-tzvpd.txt
 -----------------------------------------------------------
 E(HF) [a.u.]                            -1.8920997299E+002
 Tr(RhoAvg S), Cartesian AOs              2.1000000000E+001
 Tr(RhoAvg S), spherical AOs              2.1000000000E+001
 max|T RhoAvg T**T - RhoAvg_sao|                  2.22E-015
 max|c(RhoAvg) - c(Rho)|                          5.33E-015
 max|RhoAvg - Rho|                                1.44E-001
 Saved /mnt/storage_6/project_data/pl0415-03/marcin/beyond-rpa/guess/electron-densities/bse/def2-tzvpd/in.txt
 ----------------------------------------------------------------------------
                             SCF for SN (2S+1=3)                             
 ----------------------------------------------------------------------------
 NUMBER OF ATOMS                         1
 CHARGE                                  0
 Prescreening (pq|pq) integrals for the Cholesky decomposition
 Shell pairs will be sorted according to their max elements
 Max diagonal integral MaxDrs=4.1E+000
 Applying Eq. 15 in J. Chem. Phys. 150, 194112 (2019); doi: 10.1063/1.5083802
 Schwarz inequality: Dpq<min(10**(-8),Tau)**2/MaxDrs=2.5E-017
 Trace of exact Coulomb matrix: 8.6E+001
 Trace of discarded integrals: 0.0E+000
 Discarded 0 out of 171 shell pairs
 (0 out of 1596 orbital pairs)

 Step 1 of Cholesky decomposition: locating pivots
 -------------------------------------------------
 Dimensions of the Coulomb matrix: (1596,1596)
 Threshold for diagonal matrix elements: Dpq > 1.0E-007
 Max number of Cholesky vectors: 840
 Rk storage block size: 500
 Max dimension of 2e integrals buffer: (1596,1000)

 ----------------------------------------------------------------------------
 #    Dmax        Memory (MB)    NPivots     %    Time        
 ----------------------------------------------------------------------------
 1    4.0E-002    1.8E+001       35          5    7.3E-002    
 2    3.8E-004    1.8E+001       243         33   5.4E-002    
 3    3.8E-006    1.6E+001       362         85   5.9E-002    
 4    8.2E-008    4.5E+000       424         100  2.1E-002    

 Step 1 of the Cholesky decomposition completed
 Computed 424 pivots
 Largest residual Dpq: 8.2E-008
 NCholesky/NAO = 7.6E+000
 Step 1 of Cholesky decomposition completed in 2.1E-001 seconds
 Detailed timings in seconds
 Subtract prev contribs I (M-R**T*R)     5.6E-003
 Subtract prev contribs II (Rk)          1.2E-002
 Two-electron integrals                  1.8E-001
 Reallocation                            2.5E-003

 Step 2 of Cholesky decomposition completed in 1.5E-002 seconds
 Detailed timings in seconds
 Reduced-dimension matrix V    1.4E-002
 V=L*L**T                      5.5E-004
 L**(-1)                       7.7E-004

 Full-dimension Cholesky vectors of the Coulomb matrix will be stored in memory
 Cholesky vectors computed in 3.0E-002 seconds

 ┌─────────────────────────────────────────┐
 │          Self-consistent field          │
 └─────────────────────────────────────────┘

 Atomic orbital basis set
 . . . . . . . . . . . . . . . . . . . . . . . . . . . . . . . . . . . . . . 
 atomic centers                               1
 shell parameter sets                         18
 spherical AOs                                56
 max angular momentum                         3
 parameter set                                ../../../../basis-sets/bse/def2-tzvpd.txt
 . . . . . . . . . . . . . . . . . . . . . . . . . . . . . . . . . . . . . . 
 SCF guess: bare nuclei Hamiltonian
 Starting self-consistent field iterations (spin-unrestricted)
 Alpha electrons: 12
 Beta electrons: 10
 ----------------------------------------------------------------------------
 Exchange-correlation: Hartree-Fock
 ----------------------------------------------------------------------------
 Replicated-data parallel SCF
 ----------------------------
 Processes                               1
 Threads/process                         16
 Allocated 6.4E-004 GiB of scratch space for the KS matrix build
 ----------------------------------------------------------------------------
 Loaded pseudopotential parameters
 ----------------------------------------------------------------------------

 TIN         
 Parameters file: ../../../../basis-sets/bse/def2-tzvpd.txt
 ECP accounts for 28 core electrons

          Coeff         R^n       Exponent                                       

 Local part

        -12.57633300      2        12.28234800                                   
        -16.59594400      2        12.27215000                                   

 L = 0

        279.98868200      2        17.42041400                                   
         62.37781000      2         7.63115500                                   
         12.57633300      2        12.28234800                                   
         16.59594400      2        12.27215000                                   

 L = 1

         66.16252300      2        16.13102400                                   
        132.17439600      2        15.62807700                                   
         16.33941700      2         7.32560800                                   
         32.48895900      2         6.94251900                                   
         12.57633300      2        12.28234800                                   
         16.59594400      2        12.27215000                                   

 L = 2

         36.38744100      2        15.51497600                                   
         54.50784100      2        15.18816000                                   
          8.69682300      2         5.45602400                                   
         12.84020800      2         5.36310500                                   
         12.57633300      2        12.28234800                                   
         16.59594400      2        12.27215000                                   

 ----------------------------------------------------------------------------
 Spherical harmonic basis contains 56 vectors
 Linear independence thresh: Eig(S) > 1.0E-006
 Computations will be carried out in the space of 56 MOs
 Threshold for J, K: |Rho(r,s)*(pq|rs)|,|Rho(q,s)*(pq|rs)| > 1.0E-011
 Convergence conditions
 ----------------------
 RhoDiff < 1.0E-006
 OrbGrad < 1.0E-006
 Max number of macroiters: 1024
 ------------------------------------------------------------------------------
 #           Energy        EDiff    RhoDiff  OrbGrad  OrbShift NStored Time     
 ------------------------------------------------------------------------------
 0           24.6401661732                                        0    6.5E-002 
 1         -205.0325070163           1.1E+02                      0    4.6E-002 
 2         -211.4205910613 -6.4E+00  8.9E+00  2.0E+00  3.3E+00    1    4.6E-002 
 3         -213.1414562144 -1.7E+00  2.2E+00  7.0E-01  4.2E-01    2    4.6E-002 
 4         -213.3311019076 -1.9E-01  3.9E-01  2.1E-01  0.0E+00    3    4.6E-002 
 5         -213.3392473719 -8.1E-03  1.8E-01  4.8E-02  0.0E+00    4    4.5E-002 
 6         -213.3397220759 -4.7E-04  5.8E-02  7.9E-03  0.0E+00    5    4.5E-002 
 7         -213.3397308436 -8.8E-06  1.0E-02  1.6E-03  0.0E+00    6    4.5E-002 
 8         -213.3397313463 -5.0E-07  1.2E-03  2.0E-04  0.0E+00    7    4.5E-002 
 9         -213.3397313618 -1.5E-08  2.0E-04  4.4E-05  0.0E+00    8    4.5E-002 
 10        -213.3397313620 -2.2E-10  1.8E-05  5.2E-06  0.0E+00    8    4.5E-002 
 11        -213.3397313620 -1.8E-11  2.1E-06  1.9E-06  0.0E+00    8    4.5E-002 
 12        -213.3397313620 -2.5E-12  7.0E-07  7.0E-07  0.0E+00    8    4.5E-002 
 ------------------------------------------------------------------------------
 SCF converged
 Converged energy                        -213.339731362009   
 ------------------------------------------------------------------------------
 Ehomo(Alpha) [eV]                       -7.261648925085     
 Elumo(Alpha) [eV]                       -0.433552937539     
 Ehomo(Beta) [eV]                        -12.021923076860    
 Elumo(Beta) [eV]                        0.153465696754      

 dipole moment (Debye)
        x              y              z       
      8.460E-015     6.806E-016     1.300E-015

 traceless quadrupole moment (Debye*Angs)
                       x              y              z       
 x                  -2.949E+000     1.124E+000    -1.332E+000
 y                   1.124E+000     6.778E-001    -4.676E+000
 z                  -1.332E+000    -4.676E+000     2.271E+000

 ----------------------------------------------------------------------------
 Timings (seconds)
 * mean-field hamiltonian     5.7E-001
 * solver (setting up eqns)   7.5E-003
 * solver (energy estimate)   1.1E-003
 * solver (orthogonalization) 4.8E-004
 * solver (rotation matrix X) 4.1E-003
 * solver (exponential of X)  6.8E-003
 * solver (total)             2.0E-002
 * total SCF                  6.1E-001
 Atomic guess: SN, ../../../../basis-sets/bse/def2-tzvpd.txt
 -----------------------------------------------------------
 E(HF) [a.u.]                            -2.1333973136E+002
 Tr(RhoAvg S), Cartesian AOs              2.2000000000E+001
 Tr(RhoAvg S), spherical AOs              2.2000000000E+001
 max|T RhoAvg T**T - RhoAvg_sao|                  1.55E-015
 max|c(RhoAvg) - c(Rho)|                          6.66E-016
 max|RhoAvg - Rho|                                1.63E-001
 Saved /mnt/storage_6/project_data/pl0415-03/marcin/beyond-rpa/guess/electron-densities/bse/def2-tzvpd/sn.txt
 ----------------------------------------------------------------------------
                             SCF for SB (2S+1=4)                             
 ----------------------------------------------------------------------------
 NUMBER OF ATOMS                         1
 CHARGE                                  0
 Prescreening (pq|pq) integrals for the Cholesky decomposition
 Shell pairs will be sorted according to their max elements
 Max diagonal integral MaxDrs=4.3E+000
 Applying Eq. 15 in J. Chem. Phys. 150, 194112 (2019); doi: 10.1063/1.5083802
 Schwarz inequality: Dpq<min(10**(-8),Tau)**2/MaxDrs=2.3E-017
 Trace of exact Coulomb matrix: 9.1E+001
 Trace of discarded integrals: 0.0E+000
 Discarded 0 out of 171 shell pairs
 (0 out of 1596 orbital pairs)

 Step 1 of Cholesky decomposition: locating pivots
 -------------------------------------------------
 Dimensions of the Coulomb matrix: (1596,1596)
 Threshold for diagonal matrix elements: Dpq > 1.0E-007
 Max number of Cholesky vectors: 840
 Rk storage block size: 500
 Max dimension of 2e integrals buffer: (1596,1000)

 ----------------------------------------------------------------------------
 #    Dmax        Memory (MB)    NPivots     %    Time        
 ----------------------------------------------------------------------------
 1    4.2E-002    1.8E+001       36          5    7.3E-002    
 2    4.6E-004    1.8E+001       241         32   7.2E-002    
 3    4.2E-006    1.6E+001       357         82   7.3E-002    
 4    6.4E-008    7.6E+000       424         100  2.6E-002    

 Step 1 of the Cholesky decomposition completed
 Computed 424 pivots
 Largest residual Dpq: 6.4E-008
 NCholesky/NAO = 7.6E+000
 Step 1 of Cholesky decomposition completed in 2.4E-001 seconds
 Detailed timings in seconds
 Subtract prev contribs I (M-R**T*R)     5.2E-003
 Subtract prev contribs II (Rk)          1.2E-002
 Two-electron integrals                  2.2E-001
 Reallocation                            2.5E-003

 Step 2 of Cholesky decomposition completed in 1.5E-002 seconds
 Detailed timings in seconds
 Reduced-dimension matrix V    1.4E-002
 V=L*L**T                      5.3E-004
 L**(-1)                       6.6E-004

 Full-dimension Cholesky vectors of the Coulomb matrix will be stored in memory
 Cholesky vectors computed in 2.8E-002 seconds

 ┌─────────────────────────────────────────┐
 │          Self-consistent field          │
 └─────────────────────────────────────────┘

 Atomic orbital basis set
 . . . . . . . . . . . . . . . . . . . . . . . . . . . . . . . . . . . . . . 
 atomic centers                               1
 shell parameter sets                         18
 spherical AOs                                56
 max angular momentum                         3
 parameter set                                ../../../../basis-sets/bse/def2-tzvpd.txt
 . . . . . . . . . . . . . . . . . . . . . . . . . . . . . . . . . . . . . . 
 SCF guess: bare nuclei Hamiltonian
 Starting self-consistent field iterations (spin-unrestricted)
 Alpha electrons: 13
 Beta electrons: 10
 ----------------------------------------------------------------------------
 Exchange-correlation: Hartree-Fock
 ----------------------------------------------------------------------------
 Replicated-data parallel SCF
 ----------------------------
 Processes                               1
 Threads/process                         16
 Allocated 6.4E-004 GiB of scratch space for the KS matrix build
 ----------------------------------------------------------------------------
 Loaded pseudopotential parameters
 ----------------------------------------------------------------------------

 ANTIMONY    
 Parameters file: ../../../../basis-sets/bse/def2-tzvpd.txt
 ECP accounts for 28 core electrons

          Coeff         R^n       Exponent                                       

 Local part

        -15.36680100      2        14.44497800                                   
        -20.29613800      2        14.44929500                                   

 L = 0

        281.07158100      2        16.33086500                                   
         61.71660400      2         8.55654200                                   
         15.36680100      2        14.44497800                                   
         20.29613800      2        14.44929500                                   

 L = 1

         67.45738000      2        14.47033700                                   
        134.93350300      2        13.81619400                                   
         14.71634400      2         8.42492400                                   
         29.51851200      2         8.09272800                                   
         15.36680100      2        14.44497800                                   
         20.29613800      2        14.44929500                                   

 L = 2

         35.44781500      2        14.88633100                                   
         53.14346600      2        15.14631900                                   
          9.17922300      2         5.90826700                                   
         13.24025300      2         5.59432200                                   
         15.36680100      2        14.44497800                                   
         20.29613800      2        14.44929500                                   

 ----------------------------------------------------------------------------
 Spherical harmonic basis contains 56 vectors
 Linear independence thresh: Eig(S) > 1.0E-006
 Computations will be carried out in the space of 56 MOs
 Threshold for J, K: |Rho(r,s)*(pq|rs)|,|Rho(q,s)*(pq|rs)| > 1.0E-011
 Convergence conditions
 ----------------------
 RhoDiff < 1.0E-006
 OrbGrad < 1.0E-006
 Max number of macroiters: 1024
 ------------------------------------------------------------------------------
 #           Energy        EDiff    RhoDiff  OrbGrad  OrbShift NStored Time     
 ------------------------------------------------------------------------------
 0           21.2891948865                                        0    6.7E-002 
 1         -230.5958210557           5.3E+01                      0    4.5E-002 
 2         -237.5825323236 -7.0E+00  9.6E+00  2.1E+00  2.9E+00    1    4.7E-002 
 3         -239.0756792420 -1.5E+00  2.1E+00  4.7E-01  3.3E-01    2    4.7E-002 
 4         -239.2678874400 -1.9E-01  3.5E-01  2.0E-01  0.0E+00    3    4.9E-002 
 5         -239.2766833578 -8.8E-03  2.1E-01  5.4E-02  0.0E+00    4    4.9E-002 
 6         -239.2771148506 -4.3E-04  5.2E-02  8.1E-03  0.0E+00    5    4.8E-002 
 7         -239.2771184040 -3.6E-06  6.2E-03  1.0E-03  0.0E+00    6    4.8E-002 
 8         -239.2771185708 -1.7E-07  1.1E-03  1.5E-04  0.0E+00    7    4.9E-002 
 9         -239.2771185749 -4.2E-09  9.2E-05  2.1E-05  0.0E+00    8    4.8E-002 
 10        -239.2771185751 -1.5E-10  2.2E-05  5.4E-06  0.0E+00    8    4.9E-002 
 11        -239.2771185751 -3.3E-12  2.5E-06  6.2E-07  0.0E+00    8    4.8E-002 
 12        -239.2771185751 -2.6E-13  5.5E-07  1.8E-07  0.0E+00    8    4.9E-002 
 ------------------------------------------------------------------------------
 SCF converged
 Converged energy                        -239.277118575107   
 ------------------------------------------------------------------------------
 Ehomo(Alpha) [eV]                       -9.095637873247     
 Elumo(Alpha) [eV]                       1.986322824701      
 Ehomo(Beta) [eV]                        -13.810834881389    
 Elumo(Beta) [eV]                        0.740887581074      

 dipole moment (Debye)
        x              y              z       
      4.122E-015     4.132E-015     1.413E-015

 traceless quadrupole moment (Debye*Angs)
                       x              y              z       
 x                  -1.699E-007    -2.981E-007    -1.564E-007
 y                  -2.981E-007     1.599E-007    -6.297E-007
 z                  -1.564E-007    -6.297E-007     1.001E-008

 ----------------------------------------------------------------------------
 Timings (seconds)
 * mean-field hamiltonian     6.0E-001
 * solver (setting up eqns)   7.6E-003
 * solver (energy estimate)   1.0E-003
 * solver (orthogonalization) 4.9E-004
 * solver (rotation matrix X) 4.1E-003
 * solver (exponential of X)  6.6E-003
 * solver (total)             2.0E-002
 * total SCF                  6.5E-001
 Atomic guess: SB, ../../../../basis-sets/bse/def2-tzvpd.txt
 -----------------------------------------------------------
 E(HF) [a.u.]                            -2.3927711858E+002
 Tr(RhoAvg S), Cartesian AOs              2.3000000000E+001
 Tr(RhoAvg S), spherical AOs              2.3000000000E+001
 max|T RhoAvg T**T - RhoAvg_sao|                  2.66E-015
 max|c(RhoAvg) - c(Rho)|                          8.88E-016
 max|RhoAvg - Rho|                                2.16E-005
 Saved /mnt/storage_6/project_data/pl0415-03/marcin/beyond-rpa/guess/electron-densities/bse/def2-tzvpd/sb.txt
 ----------------------------------------------------------------------------
                             SCF for TE (2S+1=3)                             
 ----------------------------------------------------------------------------
 NUMBER OF ATOMS                         1
 CHARGE                                  0
 Prescreening (pq|pq) integrals for the Cholesky decomposition
 Shell pairs will be sorted according to their max elements
 Max diagonal integral MaxDrs=4.3E+000
 Applying Eq. 15 in J. Chem. Phys. 150, 194112 (2019); doi: 10.1063/1.5083802
 Schwarz inequality: Dpq<min(10**(-8),Tau)**2/MaxDrs=2.3E-017
 Trace of exact Coulomb matrix: 9.9E+001
 Trace of discarded integrals: 0.0E+000
 Discarded 0 out of 190 shell pairs
 (0 out of 1770 orbital pairs)

 Step 1 of Cholesky decomposition: locating pivots
 -------------------------------------------------
 Dimensions of the Coulomb matrix: (1770,1770)
 Threshold for diagonal matrix elements: Dpq > 1.0E-007
 Max number of Cholesky vectors: 885
 Rk storage block size: 500
 Max dimension of 2e integrals buffer: (1770,1000)

 ----------------------------------------------------------------------------
 #    Dmax        Memory (MB)    NPivots     %    Time        
 ----------------------------------------------------------------------------
 1    4.2E-002    2.0E+001       41          5    4.6E-002    
 2    4.0E-004    2.0E+001       256         34   8.1E-002    
 3    3.4E-006    1.7E+001       373         81   5.7E-002    
 4    8.9E-008    6.6E+000       443         100  3.6E-002    

 Step 1 of the Cholesky decomposition completed
 Computed 443 pivots
 Largest residual Dpq: 8.9E-008
 NCholesky/NAO = 7.5E+000
 Step 1 of Cholesky decomposition completed in 2.2E-001 seconds
 Detailed timings in seconds
 Subtract prev contribs I (M-R**T*R)     5.7E-003
 Subtract prev contribs II (Rk)          1.3E-002
 Two-electron integrals                  2.0E-001
 Reallocation                            2.4E-003

 Step 2 of Cholesky decomposition completed in 1.9E-002 seconds
 Detailed timings in seconds
 Reduced-dimension matrix V    1.8E-002
 V=L*L**T                      7.4E-004
 L**(-1)                       9.4E-004

 Full-dimension Cholesky vectors of the Coulomb matrix will be stored in memory
 Cholesky vectors computed in 3.0E-002 seconds

 ┌─────────────────────────────────────────┐
 │          Self-consistent field          │
 └─────────────────────────────────────────┘

 Atomic orbital basis set
 . . . . . . . . . . . . . . . . . . . . . . . . . . . . . . . . . . . . . . 
 atomic centers                               1
 shell parameter sets                         19
 spherical AOs                                59
 max angular momentum                         3
 parameter set                                ../../../../basis-sets/bse/def2-tzvpd.txt
 . . . . . . . . . . . . . . . . . . . . . . . . . . . . . . . . . . . . . . 
 SCF guess: bare nuclei Hamiltonian
 Starting self-consistent field iterations (spin-unrestricted)
 Alpha electrons: 13
 Beta electrons: 11
 ----------------------------------------------------------------------------
 Exchange-correlation: Hartree-Fock
 ----------------------------------------------------------------------------
 Replicated-data parallel SCF
 ----------------------------
 Processes                               1
 Threads/process                         16
 Allocated 6.9E-004 GiB of scratch space for the KS matrix build
 ----------------------------------------------------------------------------
 Loaded pseudopotential parameters
 ----------------------------------------------------------------------------

 TELLURIUM   
 Parameters file: ../../../../basis-sets/bse/def2-tzvpd.txt
 ECP accounts for 28 core electrons

          Coeff         R^n       Exponent                                       

 Local part

        -15.74545000      2        15.20616800                                   
        -20.74244800      2        15.20170200                                   

 L = 0

        281.04584300      2        16.81447300                                   
         61.62065600      2         8.79352600                                   
         15.74545000      2        15.20616800                                   
         20.74244800      2        15.20170200                                   

 L = 1

         67.44946400      2        14.87780100                                   
        134.90430400      2        14.26973100                                   
         14.68954700      2         8.72443500                                   
         29.41506300      2         8.29151500                                   
         15.74545000      2        15.20616800                                   
         20.74244800      2        15.20170200                                   

 L = 2

         35.43205700      2        15.20500800                                   
         53.13568700      2        15.22584800                                   
          9.06980200      2         6.07176900                                   
         13.12230400      2         5.80476000                                   
         15.74545000      2        15.20616800                                   
         20.74244800      2        15.20170200                                   

 ----------------------------------------------------------------------------
 Spherical harmonic basis contains 59 vectors
 Linear independence thresh: Eig(S) > 1.0E-006
 Computations will be carried out in the space of 59 MOs
 Threshold for J, K: |Rho(r,s)*(pq|rs)|,|Rho(q,s)*(pq|rs)| > 1.0E-011
 Convergence conditions
 ----------------------
 RhoDiff < 1.0E-006
 OrbGrad < 1.0E-006
 Max number of macroiters: 1024
 ------------------------------------------------------------------------------
 #           Energy        EDiff    RhoDiff  OrbGrad  OrbShift NStored Time     
 ------------------------------------------------------------------------------
 0           -0.2302483441                                        0    8.1E-002 
 1         -244.4151726299           1.0E+02                      0    5.8E-002 
 2         -258.9938896663 -1.5E+01  9.5E+00  2.5E+00  4.7E+00    1    6.0E-002 
 3         -262.5608268084 -3.6E+00  1.2E+00  1.3E+00  1.9E+00    2    5.9E-002 
 4         -264.5011105065 -1.9E+00  9.4E-01  2.6E-01  1.0E+00    3    6.0E-002 
 5         -266.6825269946 -2.2E+00  8.4E-01  4.3E-01  8.1E-01    4    6.0E-002 
 6         -266.9985803325 -3.2E-01  2.1E-01  2.4E-01  0.0E+00    5    5.7E-002 
 7         -267.0053106614 -6.7E-03  1.2E-01  3.4E-02  0.0E+00    6    5.7E-002 
 8         -267.0056083926 -3.0E-04  2.6E-02  4.7E-03  0.0E+00    7    5.6E-002 
 9         -267.0056220610 -1.4E-05  4.2E-03  1.4E-03  0.0E+00    8    5.6E-002 
 10        -267.0056230665 -1.0E-06  8.1E-04  2.8E-04  0.0E+00    8    5.7E-002 
 11        -267.0056231768 -1.1E-07  4.3E-04  1.1E-04  0.0E+00    8    5.7E-002 
 12        -267.0056231797 -2.9E-09  3.7E-05  1.6E-05  0.0E+00    8    5.8E-002 
 13        -267.0056231799 -2.1E-10  8.6E-06  4.1E-06  0.0E+00    8    5.8E-002 
 14        -267.0056231799 -2.4E-11  4.6E-06  1.4E-06  0.0E+00    8    5.7E-002 
 15        -267.0056231799 -2.4E-12  3.3E-06  7.8E-07  0.0E+00    8    5.5E-002 
 16        -267.0056231799 -4.5E-13  5.8E-07  1.8E-07  0.0E+00    8    5.6E-002 
 ------------------------------------------------------------------------------
 SCF converged
 Converged energy                        -267.005623179899   
 ------------------------------------------------------------------------------
 Ehomo(Alpha) [eV]                       -9.329980980779     
 Elumo(Alpha) [eV]                       1.422194247097      
 Ehomo(Beta) [eV]                        -8.465737843264     
 Elumo(Beta) [eV]                        -0.370197979186     

 dipole moment (Debye)
        x              y              z       
     -6.040E-014    -3.003E-013    -3.148E-014

 traceless quadrupole moment (Debye*Angs)
                       x              y              z       
 x                   2.367E+000    -9.277E-013     1.069E-014
 y                  -9.277E-013    -4.734E+000    -3.659E-011
 z                   1.069E-014    -3.659E-011     2.367E+000

 ----------------------------------------------------------------------------
 Timings (seconds)
 * mean-field hamiltonian     9.3E-001
 * solver (setting up eqns)   1.2E-002
 * solver (energy estimate)   1.8E-003
 * solver (orthogonalization) 8.2E-004
 * solver (rotation matrix X) 1.1E-002
 * solver (exponential of X)  2.0E-002
 * solver (total)             4.6E-002
 * total SCF                  1.0E+000
 Atomic guess: TE, ../../../../basis-sets/bse/def2-tzvpd.txt
 -----------------------------------------------------------
 E(HF) [a.u.]                            -2.6700562318E+002
 Tr(RhoAvg S), Cartesian AOs              2.4000000000E+001
 Tr(RhoAvg S), spherical AOs              2.4000000000E+001
 max|T RhoAvg T**T - RhoAvg_sao|                  2.22E-015
 max|c(RhoAvg) - c(Rho)|                          4.44E-016
 max|RhoAvg - Rho|                                1.65E-001
 Saved /mnt/storage_6/project_data/pl0415-03/marcin/beyond-rpa/guess/electron-densities/bse/def2-tzvpd/te.txt
 ----------------------------------------------------------------------------
                              SCF for I (2S+1=2)                             
 ----------------------------------------------------------------------------
 NUMBER OF ATOMS                         1
 CHARGE                                  0
 Prescreening (pq|pq) integrals for the Cholesky decomposition
 Shell pairs will be sorted according to their max elements
 Max diagonal integral MaxDrs=4.4E+000
 Applying Eq. 15 in J. Chem. Phys. 150, 194112 (2019); doi: 10.1063/1.5083802
 Schwarz inequality: Dpq<min(10**(-8),Tau)**2/MaxDrs=2.3E-017
 Trace of exact Coulomb matrix: 1.0E+002
 Trace of discarded integrals: 0.0E+000
 Discarded 0 out of 190 shell pairs
 (0 out of 1770 orbital pairs)

 Step 1 of Cholesky decomposition: locating pivots
 -------------------------------------------------
 Dimensions of the Coulomb matrix: (1770,1770)
 Threshold for diagonal matrix elements: Dpq > 1.0E-007
 Max number of Cholesky vectors: 885
 Rk storage block size: 500
 Max dimension of 2e integrals buffer: (1770,1000)

 ----------------------------------------------------------------------------
 #    Dmax        Memory (MB)    NPivots     %    Time        
 ----------------------------------------------------------------------------
 1    4.4E-002    2.0E+001       41          5    5.3E-002    
 2    6.8E-004    2.0E+001       256         34   8.7E-002    
 3    6.5E-006    1.7E+001       359         73   6.4E-002    
 4    8.9E-008    1.2E+001       447         100  5.5E-002    

 Step 1 of the Cholesky decomposition completed
 Computed 447 pivots
 Largest residual Dpq: 8.9E-008
 NCholesky/NAO = 7.6E+000
 Step 1 of Cholesky decomposition completed in 2.6E-001 seconds
 Detailed timings in seconds
 Subtract prev contribs I (M-R**T*R)     7.9E-003
 Subtract prev contribs II (Rk)          1.2E-002
 Two-electron integrals                  2.3E-001
 Reallocation                            3.4E-003

 Step 2 of Cholesky decomposition completed in 2.2E-002 seconds
 Detailed timings in seconds
 Reduced-dimension matrix V    2.1E-002
 V=L*L**T                      7.1E-004
 L**(-1)                       9.6E-004

 Full-dimension Cholesky vectors of the Coulomb matrix will be stored in memory
 Cholesky vectors computed in 3.5E-002 seconds

 ┌─────────────────────────────────────────┐
 │          Self-consistent field          │
 └─────────────────────────────────────────┘

 Atomic orbital basis set
 . . . . . . . . . . . . . . . . . . . . . . . . . . . . . . . . . . . . . . 
 atomic centers                               1
 shell parameter sets                         19
 spherical AOs                                59
 max angular momentum                         3
 parameter set                                ../../../../basis-sets/bse/def2-tzvpd.txt
 . . . . . . . . . . . . . . . . . . . . . . . . . . . . . . . . . . . . . . 
 SCF guess: bare nuclei Hamiltonian
 Starting self-consistent field iterations (spin-unrestricted)
 Alpha electrons: 13
 Beta electrons: 12
 ----------------------------------------------------------------------------
 Exchange-correlation: Hartree-Fock
 ----------------------------------------------------------------------------
 Replicated-data parallel SCF
 ----------------------------
 Processes                               1
 Threads/process                         16
 Allocated 6.9E-004 GiB of scratch space for the KS matrix build
 ----------------------------------------------------------------------------
 Loaded pseudopotential parameters
 ----------------------------------------------------------------------------

 IODINE      
 Parameters file: ../../../../basis-sets/bse/def2-tzvpd.txt
 ECP accounts for 28 core electrons

          Coeff         R^n       Exponent                                       

 Local part

        -21.84204000      2        19.45860900                                   
        -28.46819100      2        19.34926000                                   
         -0.24371300      2         4.82376700                                   
         -0.32080400      2         4.88431500                                   

 L = 0

         49.99429300      2        40.01583500                                   
        281.02531700      2        17.42974700                                   
         61.57332600      2         9.00548400                                   
         21.84204000      2        19.45860900                                   
         28.46819100      2        19.34926000                                   
          0.24371300      2         4.82376700                                   
          0.32080400      2         4.88431500                                   

 L = 1

         67.44284100      2        15.35546600                                   
        134.88113700      2        14.97183300                                   
         14.67505100      2         8.96016400                                   
         29.37566600      2         8.25909600                                   
         21.84204000      2        19.45860900                                   
         28.46819100      2        19.34926000                                   
          0.24371300      2         4.82376700                                   
          0.32080400      2         4.88431500                                   

 L = 2

         35.43952900      2        15.06890800                                   
         53.17605700      2        14.55532200                                   
          9.06719500      2         6.71864700                                   
         13.20693700      2         6.45639300                                   
          0.08933500      2         1.19177900                                   
          0.05238000      2         1.29115700                                   
         21.84204000      2        19.45860900                                   
         28.46819100      2        19.34926000                                   
          0.24371300      2         4.82376700                                   
          0.32080400      2         4.88431500                                   

 ----------------------------------------------------------------------------
 Spherical harmonic basis contains 59 vectors
 Linear independence thresh: Eig(S) > 1.0E-006
 Computations will be carried out in the space of 59 MOs
 Threshold for J, K: |Rho(r,s)*(pq|rs)|,|Rho(q,s)*(pq|rs)| > 1.0E-011
 Convergence conditions
 ----------------------
 RhoDiff < 1.0E-006
 OrbGrad < 1.0E-006
 Max number of macroiters: 1024
 ------------------------------------------------------------------------------
 #           Energy        EDiff    RhoDiff  OrbGrad  OrbShift NStored Time     
 ------------------------------------------------------------------------------
 0            7.2967439430                                        0    8.3E-002 
 1         -268.7641115462           6.6E+01                      0    5.7E-002 
 2         -286.5695734679 -1.8E+01  9.3E+00  2.8E+00  5.4E+00    1    6.1E-002 
 3         -290.8955729717 -4.3E+00  1.3E+00  1.4E+00  2.1E+00    2    6.4E-002 
 4         -292.9335144981 -2.0E+00  8.6E-01  4.0E-01  1.3E+00    3    6.6E-002 
 5         -295.2063516186 -2.3E+00  4.6E-01  3.6E-01  8.3E-01    4    6.8E-002 
 6         -296.4886164840 -1.3E+00  4.1E-01  3.4E-01  6.0E-01    5    6.8E-002 
 7         -296.6457854088 -1.6E-01  1.9E-01  1.2E-01  0.0E+00    6    6.3E-002 
 8         -296.6579681715 -1.2E-02  6.3E-02  3.2E-02  0.0E+00    7    6.2E-002 
 9         -296.6585794521 -6.1E-04  1.6E-02  6.5E-03  0.0E+00    8    6.2E-002 
 10        -296.6586211774 -4.2E-05  5.4E-03  2.0E-03  0.0E+00    8    5.9E-002 
 11        -296.6586247277 -3.6E-06  2.0E-03  4.5E-04  0.0E+00    8    6.0E-002 
 12        -296.6586248212 -9.3E-08  2.2E-04  1.1E-04  0.0E+00    8    6.0E-002 
 13        -296.6586248267 -5.5E-09  3.1E-05  3.3E-05  0.0E+00    8    6.0E-002 
 14        -296.6586248270 -2.5E-10  9.5E-06  4.5E-06  0.0E+00    8    5.9E-002 
 15        -296.6586248270 -2.4E-11  2.3E-06  1.6E-06  0.0E+00    8    6.0E-002 
 16        -296.6586248270 -3.7E-12  1.1E-06  5.7E-07  0.0E+00    8    6.0E-002 
 17        -296.6586248270 -6.3E-13  3.4E-07  2.0E-07  0.0E+00    8    6.0E-002 
 ------------------------------------------------------------------------------
 SCF converged
 Converged energy                        -296.658624827001   
 ------------------------------------------------------------------------------
 Ehomo(Alpha) [eV]                       -10.885264939487    
 Elumo(Alpha) [eV]                       1.476019827657      
 Ehomo(Beta) [eV]                        -10.406132735531    
 Elumo(Beta) [eV]                        -1.445022229536     

 dipole moment (Debye)
        x              y              z       
     -3.467E-014     8.008E-014     2.829E-014

 traceless quadrupole moment (Debye*Angs)
                       x              y              z       
 x                  -1.299E+000    -4.536E-011    -1.785E+000
 y                  -4.536E-011    -1.919E+000     1.306E-010
 z                  -1.785E+000     1.306E-010     3.218E+000

 ----------------------------------------------------------------------------
 Timings (seconds)
 * mean-field hamiltonian     1.1E+000
 * solver (setting up eqns)   1.3E-002
 * solver (energy estimate)   1.8E-003
 * solver (orthogonalization) 8.5E-004
 * solver (rotation matrix X) 1.4E-002
 * solver (exponential of X)  2.3E-002
 * solver (total)             5.3E-002
 * total SCF                  1.1E+000
 Atomic guess: I, ../../../../basis-sets/bse/def2-tzvpd.txt
 ----------------------------------------------------------
 E(HF) [a.u.]                            -2.9665862483E+002
 Tr(RhoAvg S), Cartesian AOs              2.5000000000E+001
 Tr(RhoAvg S), spherical AOs              2.5000000000E+001
 max|T RhoAvg T**T - RhoAvg_sao|                  1.55E-015
 max|c(RhoAvg) - c(Rho)|                          4.44E-016
 max|RhoAvg - Rho|                                1.58E-001
 Saved /mnt/storage_6/project_data/pl0415-03/marcin/beyond-rpa/guess/electron-densities/bse/def2-tzvpd/i.txt
 ----------------------------------------------------------------------------
                                  SCF for XE                                 
 ----------------------------------------------------------------------------
 NUMBER OF ATOMS                         1
 CHARGE                                  0
 Prescreening (pq|pq) integrals for the Cholesky decomposition
 Shell pairs will be sorted according to their max elements
 Max diagonal integral MaxDrs=4.6E+000
 Applying Eq. 15 in J. Chem. Phys. 150, 194112 (2019); doi: 10.1063/1.5083802
 Schwarz inequality: Dpq<min(10**(-8),Tau)**2/MaxDrs=2.2E-017
 Trace of exact Coulomb matrix: 1.1E+002
 Trace of discarded integrals: 0.0E+000
 Discarded 0 out of 190 shell pairs
 (0 out of 1770 orbital pairs)

 Step 1 of Cholesky decomposition: locating pivots
 -------------------------------------------------
 Dimensions of the Coulomb matrix: (1770,1770)
 Threshold for diagonal matrix elements: Dpq > 1.0E-007
 Max number of Cholesky vectors: 885
 Rk storage block size: 500
 Max dimension of 2e integrals buffer: (1770,1000)

 ----------------------------------------------------------------------------
 #    Dmax        Memory (MB)    NPivots     %    Time        
 ----------------------------------------------------------------------------
 1    4.3E-002    2.0E+001       40          4    5.2E-002    
 2    4.0E-004    2.0E+001       263         36   9.2E-002    
 3    4.0E-006    1.6E+001       375         84   6.3E-002    
 4    9.2E-008    7.7E+000       446         100  3.2E-002    

 Step 1 of the Cholesky decomposition completed
 Computed 446 pivots
 Largest residual Dpq: 9.2E-008
 NCholesky/NAO = 7.6E+000
 Step 1 of Cholesky decomposition completed in 2.4E-001 seconds
 Detailed timings in seconds
 Subtract prev contribs I (M-R**T*R)     5.5E-003
 Subtract prev contribs II (Rk)          1.4E-002
 Two-electron integrals                  2.1E-001
 Reallocation                            2.5E-003

 Step 2 of Cholesky decomposition completed in 2.5E-002 seconds
 Detailed timings in seconds
 Reduced-dimension matrix V    2.3E-002
 V=L*L**T                      6.9E-004
 L**(-1)                       9.4E-004

 Full-dimension Cholesky vectors of the Coulomb matrix will be stored in memory
 Cholesky vectors computed in 3.5E-002 seconds

 ┌─────────────────────────────────────────┐
 │          Self-consistent field          │
 └─────────────────────────────────────────┘

 Atomic orbital basis set
 . . . . . . . . . . . . . . . . . . . . . . . . . . . . . . . . . . . . . . 
 atomic centers                               1
 shell parameter sets                         19
 spherical AOs                                59
 max angular momentum                         3
 parameter set                                ../../../../basis-sets/bse/def2-tzvpd.txt
 . . . . . . . . . . . . . . . . . . . . . . . . . . . . . . . . . . . . . . 
 SCF guess: bare nuclei Hamiltonian
 Starting self-consistent field iterations (spin-restricted singlet)
 Alpha+beta electrons: 26
 ----------------------------------------------------------------------------
 Exchange-correlation: Hartree-Fock
 ----------------------------------------------------------------------------
 Replicated-data parallel SCF
 ----------------------------
 Processes                               1
 Threads/process                         16
 Allocated 3.9E-004 GiB of scratch space for the KS matrix build
 ----------------------------------------------------------------------------
 Loaded pseudopotential parameters
 ----------------------------------------------------------------------------

 XENON       
 Parameters file: ../../../../basis-sets/bse/def2-tzvpd.txt
 ECP accounts for 28 core electrons

          Coeff         R^n       Exponent                                       

 Local part

        -23.08929500      2        20.88155700                                   
        -30.07447500      2        20.78344300                                   
         -0.28822700      2         5.25338900                                   
         -0.38692400      2         5.36118800                                   

 L = 0

         49.99796200      2        40.00518400                                   
        281.01330300      2        17.81221400                                   
         61.53825500      2         9.30415000                                   
         23.08929500      2        20.88155700                                   
         30.07447500      2        20.78344300                                   
          0.28822700      2         5.25338900                                   
          0.38692400      2         5.36118800                                   

 L = 1

         67.43914200      2        15.70177200                                   
        134.87471100      2        15.25860800                                   
         14.66330000      2         9.29218400                                   
         29.35473000      2         8.55900300                                   
         23.08929500      2        20.88155700                                   
         30.07447500      2        20.78344300                                   
          0.28822700      2         5.25338900                                   
          0.38692400      2         5.36118800                                   

 L = 2

         35.43690800      2        15.18560000                                   
         53.19577200      2        14.28450000                                   
          9.04623200      2         7.12188900                                   
         13.22368100      2         6.99196300                                   
          0.08485300      2         0.62394600                                   
          0.04415500      2         0.64728400                                   
         23.08929500      2        20.88155700                                   
         30.07447500      2        20.78344300                                   
          0.28822700      2         5.25338900                                   
          0.38692400      2         5.36118800                                   

 ----------------------------------------------------------------------------
 Spherical harmonic basis contains 59 vectors
 Linear independence thresh: Eig(S) > 1.0E-006
 Computations will be carried out in the space of 59 MOs
 Threshold for J, K: |Rho(r,s)*(pq|rs)|,|Rho(q,s)*(pq|rs)| > 1.0E-011
 Convergence conditions
 ----------------------
 RhoDiff < 1.0E-006
 OrbGrad < 1.0E-006
 Max number of macroiters: 1024
 ------------------------------------------------------------------------------
 #           Energy        EDiff    RhoDiff  OrbGrad  OrbShift NStored Time     
 ------------------------------------------------------------------------------
 0           -9.4361054347                                        0    5.1E-002 
 1         -294.7679289039           1.1E+02                      0    2.9E-002 
 2         -315.8816973541 -2.1E+01  1.8E+01  3.1E+00  6.1E+00    1    3.1E-002 
 3         -320.8757389034 -5.0E+00  2.7E+00  1.5E+00  2.2E+00    2    3.1E-002 
 4         -323.7968064159 -2.9E+00  1.8E+00  2.9E-01  1.2E+00    3    3.2E-002 
 5         -325.9311975832 -2.1E+00  8.2E-01  2.7E-01  1.0E+00    4    3.3E-002 
 6         -327.8326248279 -1.9E+00  6.0E-01  3.1E-01  7.3E-01    5    3.3E-002 
 7         -328.2761492163 -4.4E-01  5.6E-01  2.1E-01  0.0E+00    6    3.1E-002 
 8         -328.2964473466 -2.0E-02  8.5E-02  4.0E-02  0.0E+00    7    3.2E-002 
 9         -328.2984237550 -2.0E-03  2.9E-02  1.1E-02  0.0E+00    8    3.2E-002 
 10        -328.2984404921 -1.7E-05  5.4E-03  1.6E-03  0.0E+00    8    3.2E-002 
 11        -328.2984410637 -5.7E-07  8.1E-04  3.3E-04  0.0E+00    8    3.0E-002 
 12        -328.2984410711 -7.4E-09  7.7E-05  3.5E-05  0.0E+00    8    3.0E-002 
 13        -328.2984410713 -1.4E-10  8.5E-06  5.1E-06  0.0E+00    8    3.2E-002 
 14        -328.2984410713 -6.8E-12  2.6E-06  8.4E-07  0.0E+00    8    3.2E-002 
 15        -328.2984410713 -2.3E-13  5.2E-07  2.0E-07  0.0E+00    8    3.2E-002 
 ------------------------------------------------------------------------------
 SCF converged
 Converged energy                        -328.298441071281   
 ------------------------------------------------------------------------------
 Ehomo [eV]                              -12.418135663965    
 Elumo [eV]                              1.731690393764      

 dipole moment (Debye)
        x              y              z       
      4.278E-016     2.209E-014    -5.251E-015

 traceless quadrupole moment (Debye*Angs)
                       x              y              z       
 x                   7.138E-007     8.017E-015     2.369E-007
 y                   8.017E-015    -1.179E-006     6.457E-015
 z                   2.369E-007     6.457E-015     4.655E-007

 ----------------------------------------------------------------------------
 Timings (seconds)
 * mean-field hamiltonian     4.7E-001
 * solver (setting up eqns)   5.4E-003
 * solver (energy estimate)   9.0E-004
 * solver (orthogonalization) 4.0E-004
 * solver (rotation matrix X) 7.3E-003
 * solver (exponential of X)  1.1E-002
 * solver (total)             2.5E-002
 * total SCF                  5.3E-001
 Atomic guess: XE, ../../../../basis-sets/bse/def2-tzvpd.txt
 -----------------------------------------------------------
 E(HF) [a.u.]                            -3.2829844107E+002
 Tr(RhoAvg S), Cartesian AOs              2.6000000000E+001
 Tr(RhoAvg S), spherical AOs              2.6000000000E+001
 max|T RhoAvg T**T - RhoAvg_sao|                  2.66E-015
 max|c(RhoAvg) - c(Rho)|                          8.88E-016
 max|RhoAvg - Rho|                                5.50E-007
 Saved /mnt/storage_6/project_data/pl0415-03/marcin/beyond-rpa/guess/electron-densities/bse/def2-tzvpd/xe.txt
 ----------------------------------------------------------------------------
                             SCF for CS (2S+1=2)                             
 ----------------------------------------------------------------------------
 NUMBER OF ATOMS                         1
 CHARGE                                  0
 Prescreening (pq|pq) integrals for the Cholesky decomposition
 Shell pairs will be sorted according to their max elements
 Max diagonal integral MaxDrs=1.3E+000
 Applying Eq. 15 in J. Chem. Phys. 150, 194112 (2019); doi: 10.1063/1.5083802
 Schwarz inequality: Dpq<min(10**(-8),Tau)**2/MaxDrs=7.7E-017
 Trace of exact Coulomb matrix: 1.8E+001
 Trace of discarded integrals: 0.0E+000
 Discarded 0 out of 78 shell pairs
 (0 out of 528 orbital pairs)

 Step 1 of Cholesky decomposition: locating pivots
 -------------------------------------------------
 Dimensions of the Coulomb matrix: (528,528)
 Threshold for diagonal matrix elements: Dpq > 1.0E-007
 Max number of Cholesky vectors: 480
 Rk storage block size: 500
 Max dimension of 2e integrals buffer: (528,528)

 ----------------------------------------------------------------------------
 #    Dmax        Memory (MB)    NPivots     %    Time        
 ----------------------------------------------------------------------------
 1    1.3E-002    4.1E+000       38          9    3.3E-003    
 2    1.2E-004    4.1E+000       128         43   4.3E-003    
 3    9.2E-007    2.8E+000       169         81   2.4E-003    
 4    9.7E-008    1.2E+000       200         100  1.3E-003    

 Step 1 of the Cholesky decomposition completed
 Computed 200 pivots
 Largest residual Dpq: 9.7E-008
 NCholesky/NAO = 6.2E+000
 Step 1 of Cholesky decomposition completed in 1.2E-002 seconds
 Detailed timings in seconds
 Subtract prev contribs I (M-R**T*R)     1.7E-003
 Subtract prev contribs II (Rk)          2.2E-003
 Two-electron integrals                  5.5E-003
 Reallocation                            6.1E-004

 Step 2 of Cholesky decomposition completed in 1.0E-003 seconds
 Detailed timings in seconds
 Reduced-dimension matrix V    4.7E-004
 V=L*L**T                      2.6E-004
 L**(-1)                       2.6E-004

 Full-dimension Cholesky vectors of the Coulomb matrix will be stored in memory
 Cholesky vectors computed in 1.3E-003 seconds

 ┌─────────────────────────────────────────┐
 │          Self-consistent field          │
 └─────────────────────────────────────────┘

 Atomic orbital basis set
 . . . . . . . . . . . . . . . . . . . . . . . . . . . . . . . . . . . . . . 
 atomic centers                               1
 shell parameter sets                         12
 spherical AOs                                32
 max angular momentum                         2
 parameter set                                ../../../../basis-sets/bse/def2-tzvpd.txt
 . . . . . . . . . . . . . . . . . . . . . . . . . . . . . . . . . . . . . . 
 SCF guess: bare nuclei Hamiltonian
 Starting self-consistent field iterations (spin-unrestricted)
 Alpha electrons: 5
 Beta electrons: 4
 ----------------------------------------------------------------------------
 Exchange-correlation: Hartree-Fock
 ----------------------------------------------------------------------------
 Replicated-data parallel SCF
 ----------------------------
 Processes                               1
 Threads/process                         16
 Allocated 1.9E-004 GiB of scratch space for the KS matrix build
 ----------------------------------------------------------------------------
 Loaded pseudopotential parameters
 ----------------------------------------------------------------------------

 CESIUM      
 Parameters file: ../../../../basis-sets/bse/def2-tzvpd.txt
 ECP accounts for 46 core electrons

          Coeff         R^n       Exponent                                       

 Local part

        -28.88430900      2         3.12326900                                   

 L = 0

         84.54773000      2         4.07975000                                   
         16.65417300      2         2.41740600                                   
         28.88430900      2         3.12326900                                   

 L = 1

        157.04905900      2         5.51408000                                   
         26.42330700      2         2.16031600                                   
         28.88430900      2         3.12326900                                   

 L = 2

         13.17275300      2         1.80741000                                   
          3.34283300      2         0.85818200                                   
         28.88430900      2         3.12326900                                   

 ----------------------------------------------------------------------------
 Spherical harmonic basis contains 32 vectors
 Linear independence thresh: Eig(S) > 1.0E-006
 Computations will be carried out in the space of 32 MOs
 Threshold for J, K: |Rho(r,s)*(pq|rs)|,|Rho(q,s)*(pq|rs)| > 1.0E-011
 Convergence conditions
 ----------------------
 RhoDiff < 1.0E-006
 OrbGrad < 1.0E-006
 Max number of macroiters: 1024
 ------------------------------------------------------------------------------
 #           Energy        EDiff    RhoDiff  OrbGrad  OrbShift NStored Time     
 ------------------------------------------------------------------------------
 0           -3.4493186002                                        0    2.4E-002 
 1          -18.9881314982           1.2E+01                      0    6.1E-003 
 2          -19.7193300882 -7.3E-01  1.6E+00  3.8E-01  3.3E-01    1    6.8E-003 
 3          -19.7823288127 -6.3E-02  2.7E-01  1.1E-01  0.0E+00    2    6.5E-003 
 4          -19.7908289314 -8.5E-03  2.7E-01  1.8E-02  0.0E+00    3    6.6E-003 
 5          -19.7910528775 -2.2E-04  4.1E-02  6.7E-03  0.0E+00    4    6.6E-003 
 6          -19.7910646749 -1.2E-05  7.6E-03  1.5E-03  0.0E+00    5    6.6E-003 
 7          -19.7910648766 -2.0E-07  4.8E-04  1.3E-04  0.0E+00    6    6.7E-003 
 8          -19.7910648854 -8.8E-09  1.2E-04  2.7E-05  0.0E+00    7    6.7E-003 
 9          -19.7910648855 -1.1E-10  1.4E-05  3.7E-06  0.0E+00    8    6.8E-003 
 10         -19.7910648855 -1.0E-11  3.5E-06  9.9E-07  0.0E+00    8    6.8E-003 
 11         -19.7910648855 -2.1E-12  1.2E-06  2.7E-07  0.0E+00    8    6.8E-003 
 12         -19.7910648855 -6.5E-12  2.8E-06  3.1E-07  0.0E+00    8    6.8E-003 
 13         -19.7910648856 -3.1E-11  6.0E-06  6.9E-07  0.0E+00    8    6.8E-003 
 14         -19.7910648857 -1.5E-10  1.3E-05  1.5E-06  0.0E+00    8    6.7E-003 
 15         -19.7910648864 -7.2E-10  2.9E-05  3.3E-06  0.0E+00    8    6.9E-003 
 16         -19.7910648899 -3.5E-09  6.4E-05  7.3E-06  0.0E+00    8    6.8E-003 
 17         -19.7910649068 -1.7E-08  1.4E-04  1.6E-05  0.0E+00    8    6.8E-003 
 18         -19.7910649885 -8.2E-08  3.1E-04  3.5E-05  0.0E+00    8    6.8E-003 
 19         -19.7910652399 -2.5E-07  5.3E-04  7.7E-05  1.4E-01    8    9.9E-003 
 20         -19.7910657406 -5.0E-07  7.6E-04  1.4E-04  1.8E-01    8    9.7E-003 
 21         -19.7910666268 -8.9E-07  9.0E-04  2.2E-04  2.2E-01    8    9.8E-003 
 22         -19.7910681018 -1.5E-06  1.1E-03  3.2E-04  2.4E-01    8    1.0E-002 
 23         -19.7910704637 -2.4E-06  1.3E-03  4.4E-04  2.7E-01    8    1.0E-002 
 24         -19.7910741488 -3.7E-06  1.5E-03  5.8E-04  2.9E-01    8    1.0E-002 
 25         -19.7910797981 -5.6E-06  1.8E-03  7.4E-04  3.1E-01    8    1.0E-002 
 26         -19.7910883506 -8.6E-06  2.2E-03  9.4E-04  3.2E-01    8    1.0E-002 
 27         -19.7911011586 -1.3E-05  2.6E-03  1.2E-03  3.3E-01    8    1.0E-002 
 28         -19.7911201662 -1.9E-05  3.1E-03  1.5E-03  3.4E-01    8    1.0E-002 
 29         -19.7911482810 -2.8E-05  3.8E-03  1.8E-03  3.5E-01    8    1.0E-002 
 30         -19.7911895812 -4.1E-05  4.5E-03  2.2E-03  3.5E-01    8    1.0E-002 
 31         -19.7912500680 -6.0E-05  5.4E-03  2.7E-03  3.6E-01    8    1.0E-002 
 32         -19.7913382299 -8.8E-05  6.5E-03  3.3E-03  3.6E-01    8    1.0E-002 
 33         -19.7914665014 -1.3E-04  7.7E-03  4.0E-03  3.7E-01    8    1.0E-002 
 34         -19.7916528683 -1.9E-04  9.3E-03  4.9E-03  3.7E-01    8    1.0E-002 
 35         -19.7919223529 -2.7E-04  1.1E-02  5.9E-03  3.7E-01    8    1.0E-002 
 36         -19.7923117229 -3.9E-04  1.3E-02  7.1E-03  3.7E-01    8    1.0E-002 
 37         -19.7928722199 -5.6E-04  1.5E-02  8.5E-03  3.7E-01    8    9.8E-003 
 38         -19.7936771144 -8.0E-04  1.8E-02  1.0E-02  3.7E-01    8    9.9E-003 
 39         -19.7948277970 -1.2E-03  2.1E-02  1.2E-02  3.7E-01    8    9.9E-003 
 40         -19.7964652362 -1.6E-03  2.4E-02  1.4E-02  3.6E-01    8    9.8E-003 
 41         -19.7987764210 -2.3E-03  2.7E-02  1.7E-02  3.5E-01    8    1.0E-002 
 42         -19.8019996200 -3.2E-03  3.5E-02  2.0E-02  3.4E-01    8    1.0E-002 
 43         -19.8064340369 -4.4E-03  4.8E-02  2.3E-02  3.2E-01    8    1.0E-002 
 44         -19.8123853613 -6.0E-03  6.4E-02  2.6E-02  3.0E-01    8    9.7E-003 
 45         -19.8200972759 -7.7E-03  8.3E-02  2.8E-02  2.7E-01    8    9.8E-003 
 46         -19.8295379435 -9.4E-03  1.0E-01  3.0E-02  2.2E-01    8    9.6E-003 
 47         -19.8400544509 -1.1E-02  1.1E-01  2.9E-02  1.6E-01    8    9.8E-003 
 48         -19.8497748502 -9.7E-03  1.0E-01  2.4E-02  9.3E-02    8    9.4E-003 
 49         -19.8550981196 -5.3E-03  1.3E-01  1.5E-02  1.7E-02    8    9.2E-003 
 50         -19.8552092910 -1.1E-04  2.2E-02  2.2E-03  0.0E+00    8    6.9E-003 
 51         -19.8552095691 -2.8E-07  5.5E-04  1.2E-04  0.0E+00    8    6.9E-003 
 52         -19.8552095906 -2.2E-08  2.5E-04  3.1E-05  0.0E+00    8    6.9E-003 
 53         -19.8552095914 -7.5E-10  3.2E-05  9.0E-06  0.0E+00    8    6.9E-003 
 54         -19.8552095915 -1.1E-10  1.2E-05  2.6E-06  0.0E+00    8    6.9E-003 
 55         -19.8552095915 -2.1E-11  7.6E-06  1.0E-06  0.0E+00    8    7.0E-003 
 56         -19.8552095915 -1.4E-12  2.6E-06  3.1E-07  0.0E+00    8    6.8E-003 
 57         -19.8552095915 -2.1E-13  1.2E-06  1.1E-07  0.0E+00    8    6.9E-003 
 58         -19.8552095915 -5.7E-14  9.8E-07  5.1E-08  0.0E+00    8    6.8E-003 
 ------------------------------------------------------------------------------
 SCF converged
 Converged energy                        -19.855209591502    
 ------------------------------------------------------------------------------
 Ehomo(Alpha) [eV]                       -3.507769136776     
 Elumo(Alpha) [eV]                       0.336170199763      
 Ehomo(Beta) [eV]                        -18.450831353706    
 Elumo(Beta) [eV]                        0.239012105787      

 dipole moment (Debye)
        x              y              z       
     -2.811E-014     1.555E-016     1.308E-014

 traceless quadrupole moment (Debye*Angs)
                       x              y              z       
 x                   3.154E-006    -6.897E-008     1.092E-013
 y                  -6.897E-008     6.643E-007     4.364E-014
 z                   1.092E-013     4.364E-014    -3.818E-006

 ----------------------------------------------------------------------------
 Timings (seconds)
 * mean-field hamiltonian     3.6E-001
 * solver (setting up eqns)   1.9E-002
 * solver (energy estimate)   7.7E-003
 * solver (orthogonalization) 1.0E-003
 * solver (rotation matrix X) 1.1E-001
 * solver (exponential of X)  3.8E-003
 * solver (total)             1.4E-001
 * total SCF                  5.2E-001
 Atomic guess: CS, ../../../../basis-sets/bse/def2-tzvpd.txt
 -----------------------------------------------------------
 E(HF) [a.u.]                            -1.9855209592E+001
 Tr(RhoAvg S), Cartesian AOs              9.0000000000E+000
 Tr(RhoAvg S), spherical AOs              9.0000000000E+000
 max|T RhoAvg T**T - RhoAvg_sao|                  4.44E-016
 max|c(RhoAvg) - c(Rho)|                          4.44E-016
 max|RhoAvg - Rho|                                6.07E-008
 Saved /mnt/storage_6/project_data/pl0415-03/marcin/beyond-rpa/guess/electron-densities/bse/def2-tzvpd/cs.txt
 ----------------------------------------------------------------------------
                                  SCF for BA                                 
 ----------------------------------------------------------------------------
 NUMBER OF ATOMS                         1
 CHARGE                                  0
 Prescreening (pq|pq) integrals for the Cholesky decomposition
 Shell pairs will be sorted according to their max elements
 Max diagonal integral MaxDrs=2.2E+000
 Applying Eq. 15 in J. Chem. Phys. 150, 194112 (2019); doi: 10.1063/1.5083802
 Schwarz inequality: Dpq<min(10**(-8),Tau)**2/MaxDrs=4.5E-017
 Trace of exact Coulomb matrix: 3.4E+001
 Trace of discarded integrals: 0.0E+000
 Discarded 0 out of 105 shell pairs
 (0 out of 820 orbital pairs)

 Step 1 of Cholesky decomposition: locating pivots
 -------------------------------------------------
 Dimensions of the Coulomb matrix: (820,820)
 Threshold for diagonal matrix elements: Dpq > 1.0E-007
 Max number of Cholesky vectors: 600
 Rk storage block size: 500
 Max dimension of 2e integrals buffer: (820,820)

 ----------------------------------------------------------------------------
 #    Dmax        Memory (MB)    NPivots     %    Time        
 ----------------------------------------------------------------------------
 1    2.0E-002    8.3E+000       30          4    6.8E-002    
 2    2.0E-004    8.1E+000       189         34   7.2E-002    
 3    1.6E-006    5.6E+000       262         78   1.6E-002    
 4    9.2E-008    2.0E+000       318         100  9.6E-003    

 Step 1 of the Cholesky decomposition completed
 Computed 318 pivots
 Largest residual Dpq: 9.2E-008
 NCholesky/NAO = 8.0E+000
 Step 1 of Cholesky decomposition completed in 1.7E-001 seconds
 Detailed timings in seconds
 Subtract prev contribs I (M-R**T*R)     2.2E-003
 Subtract prev contribs II (Rk)          5.1E-003
 Two-electron integrals                  1.6E-001
 Reallocation                            1.6E-003

 Step 2 of Cholesky decomposition completed in 1.9E-002 seconds
 Detailed timings in seconds
 Reduced-dimension matrix V    1.8E-002
 V=L*L**T                      5.1E-004
 L**(-1)                       5.9E-004

 Full-dimension Cholesky vectors of the Coulomb matrix will be stored in memory
 Cholesky vectors computed in 2.8E-002 seconds

 ┌─────────────────────────────────────────┐
 │          Self-consistent field          │
 └─────────────────────────────────────────┘

 Atomic orbital basis set
 . . . . . . . . . . . . . . . . . . . . . . . . . . . . . . . . . . . . . . 
 atomic centers                               1
 shell parameter sets                         14
 spherical AOs                                40
 max angular momentum                         3
 parameter set                                ../../../../basis-sets/bse/def2-tzvpd.txt
 . . . . . . . . . . . . . . . . . . . . . . . . . . . . . . . . . . . . . . 
 SCF guess: bare nuclei Hamiltonian
 Starting self-consistent field iterations (spin-restricted singlet)
 Alpha+beta electrons: 10
 ----------------------------------------------------------------------------
 Exchange-correlation: Hartree-Fock
 ----------------------------------------------------------------------------
 Replicated-data parallel SCF
 ----------------------------
 Processes                               1
 Threads/process                         16
 Allocated 1.8E-004 GiB of scratch space for the KS matrix build
 ----------------------------------------------------------------------------
 Loaded pseudopotential parameters
 ----------------------------------------------------------------------------

 BARIUM      
 Parameters file: ../../../../basis-sets/bse/def2-tzvpd.txt
 ECP accounts for 46 core electrons

          Coeff         R^n       Exponent                                       

 Local part

        -33.47317400      2         3.58946500                                   

 L = 0

        427.84581600      2         9.52698600                                   
        204.41753000      2         4.48751000                                   
         33.47317400      2         3.58946500                                   

 L = 1

        293.60586400      2         8.31593000                                   
        294.19331600      2         4.29221700                                   
         33.47317400      2         3.58946500                                   

 L = 2

        112.55040200      2         5.91610800                                   
        181.78262100      2         2.87484200                                   
         33.47317400      2         3.58946500                                   

 ----------------------------------------------------------------------------
 Spherical harmonic basis contains 40 vectors
 Linear independence thresh: Eig(S) > 1.0E-006
 Computations will be carried out in the space of 40 MOs
 Threshold for J, K: |Rho(r,s)*(pq|rs)|,|Rho(q,s)*(pq|rs)| > 1.0E-011
 Convergence conditions
 ----------------------
 RhoDiff < 1.0E-006
 OrbGrad < 1.0E-006
 Max number of macroiters: 1024
 ------------------------------------------------------------------------------
 #           Energy        EDiff    RhoDiff  OrbGrad  OrbShift NStored Time     
 ------------------------------------------------------------------------------
 0          157.7114008914                                        0    3.1E-002 
 1          -24.5042247002           4.6E+01                      0    5.7E-003 
 2          -24.9635143285 -4.6E-01  1.3E+00  2.6E-01  2.0E-01    1    6.2E-003 
 3          -24.9722703138 -8.8E-03  1.7E-01  4.1E-02  0.0E+00    2    6.1E-003 
 4          -24.9734164803 -1.1E-03  1.1E-01  7.9E-03  0.0E+00    3    6.2E-003 
 5          -24.9734297184 -1.3E-05  3.2E-03  9.5E-04  0.0E+00    4    6.3E-003 
 6          -24.9734304576 -7.4E-07  1.9E-03  2.3E-04  0.0E+00    5    6.2E-003 
 7          -24.9734304751 -1.7E-08  1.1E-04  4.8E-05  0.0E+00    6    6.2E-003 
 8          -24.9734304753 -2.5E-10  2.0E-05  5.4E-06  0.0E+00    7    6.4E-003 
 9          -24.9734304753 -1.1E-11  3.3E-06  1.0E-06  0.0E+00    8    6.5E-003 
 10         -24.9734304754 -5.4E-13  5.1E-07  2.1E-07  0.0E+00    8    6.4E-003 
 ------------------------------------------------------------------------------
 SCF converged
 Converged energy                        -24.973430475350    
 ------------------------------------------------------------------------------
 Ehomo [eV]                              -2.289261327270     
 Elumo [eV]                              0.045334251198      

 dipole moment (Debye)
        x              y              z       
     -2.275E-015     9.965E-014    -1.076E-013

 traceless quadrupole moment (Debye*Angs)
                       x              y              z       
 x                   1.831E+001     4.056E-009     1.123E-008
 y                   4.056E-009    -9.156E+000    -5.874E-006
 z                   1.123E-008    -5.874E-006    -9.156E+000

 ----------------------------------------------------------------------------
 Timings (seconds)
 * mean-field hamiltonian     6.4E-002
 * solver (setting up eqns)   2.0E-003
 * solver (energy estimate)   3.6E-004
 * solver (orthogonalization) 1.2E-004
 * solver (rotation matrix X) 6.7E-004
 * solver (exponential of X)  4.3E-004
 * solver (total)             3.8E-003
 * total SCF                  9.5E-002
 Atomic guess: BA, ../../../../basis-sets/bse/def2-tzvpd.txt
 -----------------------------------------------------------
 E(HF) [a.u.]                            -2.4973430475E+001
 Tr(RhoAvg S), Cartesian AOs              1.0000000000E+001
 Tr(RhoAvg S), spherical AOs              1.0000000000E+001
 max|T RhoAvg T**T - RhoAvg_sao|                  1.25E-016
 max|c(RhoAvg) - c(Rho)|                          2.22E-016
 max|RhoAvg - Rho|                                4.11E-001
 Saved /mnt/storage_6/project_data/pl0415-03/marcin/beyond-rpa/guess/electron-densities/bse/def2-tzvpd/ba.txt
 ----------------------------------------------------------------------------
                             SCF for LA (2S+1=2)                             
 ----------------------------------------------------------------------------
 NUMBER OF ATOMS                         1
 CHARGE                                  0
 Prescreening (pq|pq) integrals for the Cholesky decomposition
 Shell pairs will be sorted according to their max elements
 Max diagonal integral MaxDrs=2.1E+000
 Applying Eq. 15 in J. Chem. Phys. 150, 194112 (2019); doi: 10.1063/1.5083802
 Schwarz inequality: Dpq<min(10**(-8),Tau)**2/MaxDrs=4.7E-017
 Trace of exact Coulomb matrix: 4.1E+001
 Trace of discarded integrals: 0.0E+000
 Discarded 0 out of 120 shell pairs
 (0 out of 946 orbital pairs)

 Step 1 of Cholesky decomposition: locating pivots
 -------------------------------------------------
 Dimensions of the Coulomb matrix: (946,946)
 Threshold for diagonal matrix elements: Dpq > 1.0E-007
 Max number of Cholesky vectors: 645
 Rk storage block size: 500
 Max dimension of 2e integrals buffer: (946,946)

 ----------------------------------------------------------------------------
 #    Dmax        Memory (MB)    NPivots     %    Time        
 ----------------------------------------------------------------------------
 1    2.1E-002    1.0E+001       31          3    1.1E-002    
 2    1.8E-004    1.0E+001       170         38   1.5E-002    
 3    1.4E-006    7.1E+000       257         84   7.8E-003    
 4    9.2E-008    1.6E+000       294         100  1.4E-003    

 Step 1 of the Cholesky decomposition completed
 Computed 294 pivots
 Largest residual Dpq: 9.2E-008
 NCholesky/NAO = 6.8E+000
 Step 1 of Cholesky decomposition completed in 3.6E-002 seconds
 Detailed timings in seconds
 Subtract prev contribs I (M-R**T*R)     2.4E-003
 Subtract prev contribs II (Rk)          6.1E-003
 Two-electron integrals                  2.4E-002
 Reallocation                            1.1E-003

 Step 2 of Cholesky decomposition completed in 3.2E-003 seconds
 Detailed timings in seconds
 Reduced-dimension matrix V    2.0E-003
 V=L*L**T                      4.3E-004
 L**(-1)                       6.8E-004

 Full-dimension Cholesky vectors of the Coulomb matrix will be stored in memory
 Cholesky vectors computed in 4.9E-003 seconds

 ┌─────────────────────────────────────────┐
 │          Self-consistent field          │
 └─────────────────────────────────────────┘

 Atomic orbital basis set
 . . . . . . . . . . . . . . . . . . . . . . . . . . . . . . . . . . . . . . 
 atomic centers                               1
 shell parameter sets                         15
 spherical AOs                                43
 max angular momentum                         3
 parameter set                                ../../../../basis-sets/bse/def2-tzvpd.txt
 . . . . . . . . . . . . . . . . . . . . . . . . . . . . . . . . . . . . . . 
 SCF guess: bare nuclei Hamiltonian
 Starting self-consistent field iterations (spin-unrestricted)
 Alpha electrons: 6
 Beta electrons: 5
 ----------------------------------------------------------------------------
 Exchange-correlation: Hartree-Fock
 ----------------------------------------------------------------------------
 Replicated-data parallel SCF
 ----------------------------
 Processes                               1
 Threads/process                         16
 Allocated 3.6E-004 GiB of scratch space for the KS matrix build
 ----------------------------------------------------------------------------
 Loaded pseudopotential parameters
 ----------------------------------------------------------------------------

 LANTHANUM   
 Parameters file: ../../../../basis-sets/bse/def2-tzvpd.txt
 ECP accounts for 46 core electrons

          Coeff         R^n       Exponent                                       

 Local part

        -36.01001600      2         4.02860000                                   

 L = 0

         91.93217700      2         3.30990000                                   
         -3.78876400      2         1.65500000                                   
         36.01001600      2         4.02860000                                   

 L = 1

         63.75948600      2         2.83680000                                   
         -0.64795800      2         1.41840000                                   
         36.01001600      2         4.02860000                                   

 L = 2

         36.11617300      2         2.02130000                                   
          0.21911400      2         1.01070000                                   
         36.01001600      2         4.02860000                                   

 ----------------------------------------------------------------------------
 Spherical harmonic basis contains 43 vectors
 Linear independence thresh: Eig(S) > 1.0E-006
 Computations will be carried out in the space of 43 MOs
 Threshold for J, K: |Rho(r,s)*(pq|rs)|,|Rho(q,s)*(pq|rs)| > 1.0E-011
 Convergence conditions
 ----------------------
 RhoDiff < 1.0E-006
 OrbGrad < 1.0E-006
 Max number of macroiters: 1024
 ------------------------------------------------------------------------------
 #           Energy        EDiff    RhoDiff  OrbGrad  OrbShift NStored Time     
 ------------------------------------------------------------------------------
 0           64.3120620785                                        0    3.5E-002 
 1          -30.6342115684           3.6E+01                      0    1.3E-002 
 2          -30.9325612845 -3.0E-01  6.8E-01  3.3E-01  0.0E+00    1    1.4E-002 
 3          -30.9592385530 -2.7E-02  7.8E-02  4.5E-02  0.0E+00    2    1.4E-002 
 4          -30.9618027657 -2.6E-03  5.0E-02  1.8E-02  0.0E+00    3    1.4E-002 
 5          -30.9618426527 -4.0E-05  4.3E-03  1.9E-03  0.0E+00    4    1.4E-002 
 6          -30.9618434319 -7.8E-07  7.2E-04  2.4E-04  0.0E+00    5    1.4E-002 
 7          -30.9618437006 -2.7E-07  5.1E-04  1.3E-04  0.0E+00    6    1.4E-002 
 8          -30.9618438080 -1.1E-07  1.1E-04  4.2E-05  0.0E+00    7    1.4E-002 
 9          -30.9618440317 -2.2E-07  1.7E-04  6.4E-05  0.0E+00    8    1.4E-002 
 10         -30.9618445380 -5.1E-07  2.6E-04  9.8E-05  0.0E+00    8    1.4E-002 
 11         -30.9618456949 -1.2E-06  4.0E-04  1.5E-04  0.0E+00    8    1.4E-002 
 12         -30.9618508936 -5.2E-06  8.3E-04  2.4E-04  1.3E-01    8    1.8E-002 
 13         -30.9618615231 -1.1E-05  1.3E-03  4.8E-04  1.9E-01    8    1.8E-002 
 14         -30.9618808150 -1.9E-05  1.5E-03  8.1E-04  2.3E-01    8    1.8E-002 
 15         -30.9619137985 -3.3E-05  1.9E-03  1.2E-03  2.6E-01    8    1.8E-002 
 16         -30.9619682110 -5.4E-05  2.4E-03  1.8E-03  3.0E-01    8    1.8E-002 
 17         -30.9620558676 -8.8E-05  3.0E-03  2.5E-03  3.3E-01    8    1.8E-002 
 18         -30.9621945968 -1.4E-04  3.6E-03  3.3E-03  3.6E-01    8    1.8E-002 
 19         -30.9624108487 -2.2E-04  4.4E-03  4.4E-03  3.9E-01    8    1.8E-002 
 20         -30.9627437492 -3.3E-04  5.3E-03  5.7E-03  4.1E-01    8    1.8E-002 
 21         -30.9632508293 -5.1E-04  6.3E-03  7.2E-03  4.4E-01    8    1.8E-002 
 22         -30.9640156331 -7.6E-04  7.5E-03  9.1E-03  4.5E-01    8    1.8E-002 
 23         -30.9651586393 -1.1E-03  8.8E-03  1.1E-02  4.7E-01    8    1.8E-002 
 24         -30.9668500842 -1.7E-03  1.0E-02  1.4E-02  4.8E-01    8    1.8E-002 
 25         -30.9693246011 -2.5E-03  1.3E-02  1.7E-02  4.9E-01    8    1.8E-002 
 26         -30.9728932854 -3.6E-03  1.8E-02  2.0E-02  4.9E-01    8    1.8E-002 
 27         -30.9779619843 -5.1E-03  2.5E-02  2.3E-02  4.8E-01    8    1.8E-002 
 28         -30.9849862023 -7.0E-03  3.5E-02  2.7E-02  4.5E-01    8    1.8E-002 
 29         -30.9944061616 -9.4E-03  4.6E-02  3.0E-02  4.2E-01    8    1.8E-002 
 30         -31.0064317167 -1.2E-02  5.8E-02  3.1E-02  3.6E-01    8    1.8E-002 
 31         -31.0206708930 -1.4E-02  6.8E-02  3.0E-02  2.9E-01    8    1.8E-002 
 32         -31.0356084037 -1.5E-02  6.7E-02  2.5E-02  2.0E-01    8    1.8E-002 
 33         -31.0485332567 -1.3E-02  5.9E-02  1.8E-02  1.0E-01    8    1.8E-002 
 34         -31.0581140807 -9.6E-03  8.7E-02  1.2E-02  5.2E-02    8    1.8E-002 
 35         -31.0668075302 -8.7E-03  1.1E-01  1.2E-02  4.0E-02    8    1.8E-002 
 36         -31.0733347270 -6.5E-03  1.1E-01  1.1E-02  1.6E-02    8    1.8E-002 
 37         -31.0767690596 -3.4E-03  6.2E-02  5.3E-03  0.0E+00    8    1.5E-002 
 38         -31.0810551058 -4.3E-03  1.4E-01  8.7E-03  0.0E+00    8    1.5E-002 
 39         -31.0829324492 -1.9E-03  4.1E-02  5.8E-03  0.0E+00    8    1.9E-002 
 40         -31.0837302953 -8.0E-04  3.0E-02  4.7E-03  0.0E+00    8    1.4E-002 
 41         -31.0839638410 -2.3E-04  3.0E-02  2.4E-03  0.0E+00    8    1.4E-002 
 42         -31.0840762220 -1.1E-04  1.5E-02  1.3E-03  0.0E+00    8    1.5E-002 
 43         -31.0840998751 -2.4E-05  1.8E-02  8.5E-04  0.0E+00    8    1.4E-002 
 44         -31.0841012401 -1.4E-06  2.7E-03  2.5E-04  0.0E+00    8    1.4E-002 
 45         -31.0841017324 -4.9E-07  1.8E-03  1.1E-04  0.0E+00    8    1.4E-002 
 46         -31.0841020496 -3.2E-07  6.3E-04  8.5E-05  0.0E+00    8    1.5E-002 
 47         -31.0841021838 -1.3E-07  2.5E-04  5.4E-05  0.0E+00    8    1.5E-002 
 48         -31.0841021906 -6.8E-09  1.6E-04  2.0E-05  0.0E+00    8    1.5E-002 
 49         -31.0841021922 -1.6E-09  9.0E-05  5.0E-06  0.0E+00    8    1.4E-002 
 50         -31.0841021926 -4.3E-10  2.3E-05  3.1E-06  0.0E+00    8    1.5E-002 
 51         -31.0841021927 -2.2E-11  1.5E-05  1.0E-06  0.0E+00    8    1.5E-002 
 52         -31.0841021927 -1.2E-11  1.1E-05  4.2E-07  0.0E+00    8    1.4E-002 
 53         -31.0841021927 -3.8E-12  2.7E-06  2.1E-07  0.0E+00    8    1.5E-002 
 54         -31.0841021927 -1.6E-12  3.6E-06  1.7E-07  0.0E+00    8    1.4E-002 
 55         -31.0841021927 -6.0E-13  1.2E-06  1.3E-07  0.0E+00    8    1.4E-002 
 56         -31.0841021927 -2.4E-13  5.6E-07  1.2E-07  0.0E+00    8    1.4E-002 
 ------------------------------------------------------------------------------
 SCF converged
 Converged energy                        -31.084102192668    
 ------------------------------------------------------------------------------
 Ehomo(Alpha) [eV]                       -5.109299349773     
 Elumo(Alpha) [eV]                       0.406037811562      
 Ehomo(Beta) [eV]                        -5.038996684944     
 Elumo(Beta) [eV]                        0.381804589697      

 dipole moment (Debye)
        x              y              z       
      2.112E-007     6.651E-009    -1.487E-007

 traceless quadrupole moment (Debye*Angs)
                       x              y              z       
 x                  -2.764E-001     1.158E-001     6.090E-001
 y                   1.158E-001     3.964E-001    -1.018E-001
 z                   6.090E-001    -1.018E-001    -1.200E-001

 ----------------------------------------------------------------------------
 Timings (seconds)
 * mean-field hamiltonian     7.6E-001
 * solver (setting up eqns)   2.8E-002
 * solver (energy estimate)   7.5E-003
 * solver (orthogonalization) 1.6E-003
 * solver (rotation matrix X) 1.1E-001
 * solver (exponential of X)  6.7E-003
 * solver (total)             1.5E-001
 * total SCF                  9.4E-001
 Atomic guess: LA, ../../../../basis-sets/bse/def2-tzvpd.txt
 -----------------------------------------------------------
 E(HF) [a.u.]                            -3.1084102193E+001
 Tr(RhoAvg S), Cartesian AOs              1.1000000000E+001
 Tr(RhoAvg S), spherical AOs              1.1000000000E+001
 max|T RhoAvg T**T - RhoAvg_sao|                  9.71E-017
 max|c(RhoAvg) - c(Rho)|                          4.44E-016
 max|RhoAvg - Rho|                                1.14E-001
 Saved /mnt/storage_6/project_data/pl0415-03/marcin/beyond-rpa/guess/electron-densities/bse/def2-tzvpd/la.txt
 ----------------------------------------------------------------------------
                             SCF for HF (2S+1=3)                             
 ----------------------------------------------------------------------------
 NUMBER OF ATOMS                         1
 CHARGE                                  0
 Prescreening (pq|pq) integrals for the Cholesky decomposition
 Shell pairs will be sorted according to their max elements
 Max diagonal integral MaxDrs=3.9E+000
 Applying Eq. 15 in J. Chem. Phys. 150, 194112 (2019); doi: 10.1063/1.5083802
 Schwarz inequality: Dpq<min(10**(-8),Tau)**2/MaxDrs=2.5E-017
 Trace of exact Coulomb matrix: 5.1E+001
 Trace of discarded integrals: 0.0E+000
 Discarded 0 out of 120 shell pairs
 (0 out of 946 orbital pairs)

 Step 1 of Cholesky decomposition: locating pivots
 -------------------------------------------------
 Dimensions of the Coulomb matrix: (946,946)
 Threshold for diagonal matrix elements: Dpq > 1.0E-007
 Max number of Cholesky vectors: 645
 Rk storage block size: 500
 Max dimension of 2e integrals buffer: (946,946)

 ----------------------------------------------------------------------------
 #    Dmax        Memory (MB)    NPivots     %    Time        
 ----------------------------------------------------------------------------
 1    3.4E-002    1.0E+001       19          2    7.1E-003    
 2    3.1E-004    1.0E+001       167         27   1.6E-002    
 3    2.9E-006    8.5E+000       269         86   1.0E-002    
 4    9.6E-008    2.3E+000       308         100  2.3E-003    

 Step 1 of the Cholesky decomposition completed
 Computed 308 pivots
 Largest residual Dpq: 9.6E-008
 NCholesky/NAO = 7.2E+000
 Step 1 of Cholesky decomposition completed in 3.6E-002 seconds
 Detailed timings in seconds
 Subtract prev contribs I (M-R**T*R)     3.5E-003
 Subtract prev contribs II (Rk)          5.4E-003
 Two-electron integrals                  2.3E-002
 Reallocation                            1.8E-003

 Step 2 of Cholesky decomposition completed in 3.0E-003 seconds
 Detailed timings in seconds
 Reduced-dimension matrix V    1.9E-003
 V=L*L**T                      4.4E-004
 L**(-1)                       6.6E-004

 Full-dimension Cholesky vectors of the Coulomb matrix will be stored in memory
 Cholesky vectors computed in 5.9E-003 seconds

 ┌─────────────────────────────────────────┐
 │          Self-consistent field          │
 └─────────────────────────────────────────┘

 Atomic orbital basis set
 . . . . . . . . . . . . . . . . . . . . . . . . . . . . . . . . . . . . . . 
 atomic centers                               1
 shell parameter sets                         15
 spherical AOs                                43
 max angular momentum                         3
 parameter set                                ../../../../basis-sets/bse/def2-tzvpd.txt
 . . . . . . . . . . . . . . . . . . . . . . . . . . . . . . . . . . . . . . 
 SCF guess: bare nuclei Hamiltonian
 Starting self-consistent field iterations (spin-unrestricted)
 Alpha electrons: 7
 Beta electrons: 5
 ----------------------------------------------------------------------------
 Exchange-correlation: Hartree-Fock
 ----------------------------------------------------------------------------
 Replicated-data parallel SCF
 ----------------------------
 Processes                               1
 Threads/process                         16
 Allocated 3.6E-004 GiB of scratch space for the KS matrix build
 ----------------------------------------------------------------------------
 Loaded pseudopotential parameters
 ----------------------------------------------------------------------------

 HAFNIUM     
 Parameters file: ../../../../basis-sets/bse/def2-tzvpd.txt
 ECP accounts for 60 core electrons

          Coeff         R^n       Exponent                                       

 Local part

         10.04672251      2         1.78576984                                   

 L = 0

       1499.28471073      2        14.76995900                                   
         40.28210136      2         7.38497940                                   
        -10.04672251      2         1.78576984                                   

 L = 1

        397.73300533      2         9.84948950                                   
         19.31640586      2         4.92474450                                   
        -10.04672251      2         1.78576984                                   

 L = 2

        101.32980526      2         6.09675640                                   
          5.87343821      2         3.04837820                                   
        -10.04672251      2         1.78576984                                   

 ----------------------------------------------------------------------------
 Spherical harmonic basis contains 43 vectors
 Linear independence thresh: Eig(S) > 1.0E-006
 Computations will be carried out in the space of 43 MOs
 Threshold for J, K: |Rho(r,s)*(pq|rs)|,|Rho(q,s)*(pq|rs)| > 1.0E-011
 Convergence conditions
 ----------------------
 RhoDiff < 1.0E-006
 OrbGrad < 1.0E-006
 Max number of macroiters: 1024
 ------------------------------------------------------------------------------
 #           Energy        EDiff    RhoDiff  OrbGrad  OrbShift NStored Time     
 ------------------------------------------------------------------------------
 0          195.5978241578                                        0    3.6E-002 
 1          -46.2968623406           1.8E+01                      0    1.5E-002 
 2          -47.0784666983 -7.8E-01  4.9E-01  3.7E-01  3.8E-01    1    1.6E-002 
 3          -47.1490111049 -7.1E-02  1.5E-01  1.0E-01  0.0E+00    2    1.5E-002 
 4          -47.2297092210 -8.1E-02  2.7E-01  5.5E-02  1.0E-01    3    1.6E-002 
 5          -47.2736753818 -4.4E-02  1.7E-01  3.8E-02  0.0E+00    4    1.5E-002 
 6          -47.3393518084 -6.6E-02  3.7E-01  4.2E-02  0.0E+00    5    1.5E-002 
 7          -47.3587820190 -1.9E-02  1.3E-01  2.8E-02  0.0E+00    6    1.5E-002 
 8          -47.3615357729 -2.8E-03  3.9E-02  1.2E-02  0.0E+00    7    1.5E-002 
 9          -47.3617721425 -2.4E-04  2.1E-02  3.4E-03  0.0E+00    8    1.5E-002 
 10         -47.3617807965 -8.7E-06  8.7E-03  8.8E-04  0.0E+00    8    1.5E-002 
 11         -47.3617814135 -6.2E-07  3.1E-03  2.4E-04  0.0E+00    8    1.5E-002 
 12         -47.3617814386 -2.5E-08  7.1E-04  5.3E-05  0.0E+00    8    1.5E-002 
 13         -47.3617814392 -5.6E-10  3.8E-05  7.0E-06  0.0E+00    8    1.5E-002 
 14         -47.3617814393 -9.5E-11  1.6E-05  3.1E-06  0.0E+00    8    1.5E-002 
 15         -47.3617814393 -1.8E-11  6.2E-06  1.2E-06  0.0E+00    8    1.5E-002 
 16         -47.3617814393 -3.8E-12  1.5E-06  3.7E-07  0.0E+00    8    1.5E-002 
 17         -47.3617814393 -1.9E-12  6.3E-07  3.8E-07  0.0E+00    8    1.5E-002 
 ------------------------------------------------------------------------------
 SCF converged
 Converged energy                        -47.361781439306    
 ------------------------------------------------------------------------------
 Ehomo(Alpha) [eV]                       -7.032102696124     
 Elumo(Alpha) [eV]                       0.649373340420      
 Ehomo(Beta) [eV]                        -5.890819709211     
 Elumo(Beta) [eV]                        0.804868191735      

 dipole moment (Debye)
        x              y              z       
      1.528E-015    -1.485E-015     1.250E-014

 traceless quadrupole moment (Debye*Angs)
                       x              y              z       
 x                   5.785E-001    -2.453E-015     4.947E-002
 y                  -2.453E-015     5.799E-001     1.252E-013
 z                   4.947E-002     1.252E-013    -1.158E+000

 ----------------------------------------------------------------------------
 Timings (seconds)
 * mean-field hamiltonian     2.6E-001
 * solver (setting up eqns)   7.6E-003
 * solver (energy estimate)   1.7E-003
 * solver (orthogonalization) 4.6E-004
 * solver (rotation matrix X) 4.8E-003
 * solver (exponential of X)  2.0E-003
 * solver (total)             1.7E-002
 * total SCF                  3.0E-001
 Atomic guess: HF, ../../../../basis-sets/bse/def2-tzvpd.txt
 -----------------------------------------------------------
 E(HF) [a.u.]                            -4.7361781439E+001
 Tr(RhoAvg S), Cartesian AOs              1.2000000000E+001
 Tr(RhoAvg S), spherical AOs              1.2000000000E+001
 max|T RhoAvg T**T - RhoAvg_sao|                  1.25E-016
 max|c(RhoAvg) - c(Rho)|                          4.44E-016
 max|RhoAvg - Rho|                                1.76E-001
 Saved /mnt/storage_6/project_data/pl0415-03/marcin/beyond-rpa/guess/electron-densities/bse/def2-tzvpd/hf.txt
 ----------------------------------------------------------------------------
                             SCF for TA (2S+1=4)                             
 ----------------------------------------------------------------------------
 NUMBER OF ATOMS                         1
 CHARGE                                  0
 Prescreening (pq|pq) integrals for the Cholesky decomposition
 Shell pairs will be sorted according to their max elements
 Max diagonal integral MaxDrs=3.3E+000
 Applying Eq. 15 in J. Chem. Phys. 150, 194112 (2019); doi: 10.1063/1.5083802
 Schwarz inequality: Dpq<min(10**(-8),Tau)**2/MaxDrs=3.0E-017
 Trace of exact Coulomb matrix: 5.2E+001
 Trace of discarded integrals: 0.0E+000
 Discarded 0 out of 120 shell pairs
 (0 out of 946 orbital pairs)

 Step 1 of Cholesky decomposition: locating pivots
 -------------------------------------------------
 Dimensions of the Coulomb matrix: (946,946)
 Threshold for diagonal matrix elements: Dpq > 1.0E-007
 Max number of Cholesky vectors: 645
 Rk storage block size: 500
 Max dimension of 2e integrals buffer: (946,946)

 ----------------------------------------------------------------------------
 #    Dmax        Memory (MB)    NPivots     %    Time        
 ----------------------------------------------------------------------------
 1    3.2E-002    1.0E+001       27          3    9.5E-003    
 2    2.9E-004    1.0E+001       164         26   1.6E-002    
 3    2.9E-006    8.7E+000       267         87   1.0E-002    
 4    8.2E-008    1.7E+000       310         100  2.3E-003    

 Step 1 of the Cholesky decomposition completed
 Computed 310 pivots
 Largest residual Dpq: 8.2E-008
 NCholesky/NAO = 7.2E+000
 Step 1 of Cholesky decomposition completed in 3.9E-002 seconds
 Detailed timings in seconds
 Subtract prev contribs I (M-R**T*R)     3.2E-003
 Subtract prev contribs II (Rk)          5.1E-003
 Two-electron integrals                  2.6E-002
 Reallocation                            1.8E-003

 Step 2 of Cholesky decomposition completed in 2.7E-003 seconds
 Detailed timings in seconds
 Reduced-dimension matrix V    1.6E-003
 V=L*L**T                      4.9E-004
 L**(-1)                       6.0E-004

 Full-dimension Cholesky vectors of the Coulomb matrix will be stored in memory
 Cholesky vectors computed in 5.4E-003 seconds

 ┌─────────────────────────────────────────┐
 │          Self-consistent field          │
 └─────────────────────────────────────────┘

 Atomic orbital basis set
 . . . . . . . . . . . . . . . . . . . . . . . . . . . . . . . . . . . . . . 
 atomic centers                               1
 shell parameter sets                         15
 spherical AOs                                43
 max angular momentum                         3
 parameter set                                ../../../../basis-sets/bse/def2-tzvpd.txt
 . . . . . . . . . . . . . . . . . . . . . . . . . . . . . . . . . . . . . . 
 SCF guess: bare nuclei Hamiltonian
 Starting self-consistent field iterations (spin-unrestricted)
 Alpha electrons: 8
 Beta electrons: 5
 ----------------------------------------------------------------------------
 Exchange-correlation: Hartree-Fock
 ----------------------------------------------------------------------------
 Replicated-data parallel SCF
 ----------------------------
 Processes                               1
 Threads/process                         16
 Allocated 3.6E-004 GiB of scratch space for the KS matrix build
 ----------------------------------------------------------------------------
 Loaded pseudopotential parameters
 ----------------------------------------------------------------------------

 TANTALUM    
 Parameters file: ../../../../basis-sets/bse/def2-tzvpd.txt
 ECP accounts for 60 core electrons

          Coeff         R^n       Exponent                                       

 Local part

         12.01796094      2         2.01788111                                   

 L = 0

       1345.88064703      2        14.54640770                                   
         36.76680620      2         7.27320380                                   
        -12.01796094      2         2.01788111                                   

 L = 1

        378.42530145      2         9.93556529                                   
         22.29309086      2         4.96778243                                   
        -12.01796094      2         2.01788111                                   

 L = 2

        104.88395571      2         6.34737691                                   
          8.75584805      2         3.17368846                                   
        -12.01796094      2         2.01788111                                   

 ----------------------------------------------------------------------------
 Spherical harmonic basis contains 43 vectors
 Linear independence thresh: Eig(S) > 1.0E-006
 Computations will be carried out in the space of 43 MOs
 Threshold for J, K: |Rho(r,s)*(pq|rs)|,|Rho(q,s)*(pq|rs)| > 1.0E-011
 Convergence conditions
 ----------------------
 RhoDiff < 1.0E-006
 OrbGrad < 1.0E-006
 Max number of macroiters: 1024
 ------------------------------------------------------------------------------
 #           Energy        EDiff    RhoDiff  OrbGrad  OrbShift NStored Time     
 ------------------------------------------------------------------------------
 0          180.6327124120                                        0    3.7E-002 
 1          -55.0043373804           2.0E+01                      0    1.5E-002 
 2          -56.0508533507 -1.0E+00  4.5E-01  4.3E-01  4.5E-01    1    1.6E-002 
 3          -56.1124204046 -6.2E-02  1.7E-01  1.2E-01  0.0E+00    2    1.5E-002 
 4          -56.1680520125 -5.6E-02  2.2E-01  4.8E-02  1.3E-01    3    1.7E-002 
 5          -56.2181309988 -5.0E-02  1.6E-01  4.5E-02  3.9E-02    4    1.7E-002 
 6          -56.2218694098 -3.7E-03  7.2E-02  1.7E-02  0.0E+00    5    1.6E-002 
 7          -56.2436783707 -2.2E-02  3.0E-01  1.5E-02  1.3E-02    6    1.8E-002 
 8          -56.2573091065 -1.4E-02  3.9E-01  1.8E-02  8.6E-03    7    1.9E-002 
 9          -56.2640913162 -6.8E-03  6.9E-02  2.6E-02  0.0E+00    8    1.6E-002 
 10         -56.2670682679 -3.0E-03  8.5E-02  8.6E-03  0.0E+00    8    1.6E-002 
 11         -56.2788102675 -1.2E-02  1.4E-01  1.0E-02  4.5E-03    8    2.0E-002 
 12         -56.2853624305 -6.6E-03  1.2E-01  1.2E-02  0.0E+00    8    1.6E-002 
 13         -56.2877994506 -2.4E-03  8.5E-02  5.8E-03  0.0E+00    8    1.6E-002 
 14         -56.2871667961  6.3E-04  1.3E-01  6.9E-03  0.0E+00    8    1.6E-002 
 14*        -56.2884480149 -6.5E-04  1.2E-01  6.9E-03  1.6E-03    8    1.9E-002 
 15         -56.2907006997 -2.3E-03  7.7E-02  9.4E-03  0.0E+00    8    1.6E-002 
 16         -56.2908439608 -1.4E-04  2.5E-02  2.3E-03  0.0E+00    8    1.6E-002 
 17         -56.2908537743 -9.8E-06  3.5E-03  7.0E-04  0.0E+00    8    1.6E-002 
 18         -56.2908549163 -1.1E-06  1.4E-03  2.3E-04  0.0E+00    8    1.6E-002 
 19         -56.2908553868 -4.7E-07  3.3E-04  1.2E-04  0.0E+00    8    1.6E-002 
 20         -56.2908557341 -3.5E-07  5.3E-04  7.5E-05  0.0E+00    8    1.6E-002 
 21         -56.2908558456 -1.1E-07  3.8E-04  5.2E-05  0.0E+00    8    1.6E-002 
 22         -56.2908558596 -1.4E-08  9.3E-05  2.5E-05  0.0E+00    8    1.6E-002 
 23         -56.2908558627 -3.1E-09  1.3E-04  1.0E-05  0.0E+00    8    1.6E-002 
 24         -56.2908558628 -1.3E-10  1.5E-05  3.4E-06  0.0E+00    8    1.6E-002 
 25         -56.2908558628 -6.2E-12  1.9E-06  4.4E-07  0.0E+00    8    1.6E-002 
 26         -56.2908558628 -4.1E-13  6.4E-07  2.3E-07  0.0E+00    8    1.6E-002 
 ------------------------------------------------------------------------------
 SCF converged
 Converged energy                        -56.290855862825    
 ------------------------------------------------------------------------------
 Ehomo(Alpha) [eV]                       -7.686679849759     
 Elumo(Alpha) [eV]                       0.741133838017      
 Ehomo(Beta) [eV]                        -5.917279655502     
 Elumo(Beta) [eV]                        0.937990364291      

 dipole moment (Debye)
        x              y              z       
      1.405E-011     3.035E-011     7.097E-012

 traceless quadrupole moment (Debye*Angs)
                       x              y              z       
 x                  -4.153E-006     1.953E-012     2.001E-009
 y                   1.953E-012     2.117E-005     1.596E-012
 z                   2.001E-009     1.596E-012    -1.702E-005

 ----------------------------------------------------------------------------
 Timings (seconds)
 * mean-field hamiltonian     4.1E-001
 * solver (setting up eqns)   1.3E-002
 * solver (energy estimate)   3.1E-003
 * solver (orthogonalization) 7.7E-004
 * solver (rotation matrix X) 2.1E-002
 * solver (exponential of X)  3.5E-003
 * solver (total)             4.2E-002
 * total SCF                  4.8E-001
 Atomic guess: TA, ../../../../basis-sets/bse/def2-tzvpd.txt
 -----------------------------------------------------------
 E(HF) [a.u.]                            -5.6290855863E+001
 Tr(RhoAvg S), Cartesian AOs              1.3000000000E+001
 Tr(RhoAvg S), spherical AOs              1.3000000000E+001
 max|T RhoAvg T**T - RhoAvg_sao|                  2.78E-016
 max|c(RhoAvg) - c(Rho)|                          2.22E-016
 max|RhoAvg - Rho|                                1.87E-001
 Saved /mnt/storage_6/project_data/pl0415-03/marcin/beyond-rpa/guess/electron-densities/bse/def2-tzvpd/ta.txt
 ----------------------------------------------------------------------------
                              SCF for W (2S+1=5)                             
 ----------------------------------------------------------------------------
 NUMBER OF ATOMS                         1
 CHARGE                                  0
 Prescreening (pq|pq) integrals for the Cholesky decomposition
 Shell pairs will be sorted according to their max elements
 Max diagonal integral MaxDrs=3.6E+000
 Applying Eq. 15 in J. Chem. Phys. 150, 194112 (2019); doi: 10.1063/1.5083802
 Schwarz inequality: Dpq<min(10**(-8),Tau)**2/MaxDrs=2.8E-017
 Trace of exact Coulomb matrix: 5.6E+001
 Trace of discarded integrals: 0.0E+000
 Discarded 0 out of 120 shell pairs
 (0 out of 946 orbital pairs)

 Step 1 of Cholesky decomposition: locating pivots
 -------------------------------------------------
 Dimensions of the Coulomb matrix: (946,946)
 Threshold for diagonal matrix elements: Dpq > 1.0E-007
 Max number of Cholesky vectors: 645
 Rk storage block size: 500
 Max dimension of 2e integrals buffer: (946,946)

 ----------------------------------------------------------------------------
 #    Dmax        Memory (MB)    NPivots     %    Time        
 ----------------------------------------------------------------------------
 1    3.6E-002    1.0E+001       21          2    1.8E-002    
 2    2.9E-004    1.0E+001       167         34   2.2E-002    
 3    1.5E-006    7.9E+000       269         91   1.4E-002    
 4    9.1E-008    8.4E-001       300         100  9.1E-004    

 Step 1 of the Cholesky decomposition completed
 Computed 300 pivots
 Largest residual Dpq: 9.1E-008
 NCholesky/NAO = 7.0E+000
 Step 1 of Cholesky decomposition completed in 5.5E-002 seconds
 Detailed timings in seconds
 Subtract prev contribs I (M-R**T*R)     2.8E-003
 Subtract prev contribs II (Rk)          4.8E-003
 Two-electron integrals                  4.4E-002
 Reallocation                            1.2E-003

 Step 2 of Cholesky decomposition completed in 4.6E-003 seconds
 Detailed timings in seconds
 Reduced-dimension matrix V    3.5E-003
 V=L*L**T                      5.0E-004
 L**(-1)                       6.4E-004

 Full-dimension Cholesky vectors of the Coulomb matrix will be stored in memory
 Cholesky vectors computed in 8.5E-003 seconds

 ┌─────────────────────────────────────────┐
 │          Self-consistent field          │
 └─────────────────────────────────────────┘

 Atomic orbital basis set
 . . . . . . . . . . . . . . . . . . . . . . . . . . . . . . . . . . . . . . 
 atomic centers                               1
 shell parameter sets                         15
 spherical AOs                                43
 max angular momentum                         3
 parameter set                                ../../../../basis-sets/bse/def2-tzvpd.txt
 . . . . . . . . . . . . . . . . . . . . . . . . . . . . . . . . . . . . . . 
 SCF guess: bare nuclei Hamiltonian
 Starting self-consistent field iterations (spin-unrestricted)
 Alpha electrons: 9
 Beta electrons: 5
 ----------------------------------------------------------------------------
 Exchange-correlation: Hartree-Fock
 ----------------------------------------------------------------------------
 Replicated-data parallel SCF
 ----------------------------
 Processes                               1
 Threads/process                         16
 Allocated 3.6E-004 GiB of scratch space for the KS matrix build
 ----------------------------------------------------------------------------
 Loaded pseudopotential parameters
 ----------------------------------------------------------------------------

 TUNGSTEN    
 Parameters file: ../../../../basis-sets/bse/def2-tzvpd.txt
 ECP accounts for 60 core electrons

          Coeff         R^n       Exponent                                       

 Local part

         14.15257947      2         2.25888846                                   

 L = 0

       1192.39588226      2        14.32285640                                   
         32.52293315      2         7.16142810                                   
        -14.15257947      2         2.25888846                                   

 L = 1

        359.03196711      2        10.02164110                                   
         24.03038019      2         5.01082040                                   
        -14.15257947      2         2.25888846                                   

 L = 2

        108.30134897      2         6.59799743                                   
         10.98252827      2         3.29899871                                   
        -14.15257947      2         2.25888846                                   

 ----------------------------------------------------------------------------
 Spherical harmonic basis contains 43 vectors
 Linear independence thresh: Eig(S) > 1.0E-006
 Computations will be carried out in the space of 43 MOs
 Threshold for J, K: |Rho(r,s)*(pq|rs)|,|Rho(q,s)*(pq|rs)| > 1.0E-011
 Convergence conditions
 ----------------------
 RhoDiff < 1.0E-006
 OrbGrad < 1.0E-006
 Max number of macroiters: 1024
 ------------------------------------------------------------------------------
 #           Energy        EDiff    RhoDiff  OrbGrad  OrbShift NStored Time     
 ------------------------------------------------------------------------------
 0          512.8928655700                                        0    3.7E-002 
 1          -65.7003128023           2.2E+01                      0    1.5E-002 
 2          -66.1218530438 -4.2E-01  3.4E-01  4.8E-01  1.5E-01    1    1.6E-002 
 3          -66.1603836886 -3.9E-02  1.7E-01  1.2E-01  0.0E+00    2    1.6E-002 
 4          -66.1752581602 -1.5E-02  1.1E-01  2.8E-02  0.0E+00    3    1.6E-002 
 5          -66.2184492486 -4.3E-02  2.4E-01  2.5E-02  5.7E-02    4    1.7E-002 
 6          -66.2730724570 -5.5E-02  2.5E-01  3.1E-02  8.4E-02    5    1.8E-002 
 7          -66.3154995015 -4.2E-02  2.4E-01  3.9E-02  5.2E-02    6    1.8E-002 
 8          -66.3200257827 -4.5E-03  7.5E-02  1.7E-02  0.0E+00    7    1.6E-002 
 9          -66.3203842387 -3.6E-04  3.3E-02  3.8E-03  0.0E+00    8    1.6E-002 
 10         -66.3204745603 -9.0E-05  2.3E-02  1.8E-03  0.0E+00    8    1.6E-002 
 11         -66.3205136412 -3.9E-05  8.9E-03  1.2E-03  0.0E+00    8    1.6E-002 
 12         -66.3205174537 -3.8E-06  4.9E-03  4.8E-04  0.0E+00    8    1.6E-002 
 13         -66.3205176273 -1.7E-07  1.1E-03  1.2E-04  0.0E+00    8    1.6E-002 
 14         -66.3205176315 -4.2E-09  6.5E-05  1.7E-05  0.0E+00    8    1.6E-002 
 15         -66.3205176319 -3.6E-10  2.1E-05  6.4E-06  0.0E+00    8    1.6E-002 
 16         -66.3205176319 -1.7E-11  9.6E-06  1.1E-06  0.0E+00    8    1.6E-002 
 17         -66.3205176319 -1.3E-12  1.6E-06  3.8E-07  0.0E+00    8    1.6E-002 
 18         -66.3205176319 -4.3E-14  3.3E-07  1.2E-07  0.0E+00    8    1.6E-002 
 ------------------------------------------------------------------------------
 SCF converged
 Converged energy                        -66.320517631891    
 ------------------------------------------------------------------------------
 Ehomo(Alpha) [eV]                       -8.292225137313     
 Elumo(Alpha) [eV]                       0.733431253592      
 Ehomo(Beta) [eV]                        -6.211529889834     
 Elumo(Beta) [eV]                        0.801445530824      

 dipole moment (Debye)
        x              y              z       
      7.851E-014     1.198E-015     1.232E-013

 traceless quadrupole moment (Debye*Angs)
                       x              y              z       
 x                  -3.537E-002     2.296E-012     2.281E-012
 y                   2.296E-012    -3.537E-002    -2.700E-012
 z                   2.281E-012    -2.700E-012     7.074E-002

 ----------------------------------------------------------------------------
 Timings (seconds)
 * mean-field hamiltonian     2.9E-001
 * solver (setting up eqns)   8.3E-003
 * solver (energy estimate)   1.8E-003
 * solver (orthogonalization) 5.1E-004
 * solver (rotation matrix X) 8.8E-003
 * solver (exponential of X)  2.2E-003
 * solver (total)             2.2E-002
 * total SCF                  3.3E-001
 Atomic guess: W, ../../../../basis-sets/bse/def2-tzvpd.txt
 ----------------------------------------------------------
 E(HF) [a.u.]                            -6.6320517632E+001
 Tr(RhoAvg S), Cartesian AOs              1.4000000000E+001
 Tr(RhoAvg S), spherical AOs              1.4000000000E+001
 max|T RhoAvg T**T - RhoAvg_sao|                  5.00E-016
 max|c(RhoAvg) - c(Rho)|                          1.11E-015
 max|RhoAvg - Rho|                                2.95E-001
 Saved /mnt/storage_6/project_data/pl0415-03/marcin/beyond-rpa/guess/electron-densities/bse/def2-tzvpd/w.txt
 ----------------------------------------------------------------------------
                             SCF for RE (2S+1=6)                             
 ----------------------------------------------------------------------------
 NUMBER OF ATOMS                         1
 CHARGE                                  0
 Prescreening (pq|pq) integrals for the Cholesky decomposition
 Shell pairs will be sorted according to their max elements
 Max diagonal integral MaxDrs=3.6E+000
 Applying Eq. 15 in J. Chem. Phys. 150, 194112 (2019); doi: 10.1063/1.5083802
 Schwarz inequality: Dpq<min(10**(-8),Tau)**2/MaxDrs=2.8E-017
 Trace of exact Coulomb matrix: 5.8E+001
 Trace of discarded integrals: 0.0E+000
 Discarded 0 out of 120 shell pairs
 (0 out of 946 orbital pairs)

 Step 1 of Cholesky decomposition: locating pivots
 -------------------------------------------------
 Dimensions of the Coulomb matrix: (946,946)
 Threshold for diagonal matrix elements: Dpq > 1.0E-007
 Max number of Cholesky vectors: 645
 Rk storage block size: 500
 Max dimension of 2e integrals buffer: (946,946)

 ----------------------------------------------------------------------------
 #    Dmax        Memory (MB)    NPivots     %    Time        
 ----------------------------------------------------------------------------
 1    3.4E-002    1.0E+001       24          3    1.8E-002    
 2    3.1E-004    1.0E+001       167         33   1.8E-002    
 3    1.6E-006    8.1E+000       269         90   1.5E-002    
 4    8.4E-008    1.0E+000       305         100  1.2E-003    

 Step 1 of the Cholesky decomposition completed
 Computed 305 pivots
 Largest residual Dpq: 8.4E-008
 NCholesky/NAO = 7.1E+000
 Step 1 of Cholesky decomposition completed in 5.2E-002 seconds
 Detailed timings in seconds
 Subtract prev contribs I (M-R**T*R)     3.3E-003
 Subtract prev contribs II (Rk)          5.0E-003
 Two-electron integrals                  4.0E-002
 Reallocation                            1.3E-003

 Step 2 of Cholesky decomposition completed in 3.6E-003 seconds
 Detailed timings in seconds
 Reduced-dimension matrix V    2.5E-003
 V=L*L**T                      4.9E-004
 L**(-1)                       6.0E-004

 Full-dimension Cholesky vectors of the Coulomb matrix will be stored in memory
 Cholesky vectors computed in 9.4E-003 seconds

 ┌─────────────────────────────────────────┐
 │          Self-consistent field          │
 └─────────────────────────────────────────┘

 Atomic orbital basis set
 . . . . . . . . . . . . . . . . . . . . . . . . . . . . . . . . . . . . . . 
 atomic centers                               1
 shell parameter sets                         15
 spherical AOs                                43
 max angular momentum                         3
 parameter set                                ../../../../basis-sets/bse/def2-tzvpd.txt
 . . . . . . . . . . . . . . . . . . . . . . . . . . . . . . . . . . . . . . 
 SCF guess: bare nuclei Hamiltonian
 Starting self-consistent field iterations (spin-unrestricted)
 Alpha electrons: 10
 Beta electrons: 5
 ----------------------------------------------------------------------------
 Exchange-correlation: Hartree-Fock
 ----------------------------------------------------------------------------
 Replicated-data parallel SCF
 ----------------------------
 Processes                               1
 Threads/process                         16
 Allocated 3.6E-004 GiB of scratch space for the KS matrix build
 ----------------------------------------------------------------------------
 Loaded pseudopotential parameters
 ----------------------------------------------------------------------------

 RHENIUM     
 Parameters file: ../../../../basis-sets/bse/def2-tzvpd.txt
 ECP accounts for 60 core electrons

          Coeff         R^n       Exponent                                       

 Local part

         16.44985227      2         2.50865059                                   

 L = 0

       1038.95157226      2        14.09930510                                   
         29.56173830      2         7.04965250                                   
        -16.44985227      2         2.50865059                                   

 L = 1

        339.54350965      2        10.10771690                                   
         24.91369646      2         5.05385830                                   
        -16.44985227      2         2.50865059                                   

 L = 2

        111.69965275      2         6.84861794                                   
         12.62432927      2         3.42430897                                   
        -16.44985227      2         2.50865059                                   

 ----------------------------------------------------------------------------
 Spherical harmonic basis contains 43 vectors
 Linear independence thresh: Eig(S) > 1.0E-006
 Computations will be carried out in the space of 43 MOs
 Threshold for J, K: |Rho(r,s)*(pq|rs)|,|Rho(q,s)*(pq|rs)| > 1.0E-011
 Convergence conditions
 ----------------------
 RhoDiff < 1.0E-006
 OrbGrad < 1.0E-006
 Max number of macroiters: 1024
 ------------------------------------------------------------------------------
 #           Energy        EDiff    RhoDiff  OrbGrad  OrbShift NStored Time     
 ------------------------------------------------------------------------------
 0          470.3988955820                                        0    3.8E-002 
 1          -76.7390740025           2.2E+01                      0    1.7E-002 
 2          -77.4202941271 -6.8E-01  1.9E+00  5.1E-01  2.6E-01    1    1.7E-002 
 3          -77.4614056750 -4.1E-02  2.3E-01  1.3E-01  0.0E+00    2    1.6E-002 
 4          -77.4665964046 -5.2E-03  1.3E-01  2.6E-02  0.0E+00    3    1.7E-002 
 5          -77.4667826257 -1.9E-04  7.7E-03  4.6E-03  0.0E+00    4    1.7E-002 
 6          -77.4682318507 -1.4E-03  4.1E-02  3.4E-03  5.0E-02    5    1.9E-002 
 7          -77.4719199151 -3.7E-03  4.2E-02  7.9E-03  9.7E-02    6    1.9E-002 
 8          -77.4789415370 -7.0E-03  5.2E-02  1.4E-02  1.3E-01    7    2.0E-002 
 9          -77.4906761833 -1.2E-02  9.4E-02  2.2E-02  1.5E-01    8    2.0E-002 
 10         -77.5077600495 -1.7E-02  1.4E-01  2.9E-02  1.5E-01    8    2.1E-002 
 11         -77.5264113696 -1.9E-02  1.8E-01  3.3E-02  1.0E-01    8    2.0E-002 
 12         -77.5339483823 -7.5E-03  1.4E-01  2.4E-02  3.1E-03    8    2.0E-002 
 13         -77.5345640797 -6.2E-04  3.0E-02  6.5E-03  0.0E+00    8    1.7E-002 
 14         -77.5345711584 -7.1E-06  5.3E-03  7.6E-04  0.0E+00    8    1.7E-002 
 15         -77.5345720197 -8.6E-07  1.8E-03  2.2E-04  0.0E+00    8    1.7E-002 
 16         -77.5345721851 -1.7E-07  4.0E-04  9.8E-05  0.0E+00    8    1.7E-002 
 17         -77.5345722157 -3.1E-08  1.4E-04  3.6E-05  0.0E+00    8    1.7E-002 
 18         -77.5345722165 -7.1E-10  5.5E-05  1.3E-05  0.0E+00    8    1.7E-002 
 19         -77.5345722165 -4.5E-11  1.7E-05  2.6E-06  0.0E+00    8    1.7E-002 
 20         -77.5345722165 -3.8E-12  5.7E-06  7.3E-07  0.0E+00    8    1.7E-002 
 21         -77.5345722165 -4.5E-13  2.3E-06  2.1E-07  0.0E+00    8    1.7E-002 
 22         -77.5345722165  1.4E-14  3.5E-07  4.8E-08  0.0E+00    8    1.7E-002 
 22*        -77.5345722165  4.3E-14  2.2E-07  4.8E-08  2.2E-01    8    2.0E-002 
 22*        -77.5345722165  8.5E-14  1.4E-07  4.8E-08  5.8E-01    8    2.0E-002 
 22*        -77.5345722165 -4.3E-14  9.8E-08  4.8E-08  1.2E+00    8    2.0E-002 
 ------------------------------------------------------------------------------
 SCF converged
 Converged energy                        -77.534572216501    
 ------------------------------------------------------------------------------
 Ehomo(Alpha) [eV]                       -8.829418751589     
 Elumo(Alpha) [eV]                       0.829379486723      
 Ehomo(Beta) [eV]                        -6.062869214486     
 Elumo(Beta) [eV]                        1.052454757700      

 dipole moment (Debye)
        x              y              z       
      7.230E-015     2.807E-015     2.065E-014

 traceless quadrupole moment (Debye*Angs)
                       x              y              z       
 x                   8.898E-006     2.449E-008    -1.296E-007
 y                   2.449E-008     1.861E-005     2.036E-009
 z                  -1.296E-007     2.036E-009    -2.750E-005

 ----------------------------------------------------------------------------
 Timings (seconds)
 * mean-field hamiltonian     4.1E-001
 * solver (setting up eqns)   1.2E-002
 * solver (energy estimate)   2.9E-003
 * solver (orthogonalization) 7.2E-004
 * solver (rotation matrix X) 3.7E-002
 * solver (exponential of X)  2.9E-003
 * solver (total)             5.5E-002
 * total SCF                  5.0E-001
 Atomic guess: RE, ../../../../basis-sets/bse/def2-tzvpd.txt
 -----------------------------------------------------------
 E(HF) [a.u.]                            -7.7534572217E+001
 Tr(RhoAvg S), Cartesian AOs              1.5000000000E+001
 Tr(RhoAvg S), spherical AOs              1.5000000000E+001
 max|T RhoAvg T**T - RhoAvg_sao|                  5.55E-016
 max|c(RhoAvg) - c(Rho)|                          4.44E-016
 max|RhoAvg - Rho|                                1.94E-006
 Saved /mnt/storage_6/project_data/pl0415-03/marcin/beyond-rpa/guess/electron-densities/bse/def2-tzvpd/re.txt
 ----------------------------------------------------------------------------
                             SCF for OS (2S+1=5)                             
 ----------------------------------------------------------------------------
 NUMBER OF ATOMS                         1
 CHARGE                                  0
 Prescreening (pq|pq) integrals for the Cholesky decomposition
 Shell pairs will be sorted according to their max elements
 Max diagonal integral MaxDrs=3.7E+000
 Applying Eq. 15 in J. Chem. Phys. 150, 194112 (2019); doi: 10.1063/1.5083802
 Schwarz inequality: Dpq<min(10**(-8),Tau)**2/MaxDrs=2.7E-017
 Trace of exact Coulomb matrix: 5.9E+001
 Trace of discarded integrals: 0.0E+000
 Discarded 0 out of 120 shell pairs
 (0 out of 946 orbital pairs)

 Step 1 of Cholesky decomposition: locating pivots
 -------------------------------------------------
 Dimensions of the Coulomb matrix: (946,946)
 Threshold for diagonal matrix elements: Dpq > 1.0E-007
 Max number of Cholesky vectors: 645
 Rk storage block size: 500
 Max dimension of 2e integrals buffer: (946,946)

 ----------------------------------------------------------------------------
 #    Dmax        Memory (MB)    NPivots     %    Time        
 ----------------------------------------------------------------------------
 1    3.6E-002    1.0E+001       27          3    1.8E-002    
 2    3.5E-004    1.0E+001       170         37   2.3E-002    
 3    2.9E-006    7.7E+000       272         83   1.2E-002    
 4    8.5E-008    1.6E+000       315         100  1.7E-003    

 Step 1 of the Cholesky decomposition completed
 Computed 315 pivots
 Largest residual Dpq: 8.5E-008
 NCholesky/NAO = 7.3E+000
 Step 1 of Cholesky decomposition completed in 5.6E-002 seconds
 Detailed timings in seconds
 Subtract prev contribs I (M-R**T*R)     3.0E-003
 Subtract prev contribs II (Rk)          5.0E-003
 Two-electron integrals                  4.4E-002
 Reallocation                            1.4E-003

 Step 2 of Cholesky decomposition completed in 4.5E-003 seconds
 Detailed timings in seconds
 Reduced-dimension matrix V    3.4E-003
 V=L*L**T                      5.1E-004
 L**(-1)                       6.0E-004

 Full-dimension Cholesky vectors of the Coulomb matrix will be stored in memory
 Cholesky vectors computed in 8.5E-003 seconds

 ┌─────────────────────────────────────────┐
 │          Self-consistent field          │
 └─────────────────────────────────────────┘

 Atomic orbital basis set
 . . . . . . . . . . . . . . . . . . . . . . . . . . . . . . . . . . . . . . 
 atomic centers                               1
 shell parameter sets                         15
 spherical AOs                                43
 max angular momentum                         3
 parameter set                                ../../../../basis-sets/bse/def2-tzvpd.txt
 . . . . . . . . . . . . . . . . . . . . . . . . . . . . . . . . . . . . . . 
 SCF guess: bare nuclei Hamiltonian
 Starting self-consistent field iterations (spin-unrestricted)
 Alpha electrons: 10
 Beta electrons: 6
 ----------------------------------------------------------------------------
 Exchange-correlation: Hartree-Fock
 ----------------------------------------------------------------------------
 Replicated-data parallel SCF
 ----------------------------
 Processes                               1
 Threads/process                         16
 Allocated 3.6E-004 GiB of scratch space for the KS matrix build
 ----------------------------------------------------------------------------
 Loaded pseudopotential parameters
 ----------------------------------------------------------------------------

 OSMIUM      
 Parameters file: ../../../../basis-sets/bse/def2-tzvpd.txt
 ECP accounts for 60 core electrons

          Coeff         R^n       Exponent                                       

 Local part

         18.90945701      2         2.76707510                                   

 L = 0

        885.40571914      2        13.87575390                                   
         25.96704014      2         6.93787690                                   
        -18.90945701      2         2.76707510                                   

 L = 1

        320.08390185      2        10.19379260                                   
         26.14876493      2         5.09689620                                   
        -18.90945701      2         2.76707510                                   

 L = 2

        115.04484313      2         7.09923846                                   
         13.62257457      2         3.54961923                                   
        -18.90945701      2         2.76707510                                   

 ----------------------------------------------------------------------------
 Spherical harmonic basis contains 43 vectors
 Linear independence thresh: Eig(S) > 1.0E-006
 Computations will be carried out in the space of 43 MOs
 Threshold for J, K: |Rho(r,s)*(pq|rs)|,|Rho(q,s)*(pq|rs)| > 1.0E-011
 Convergence conditions
 ----------------------
 RhoDiff < 1.0E-006
 OrbGrad < 1.0E-006
 Max number of macroiters: 1024
 ------------------------------------------------------------------------------
 #           Energy        EDiff    RhoDiff  OrbGrad  OrbShift NStored Time     
 ------------------------------------------------------------------------------
 0          441.2461086223                                        0    3.9E-002 
 1          -88.6565705060           2.3E+01                      0    1.8E-002 
 2          -89.7098768565 -1.1E+00  2.6E+00  6.6E-01  4.1E-01    1    1.8E-002 
 3          -89.7703663496 -6.0E-02  3.0E-01  1.6E-01  0.0E+00    2    1.8E-002 
 4          -89.7825389116 -1.2E-02  1.8E-01  3.8E-02  0.0E+00    3    1.8E-002 
 5          -89.7848566704 -2.3E-03  2.5E-02  1.4E-02  0.0E+00    4    1.8E-002 
 6          -89.7949760824 -1.0E-02  5.9E-02  1.5E-02  6.9E-02    5    2.1E-002 
 7          -89.8061933772 -1.1E-02  6.7E-02  1.7E-02  5.2E-02    6    2.1E-002 
 8          -89.8131014918 -6.9E-03  9.8E-02  1.2E-02  1.2E-02    7    2.2E-002 
 9          -89.8136430934 -5.4E-04  1.4E-02  8.7E-03  0.0E+00    8    1.8E-002 
 10         -89.8137021363 -5.9E-05  6.0E-03  1.9E-03  0.0E+00    8    1.8E-002 
 11         -89.8137664771 -6.4E-05  8.6E-03  1.2E-03  0.0E+00    8    1.8E-002 
 12         -89.8139572943 -1.9E-04  1.1E-02  1.6E-03  5.5E-02    8    2.2E-002 
 13         -89.8142752864 -3.2E-04  1.5E-02  2.4E-03  7.0E-02    8    2.2E-002 
 14         -89.8148157704 -5.4E-04  2.0E-02  3.5E-03  8.1E-02    8    2.2E-002 
 15         -89.8157208252 -9.1E-04  2.8E-02  4.9E-03  9.5E-02    8    2.2E-002 
 16         -89.8172040016 -1.5E-03  3.8E-02  6.7E-03  1.1E-01    8    2.2E-002 
 17         -89.8195353535 -2.3E-03  5.0E-02  9.1E-03  1.2E-01    8    2.2E-002 
 18         -89.8229917296 -3.5E-03  6.5E-02  1.2E-02  1.2E-01    8    2.2E-002 
 19         -89.8276065666 -4.6E-03  8.0E-02  1.4E-02  1.1E-01    8    2.1E-002 
 20         -89.8327096490 -5.1E-03  9.1E-02  1.5E-02  7.6E-02    8    2.2E-002 
 21         -89.8362780529 -3.6E-03  8.1E-02  1.2E-02  2.5E-02    8    2.2E-002 
 22         -89.8366510208 -3.7E-04  2.1E-02  3.9E-03  0.0E+00    8    1.8E-002 
 23         -89.8366634907 -1.2E-05  6.4E-03  8.2E-04  0.0E+00    8    1.8E-002 
 24         -89.8366638444 -3.5E-07  1.4E-03  1.4E-04  0.0E+00    8    1.8E-002 
 25         -89.8366638658 -2.1E-08  2.2E-04  3.6E-05  0.0E+00    8    1.8E-002 
 26         -89.8366638706 -4.8E-09  3.3E-05  2.4E-05  0.0E+00    8    1.8E-002 
 27         -89.8366638740 -3.4E-09  4.5E-05  1.6E-05  0.0E+00    8    1.8E-002 
 28         -89.8366638744 -4.1E-10  1.8E-05  5.9E-06  0.0E+00    8    1.8E-002 
 29         -89.8366638744 -4.4E-11  8.5E-06  2.5E-06  0.0E+00    8    1.8E-002 
 30         -89.8366638744 -7.4E-12  1.1E-06  1.1E-06  0.0E+00    8    1.8E-002 
 31         -89.8366638744 -6.3E-13  5.4E-07  3.1E-07  0.0E+00    8    1.8E-002 
 ------------------------------------------------------------------------------
 SCF converged
 Converged energy                        -89.836663874445    
 ------------------------------------------------------------------------------
 Ehomo(Alpha) [eV]                       -8.840903946489     
 Elumo(Alpha) [eV]                       0.685530043579      
 Ehomo(Beta) [eV]                        -6.727986754891     
 Elumo(Beta) [eV]                        0.815613630081      

 dipole moment (Debye)
        x              y              z       
      2.587E-013    -3.207E-013    -1.742E-013

 traceless quadrupole moment (Debye*Angs)
                       x              y              z       
 x                  -3.140E-001    -5.712E-001     6.941E-001
 y                  -5.712E-001    -1.880E-002    -8.962E-001
 z                   6.941E-001    -8.962E-001     3.328E-001

 ----------------------------------------------------------------------------
 Timings (seconds)
 * mean-field hamiltonian     5.4E-001
 * solver (setting up eqns)   1.5E-002
 * solver (energy estimate)   3.8E-003
 * solver (orthogonalization) 8.9E-004
 * solver (rotation matrix X) 5.3E-002
 * solver (exponential of X)  3.9E-003
 * solver (total)             7.8E-002
 * total SCF                  6.5E-001
 Atomic guess: OS, ../../../../basis-sets/bse/def2-tzvpd.txt
 -----------------------------------------------------------
 E(HF) [a.u.]                            -8.9836663874E+001
 Tr(RhoAvg S), Cartesian AOs              1.6000000000E+001
 Tr(RhoAvg S), spherical AOs              1.6000000000E+001
 max|T RhoAvg T**T - RhoAvg_sao|                  6.66E-016
 max|c(RhoAvg) - c(Rho)|                          4.44E-016
 max|RhoAvg - Rho|                                1.44E-001
 Saved /mnt/storage_6/project_data/pl0415-03/marcin/beyond-rpa/guess/electron-densities/bse/def2-tzvpd/os.txt
 ----------------------------------------------------------------------------
                             SCF for IR (2S+1=4)                             
 ----------------------------------------------------------------------------
 NUMBER OF ATOMS                         1
 CHARGE                                  0
 Prescreening (pq|pq) integrals for the Cholesky decomposition
 Shell pairs will be sorted according to their max elements
 Max diagonal integral MaxDrs=3.7E+000
 Applying Eq. 15 in J. Chem. Phys. 150, 194112 (2019); doi: 10.1063/1.5083802
 Schwarz inequality: Dpq<min(10**(-8),Tau)**2/MaxDrs=2.7E-017
 Trace of exact Coulomb matrix: 6.1E+001
 Trace of discarded integrals: 0.0E+000
 Discarded 0 out of 120 shell pairs
 (0 out of 946 orbital pairs)

 Step 1 of Cholesky decomposition: locating pivots
 -------------------------------------------------
 Dimensions of the Coulomb matrix: (946,946)
 Threshold for diagonal matrix elements: Dpq > 1.0E-007
 Max number of Cholesky vectors: 645
 Rk storage block size: 500
 Max dimension of 2e integrals buffer: (946,946)

 ----------------------------------------------------------------------------
 #    Dmax        Memory (MB)    NPivots     %    Time        
 ----------------------------------------------------------------------------
 1    3.7E-002    1.0E+001       27          3    1.9E-002    
 2    3.5E-004    1.0E+001       170         35   2.4E-002    
 3    3.4E-006    7.5E+000       273         84   1.0E-002    
 4    9.6E-008    2.3E+000       312         100  2.7E-003    

 Step 1 of the Cholesky decomposition completed
 Computed 312 pivots
 Largest residual Dpq: 9.6E-008
 NCholesky/NAO = 7.3E+000
 Step 1 of Cholesky decomposition completed in 5.6E-002 seconds
 Detailed timings in seconds
 Subtract prev contribs I (M-R**T*R)     3.1E-003
 Subtract prev contribs II (Rk)          5.0E-003
 Two-electron integrals                  4.4E-002
 Reallocation                            1.5E-003

 Step 2 of Cholesky decomposition completed in 4.4E-003 seconds
 Detailed timings in seconds
 Reduced-dimension matrix V    3.4E-003
 V=L*L**T                      4.9E-004
 L**(-1)                       5.6E-004

 Full-dimension Cholesky vectors of the Coulomb matrix will be stored in memory
 Cholesky vectors computed in 8.6E-003 seconds

 ┌─────────────────────────────────────────┐
 │          Self-consistent field          │
 └─────────────────────────────────────────┘

 Atomic orbital basis set
 . . . . . . . . . . . . . . . . . . . . . . . . . . . . . . . . . . . . . . 
 atomic centers                               1
 shell parameter sets                         15
 spherical AOs                                43
 max angular momentum                         3
 parameter set                                ../../../../basis-sets/bse/def2-tzvpd.txt
 . . . . . . . . . . . . . . . . . . . . . . . . . . . . . . . . . . . . . . 
 SCF guess: bare nuclei Hamiltonian
 Starting self-consistent field iterations (spin-unrestricted)
 Alpha electrons: 10
 Beta electrons: 7
 ----------------------------------------------------------------------------
 Exchange-correlation: Hartree-Fock
 ----------------------------------------------------------------------------
 Replicated-data parallel SCF
 ----------------------------
 Processes                               1
 Threads/process                         16
 Allocated 3.6E-004 GiB of scratch space for the KS matrix build
 ----------------------------------------------------------------------------
 Loaded pseudopotential parameters
 ----------------------------------------------------------------------------

 IRIDIUM     
 Parameters file: ../../../../basis-sets/bse/def2-tzvpd.txt
 ECP accounts for 60 core electrons

          Coeff         R^n       Exponent                                       

 Local part

         21.53103107      2         3.03407192                                   

 L = 0

        732.26919978      2        13.65220260                                   
         26.48472087      2         6.82610130                                   
        -21.53103107      2         3.03407192                                   

 L = 1

        299.48947357      2        10.27986840                                   
         26.46623354      2         5.13993410                                   
        -21.53103107      2         3.03407192                                   

 L = 2

        124.45759451      2         7.34985897                                   
         14.03599518      2         3.67492949                                   
        -21.53103107      2         3.03407192                                   

 ----------------------------------------------------------------------------
 Spherical harmonic basis contains 43 vectors
 Linear independence thresh: Eig(S) > 1.0E-006
 Computations will be carried out in the space of 43 MOs
 Threshold for J, K: |Rho(r,s)*(pq|rs)|,|Rho(q,s)*(pq|rs)| > 1.0E-011
 Convergence conditions
 ----------------------
 RhoDiff < 1.0E-006
 OrbGrad < 1.0E-006
 Max number of macroiters: 1024
 ------------------------------------------------------------------------------
 #           Energy        EDiff    RhoDiff  OrbGrad  OrbShift NStored Time     
 ------------------------------------------------------------------------------
 0          381.2659585808                                        0    3.9E-002 
 1         -101.6750530871           2.3E+01                      0    1.7E-002 
 2         -103.3114104339 -1.6E+00  3.5E+00  8.4E-01  6.2E-01    1    1.9E-002 
 3         -103.3851655993 -7.4E-02  4.3E-01  1.8E-01  0.0E+00    2    1.8E-002 
 4         -103.3984995291 -1.3E-02  2.0E-01  3.8E-02  0.0E+00    3    1.8E-002 
 5         -103.3997788446 -1.3E-03  1.4E-02  9.4E-03  0.0E+00    4    1.9E-002 
 6         -103.4011089169 -1.3E-03  9.2E-03  8.0E-03  3.2E-01    5    2.1E-002 
 7         -103.4028646194 -1.8E-03  1.1E-02  8.6E-03  3.2E-01    6    2.1E-002 
 8         -103.4051903482 -2.3E-03  1.3E-02  8.9E-03  2.9E-01    7    2.1E-002 
 9         -103.4082306820 -3.0E-03  1.5E-02  1.0E-02  2.7E-01    8    2.2E-002 
 10        -103.4121140138 -3.9E-03  1.9E-02  1.1E-02  2.3E-01    8    2.3E-002 
 11        -103.4168732172 -4.8E-03  2.5E-02  1.2E-02  2.0E-01    8    2.3E-002 
 12        -103.4223352148 -5.5E-03  3.0E-02  1.2E-02  1.5E-01    8    2.2E-002 
 13        -103.4279311546 -5.6E-03  3.9E-02  1.2E-02  1.0E-01    8    2.2E-002 
 14        -103.4326761760 -4.7E-03  5.6E-02  1.1E-02  4.9E-02    8    2.2E-002 
 15        -103.4355060426 -2.8E-03  7.0E-02  7.9E-03  7.7E-03    8    2.3E-002 
 16        -103.4361540659 -6.5E-04  2.8E-02  5.5E-03  0.0E+00    8    1.9E-002 
 17        -103.4367337649 -5.8E-04  2.4E-02  5.4E-03  0.0E+00    8    1.9E-002 
 18        -103.4370502818 -3.2E-04  1.5E-02  4.0E-03  0.0E+00    8    1.9E-002 
 19        -103.4371287549 -7.8E-05  6.8E-03  1.7E-03  0.0E+00    8    1.9E-002 
 20        -103.4371438125 -1.5E-05  2.9E-03  4.4E-04  0.0E+00    8    1.9E-002 
 21        -103.4371457262 -1.9E-06  9.3E-04  2.5E-04  0.0E+00    8    1.9E-002 
 22        -103.4371478124 -2.1E-06  1.5E-03  2.0E-04  0.0E+00    8    1.9E-002 
 23        -103.4371487976 -9.9E-07  1.6E-03  1.5E-04  0.0E+00    8    1.9E-002 
 24        -103.4371488562 -5.9E-08  1.5E-04  4.9E-05  0.0E+00    8    1.9E-002 
 25        -103.4371488602 -3.9E-09  2.6E-05  1.1E-05  0.0E+00    8    1.9E-002 
 26        -103.4371488634 -3.2E-09  5.7E-05  8.6E-06  0.0E+00    8    1.9E-002 
 27        -103.4371488657 -2.3E-09  5.2E-05  6.5E-06  0.0E+00    8    1.9E-002 
 28        -103.4371488660 -3.6E-10  1.1E-05  3.5E-06  0.0E+00    8    1.9E-002 
 29        -103.4371488664 -4.1E-10  1.6E-05  3.4E-06  0.0E+00    8    1.9E-002 
 30        -103.4371488666 -1.8E-10  1.0E-05  3.2E-06  0.0E+00    8    1.9E-002 
 31        -103.4371488666 -2.4E-11  5.6E-06  8.3E-07  0.0E+00    8    1.9E-002 
 32        -103.4371488666 -2.0E-12  1.9E-06  3.3E-07  0.0E+00    8    1.9E-002 
 33        -103.4371488666 -4.0E-13  4.0E-07  1.1E-07  0.0E+00    8    1.9E-002 
 ------------------------------------------------------------------------------
 SCF converged
 Converged energy                        -103.437148866634   
 ------------------------------------------------------------------------------
 Ehomo(Alpha) [eV]                       -7.926201290704     
 Elumo(Alpha) [eV]                       0.892803876468      
 Ehomo(Beta) [eV]                        -9.187167551119     
 Elumo(Beta) [eV]                        0.277928916509      

 dipole moment (Debye)
        x              y              z       
     -2.286E-008     6.512E-008    -8.772E-008

 traceless quadrupole moment (Debye*Angs)
                       x              y              z       
 x                  -1.354E-005     8.667E-006    -4.769E-006
 y                   8.667E-006     2.177E-007    -6.198E-006
 z                  -4.769E-006    -6.198E-006     1.332E-005

 ----------------------------------------------------------------------------
 Timings (seconds)
 * mean-field hamiltonian     5.9E-001
 * solver (setting up eqns)   1.6E-002
 * solver (energy estimate)   4.1E-003
 * solver (orthogonalization) 9.5E-004
 * solver (rotation matrix X) 4.3E-002
 * solver (exponential of X)  4.0E-003
 * solver (total)             6.9E-002
 * total SCF                  6.9E-001
 Atomic guess: IR, ../../../../basis-sets/bse/def2-tzvpd.txt
 -----------------------------------------------------------
 E(HF) [a.u.]                            -1.0343714887E+002
 Tr(RhoAvg S), Cartesian AOs              1.7000000000E+001
 Tr(RhoAvg S), spherical AOs              1.7000000000E+001
 max|T RhoAvg T**T - RhoAvg_sao|                  6.66E-016
 max|c(RhoAvg) - c(Rho)|                          8.88E-016
 max|RhoAvg - Rho|                                1.79E-001
 Saved /mnt/storage_6/project_data/pl0415-03/marcin/beyond-rpa/guess/electron-densities/bse/def2-tzvpd/ir.txt
 ----------------------------------------------------------------------------
                             SCF for PT (2S+1=3)                             
 ----------------------------------------------------------------------------
 NUMBER OF ATOMS                         1
 CHARGE                                  0
 Prescreening (pq|pq) integrals for the Cholesky decomposition
 Shell pairs will be sorted according to their max elements
 Max diagonal integral MaxDrs=3.8E+000
 Applying Eq. 15 in J. Chem. Phys. 150, 194112 (2019); doi: 10.1063/1.5083802
 Schwarz inequality: Dpq<min(10**(-8),Tau)**2/MaxDrs=2.6E-017
 Trace of exact Coulomb matrix: 6.1E+001
 Trace of discarded integrals: 0.0E+000
 Discarded 0 out of 120 shell pairs
 (0 out of 946 orbital pairs)

 Step 1 of Cholesky decomposition: locating pivots
 -------------------------------------------------
 Dimensions of the Coulomb matrix: (946,946)
 Threshold for diagonal matrix elements: Dpq > 1.0E-007
 Max number of Cholesky vectors: 645
 Rk storage block size: 500
 Max dimension of 2e integrals buffer: (946,946)

 ----------------------------------------------------------------------------
 #    Dmax        Memory (MB)    NPivots     %    Time        
 ----------------------------------------------------------------------------
 1    3.8E-002    1.0E+001       29          3    1.6E-002    
 2    2.9E-004    1.0E+001       173         35   2.2E-002    
 3    2.8E-006    7.4E+000       276         84   1.2E-002    
 4    8.1E-008    2.8E+000       313         100  3.0E-003    

 Step 1 of the Cholesky decomposition completed
 Computed 313 pivots
 Largest residual Dpq: 8.1E-008
 NCholesky/NAO = 7.3E+000
 Step 1 of Cholesky decomposition completed in 5.4E-002 seconds
 Detailed timings in seconds
 Subtract prev contribs I (M-R**T*R)     3.2E-003
 Subtract prev contribs II (Rk)          5.1E-003
 Two-electron integrals                  4.1E-002
 Reallocation                            1.5E-003

 Step 2 of Cholesky decomposition completed in 4.7E-003 seconds
 Detailed timings in seconds
 Reduced-dimension matrix V    3.6E-003
 V=L*L**T                      4.7E-004
 L**(-1)                       6.6E-004

 Full-dimension Cholesky vectors of the Coulomb matrix will be stored in memory
 Cholesky vectors computed in 8.6E-003 seconds

 ┌─────────────────────────────────────────┐
 │          Self-consistent field          │
 └─────────────────────────────────────────┘

 Atomic orbital basis set
 . . . . . . . . . . . . . . . . . . . . . . . . . . . . . . . . . . . . . . 
 atomic centers                               1
 shell parameter sets                         15
 spherical AOs                                43
 max angular momentum                         3
 parameter set                                ../../../../basis-sets/bse/def2-tzvpd.txt
 . . . . . . . . . . . . . . . . . . . . . . . . . . . . . . . . . . . . . . 
 SCF guess: bare nuclei Hamiltonian
 Starting self-consistent field iterations (spin-unrestricted)
 Alpha electrons: 10
 Beta electrons: 8
 ----------------------------------------------------------------------------
 Exchange-correlation: Hartree-Fock
 ----------------------------------------------------------------------------
 Replicated-data parallel SCF
 ----------------------------
 Processes                               1
 Threads/process                         16
 Allocated 3.6E-004 GiB of scratch space for the KS matrix build
 ----------------------------------------------------------------------------
 Loaded pseudopotential parameters
 ----------------------------------------------------------------------------

 PLATINUM    
 Parameters file: ../../../../basis-sets/bse/def2-tzvpd.txt
 ECP accounts for 60 core electrons

          Coeff         R^n       Exponent                                       

 Local part

         24.31437573      2         3.30956857                                   

 L = 0

        579.22386092      2        13.42865130                                   
         29.66949062      2         6.71432560                                   
        -24.31437573      2         3.30956857                                   

 L = 1

        280.86077422      2        10.36594420                                   
         26.74538204      2         5.18297210                                   
        -24.31437573      2         3.30956857                                   

 L = 2

        120.39644429      2         7.60047949                                   
         15.81092058      2         3.80023974                                   
        -24.31437573      2         3.30956857                                   

 ----------------------------------------------------------------------------
 Spherical harmonic basis contains 43 vectors
 Linear independence thresh: Eig(S) > 1.0E-006
 Computations will be carried out in the space of 43 MOs
 Threshold for J, K: |Rho(r,s)*(pq|rs)|,|Rho(q,s)*(pq|rs)| > 1.0E-011
 Convergence conditions
 ----------------------
 RhoDiff < 1.0E-006
 OrbGrad < 1.0E-006
 Max number of macroiters: 1024
 ------------------------------------------------------------------------------
 #           Energy        EDiff    RhoDiff  OrbGrad  OrbShift NStored Time     
 ------------------------------------------------------------------------------
 0          299.5340144472                                        0    4.0E-002 
 1         -116.2709630971           2.1E+01                      0    1.9E-002 
 2         -118.2609262548 -2.0E+00  3.4E+00  9.0E-01  6.6E-01    1    2.0E-002 
 3         -118.3615648908 -1.0E-01  4.4E-01  2.2E-01  0.0E+00    2    1.9E-002 
 4         -118.3971855682 -3.6E-02  2.6E-01  7.4E-02  0.0E+00    3    2.0E-002 
 5         -118.3975378236 -3.5E-04  3.4E-02  8.1E-03  0.0E+00    4    2.0E-002 
 6         -118.3975573625 -2.0E-05  1.3E-02  1.3E-03  0.0E+00    5    2.0E-002 
 7         -118.3975589619 -1.6E-06  1.2E-03  3.1E-04  0.0E+00    6    2.0E-002 
 8         -118.3975616389 -2.7E-06  3.8E-03  2.5E-04  0.0E+00    7    2.0E-002 
 9         -118.3975618312 -1.9E-07  1.8E-04  1.4E-04  0.0E+00    8    2.0E-002 
 10        -118.3975622858 -4.5E-07  4.5E-04  1.4E-04  0.0E+00    8    2.0E-002 
 11        -118.3975653169 -3.0E-06  3.4E-03  1.4E-04  4.3E-03    8    2.4E-002 
 12        -118.3975688116 -3.5E-06  4.0E-03  1.5E-04  6.1E-03    8    2.5E-002 
 13        -118.3975739303 -5.1E-06  4.8E-03  2.0E-04  7.4E-03    8    2.4E-002 
 14        -118.3975794546 -5.5E-06  5.6E-03  1.4E-04  6.4E-03    8    2.4E-002 
 15        -118.3975851806 -5.7E-06  6.4E-03  1.3E-04  4.7E-03    8    2.4E-002 
 16        -118.3975912007 -6.0E-06  7.4E-03  1.4E-04  3.2E-03    8    2.5E-002 
 17        -118.3975970384 -5.8E-06  9.5E-03  1.8E-04  2.1E-03    8    2.4E-002 
 18        -118.3976014304 -4.4E-06  1.2E-02  8.1E-05  8.4E-04    8    2.5E-002 
 19        -118.3976028392 -1.4E-06  1.2E-02  1.2E-04  0.0E+00    8    1.9E-002 
 20        -118.3976028814 -4.2E-08  1.3E-04  1.1E-04  0.0E+00    8    1.9E-002 
 21        -118.3976028968 -1.5E-08  2.3E-04  2.3E-05  0.0E+00    8    1.9E-002 
 22        -118.3976029039 -7.1E-09  2.7E-04  1.2E-05  0.0E+00    8    1.9E-002 
 23        -118.3976029062 -2.3E-09  3.4E-04  7.8E-06  0.0E+00    8    1.9E-002 
 24        -118.3976029068 -5.8E-10  2.8E-05  5.5E-06  0.0E+00    8    1.9E-002 
 25        -118.3976029070 -2.5E-10  1.7E-05  3.5E-06  0.0E+00    8    1.9E-002 
 26        -118.3976029071 -1.3E-10  5.0E-05  2.1E-06  0.0E+00    8    1.9E-002 
 27        -118.3976029072 -4.1E-11  8.3E-06  1.1E-06  0.0E+00    8    1.9E-002 
 28        -118.3976029072 -1.1E-11  8.3E-06  1.1E-06  0.0E+00    8    1.9E-002 
 29        -118.3976029072 -3.1E-12  1.1E-05  6.5E-07  0.0E+00    8    1.9E-002 
 30        -118.3976029072 -3.0E-13  2.7E-06  1.5E-07  0.0E+00    8    2.0E-002 
 31        -118.3976029072 -2.8E-14  2.6E-07  4.3E-08  0.0E+00    8    2.0E-002 
 ------------------------------------------------------------------------------
 SCF converged
 Converged energy                        -118.397602907193   
 ------------------------------------------------------------------------------
 Ehomo(Alpha) [eV]                       -7.899947495441     
 Elumo(Alpha) [eV]                       0.819605156934      
 Ehomo(Beta) [eV]                        -10.076224240157    
 Elumo(Beta) [eV]                        0.043381424935      

 dipole moment (Debye)
        x              y              z       
     -2.655E-011    -1.208E-011    -1.980E-011

 traceless quadrupole moment (Debye*Angs)
                       x              y              z       
 x                   6.466E-001     4.091E-001    -3.043E-001
 y                   4.091E-001    -6.366E-001     1.043E+000
 z                  -3.043E-001     1.043E+000    -9.915E-003

 ----------------------------------------------------------------------------
 Timings (seconds)
 * mean-field hamiltonian     5.9E-001
 * solver (setting up eqns)   1.5E-002
 * solver (energy estimate)   3.7E-003
 * solver (orthogonalization) 8.9E-004
 * solver (rotation matrix X) 4.9E-002
 * solver (exponential of X)  3.3E-003
 * solver (total)             7.3E-002
 * total SCF                  6.9E-001
 Atomic guess: PT, ../../../../basis-sets/bse/def2-tzvpd.txt
 -----------------------------------------------------------
 E(HF) [a.u.]                            -1.1839760291E+002
 Tr(RhoAvg S), Cartesian AOs              1.8000000000E+001
 Tr(RhoAvg S), spherical AOs              1.8000000000E+001
 max|T RhoAvg T**T - RhoAvg_sao|                  9.99E-016
 max|c(RhoAvg) - c(Rho)|                          1.33E-015
 max|RhoAvg - Rho|                                1.69E-001
 Saved /mnt/storage_6/project_data/pl0415-03/marcin/beyond-rpa/guess/electron-densities/bse/def2-tzvpd/pt.txt
 ----------------------------------------------------------------------------
                             SCF for AU (2S+1=2)                             
 ----------------------------------------------------------------------------
 NUMBER OF ATOMS                         1
 CHARGE                                  0
 Prescreening (pq|pq) integrals for the Cholesky decomposition
 Shell pairs will be sorted according to their max elements
 Max diagonal integral MaxDrs=3.9E+000
 Applying Eq. 15 in J. Chem. Phys. 150, 194112 (2019); doi: 10.1063/1.5083802
 Schwarz inequality: Dpq<min(10**(-8),Tau)**2/MaxDrs=2.6E-017
 Trace of exact Coulomb matrix: 6.6E+001
 Trace of discarded integrals: 0.0E+000
 Discarded 0 out of 120 shell pairs
 (0 out of 946 orbital pairs)

 Step 1 of Cholesky decomposition: locating pivots
 -------------------------------------------------
 Dimensions of the Coulomb matrix: (946,946)
 Threshold for diagonal matrix elements: Dpq > 1.0E-007
 Max number of Cholesky vectors: 645
 Rk storage block size: 500
 Max dimension of 2e integrals buffer: (946,946)

 ----------------------------------------------------------------------------
 #    Dmax        Memory (MB)    NPivots     %    Time        
 ----------------------------------------------------------------------------
 1    3.9E-002    1.0E+001       29          3    1.5E-002    
 2    3.4E-004    1.0E+001       172         30   2.8E-002    
 3    2.5E-006    8.1E+000       267         84   1.1E-002    
 4    8.9E-008    2.6E+000       307         100  2.4E-003    

 Step 1 of the Cholesky decomposition completed
 Computed 307 pivots
 Largest residual Dpq: 8.9E-008
 NCholesky/NAO = 7.1E+000
 Step 1 of Cholesky decomposition completed in 5.8E-002 seconds
 Detailed timings in seconds
 Subtract prev contribs I (M-R**T*R)     2.5E-003
 Subtract prev contribs II (Rk)          5.2E-003
 Two-electron integrals                  4.7E-002
 Reallocation                            1.6E-003

 Step 2 of Cholesky decomposition completed in 4.8E-003 seconds
 Detailed timings in seconds
 Reduced-dimension matrix V    3.6E-003
 V=L*L**T                      4.8E-004
 L**(-1)                       6.4E-004

 Full-dimension Cholesky vectors of the Coulomb matrix will be stored in memory
 Cholesky vectors computed in 9.7E-003 seconds

 ┌─────────────────────────────────────────┐
 │          Self-consistent field          │
 └─────────────────────────────────────────┘

 Atomic orbital basis set
 . . . . . . . . . . . . . . . . . . . . . . . . . . . . . . . . . . . . . . 
 atomic centers                               1
 shell parameter sets                         15
 spherical AOs                                43
 max angular momentum                         3
 parameter set                                ../../../../basis-sets/bse/def2-tzvpd.txt
 . . . . . . . . . . . . . . . . . . . . . . . . . . . . . . . . . . . . . . 
 SCF guess: bare nuclei Hamiltonian
 Starting self-consistent field iterations (spin-unrestricted)
 Alpha electrons: 10
 Beta electrons: 9
 ----------------------------------------------------------------------------
 Exchange-correlation: Hartree-Fock
 ----------------------------------------------------------------------------
 Replicated-data parallel SCF
 ----------------------------
 Processes                               1
 Threads/process                         16
 Allocated 3.6E-004 GiB of scratch space for the KS matrix build
 ----------------------------------------------------------------------------
 Loaded pseudopotential parameters
 ----------------------------------------------------------------------------

 GOLD        
 Parameters file: ../../../../basis-sets/bse/def2-tzvpd.txt
 ECP accounts for 60 core electrons

          Coeff         R^n       Exponent                                       

 Local part

         30.49008890      2         4.78982000                                   
          5.17107381      2         2.39491000                                   

 L = 0

        426.84667920      2        13.20510000                                   
         37.00708285      2         6.60255000                                   
        -30.49008890      2         4.78982000                                   
         -5.17107381      2         2.39491000                                   

 L = 1

        261.19958038      2        10.45202000                                   
         26.96249604      2         5.22601000                                   
        -30.49008890      2         4.78982000                                   
         -5.17107381      2         2.39491000                                   

 L = 2

        124.79066561      2         7.85110000                                   
         16.30072573      2         3.92555000                                   
        -30.49008890      2         4.78982000                                   
         -5.17107381      2         2.39491000                                   

 ----------------------------------------------------------------------------
 Spherical harmonic basis contains 43 vectors
 Linear independence thresh: Eig(S) > 1.0E-006
 Computations will be carried out in the space of 43 MOs
 Threshold for J, K: |Rho(r,s)*(pq|rs)|,|Rho(q,s)*(pq|rs)| > 1.0E-011
 Convergence conditions
 ----------------------
 RhoDiff < 1.0E-006
 OrbGrad < 1.0E-006
 Max number of macroiters: 1024
 ------------------------------------------------------------------------------
 #           Energy        EDiff    RhoDiff  OrbGrad  OrbShift NStored Time     
 ------------------------------------------------------------------------------
 0          252.3664992262                                        0    4.1E-002 
 1         -131.7871237645           2.2E+01                      0    1.9E-002 
 2         -134.6893229092 -2.9E+00  5.4E+00  1.2E+00  1.0E+00    1    2.0E-002 
 3         -134.7804283148 -9.1E-02  6.5E-01  2.3E-01  0.0E+00    2    2.0E-002 
 4         -134.7892755137 -8.8E-03  2.0E-01  3.3E-02  0.0E+00    3    2.0E-002 
 5         -134.7898568354 -5.8E-04  1.2E-02  1.0E-02  0.0E+00    4    2.0E-002 
 6         -134.7898664510 -9.6E-06  1.0E-02  1.1E-03  0.0E+00    5    2.0E-002 
 7         -134.7898677889 -1.3E-06  1.1E-03  3.6E-04  0.0E+00    6    2.0E-002 
 8         -134.7898685148 -7.3E-07  1.5E-03  2.1E-04  0.0E+00    7    2.0E-002 
 9         -134.7898685163 -1.5E-09  2.6E-05  1.6E-05  0.0E+00    8    2.0E-002 
 10        -134.7898685165 -2.1E-10  8.0E-06  4.2E-06  0.0E+00    8    2.0E-002 
 11        -134.7898685165 -5.3E-11  5.7E-06  1.8E-06  0.0E+00    8    2.0E-002 
 12        -134.7898685166 -5.7E-12  3.7E-06  4.7E-07  0.0E+00    8    2.0E-002 
 13        -134.7898685166 -3.1E-13  5.7E-07  2.6E-07  0.0E+00    8    2.0E-002 
 ------------------------------------------------------------------------------
 SCF converged
 Converged energy                        -134.789868516551   
 ------------------------------------------------------------------------------
 Ehomo(Alpha) [eV]                       -7.948498392407     
 Elumo(Alpha) [eV]                       1.484029326501      
 Ehomo(Beta) [eV]                        -12.223261212989    
 Elumo(Beta) [eV]                        -0.128652294186     

 dipole moment (Debye)
        x              y              z       
      2.620E-015    -2.029E-016     4.987E-015

 traceless quadrupole moment (Debye*Angs)
                       x              y              z       
 x                  -2.775E-007     4.673E-008     1.387E-008
 y                   4.673E-008    -3.451E-008    -9.467E-008
 z                   1.387E-008    -9.467E-008     3.120E-007

 ----------------------------------------------------------------------------
 Timings (seconds)
 * mean-field hamiltonian     2.6E-001
 * solver (setting up eqns)   5.8E-003
 * solver (energy estimate)   1.2E-003
 * solver (orthogonalization) 3.7E-004
 * solver (rotation matrix X) 3.1E-003
 * solver (exponential of X)  1.3E-003
 * solver (total)             1.2E-002
 * total SCF                  3.0E-001
 Atomic guess: AU, ../../../../basis-sets/bse/def2-tzvpd.txt
 -----------------------------------------------------------
 E(HF) [a.u.]                            -1.3478986852E+002
 Tr(RhoAvg S), Cartesian AOs              1.9000000000E+001
 Tr(RhoAvg S), spherical AOs              1.9000000000E+001
 max|T RhoAvg T**T - RhoAvg_sao|                  1.22E-015
 max|c(RhoAvg) - c(Rho)|                          8.88E-016
 max|RhoAvg - Rho|                                1.02E-007
 Saved /mnt/storage_6/project_data/pl0415-03/marcin/beyond-rpa/guess/electron-densities/bse/def2-tzvpd/au.txt
 ----------------------------------------------------------------------------
                                  SCF for HG                                 
 ----------------------------------------------------------------------------
 NUMBER OF ATOMS                         1
 CHARGE                                  0
 Prescreening (pq|pq) integrals for the Cholesky decomposition
 Shell pairs will be sorted according to their max elements
 Max diagonal integral MaxDrs=4.0E+000
 Applying Eq. 15 in J. Chem. Phys. 150, 194112 (2019); doi: 10.1063/1.5083802
 Schwarz inequality: Dpq<min(10**(-8),Tau)**2/MaxDrs=2.5E-017
 Trace of exact Coulomb matrix: 7.2E+001
 Trace of discarded integrals: 0.0E+000
 Discarded 0 out of 136 shell pairs
 (0 out of 1081 orbital pairs)

 Step 1 of Cholesky decomposition: locating pivots
 -------------------------------------------------
 Dimensions of the Coulomb matrix: (1081,1081)
 Threshold for diagonal matrix elements: Dpq > 1.0E-007
 Max number of Cholesky vectors: 690
 Rk storage block size: 500
 Max dimension of 2e integrals buffer: (1081,1000)

 ----------------------------------------------------------------------------
 #    Dmax        Memory (MB)    NPivots     %    Time        
 ----------------------------------------------------------------------------
 1    4.0E-002    1.2E+001       31          3    2.0E-002    
 2    3.8E-004    1.2E+001       173         33   2.3E-002    
 3    3.4E-006    9.8E+000       267         81   1.3E-002    
 4    9.2E-008    3.4E+000       322         100  3.0E-003    

 Step 1 of the Cholesky decomposition completed
 Computed 322 pivots
 Largest residual Dpq: 9.2E-008
 NCholesky/NAO = 7.0E+000
 Step 1 of Cholesky decomposition completed in 6.0E-002 seconds
 Detailed timings in seconds
 Subtract prev contribs I (M-R**T*R)     2.8E-003
 Subtract prev contribs II (Rk)          6.4E-003
 Two-electron integrals                  4.6E-002
 Reallocation                            2.0E-003

 Step 2 of Cholesky decomposition completed in 4.4E-003 seconds
 Detailed timings in seconds
 Reduced-dimension matrix V    3.4E-003
 V=L*L**T                      4.6E-004
 L**(-1)                       5.8E-004

 Full-dimension Cholesky vectors of the Coulomb matrix will be stored in memory
 Cholesky vectors computed in 8.6E-003 seconds

 ┌─────────────────────────────────────────┐
 │          Self-consistent field          │
 └─────────────────────────────────────────┘

 Atomic orbital basis set
 . . . . . . . . . . . . . . . . . . . . . . . . . . . . . . . . . . . . . . 
 atomic centers                               1
 shell parameter sets                         16
 spherical AOs                                46
 max angular momentum                         3
 parameter set                                ../../../../basis-sets/bse/def2-tzvpd.txt
 . . . . . . . . . . . . . . . . . . . . . . . . . . . . . . . . . . . . . . 
 SCF guess: bare nuclei Hamiltonian
 Starting self-consistent field iterations (spin-restricted singlet)
 Alpha+beta electrons: 20
 ----------------------------------------------------------------------------
 Exchange-correlation: Hartree-Fock
 ----------------------------------------------------------------------------
 Replicated-data parallel SCF
 ----------------------------
 Processes                               1
 Threads/process                         16
 Allocated 2.2E-004 GiB of scratch space for the KS matrix build
 ----------------------------------------------------------------------------
 Loaded pseudopotential parameters
 ----------------------------------------------------------------------------

 MERCURY     
 Parameters file: ../../../../basis-sets/bse/def2-tzvpd.txt
 ECP accounts for 60 core electrons

          Coeff         R^n       Exponent                                       

 Local part

         30.36499643      2         3.88579112                                   

 L = 0

        275.73721174      2        12.98154870                                   
         49.08921249      2         6.49077440                                   
        -30.36499643      2         3.88579112                                   

 L = 1

        241.54007398      2        10.53809580                                   
         27.39659081      2         5.26904790                                   
        -30.36499643      2         3.88579112                                   

 L = 2

        127.86700761      2         8.10172051                                   
         16.60831151      2         4.05086026                                   
        -30.36499643      2         3.88579112                                   

 ----------------------------------------------------------------------------
 Spherical harmonic basis contains 46 vectors
 Linear independence thresh: Eig(S) > 1.0E-006
 Computations will be carried out in the space of 46 MOs
 Threshold for J, K: |Rho(r,s)*(pq|rs)|,|Rho(q,s)*(pq|rs)| > 1.0E-011
 Convergence conditions
 ----------------------
 RhoDiff < 1.0E-006
 OrbGrad < 1.0E-006
 Max number of macroiters: 1024
 ------------------------------------------------------------------------------
 #           Energy        EDiff    RhoDiff  OrbGrad  OrbShift NStored Time     
 ------------------------------------------------------------------------------
 0          215.0032407500                                        0    3.4E-002 
 1         -148.6494803655           1.1E+02                      0    1.2E-002 
 2         -152.4173426847 -3.8E+00  1.2E+01  1.3E+00  1.2E+00    1    1.3E-002 
 3         -152.5429220213 -1.3E-01  1.2E+00  2.6E-01  0.0E+00    2    1.3E-002 
 4         -152.5537874586 -1.1E-02  3.2E-01  3.5E-02  0.0E+00    3    1.3E-002 
 5         -152.5543270571 -5.4E-04  2.9E-02  1.1E-02  0.0E+00    4    1.3E-002 
 6         -152.5543287899 -1.7E-06  5.9E-03  3.9E-04  0.0E+00    5    1.3E-002 
 7         -152.5543288229 -3.3E-08  5.7E-04  1.3E-04  0.0E+00    6    1.2E-002 
 8         -152.5543288229 -1.7E-11  1.5E-05  3.7E-06  0.0E+00    7    1.3E-002 
 9         -152.5543288229 -2.8E-13  1.9E-06  5.1E-07  0.0E+00    8    1.3E-002 
 Skipping trust radius update
 10        -152.5543288229 -1.1E-13  2.4E-07  6.7E-08  0.0E+00    8    1.3E-002 
 ------------------------------------------------------------------------------
 SCF converged
 Converged energy                        -152.554328822920   
 ------------------------------------------------------------------------------
 Ehomo [eV]                              -8.893362626972     
 Elumo [eV]                              1.174341166591      

 dipole moment (Debye)
        x              y              z       
     -6.506E-016    -7.604E-015     2.603E-015

 traceless quadrupole moment (Debye*Angs)
                       x              y              z       
 x                   2.366E-007    -1.847E-008    -4.029E-008
 y                  -1.847E-008    -4.356E-007    -4.645E-008
 z                  -4.029E-008    -4.645E-008     1.990E-007

 ----------------------------------------------------------------------------
 Timings (seconds)
 * mean-field hamiltonian     1.3E-001
 * solver (setting up eqns)   2.3E-003
 * solver (energy estimate)   3.9E-004
 * solver (orthogonalization) 1.6E-004
 * solver (rotation matrix X) 1.0E-003
 * solver (exponential of X)  6.0E-004
 * solver (total)             4.7E-003
 * total SCF                  1.6E-001
 Atomic guess: HG, ../../../../basis-sets/bse/def2-tzvpd.txt
 -----------------------------------------------------------
 E(HF) [a.u.]                            -1.5255432882E+002
 Tr(RhoAvg S), Cartesian AOs              2.0000000000E+001
 Tr(RhoAvg S), spherical AOs              2.0000000000E+001
 max|T RhoAvg T**T - RhoAvg_sao|                  1.33E-015
 max|c(RhoAvg) - c(Rho)|                          8.88E-016
 max|RhoAvg - Rho|                                9.53E-008
 Saved /mnt/storage_6/project_data/pl0415-03/marcin/beyond-rpa/guess/electron-densities/bse/def2-tzvpd/hg.txt
 ----------------------------------------------------------------------------
                             SCF for TL (2S+1=2)                             
 ----------------------------------------------------------------------------
 NUMBER OF ATOMS                         1
 CHARGE                                  0
 Prescreening (pq|pq) integrals for the Cholesky decomposition
 Shell pairs will be sorted according to their max elements
 Max diagonal integral MaxDrs=3.6E+000
 Applying Eq. 15 in J. Chem. Phys. 150, 194112 (2019); doi: 10.1063/1.5083802
 Schwarz inequality: Dpq<min(10**(-8),Tau)**2/MaxDrs=2.8E-017
 Trace of exact Coulomb matrix: 7.6E+001
 Trace of discarded integrals: 0.0E+000
 Discarded 0 out of 171 shell pairs
 (0 out of 1596 orbital pairs)

 Step 1 of Cholesky decomposition: locating pivots
 -------------------------------------------------
 Dimensions of the Coulomb matrix: (1596,1596)
 Threshold for diagonal matrix elements: Dpq > 1.0E-007
 Max number of Cholesky vectors: 840
 Rk storage block size: 500
 Max dimension of 2e integrals buffer: (1596,1000)

 ----------------------------------------------------------------------------
 #    Dmax        Memory (MB)    NPivots     %    Time        
 ----------------------------------------------------------------------------
 1    3.5E-002    1.8E+001       36          5    5.2E-002    
 2    3.5E-004    1.8E+001       227         32   7.7E-002    
 3    6.2E-006    1.6E+001       335         76   6.5E-002    
 4    8.2E-008    7.1E+000       420         100  3.5E-002    

 Step 1 of the Cholesky decomposition completed
 Computed 420 pivots
 Largest residual Dpq: 8.2E-008
 NCholesky/NAO = 7.5E+000
 Step 1 of Cholesky decomposition completed in 2.3E-001 seconds
 Detailed timings in seconds
 Subtract prev contribs I (M-R**T*R)     6.0E-003
 Subtract prev contribs II (Rk)          1.2E-002
 Two-electron integrals                  2.1E-001
 Reallocation                            2.5E-003

 Step 2 of Cholesky decomposition completed in 1.5E-002 seconds
 Detailed timings in seconds
 Reduced-dimension matrix V    1.4E-002
 V=L*L**T                      6.2E-004
 L**(-1)                       7.2E-004

 Full-dimension Cholesky vectors of the Coulomb matrix will be stored in memory
 Cholesky vectors computed in 2.9E-002 seconds

 ┌─────────────────────────────────────────┐
 │          Self-consistent field          │
 └─────────────────────────────────────────┘

 Atomic orbital basis set
 . . . . . . . . . . . . . . . . . . . . . . . . . . . . . . . . . . . . . . 
 atomic centers                               1
 shell parameter sets                         18
 spherical AOs                                56
 max angular momentum                         3
 parameter set                                ../../../../basis-sets/bse/def2-tzvpd.txt
 . . . . . . . . . . . . . . . . . . . . . . . . . . . . . . . . . . . . . . 
 SCF guess: bare nuclei Hamiltonian
 Starting self-consistent field iterations (spin-unrestricted)
 Alpha electrons: 11
 Beta electrons: 10
 ----------------------------------------------------------------------------
 Exchange-correlation: Hartree-Fock
 ----------------------------------------------------------------------------
 Replicated-data parallel SCF
 ----------------------------
 Processes                               1
 Threads/process                         16
 Allocated 6.4E-004 GiB of scratch space for the KS matrix build
 ----------------------------------------------------------------------------
 Loaded pseudopotential parameters
 ----------------------------------------------------------------------------

 THALLIUM    
 Parameters file: ../../../../basis-sets/bse/def2-tzvpd.txt
 ECP accounts for 60 core electrons

          Coeff         R^n       Exponent                                       

 Local part

         15.82548800      2         5.62639900                                   
         21.10402100      2         5.54895200                                   
          2.91512700      2         2.87494600                                   
          3.89690300      2         2.82145100                                   

 L = 0

        281.28466300      2        12.16780500                                   
         62.43425100      2         8.29490900                                   
        -15.82548800      2         5.62639900                                   
        -21.10402100      2         5.54895200                                   
         -2.91512700      2         2.87494600                                   
         -3.89690300      2         2.82145100                                   

 L = 1

          4.63340800      2         7.15149200                                   
          9.34175600      2         5.17286500                                   
         72.29925300      2         9.89107200                                   
        144.55803700      2         9.00339100                                   
        -15.82548800      2         5.62639900                                   
        -21.10402100      2         5.54895200                                   
         -2.91512700      2         2.87494600                                   
         -3.89690300      2         2.82145100                                   

 L = 2

         35.94303900      2         7.13021800                                   
         53.90959300      2         6.92690600                                   
         10.38193900      2         5.41757000                                   
         15.58382200      2         5.13868100                                   
        -15.82548800      2         5.62639900                                   
        -21.10402100      2         5.54895200                                   
         -2.91512700      2         2.87494600                                   
         -3.89690300      2         2.82145100                                   

 ----------------------------------------------------------------------------
 Spherical harmonic basis contains 56 vectors
 Linear independence thresh: Eig(S) > 1.0E-006
 Computations will be carried out in the space of 56 MOs
 Threshold for J, K: |Rho(r,s)*(pq|rs)|,|Rho(q,s)*(pq|rs)| > 1.0E-011
 Convergence conditions
 ----------------------
 RhoDiff < 1.0E-006
 OrbGrad < 1.0E-006
 Max number of macroiters: 1024
 ------------------------------------------------------------------------------
 #           Energy        EDiff    RhoDiff  OrbGrad  OrbShift NStored Time     
 ------------------------------------------------------------------------------
 0           44.8286230791                                        0    6.5E-002 
 1         -163.9030813837           2.8E+01                      0    4.3E-002 
 2         -169.6019421046 -5.7E+00  9.4E+00  1.6E+00  2.4E+00    1    4.6E-002 
 3         -170.9966942660 -1.4E+00  8.0E-01  7.2E-01  1.2E+00    2    4.6E-002 
 4         -171.4853727030 -4.9E-01  7.8E-01  4.1E-01  4.9E-01    3    4.8E-002 
 5         -171.5114387854 -2.6E-02  3.4E-01  6.3E-02  0.0E+00    4    4.6E-002 
 6         -171.5149547427 -3.5E-03  1.4E-01  1.7E-02  0.0E+00    5    4.6E-002 
 7         -171.5151308691 -1.8E-04  1.4E-02  3.8E-03  0.0E+00    6    4.4E-002 
 8         -171.5151410812 -1.0E-05  5.7E-03  1.2E-03  0.0E+00    7    4.5E-002 
 9         -171.5151414750 -3.9E-07  1.0E-03  2.3E-04  0.0E+00    8    4.6E-002 
 10        -171.5151414886 -1.4E-08  3.3E-04  3.8E-05  0.0E+00    8    4.6E-002 
 11        -171.5151414891 -5.0E-10  5.3E-05  8.9E-06  0.0E+00    8    4.6E-002 
 12        -171.5151414893 -1.2E-10  1.1E-05  2.7E-06  0.0E+00    8    7.2E-002 
 13        -171.5151414894 -1.3E-10  1.1E-05  2.7E-06  0.0E+00    8    1.4E-001 
 14        -171.5151414906 -1.2E-09  8.1E-05  2.7E-06  0.0E+00    8    1.4E-001 
 15        -171.5151415320 -4.1E-08  2.9E-03  5.3E-06  3.7E-05    8    1.7E-001 
 16        -171.5151416038 -7.2E-08  3.4E-03  4.6E-05  3.0E-04    8    1.7E-001 
 17        -171.5151416760 -7.2E-08  4.1E-03  7.1E-06  2.2E-04    8    1.7E-001 
 18        -171.5151417651 -8.9E-08  4.9E-03  1.5E-05  2.0E-04    8    1.7E-001 
 19        -171.5151418725 -1.1E-07  5.9E-03  1.5E-05  1.7E-04    8    1.8E-001 
 20        -171.5151420003 -1.3E-07  7.0E-03  1.5E-05  1.5E-04    8    1.8E-001 
 21        -171.5151421510 -1.5E-07  8.4E-03  1.6E-05  1.2E-04    8    5.8E-002 
 22        -171.5151423283 -1.8E-07  1.0E-02  2.2E-05  1.0E-04    8    5.3E-002 
 23        -171.5151425325 -2.0E-07  1.2E-02  3.3E-05  8.0E-05    8    5.4E-002 
 24        -171.5151427626 -2.3E-07  1.4E-02  5.0E-05  6.0E-05    8    5.4E-002 
 25        -171.5151430135 -2.5E-07  1.6E-02  7.2E-05  5.1E-05    8    5.3E-002 
 26        -171.5151432148 -2.0E-07  1.8E-02  1.0E-04  1.2E-06    8    5.4E-002 
 27        -171.5151433810 -1.7E-07  8.3E-04  1.6E-04  0.0E+00    8    4.4E-002 
 28        -171.5151436109 -2.3E-07  1.7E-02  5.9E-05  3.6E-05    8    5.4E-002 
 29        -171.5151438813 -2.7E-07  1.5E-02  1.2E-04  7.8E-05    8    5.4E-002 
 30        -171.5151441089 -2.3E-07  1.6E-02  1.2E-04  1.5E-04    8    5.3E-002 
 31        -171.5151442939 -1.8E-07  1.8E-02  1.3E-04  2.0E-04    8    5.2E-002 
 32        -171.5151444382 -1.4E-07  1.9E-02  1.3E-04  2.1E-04    8    5.3E-002 
 33        -171.5151445403 -1.0E-07  2.0E-02  1.4E-04  1.7E-04    8    5.3E-002 
 34        -171.5151445987 -5.8E-08  2.1E-02  1.4E-04  1.1E-04    8    5.3E-002 
 35        -171.5151446038 -5.0E-09  2.1E-02  1.5E-04  1.0E-04    8    5.3E-002 
 SCF solver: failed to solve ||X(shift)|| = trust_radius
 36        -171.5151445360  6.8E-08  2.1E-02  1.6E-04  1.3E-05    8    6.6E-002 
 36*       -171.5151447402 -1.4E-07  8.2E-03  1.6E-04  0.0E+00    8    4.5E-002 
 37        -171.5151447742 -3.4E-08  1.3E-02  7.7E-05  0.0E+00    8    4.5E-002 
 38        -171.5151447826 -8.3E-09  9.3E-03  4.2E-05  0.0E+00    8    4.5E-002 
 39        -171.5151447806  1.9E-09  5.3E-03  2.2E-05  0.0E+00    8    4.5E-002 
 39*       -171.5151447886 -6.0E-09  3.7E-03  2.2E-05  4.1E-05    8    5.2E-002 
 40        -171.5151447887 -1.9E-10  5.2E-06  3.3E-06  0.0E+00    8    4.4E-002 
 41        -171.5151447888 -2.6E-11  2.6E-06  1.3E-06  0.0E+00    8    4.4E-002 
 42        -171.5151447888 -3.8E-12  8.4E-07  4.7E-07  0.0E+00    8    4.5E-002 
 ------------------------------------------------------------------------------
 SCF converged
 Converged energy                        -171.515144788772   
 ------------------------------------------------------------------------------
 Ehomo(Alpha) [eV]                       -5.237402137653     
 Elumo(Alpha) [eV]                       0.404656859003      
 Ehomo(Beta) [eV]                        -11.508882088260    
 Elumo(Beta) [eV]                        0.681517842031      

 dipole moment (Debye)
        x              y              z       
     -2.991E-010     2.712E-011     3.586E-010

 traceless quadrupole moment (Debye*Angs)
                       x              y              z       
 x                   4.708E+000     1.350E-001    -2.191E-004
 y                   1.350E-001    -9.417E+000     2.292E-002
 z                  -2.191E-004     2.292E-002     4.709E+000

 ----------------------------------------------------------------------------
 Timings (seconds)
 * mean-field hamiltonian     2.7E+000
 * solver (setting up eqns)   3.5E-002
 * solver (energy estimate)   1.5E-002
 * solver (orthogonalization) 3.5E-003
 * solver (rotation matrix X) 3.8E-001
 * solver (exponential of X)  3.2E-002
 * solver (total)             4.7E-001
 * total SCF                  3.2E+000
 Atomic guess: TL, ../../../../basis-sets/bse/def2-tzvpd.txt
 -----------------------------------------------------------
 E(HF) [a.u.]                            -1.7151514479E+002
 Tr(RhoAvg S), Cartesian AOs              2.1000000000E+001
 Tr(RhoAvg S), spherical AOs              2.1000000000E+001
 max|T RhoAvg T**T - RhoAvg_sao|                  2.00E-015
 max|c(RhoAvg) - c(Rho)|                          8.88E-016
 max|RhoAvg - Rho|                                2.28E-001
 Saved /mnt/storage_6/project_data/pl0415-03/marcin/beyond-rpa/guess/electron-densities/bse/def2-tzvpd/tl.txt
 ----------------------------------------------------------------------------
                             SCF for PB (2S+1=3)                             
 ----------------------------------------------------------------------------
 NUMBER OF ATOMS                         1
 CHARGE                                  0
 Prescreening (pq|pq) integrals for the Cholesky decomposition
 Shell pairs will be sorted according to their max elements
 Max diagonal integral MaxDrs=3.6E+000
 Applying Eq. 15 in J. Chem. Phys. 150, 194112 (2019); doi: 10.1063/1.5083802
 Schwarz inequality: Dpq<min(10**(-8),Tau)**2/MaxDrs=2.8E-017
 Trace of exact Coulomb matrix: 8.1E+001
 Trace of discarded integrals: 0.0E+000
 Discarded 0 out of 171 shell pairs
 (0 out of 1596 orbital pairs)

 Step 1 of Cholesky decomposition: locating pivots
 -------------------------------------------------
 Dimensions of the Coulomb matrix: (1596,1596)
 Threshold for diagonal matrix elements: Dpq > 1.0E-007
 Max number of Cholesky vectors: 840
 Rk storage block size: 500
 Max dimension of 2e integrals buffer: (1596,1000)

 ----------------------------------------------------------------------------
 #    Dmax        Memory (MB)    NPivots     %    Time        
 ----------------------------------------------------------------------------
 1    3.2E-002    1.8E+001       36          5    5.7E-002    
 2    3.4E-004    1.8E+001       237         34   7.2E-002    
 3    3.2E-006    1.5E+001       346         80   6.5E-002    
 4    9.9E-008    6.6E+000       421         100  2.4E-002    

 Step 1 of the Cholesky decomposition completed
 Computed 421 pivots
 Largest residual Dpq: 9.9E-008
 NCholesky/NAO = 7.5E+000
 Step 1 of Cholesky decomposition completed in 2.2E-001 seconds
 Detailed timings in seconds
 Subtract prev contribs I (M-R**T*R)     6.0E-003
 Subtract prev contribs II (Rk)          1.2E-002
 Two-electron integrals                  1.9E-001
 Reallocation                            2.2E-003

 Step 2 of Cholesky decomposition completed in 1.5E-002 seconds
 Detailed timings in seconds
 Reduced-dimension matrix V    1.4E-002
 V=L*L**T                      6.4E-004
 L**(-1)                       7.9E-004

 Full-dimension Cholesky vectors of the Coulomb matrix will be stored in memory
 Cholesky vectors computed in 2.7E-002 seconds

 ┌─────────────────────────────────────────┐
 │          Self-consistent field          │
 └─────────────────────────────────────────┘

 Atomic orbital basis set
 . . . . . . . . . . . . . . . . . . . . . . . . . . . . . . . . . . . . . . 
 atomic centers                               1
 shell parameter sets                         18
 spherical AOs                                56
 max angular momentum                         3
 parameter set                                ../../../../basis-sets/bse/def2-tzvpd.txt
 . . . . . . . . . . . . . . . . . . . . . . . . . . . . . . . . . . . . . . 
 SCF guess: bare nuclei Hamiltonian
 Starting self-consistent field iterations (spin-unrestricted)
 Alpha electrons: 12
 Beta electrons: 10
 ----------------------------------------------------------------------------
 Exchange-correlation: Hartree-Fock
 ----------------------------------------------------------------------------
 Replicated-data parallel SCF
 ----------------------------
 Processes                               1
 Threads/process                         16
 Allocated 6.4E-004 GiB of scratch space for the KS matrix build
 ----------------------------------------------------------------------------
 Loaded pseudopotential parameters
 ----------------------------------------------------------------------------

 LEAD        
 Parameters file: ../../../../basis-sets/bse/def2-tzvpd.txt
 ECP accounts for 60 core electrons

          Coeff         R^n       Exponent                                       

 Local part

         12.20989200      2         3.88751200                                   
         16.19029100      2         3.81196300                                   

 L = 0

        281.28549900      2        12.29630300                                   
         62.52021700      2         8.63263400                                   
        -12.20989200      2         3.88751200                                   
        -16.19029100      2         3.81196300                                   

 L = 1

         72.27689700      2        10.24179000                                   
        144.59108300      2         8.92417600                                   
          4.75869300      2         6.58134200                                   
          9.94062100      2         6.25540300                                   
        -12.20989200      2         3.88751200                                   
        -16.19029100      2         3.81196300                                   

 L = 2

         35.84850700      2         7.75433600                                   
         53.72434200      2         7.72028100                                   
         10.11525600      2         4.97026400                                   
         14.83373100      2         4.56378900                                   
        -12.20989200      2         3.88751200                                   
        -16.19029100      2         3.81196300                                   

 ----------------------------------------------------------------------------
 Spherical harmonic basis contains 56 vectors
 Linear independence thresh: Eig(S) > 1.0E-006
 Computations will be carried out in the space of 56 MOs
 Threshold for J, K: |Rho(r,s)*(pq|rs)|,|Rho(q,s)*(pq|rs)| > 1.0E-011
 Convergence conditions
 ----------------------
 RhoDiff < 1.0E-006
 OrbGrad < 1.0E-006
 Max number of macroiters: 1024
 ------------------------------------------------------------------------------
 #           Energy        EDiff    RhoDiff  OrbGrad  OrbShift NStored Time     
 ------------------------------------------------------------------------------
 0           39.4399990631                                        0    6.9E-002 
 1         -181.8485593444           3.7E+01                      0    4.8E-002 
 2         -189.0122346642 -7.2E+00  9.2E+00  1.7E+00  2.6E+00    1    4.6E-002 
 3         -191.1253942076 -2.1E+00  8.5E-01  7.3E-01  1.2E+00    2    4.7E-002 
 4         -191.7903398237 -6.6E-01  7.4E-01  4.0E-01  4.6E-01    3    4.8E-002 
 5         -191.8325965749 -4.2E-02  2.9E-01  9.5E-02  0.0E+00    4    4.5E-002 
 6         -191.8354598483 -2.9E-03  1.0E-01  1.6E-02  0.0E+00    5    4.5E-002 
 7         -191.8355541488 -9.4E-05  1.6E-02  2.4E-03  0.0E+00    6    4.7E-002 
 8         -191.8355570582 -2.9E-06  2.8E-03  6.2E-04  0.0E+00    7    4.6E-002 
 9         -191.8355571768 -1.2E-07  6.9E-04  1.2E-04  0.0E+00    8    4.7E-002 
 10        -191.8355571798 -3.0E-09  1.2E-04  2.0E-05  0.0E+00    8    4.7E-002 
 11        -191.8355571799 -1.3E-10  2.7E-05  3.8E-06  0.0E+00    8    4.7E-002 
 12        -191.8355571799 -8.8E-12  3.0E-06  7.3E-07  0.0E+00    8    4.7E-002 
 13        -191.8355571799 -5.0E-12  1.1E-06  7.0E-07  0.0E+00    8    4.7E-002 
 14        -191.8355571799 -5.2E-12  1.4E-06  7.0E-07  0.0E+00    8    4.7E-002 
 15        -191.8355571806 -6.6E-10  2.1E-04  6.9E-07  0.0E+00    8    4.6E-002 
 16        -191.8355571809 -2.7E-10  1.5E-05  4.0E-06  0.0E+00    8    4.7E-002 
 17        -191.8355571862 -5.3E-09  1.1E-03  2.1E-06  2.0E-04    8    5.5E-002 
 18        -191.8355571926 -6.4E-09  1.4E-03  1.9E-06  1.9E-04    8    5.5E-002 
 19        -191.8355572003 -7.7E-09  1.7E-03  2.9E-06  1.6E-04    8    5.5E-002 
 20        -191.8355572096 -9.3E-09  2.0E-03  3.4E-06  1.2E-04    8    5.6E-002 
 21        -191.8355572209 -1.1E-08  2.4E-03  3.0E-06  1.0E-04    8    5.6E-002 
 22        -191.8355572344 -1.3E-08  2.9E-03  1.9E-06  8.3E-05    8    5.4E-002 
 23        -191.8355572506 -1.6E-08  3.5E-03  2.8E-06  6.9E-05    8    5.4E-002 
 24        -191.8355572701 -2.0E-08  4.2E-03  4.4E-06  5.8E-05    8    5.5E-002 
 25        -191.8355572935 -2.3E-08  5.1E-03  7.0E-06  4.9E-05    8    5.4E-002 
 26        -191.8355573213 -2.8E-08  6.1E-03  1.1E-05  3.9E-05    8    5.5E-002 
 27        -191.8355573541 -3.3E-08  7.4E-03  1.6E-05  2.8E-05    8    5.4E-002 
 28        -191.8355573922 -3.8E-08  9.0E-03  2.4E-05  1.7E-05    8    5.5E-002 
 29        -191.8355574352 -4.3E-08  1.1E-02  3.4E-05  4.2E-06    8    5.5E-002 
 30        -191.8355574749 -4.0E-08  6.7E-03  4.9E-05  0.0E+00    8    4.5E-002 
 31        -191.8355575253 -5.0E-08  1.6E-02  3.2E-05  2.2E-05    8    5.5E-002 
 32        -191.8355575959 -7.1E-08  1.5E-02  6.8E-05  3.4E-05    8    5.4E-002 
 33        -191.8355576652 -6.9E-08  1.5E-02  6.9E-05  7.4E-05    8    5.4E-002 
 34        -191.8355577324 -6.7E-08  1.5E-02  7.0E-05  1.1E-04    8    5.4E-002 
 35        -191.8355577970 -6.5E-08  1.4E-02  7.2E-05  1.2E-04    8    5.4E-002 
 36        -191.8355578575 -6.0E-08  1.4E-02  7.4E-05  1.4E-04    8    5.4E-002 
 37        -191.8355579089 -5.1E-08  1.3E-02  7.7E-05  1.3E-04    8    5.7E-002 
 38        -191.8355579593 -5.0E-08  1.2E-02  8.5E-05  1.1E-04    8    5.5E-002 
 39        -191.8355580045 -4.5E-08  1.1E-02  9.0E-05  6.0E-05    8    5.4E-002 
 40        -191.8355580709 -6.6E-08  6.5E-03  9.6E-05  0.0E+00    8    4.5E-002 
 41        -191.8355581121 -4.1E-08  6.0E-03  5.6E-05  0.0E+00    8    4.5E-002 
 42        -191.8355581287 -1.7E-08  1.2E-02  2.1E-05  7.1E-06    8    5.5E-002 
 43        -191.8355581633 -3.5E-08  1.3E-02  6.7E-05  4.7E-06    8    5.8E-002 
 44        -191.8355581920 -2.9E-08  1.4E-02  7.0E-05  2.6E-05    8    5.5E-002 
 45        -191.8355582141 -2.2E-08  1.4E-02  7.2E-05  6.0E-05    8    5.4E-002 
 46        -191.8355582302 -1.6E-08  1.4E-02  7.4E-05  1.0E-04    8    5.4E-002 
 47        -191.8355582388 -8.7E-09  1.5E-02  7.5E-05  1.3E-04    8    5.4E-002 
 48        -191.8355582405 -1.6E-09  1.5E-02  7.8E-05  1.5E-04    8    5.4E-002 
 49        -191.8355582329  7.6E-09  1.5E-02  8.1E-05  1.4E-04    8    5.5E-002 
 49*       -191.8355582612 -2.1E-08  1.0E-02  8.1E-05  1.5E-04    8    5.2E-002 
 50        -191.8355582692 -8.0E-09  1.0E-02  5.5E-05  2.1E-05    8    6.5E-002 
 51        -191.8355582699 -6.8E-10  1.0E-02  3.5E-05  2.8E-05    8    5.5E-002 
 52        -191.8355582708 -9.0E-10  1.0E-02  4.3E-05  7.9E-05    8    5.4E-002 
 53        -191.8355582683  2.5E-09  1.0E-02  4.2E-05  1.1E-04    8    5.4E-002 
 53*       -191.8355582778 -7.0E-09  7.3E-03  4.2E-05  5.5E-05    8    5.2E-002 
 54        -191.8355582751  2.7E-09  7.2E-03  1.8E-05  3.0E-05    8    5.5E-002 
 54*       -191.8355582775  2.8E-10  5.1E-03  1.8E-05  4.1E-05    8    5.3E-002 
 54*       -191.8355582785 -7.6E-10  3.6E-03  1.8E-05  5.8E-05    8    5.3E-002 
 55        -191.8355582769  1.7E-09  3.5E-03  4.2E-06  1.9E-05    8    5.5E-002 
 55*       -191.8355582775  1.0E-09  2.5E-03  4.2E-06  2.4E-05    8    5.3E-002 
 55*       -191.8355582779  6.4E-10  1.7E-03  4.2E-06  3.3E-05    8    5.3E-002 
 55*       -191.8355582782  3.9E-10  1.2E-03  4.2E-06  4.6E-05    8    5.3E-002 
 55*       -191.8355582783  2.2E-10  8.5E-04  4.2E-06  6.4E-05    8    5.2E-002 
 55*       -191.8355582784  1.1E-10  6.0E-04  4.2E-06  9.0E-05    8    5.2E-002 
 55*       -191.8355582785  2.6E-11  4.2E-04  4.2E-06  1.3E-04    8    5.2E-002 
 55*       -191.8355582786 -2.9E-11  2.9E-04  4.2E-06  1.8E-04    8    5.2E-002 
 56        -191.8355582787 -1.3E-10  2.9E-04  8.3E-07  7.4E-05    8    5.5E-002 
 57        -191.8355582789 -1.5E-10  3.5E-04  1.3E-07  6.7E-05    8    5.4E-002 
 58        -191.8355582790 -1.7E-10  4.2E-04  6.1E-08  1.0E-04    8    5.4E-002 
 59        -191.8355582792 -1.7E-10  4.2E-04  2.1E-07  1.2E-04    8    5.4E-002 
 60        -191.8355582794 -1.6E-10  4.2E-04  2.0E-07  9.3E-05    8    5.4E-002 
 61        -191.8355582795 -1.6E-10  4.2E-04  1.0E-07  8.4E-05    8    5.4E-002 
 62        -191.8355582797 -1.5E-10  4.2E-04  9.6E-08  5.2E-05    8    5.4E-002 
 63        -191.8355582799 -1.8E-10  5.1E-04  6.3E-08  2.3E-05    8    5.4E-002 
 64        -191.8355582801 -2.0E-10  6.1E-04  5.7E-08  4.4E-06    8    5.5E-002 
 65        -191.8355582803 -2.3E-10  7.3E-04  1.2E-07  1.2E-06    8    5.5E-002 
 66        -191.8355582805 -2.5E-10  8.8E-04  2.1E-07  2.2E-06    8    5.5E-002 
 67        -191.8355582808 -2.7E-10  1.1E-03  3.4E-07  6.9E-06    8    5.5E-002 
 68        -191.8355582811 -2.8E-10  1.3E-03  5.3E-07  1.1E-05    8    5.5E-002 
 69        -191.8355582814 -2.7E-10  1.5E-03  7.7E-07  1.2E-05    8    5.5E-002 
 70        -191.8355582816 -2.0E-10  1.5E-03  1.1E-06  1.2E-05    8    5.5E-002 
 71        -191.8355582817 -1.4E-10  1.5E-03  1.2E-06  8.4E-06    8    5.5E-002 
 72        -191.8355582818 -7.1E-11  1.5E-03  1.2E-06  3.8E-06    8    5.5E-002 
 73        -191.8355582818 -1.2E-11  1.1E-03  1.1E-06  0.0E+00    8    4.5E-002 
 74        -191.8355582818 -4.0E-12  8.2E-05  7.5E-07  0.0E+00    8    4.5E-002 
 75        -191.8355582818 -8.0E-13  6.1E-05  2.6E-07  0.0E+00    8    4.5E-002 
 76        -191.8355582818 -2.6E-13  5.1E-05  9.5E-08  0.0E+00    8    4.5E-002 
 77        -191.8355582818 -2.3E-13  5.3E-05  4.2E-08  0.0E+00    8    4.5E-002 
 78        -191.8355582818 -2.6E-13  3.4E-05  7.8E-09  0.0E+00    8    4.5E-002 
 79        -191.8355582818  5.7E-14  2.6E-05  4.1E-09  0.0E+00    8    4.5E-002 
 79*       -191.8355582818  0.0E+00  1.8E-05  4.1E-09  1.3E-06    8    5.4E-002 
 80        -191.8355582818  8.5E-14  1.8E-05  4.1E-09  1.0E-06    8    5.6E-002 
 80*       -191.8355582818  0.0E+00  1.3E-05  4.1E-09  5.3E-06    8    5.3E-002 
 81        -191.8355582818 -5.7E-14  1.3E-05  1.0E-08  4.3E-06    8    5.6E-002 
 Skipping trust radius update
 82        -191.8355582818  0.0E+00  1.5E-05  4.1E-09  2.6E-06    8    5.6E-002 
 Skipping trust radius update
 83        -191.8355582818  0.0E+00  8.8E-06  5.0E-09  0.0E+00    8    4.5E-002 
 Skipping trust radius update
 84        -191.8355582818  0.0E+00  1.5E-05  3.2E-08  8.7E-08    8    5.7E-002 
 Skipping trust radius update
 85        -191.8355582818  1.7E-13  1.5E-05  1.4E-08  0.0E+00    8    4.5E-002 
 Skipping trust radius update
 86        -191.8355582818 -1.7E-13  1.5E-05  4.2E-09  1.9E-07    8    5.7E-002 
 Skipping trust radius update
 87        -191.8355582818  8.5E-14  1.5E-05  4.1E-09  1.0E-06    8    5.6E-002 
 Skipping trust radius update
 88        -191.8355582818  2.8E-14  9.9E-06  4.1E-09  0.0E+00    8    4.5E-002 
 Skipping trust radius update
 89        -191.8355582818 -1.1E-13  1.5E-05  4.1E-09  2.1E-06    8    5.6E-002 
 Skipping trust radius update
 90        -191.8355582818  0.0E+00  2.1E-07  4.1E-09  0.0E+00    8    4.5E-002 
 ------------------------------------------------------------------------------
 SCF converged
 Converged energy                        -191.835558281781   
 ------------------------------------------------------------------------------
 Ehomo(Alpha) [eV]                       -6.935399205005     
 Elumo(Alpha) [eV]                       -0.388025440129     
 Ehomo(Beta) [eV]                        -13.698873903467    
 Elumo(Beta) [eV]                        0.286495981612      

 dipole moment (Debye)
        x              y              z       
     -6.376E-012     2.000E-013     1.864E-011

 traceless quadrupole moment (Debye*Angs)
                       x              y              z       
 x                  -2.417E+000    -6.536E-006    -3.227E+000
 y                  -6.536E-006    -3.518E+000     1.915E-005
 z                  -3.227E+000     1.915E-005     5.935E+000

 ----------------------------------------------------------------------------
 Timings (seconds)
 * mean-field hamiltonian     4.5E+000
 * solver (setting up eqns)   7.6E-002
 * solver (energy estimate)   1.5E-002
 * solver (orthogonalization) 4.6E-003
 * solver (rotation matrix X) 7.5E-001
 * solver (exponential of X)  5.1E-002
 * solver (total)             9.0E-001
 * total SCF                  5.5E+000
 Atomic guess: PB, ../../../../basis-sets/bse/def2-tzvpd.txt
 -----------------------------------------------------------
 E(HF) [a.u.]                            -1.9183555828E+002
 Tr(RhoAvg S), Cartesian AOs              2.2000000000E+001
 Tr(RhoAvg S), spherical AOs              2.2000000000E+001
 max|T RhoAvg T**T - RhoAvg_sao|                  2.22E-015
 max|c(RhoAvg) - c(Rho)|                          8.88E-016
 max|RhoAvg - Rho|                                1.98E-001
 Saved /mnt/storage_6/project_data/pl0415-03/marcin/beyond-rpa/guess/electron-densities/bse/def2-tzvpd/pb.txt
 ----------------------------------------------------------------------------
                             SCF for BI (2S+1=4)                             
 ----------------------------------------------------------------------------
 NUMBER OF ATOMS                         1
 CHARGE                                  0
 Prescreening (pq|pq) integrals for the Cholesky decomposition
 Shell pairs will be sorted according to their max elements
 Max diagonal integral MaxDrs=3.7E+000
 Applying Eq. 15 in J. Chem. Phys. 150, 194112 (2019); doi: 10.1063/1.5083802
 Schwarz inequality: Dpq<min(10**(-8),Tau)**2/MaxDrs=2.7E-017
 Trace of exact Coulomb matrix: 8.6E+001
 Trace of discarded integrals: 0.0E+000
 Discarded 0 out of 171 shell pairs
 (0 out of 1596 orbital pairs)

 Step 1 of Cholesky decomposition: locating pivots
 -------------------------------------------------
 Dimensions of the Coulomb matrix: (1596,1596)
 Threshold for diagonal matrix elements: Dpq > 1.0E-007
 Max number of Cholesky vectors: 840
 Rk storage block size: 500
 Max dimension of 2e integrals buffer: (1596,1000)

 ----------------------------------------------------------------------------
 #    Dmax        Memory (MB)    NPivots     %    Time        
 ----------------------------------------------------------------------------
 1    3.4E-002    1.8E+001       34          4    7.7E-002    
 2    7.3E-004    1.8E+001       235         31   7.8E-002    
 3    7.3E-006    1.5E+001       326         76   5.5E-002    
 4    9.5E-008    8.8E+000       420         100  4.1E-002    

 Step 1 of the Cholesky decomposition completed
 Computed 420 pivots
 Largest residual Dpq: 9.5E-008
 NCholesky/NAO = 7.5E+000
 Step 1 of Cholesky decomposition completed in 2.5E-001 seconds
 Detailed timings in seconds
 Subtract prev contribs I (M-R**T*R)     6.6E-003
 Subtract prev contribs II (Rk)          1.2E-002
 Two-electron integrals                  2.3E-001
 Reallocation                            2.7E-003

 Step 2 of Cholesky decomposition completed in 1.3E-002 seconds
 Detailed timings in seconds
 Reduced-dimension matrix V    1.2E-002
 V=L*L**T                      6.1E-004
 L**(-1)                       8.3E-004

 Full-dimension Cholesky vectors of the Coulomb matrix will be stored in memory
 Cholesky vectors computed in 3.4E-002 seconds

 ┌─────────────────────────────────────────┐
 │          Self-consistent field          │
 └─────────────────────────────────────────┘

 Atomic orbital basis set
 . . . . . . . . . . . . . . . . . . . . . . . . . . . . . . . . . . . . . . 
 atomic centers                               1
 shell parameter sets                         18
 spherical AOs                                56
 max angular momentum                         3
 parameter set                                ../../../../basis-sets/bse/def2-tzvpd.txt
 . . . . . . . . . . . . . . . . . . . . . . . . . . . . . . . . . . . . . . 
 SCF guess: bare nuclei Hamiltonian
 Starting self-consistent field iterations (spin-unrestricted)
 Alpha electrons: 13
 Beta electrons: 10
 ----------------------------------------------------------------------------
 Exchange-correlation: Hartree-Fock
 ----------------------------------------------------------------------------
 Replicated-data parallel SCF
 ----------------------------
 Processes                               1
 Threads/process                         16
 Allocated 6.4E-004 GiB of scratch space for the KS matrix build
 ----------------------------------------------------------------------------
 Loaded pseudopotential parameters
 ----------------------------------------------------------------------------

 BISMUTH     
 Parameters file: ../../../../basis-sets/bse/def2-tzvpd.txt
 ECP accounts for 60 core electrons

          Coeff         R^n       Exponent                                       

 Local part

         13.71338300      2         4.21454600                                   
         18.19430800      2         4.13340000                                   

 L = 0

        283.26422700      2        13.04309000                                   
         62.47195900      2         8.22168200                                   
        -13.71338300      2         4.21454600                                   
        -18.19430800      2         4.13340000                                   

 L = 1

         72.00149900      2        10.46777700                                   
        144.00227700      2         9.11890100                                   
          5.00794500      2         6.75479100                                   
          9.99155000      2         6.25259200                                   
        -13.71338300      2         4.21454600                                   
        -18.19430800      2         4.13340000                                   

 L = 2

         36.39625900      2         8.08147400                                   
         54.59766400      2         7.89059500                                   
          9.98429400      2         4.95555600                                   
         14.98148500      2         4.70455900                                   
        -13.71338300      2         4.21454600                                   
        -18.19430800      2         4.13340000                                   

 ----------------------------------------------------------------------------
 Spherical harmonic basis contains 56 vectors
 Linear independence thresh: Eig(S) > 1.0E-006
 Computations will be carried out in the space of 56 MOs
 Threshold for J, K: |Rho(r,s)*(pq|rs)|,|Rho(q,s)*(pq|rs)| > 1.0E-011
 Convergence conditions
 ----------------------
 RhoDiff < 1.0E-006
 OrbGrad < 1.0E-006
 Max number of macroiters: 1024
 ------------------------------------------------------------------------------
 #           Energy        EDiff    RhoDiff  OrbGrad  OrbShift NStored Time     
 ------------------------------------------------------------------------------
 0           31.1512555598                                        0    6.8E-002 
 1         -206.4757305677           4.6E+01                      0    4.5E-002 
 2         -212.8236242872 -6.3E+00  1.0E+01  1.8E+00  1.8E+00    1    4.9E-002 
 3         -213.4444122358 -6.2E-01  1.3E+00  3.6E-01  6.9E-02    2    5.0E-002 
 4         -213.5865073720 -1.4E-01  3.4E-01  1.4E-01  0.0E+00    3    5.0E-002 
 5         -213.5934328509 -6.9E-03  1.6E-01  4.0E-02  0.0E+00    4    4.9E-002 
 6         -213.5938019010 -3.7E-04  4.5E-02  8.2E-03  0.0E+00    5    5.0E-002 
 7         -213.5938068586 -5.0E-06  7.8E-03  1.2E-03  0.0E+00    6    4.6E-002 
 8         -213.5938069753 -1.2E-07  8.4E-04  1.2E-04  0.0E+00    7    4.7E-002 
 9         -213.5938069770 -1.6E-09  4.3E-05  1.6E-05  0.0E+00    8    4.8E-002 
 10        -213.5938069771 -1.1E-10  9.7E-06  2.5E-06  0.0E+00    8    4.7E-002 
 11        -213.5938069771 -1.5E-11  3.4E-06  1.2E-06  0.0E+00    8    4.7E-002 
 12        -213.5938069771 -1.7E-12  1.1E-06  3.9E-07  0.0E+00    8    4.7E-002 
 13        -213.5938069771 -3.7E-13  6.3E-07  1.5E-07  0.0E+00    8    4.7E-002 
 ------------------------------------------------------------------------------
 SCF converged
 Converged energy                        -213.593806977089   
 ------------------------------------------------------------------------------
 Ehomo(Alpha) [eV]                       -8.680058483565     
 Elumo(Alpha) [eV]                       1.797694635997      
 Ehomo(Beta) [eV]                        -15.701694933031    
 Elumo(Beta) [eV]                        0.840050837632      

 dipole moment (Debye)
        x              y              z       
      2.487E-015     1.791E-014    -9.864E-015

 traceless quadrupole moment (Debye*Angs)
                       x              y              z       
 x                  -4.542E-006    -1.150E-007     2.839E-008
 y                  -1.150E-007     9.903E-006     2.886E-007
 z                   2.839E-008     2.886E-007    -5.361E-006

 ----------------------------------------------------------------------------
 Timings (seconds)
 * mean-field hamiltonian     6.4E-001
 * solver (setting up eqns)   8.6E-003
 * solver (energy estimate)   1.3E-003
 * solver (orthogonalization) 5.5E-004
 * solver (rotation matrix X) 4.4E-003
 * solver (exponential of X)  7.2E-003
 * solver (total)             2.3E-002
 * total SCF                  7.0E-001
 Atomic guess: BI, ../../../../basis-sets/bse/def2-tzvpd.txt
 -----------------------------------------------------------
 E(HF) [a.u.]                            -2.1359380698E+002
 Tr(RhoAvg S), Cartesian AOs              2.3000000000E+001
 Tr(RhoAvg S), spherical AOs              2.3000000000E+001
 max|T RhoAvg T**T - RhoAvg_sao|                  2.44E-015
 max|c(RhoAvg) - c(Rho)|                          8.88E-016
 max|RhoAvg - Rho|                                5.71E-005
 Saved /mnt/storage_6/project_data/pl0415-03/marcin/beyond-rpa/guess/electron-densities/bse/def2-tzvpd/bi.txt
 ----------------------------------------------------------------------------
                             SCF for PO (2S+1=3)                             
 ----------------------------------------------------------------------------
 NUMBER OF ATOMS                         1
 CHARGE                                  0
 Prescreening (pq|pq) integrals for the Cholesky decomposition
 Shell pairs will be sorted according to their max elements
 Max diagonal integral MaxDrs=3.8E+000
 Applying Eq. 15 in J. Chem. Phys. 150, 194112 (2019); doi: 10.1063/1.5083802
 Schwarz inequality: Dpq<min(10**(-8),Tau)**2/MaxDrs=2.6E-017
 Trace of exact Coulomb matrix: 9.1E+001
 Trace of discarded integrals: 0.0E+000
 Discarded 0 out of 190 shell pairs
 (0 out of 1770 orbital pairs)

 Step 1 of Cholesky decomposition: locating pivots
 -------------------------------------------------
 Dimensions of the Coulomb matrix: (1770,1770)
 Threshold for diagonal matrix elements: Dpq > 1.0E-007
 Max number of Cholesky vectors: 885
 Rk storage block size: 500
 Max dimension of 2e integrals buffer: (1770,1000)

 ----------------------------------------------------------------------------
 #    Dmax        Memory (MB)    NPivots     %    Time        
 ----------------------------------------------------------------------------
 1    3.8E-002    2.0E+001       36          3    9.1E-002    
 2    4.4E-004    2.0E+001       246         31   8.7E-002    
 3    4.1E-006    1.7E+001       368         80   5.0E-002    
 4    9.3E-008    8.0E+000       440         100  3.6E-002    

 Step 1 of the Cholesky decomposition completed
 Computed 440 pivots
 Largest residual Dpq: 9.3E-008
 NCholesky/NAO = 7.5E+000
 Step 1 of Cholesky decomposition completed in 2.7E-001 seconds
 Detailed timings in seconds
 Subtract prev contribs I (M-R**T*R)     6.9E-003
 Subtract prev contribs II (Rk)          1.4E-002
 Two-electron integrals                  2.4E-001
 Reallocation                            2.7E-003

 Step 2 of Cholesky decomposition completed in 1.6E-002 seconds
 Detailed timings in seconds
 Reduced-dimension matrix V    1.5E-002
 V=L*L**T                      5.5E-004
 L**(-1)                       7.8E-004

 Full-dimension Cholesky vectors of the Coulomb matrix will be stored in memory
 Cholesky vectors computed in 3.2E-002 seconds

 ┌─────────────────────────────────────────┐
 │          Self-consistent field          │
 └─────────────────────────────────────────┘

 Atomic orbital basis set
 . . . . . . . . . . . . . . . . . . . . . . . . . . . . . . . . . . . . . . 
 atomic centers                               1
 shell parameter sets                         19
 spherical AOs                                59
 max angular momentum                         3
 parameter set                                ../../../../basis-sets/bse/def2-tzvpd.txt
 . . . . . . . . . . . . . . . . . . . . . . . . . . . . . . . . . . . . . . 
 SCF guess: bare nuclei Hamiltonian
 Starting self-consistent field iterations (spin-unrestricted)
 Alpha electrons: 13
 Beta electrons: 11
 ----------------------------------------------------------------------------
 Exchange-correlation: Hartree-Fock
 ----------------------------------------------------------------------------
 Replicated-data parallel SCF
 ----------------------------
 Processes                               1
 Threads/process                         16
 Allocated 6.9E-004 GiB of scratch space for the KS matrix build
 ----------------------------------------------------------------------------
 Loaded pseudopotential parameters
 ----------------------------------------------------------------------------

 POLONIUM    
 Parameters file: ../../../../basis-sets/bse/def2-tzvpd.txt
 ECP accounts for 60 core electrons

          Coeff         R^n       Exponent                                       

 Local part

         17.42829500      2         5.01327000                                   
         23.38035300      2         4.98464000                                   
          0.16339200      2         1.32676000                                   
          0.32456600      2         1.52875800                                   

 L = 0

        283.24470600      2        13.27722700                                   
         62.39646100      2         8.39951800                                   
        -17.42829500      2         5.01327000                                   
        -23.38035300      2         4.98464000                                   
         -0.16339200      2         1.32676000                                   
         -0.32456600      2         1.52875800                                   

 L = 1

         71.99171600      2        10.66568200                                   
        143.97187100      2         9.28375300                                   
          4.94961500      2         6.87274900                                   
          9.74049900      2         6.32615000                                   
        -17.42829500      2         5.01327000                                   
        -23.38035300      2         4.98464000                                   
         -0.16339200      2         1.32676000                                   
         -0.32456600      2         1.52875800                                   

 L = 2

         36.37838300      2         8.21486600                                   
         54.56271500      2         8.00869600                                   
          9.88949900      2         5.05522700                                   
         14.69387700      2         4.78255300                                   
        -17.42829500      2         5.01327000                                   
        -23.38035300      2         4.98464000                                   
         -0.16339200      2         1.32676000                                   
         -0.32456600      2         1.52875800                                   

 ----------------------------------------------------------------------------
 Spherical harmonic basis contains 59 vectors
 Linear independence thresh: Eig(S) > 1.0E-006
 Computations will be carried out in the space of 59 MOs
 Threshold for J, K: |Rho(r,s)*(pq|rs)|,|Rho(q,s)*(pq|rs)| > 1.0E-011
 Convergence conditions
 ----------------------
 RhoDiff < 1.0E-006
 OrbGrad < 1.0E-006
 Max number of macroiters: 1024
 ------------------------------------------------------------------------------
 #           Energy        EDiff    RhoDiff  OrbGrad  OrbShift NStored Time     
 ------------------------------------------------------------------------------
 0           15.1768888476                                        0    7.7E-002 
 1         -219.8766237812           5.2E+01                      0    5.4E-002 
 2         -230.5895102222 -1.1E+01  9.5E+00  2.0E+00  3.7E+00    1    5.6E-002 
 3         -233.5874476475 -3.0E+00  1.2E+00  9.7E-01  1.4E+00    2    5.6E-002 
 4         -235.3052787956 -1.7E+00  6.8E-01  3.1E-01  8.1E-01    3    5.9E-002 
 5         -236.4132665046 -1.1E+00  3.9E-01  2.3E-01  4.5E-01    4    6.0E-002 
 6         -236.7028247232 -2.9E-01  4.1E-01  2.5E-01  6.4E-02    5    6.1E-002 
 7         -236.7248907359 -2.2E-02  3.6E-02  7.4E-02  0.0E+00    6    5.6E-002 
 8         -236.7257799981 -8.9E-04  2.0E-02  8.1E-03  0.0E+00    7    5.6E-002 
 9         -236.7258228063 -4.3E-05  8.5E-03  2.2E-03  0.0E+00    8    5.5E-002 
 10        -236.7258243357 -1.5E-06  1.5E-03  3.6E-04  0.0E+00    8    5.5E-002 
 11        -236.7258244234 -8.8E-08  3.5E-04  9.9E-05  0.0E+00    8    5.6E-002 
 12        -236.7258244280 -4.6E-09  4.5E-05  2.7E-05  0.0E+00    8    5.5E-002 
 13        -236.7258244288 -7.8E-10  1.5E-05  8.3E-06  0.0E+00    8    5.5E-002 
 14        -236.7258244290 -1.8E-10  1.0E-05  3.6E-06  0.0E+00    8    5.5E-002 
 15        -236.7258244290 -9.9E-12  3.4E-06  1.3E-06  0.0E+00    8    5.5E-002 
 16        -236.7258244290 -4.5E-13  6.3E-07  2.4E-07  0.0E+00    8    5.5E-002 
 ------------------------------------------------------------------------------
 SCF converged
 Converged energy                        -236.725824429002   
 ------------------------------------------------------------------------------
 Ehomo(Alpha) [eV]                       -8.879084500646     
 Elumo(Alpha) [eV]                       1.359131377226      
 Ehomo(Beta) [eV]                        -7.939177934715     
 Elumo(Beta) [eV]                        -0.289113379826     

 dipole moment (Debye)
        x              y              z       
     -6.883E-014     7.444E-015    -2.831E-014

 traceless quadrupole moment (Debye*Angs)
                       x              y              z       
 x                  -4.013E+000     7.560E-011    -2.670E+000
 y                   7.560E-011     2.550E+000     3.076E-011
 z                  -2.670E+000     3.076E-011     1.463E+000

 ----------------------------------------------------------------------------
 Timings (seconds)
 * mean-field hamiltonian     9.0E-001
 * solver (setting up eqns)   1.2E-002
 * solver (energy estimate)   1.8E-003
 * solver (orthogonalization) 8.4E-004
 * solver (rotation matrix X) 1.2E-002
 * solver (exponential of X)  2.2E-002
 * solver (total)             4.9E-002
 * total SCF                  9.8E-001
 Atomic guess: PO, ../../../../basis-sets/bse/def2-tzvpd.txt
 -----------------------------------------------------------
 E(HF) [a.u.]                            -2.3672582443E+002
 Tr(RhoAvg S), Cartesian AOs              2.4000000000E+001
 Tr(RhoAvg S), spherical AOs              2.4000000000E+001
 max|T RhoAvg T**T - RhoAvg_sao|                  1.78E-015
 max|c(RhoAvg) - c(Rho)|                          1.78E-015
 max|RhoAvg - Rho|                                1.37E-001
 Saved /mnt/storage_6/project_data/pl0415-03/marcin/beyond-rpa/guess/electron-densities/bse/def2-tzvpd/po.txt
 ----------------------------------------------------------------------------
                             SCF for AT (2S+1=2)                             
 ----------------------------------------------------------------------------
 NUMBER OF ATOMS                         1
 CHARGE                                  0
 Prescreening (pq|pq) integrals for the Cholesky decomposition
 Shell pairs will be sorted according to their max elements
 Max diagonal integral MaxDrs=3.8E+000
 Applying Eq. 15 in J. Chem. Phys. 150, 194112 (2019); doi: 10.1063/1.5083802
 Schwarz inequality: Dpq<min(10**(-8),Tau)**2/MaxDrs=2.6E-017
 Trace of exact Coulomb matrix: 9.7E+001
 Trace of discarded integrals: 0.0E+000
 Discarded 0 out of 190 shell pairs
 (0 out of 1770 orbital pairs)

 Step 1 of Cholesky decomposition: locating pivots
 -------------------------------------------------
 Dimensions of the Coulomb matrix: (1770,1770)
 Threshold for diagonal matrix elements: Dpq > 1.0E-007
 Max number of Cholesky vectors: 885
 Rk storage block size: 500
 Max dimension of 2e integrals buffer: (1770,1000)

 ----------------------------------------------------------------------------
 #    Dmax        Memory (MB)    NPivots     %    Time        
 ----------------------------------------------------------------------------
 1    3.7E-002    2.0E+001       42          4    5.8E-002    
 2    3.8E-004    2.0E+001       247         29   9.0E-002    
 3    3.6E-006    1.8E+001       370         79   6.6E-002    
 4    9.2E-008    9.3E+000       438         100  5.8E-002    

 Step 1 of the Cholesky decomposition completed
 Computed 438 pivots
 Largest residual Dpq: 9.2E-008
 NCholesky/NAO = 7.4E+000
 Step 1 of Cholesky decomposition completed in 2.7E-001 seconds
 Detailed timings in seconds
 Subtract prev contribs I (M-R**T*R)     7.3E-003
 Subtract prev contribs II (Rk)          1.3E-002
 Two-electron integrals                  2.5E-001
 Reallocation                            2.5E-003

 Step 2 of Cholesky decomposition completed in 1.6E-002 seconds
 Detailed timings in seconds
 Reduced-dimension matrix V    1.5E-002
 V=L*L**T                      6.9E-004
 L**(-1)                       7.8E-004

 Full-dimension Cholesky vectors of the Coulomb matrix will be stored in memory
 Cholesky vectors computed in 3.5E-002 seconds

 ┌─────────────────────────────────────────┐
 │          Self-consistent field          │
 └─────────────────────────────────────────┘

 Atomic orbital basis set
 . . . . . . . . . . . . . . . . . . . . . . . . . . . . . . . . . . . . . . 
 atomic centers                               1
 shell parameter sets                         19
 spherical AOs                                59
 max angular momentum                         3
 parameter set                                ../../../../basis-sets/bse/def2-tzvpd.txt
 . . . . . . . . . . . . . . . . . . . . . . . . . . . . . . . . . . . . . . 
 SCF guess: bare nuclei Hamiltonian
 Starting self-consistent field iterations (spin-unrestricted)
 Alpha electrons: 13
 Beta electrons: 12
 ----------------------------------------------------------------------------
 Exchange-correlation: Hartree-Fock
 ----------------------------------------------------------------------------
 Replicated-data parallel SCF
 ----------------------------
 Processes                               1
 Threads/process                         16
 Allocated 6.9E-004 GiB of scratch space for the KS matrix build
 ----------------------------------------------------------------------------
 Loaded pseudopotential parameters
 ----------------------------------------------------------------------------

 ASTATINE    
 Parameters file: ../../../../basis-sets/bse/def2-tzvpd.txt
 ECP accounts for 60 core electrons

          Coeff         R^n       Exponent                                       

 Local part

         19.87019800      2         5.81216300                                   
         26.41645200      2         5.75371500                                   
          0.99497000      2         2.51347200                                   
          1.49070100      2         2.53626100                                   

 L = 0

         49.95715800      2        30.20083200                                   
        283.21037100      2        13.61230600                                   
         62.28105200      2         8.52934000                                   
        -19.87019800      2         5.81216300                                   
        -26.41645200      2         5.75371500                                   
         -0.99497000      2         2.51347200                                   
         -1.49070100      2         2.53626100                                   

 L = 1

         71.98237100      2        10.85406500                                   
        143.90353200      2         9.46822900                                   
          4.87175900      2         7.03111400                                   
          8.98305900      2         6.14385800                                   
        -19.87019800      2         5.81216300                                   
        -26.41645200      2         5.75371500                                   
         -0.99497000      2         2.51347200                                   
         -1.49070100      2         2.53626100                                   

 L = 2

         36.36323700      2         8.31351500                                   
         54.54897000      2         7.99896500                                   
          9.77628500      2         5.17996600                                   
         14.26475500      2         4.94222600                                   
        -19.87019800      2         5.81216300                                   
        -26.41645200      2         5.75371500                                   
         -0.99497000      2         2.51347200                                   
         -1.49070100      2         2.53626100                                   

 ----------------------------------------------------------------------------
 Spherical harmonic basis contains 59 vectors
 Linear independence thresh: Eig(S) > 1.0E-006
 Computations will be carried out in the space of 59 MOs
 Threshold for J, K: |Rho(r,s)*(pq|rs)|,|Rho(q,s)*(pq|rs)| > 1.0E-011
 Convergence conditions
 ----------------------
 RhoDiff < 1.0E-006
 OrbGrad < 1.0E-006
 Max number of macroiters: 1024
 ------------------------------------------------------------------------------
 #           Energy        EDiff    RhoDiff  OrbGrad  OrbShift NStored Time     
 ------------------------------------------------------------------------------
 0           19.8280726421                                        0    8.0E-002 
 1         -239.3170134130           6.3E+01                      0    5.6E-002 
 2         -253.3623644051 -1.4E+01  8.6E+00  2.2E+00  4.7E+00    1    5.9E-002 
 3         -257.1876550370 -3.8E+00  1.5E+00  1.2E+00  1.6E+00    2    5.8E-002 
 4         -259.6044951517 -2.4E+00  7.9E-01  3.0E-01  8.3E-01    3    6.1E-002 
 5         -261.1477360666 -1.5E+00  3.6E-01  2.5E-01  6.0E-01    4    6.2E-002 
 6         -261.3529082184 -2.1E-01  4.0E-01  2.0E-01  0.0E+00    5    6.0E-002 
 7         -261.3600427082 -7.1E-03  5.5E-02  2.0E-02  0.0E+00    6    5.8E-002 
 8         -261.3603843825 -3.4E-04  1.5E-02  6.3E-03  0.0E+00    7    5.8E-002 
 9         -261.3604027077 -1.8E-05  2.3E-03  1.1E-03  0.0E+00    8    5.7E-002 
 10        -261.3604043242 -1.6E-06  7.8E-04  4.0E-04  0.0E+00    8    5.7E-002 
 11        -261.3604043768 -5.3E-08  2.4E-04  6.1E-05  0.0E+00    8    5.7E-002 
 12        -261.3604043786 -1.8E-09  3.4E-05  1.4E-05  0.0E+00    8    5.7E-002 
 13        -261.3604043788 -2.2E-10  9.0E-06  3.9E-06  0.0E+00    8    5.7E-002 
 14        -261.3604043788 -4.2E-11  4.3E-06  1.7E-06  0.0E+00    8    5.7E-002 
 15        -261.3604043788 -3.8E-12  1.1E-06  5.5E-07  0.0E+00    8    5.7E-002 
 16        -261.3604043788 -2.8E-13  2.4E-07  9.8E-08  0.0E+00    8    5.7E-002 
 ------------------------------------------------------------------------------
 SCF converged
 Converged energy                        -261.360404378841   
 ------------------------------------------------------------------------------
 Ehomo(Alpha) [eV]                       -10.267952356889    
 Elumo(Alpha) [eV]                       1.395790561377      
 Ehomo(Beta) [eV]                        -9.762138324656     
 Elumo(Beta) [eV]                        -1.332026465055     

 dipole moment (Debye)
        x              y              z       
     -2.852E-015    -2.652E-015    -2.971E-016

 traceless quadrupole moment (Debye*Angs)
                       x              y              z       
 x                  -2.101E+000     9.871E-012    -1.793E-008
 y                   9.871E-012     4.203E+000     9.423E-012
 z                  -1.793E-008     9.423E-012    -2.101E+000

 ----------------------------------------------------------------------------
 Timings (seconds)
 * mean-field hamiltonian     9.3E-001
 * solver (setting up eqns)   1.2E-002
 * solver (energy estimate)   1.7E-003
 * solver (orthogonalization) 8.1E-004
 * solver (rotation matrix X) 1.1E-002
 * solver (exponential of X)  2.3E-002
 * solver (total)             4.9E-002
 * total SCF                  1.0E+000
 Atomic guess: AT, ../../../../basis-sets/bse/def2-tzvpd.txt
 -----------------------------------------------------------
 E(HF) [a.u.]                            -2.6136040438E+002
 Tr(RhoAvg S), Cartesian AOs              2.5000000000E+001
 Tr(RhoAvg S), spherical AOs              2.5000000000E+001
 max|T RhoAvg T**T - RhoAvg_sao|                  1.78E-015
 max|c(RhoAvg) - c(Rho)|                          1.78E-015
 max|RhoAvg - Rho|                                2.11E-001
 Saved /mnt/storage_6/project_data/pl0415-03/marcin/beyond-rpa/guess/electron-densities/bse/def2-tzvpd/at.txt
 ----------------------------------------------------------------------------
                                  SCF for RN                                 
 ----------------------------------------------------------------------------
 NUMBER OF ATOMS                         1
 CHARGE                                  0
 Prescreening (pq|pq) integrals for the Cholesky decomposition
 Shell pairs will be sorted according to their max elements
 Max diagonal integral MaxDrs=4.0E+000
 Applying Eq. 15 in J. Chem. Phys. 150, 194112 (2019); doi: 10.1063/1.5083802
 Schwarz inequality: Dpq<min(10**(-8),Tau)**2/MaxDrs=2.5E-017
 Trace of exact Coulomb matrix: 1.0E+002
 Trace of discarded integrals: 0.0E+000
 Discarded 0 out of 190 shell pairs
 (0 out of 1770 orbital pairs)

 Step 1 of Cholesky decomposition: locating pivots
 -------------------------------------------------
 Dimensions of the Coulomb matrix: (1770,1770)
 Threshold for diagonal matrix elements: Dpq > 1.0E-007
 Max number of Cholesky vectors: 885
 Rk storage block size: 500
 Max dimension of 2e integrals buffer: (1770,1000)

 ----------------------------------------------------------------------------
 #    Dmax        Memory (MB)    NPivots     %    Time        
 ----------------------------------------------------------------------------
 1    3.9E-002    2.0E+001       43          3    9.0E-002    
 2    4.1E-004    2.0E+001       242         27   7.5E-002    
 3    3.9E-006    1.8E+001       370         77   5.3E-002    
 4    9.7E-008    9.8E+000       441         100  5.1E-002    

 Step 1 of the Cholesky decomposition completed
 Computed 441 pivots
 Largest residual Dpq: 9.7E-008
 NCholesky/NAO = 7.5E+000
 Step 1 of Cholesky decomposition completed in 2.7E-001 seconds
 Detailed timings in seconds
 Subtract prev contribs I (M-R**T*R)     7.2E-003
 Subtract prev contribs II (Rk)          1.4E-002
 Two-electron integrals                  2.4E-001
 Reallocation                            3.2E-003

 Step 2 of Cholesky decomposition completed in 2.2E-002 seconds
 Detailed timings in seconds
 Reduced-dimension matrix V    2.1E-002
 V=L*L**T                      6.6E-004
 L**(-1)                       9.6E-004

 Full-dimension Cholesky vectors of the Coulomb matrix will be stored in memory
 Cholesky vectors computed in 3.4E-002 seconds

 ┌─────────────────────────────────────────┐
 │          Self-consistent field          │
 └─────────────────────────────────────────┘

 Atomic orbital basis set
 . . . . . . . . . . . . . . . . . . . . . . . . . . . . . . . . . . . . . . 
 atomic centers                               1
 shell parameter sets                         19
 spherical AOs                                59
 max angular momentum                         3
 parameter set                                ../../../../basis-sets/bse/def2-tzvpd.txt
 . . . . . . . . . . . . . . . . . . . . . . . . . . . . . . . . . . . . . . 
 SCF guess: bare nuclei Hamiltonian
 Starting self-consistent field iterations (spin-restricted singlet)
 Alpha+beta electrons: 26
 ----------------------------------------------------------------------------
 Exchange-correlation: Hartree-Fock
 ----------------------------------------------------------------------------
 Replicated-data parallel SCF
 ----------------------------
 Processes                               1
 Threads/process                         16
 Allocated 3.9E-004 GiB of scratch space for the KS matrix build
 ----------------------------------------------------------------------------
 Loaded pseudopotential parameters
 ----------------------------------------------------------------------------

 RADON       
 Parameters file: ../../../../basis-sets/bse/def2-tzvpd.txt
 ECP accounts for 60 core electrons

          Coeff         R^n       Exponent                                       

 Local part

         21.79729000      2         6.34857100                                   
         28.94680500      2         6.29594900                                   
          1.44736500      2         2.88211800                                   
          2.17796400      2         2.90804800                                   

 L = 0

         49.96555100      2        30.15124200                                   
        283.07000000      2        14.52124100                                   
         62.00287000      2         8.05203800                                   
        -21.79729000      2         6.34857100                                   
        -28.94680500      2         6.29594900                                   
         -1.44736500      2         2.88211800                                   
         -2.17796400      2         2.90804800                                   

 L = 1

         71.96911900      2        11.00994200                                   
        143.86055900      2         9.61762500                                   
          4.71476100      2         7.33600800                                   
          9.01306500      2         6.40625300                                   
        -21.79729000      2         6.34857100                                   
        -28.94680500      2         6.29594900                                   
         -1.44736500      2         2.88211800                                   
         -2.17796400      2         2.90804800                                   

 L = 2

         36.36836500      2         8.36922000                                   
         54.55176100      2         8.11697500                                   
          9.63448700      2         5.35365600                                   
         14.38790200      2         5.09721200                                   
        -21.79729000      2         6.34857100                                   
        -28.94680500      2         6.29594900                                   
         -1.44736500      2         2.88211800                                   
         -2.17796400      2         2.90804800                                   

 ----------------------------------------------------------------------------
 Spherical harmonic basis contains 59 vectors
 Linear independence thresh: Eig(S) > 1.0E-006
 Computations will be carried out in the space of 59 MOs
 Threshold for J, K: |Rho(r,s)*(pq|rs)|,|Rho(q,s)*(pq|rs)| > 1.0E-011
 Convergence conditions
 ----------------------
 RhoDiff < 1.0E-006
 OrbGrad < 1.0E-006
 Max number of macroiters: 1024
 ------------------------------------------------------------------------------
 #           Energy        EDiff    RhoDiff  OrbGrad  OrbShift NStored Time     
 ------------------------------------------------------------------------------
 0            4.9228038655                                        0    5.3E-002 
 1         -260.8674277747           1.4E+02                      0    3.0E-002 
 2         -279.3403619190 -1.8E+01  1.8E+01  2.3E+00  5.0E+00    1    3.2E-002 
 3         -283.3893368570 -4.0E+00  2.6E+00  9.5E-01  1.4E+00    2    3.2E-002 
 4         -286.6911114444 -3.3E+00  1.1E+00  2.9E-01  8.7E-01    3    3.3E-002 
 5         -287.4996627048 -8.1E-01  5.4E-01  2.9E-01  1.4E-01    4    3.3E-002 
 6         -287.5425963180 -4.3E-02  3.6E-01  8.9E-02  0.0E+00    5    3.1E-002 
 7         -287.5430881475 -4.9E-04  8.7E-02  1.0E-02  0.0E+00    6    3.1E-002 
 8         -287.5431073488 -1.9E-05  4.4E-03  1.2E-03  0.0E+00    7    3.0E-002 
 9         -287.5431081392 -7.9E-07  1.9E-03  3.2E-04  0.0E+00    8    3.0E-002 
 10        -287.5431081523 -1.3E-08  1.7E-04  3.5E-05  0.0E+00    8    3.0E-002 
 11        -287.5431081529 -5.2E-10  3.2E-05  5.9E-06  0.0E+00    8    3.0E-002 
 12        -287.5431081529 -2.6E-11  3.0E-06  1.3E-06  0.0E+00    8    3.0E-002 
 13        -287.5431081529 -1.6E-12  7.0E-07  2.7E-07  0.0E+00    8    3.0E-002 
 ------------------------------------------------------------------------------
 SCF converged
 Converged energy                        -287.543108152894   
 ------------------------------------------------------------------------------
 Ehomo [eV]                              -11.634081047118    
 Elumo [eV]                              1.632733770118      

 dipole moment (Debye)
        x              y              z       
     -2.767E-015    -2.863E-014     7.933E-015

 traceless quadrupole moment (Debye*Angs)
                       x              y              z       
 x                  -5.096E-005    -1.877E-014     1.060E-006
 y                  -1.877E-014     9.440E-005     4.502E-014
 z                   1.060E-006     4.502E-014    -4.345E-005

 ----------------------------------------------------------------------------
 Timings (seconds)
 * mean-field hamiltonian     4.1E-001
 * solver (setting up eqns)   4.5E-003
 * solver (energy estimate)   7.1E-004
 * solver (orthogonalization) 3.7E-004
 * solver (rotation matrix X) 4.6E-003
 * solver (exponential of X)  9.1E-003
 * solver (total)             2.0E-002
 * total SCF                  4.6E-001
 Atomic guess: RN, ../../../../basis-sets/bse/def2-tzvpd.txt
 -----------------------------------------------------------
 E(HF) [a.u.]                            -2.8754310815E+002
 Tr(RhoAvg S), Cartesian AOs              2.6000000000E+001
 Tr(RhoAvg S), spherical AOs              2.6000000000E+001
 max|T RhoAvg T**T - RhoAvg_sao|                  2.00E-015
 max|c(RhoAvg) - c(Rho)|                          8.88E-016
 max|RhoAvg - Rho|                                8.93E-005
 Saved /mnt/storage_6/project_data/pl0415-03/marcin/beyond-rpa/guess/electron-densities/bse/def2-tzvpd/rn.txt
0
% Job finished at Sat Oct 10 11:33:21 UTC 2026
% Total wall clock time [hours]: 0.017
