% Job started at Sat Oct 10 11:08:54 UTC 2026
% User                     modrzejewski
% Node name                e1221
% Executable               /mnt/storage_6/project_data/pl0415-03/marcin/beyond-rpa/bin/a
% Launcher                 
% Compiler command         ifort -qopenmp -O3 -xHost -no-prec-div -i8 -qmkl -coarray -warn all -I./obj/
% Source compiled at       Fri Oct 09 17:08:07 UTC 2026
% Process ID               675457
% Job identifier           20261010110854_675457
% Stack size (main thread) unlimited
% Stack size (other)       65536 kB
 ----------------------------------------------------------------------------
 LOADED INPUT FILE
 /mnt/storage_6/project_data/pl0415-03/marcin/beyond-rpa/guess/electron-densities/bse/def2-svpd/atomic_guess.inp
 ----------------------------------------------------------------------------
 > jobtype atomic_guess
 > basis file ../../../../basis-sets/bse/def2-svpd.txt
 > scf
 > maxniters 1024 
 > end
 > xyz
 > 72
 > H        0.0000      0.0000      0.0000
 > He       0.0000      0.0000     20.0000
 > Li       0.0000      0.0000     40.0000
 > Be       0.0000      0.0000     60.0000
 > B        0.0000      0.0000     80.0000
 > C        0.0000      0.0000    100.0000
 > N        0.0000      0.0000    120.0000
 > O        0.0000      0.0000    140.0000
 > F        0.0000      0.0000    160.0000
 > Ne       0.0000      0.0000    180.0000
 > Na       0.0000      0.0000    200.0000
 > Mg       0.0000      0.0000    220.0000
 > Al       0.0000      0.0000    240.0000
 > Si       0.0000      0.0000    260.0000
 > P        0.0000      0.0000    280.0000
 > S        0.0000      0.0000    300.0000
 > Cl       0.0000      0.0000    320.0000
 > Ar       0.0000      0.0000    340.0000
 > K        0.0000      0.0000    360.0000
 > Ca       0.0000      0.0000    380.0000
 > Sc       0.0000      0.0000    400.0000
 > Ti       0.0000      0.0000    420.0000
 > V        0.0000      0.0000    440.0000
 > Cr       0.0000      0.0000    460.0000
 > Mn       0.0000      0.0000    480.0000
 > Fe       0.0000      0.0000    500.0000
 > Co       0.0000      0.0000    520.0000
 > Ni       0.0000      0.0000    540.0000
 > Cu       0.0000      0.0000    560.0000
 > Zn       0.0000      0.0000    580.0000
 > Ga       0.0000      0.0000    600.0000
 > Ge       0.0000      0.0000    620.0000
 > As       0.0000      0.0000    640.0000
 > Se       0.0000      0.0000    660.0000
 > Br       0.0000      0.0000    680.0000
 > Kr       0.0000      0.0000    700.0000
 > Rb       0.0000      0.0000    720.0000
 > Sr       0.0000      0.0000    740.0000
 > Y        0.0000      0.0000    760.0000
 > Zr       0.0000      0.0000    780.0000
 > Nb       0.0000      0.0000    800.0000
 > Mo       0.0000      0.0000    820.0000
 > Tc       0.0000      0.0000    840.0000
 > Ru       0.0000      0.0000    860.0000
 > Rh       0.0000      0.0000    880.0000
 > Pd       0.0000      0.0000    900.0000
 > Ag       0.0000      0.0000    920.0000
 > Cd       0.0000      0.0000    940.0000
 > In       0.0000      0.0000    960.0000
 > Sn       0.0000      0.0000    980.0000
 > Sb       0.0000      0.0000   1000.0000
 > Te       0.0000      0.0000   1020.0000
 > I        0.0000      0.0000   1040.0000
 > Xe       0.0000      0.0000   1060.0000
 > Cs       0.0000      0.0000   1080.0000
 > Ba       0.0000      0.0000   1100.0000
 > La       0.0000      0.0000   1120.0000
 > Hf       0.0000      0.0000   1140.0000
 > Ta       0.0000      0.0000   1160.0000
 > W        0.0000      0.0000   1180.0000
 > Re       0.0000      0.0000   1200.0000
 > Os       0.0000      0.0000   1220.0000
 > Ir       0.0000      0.0000   1240.0000
 > Pt       0.0000      0.0000   1260.0000
 > Au       0.0000      0.0000   1280.0000
 > Hg       0.0000      0.0000   1300.0000
 > Tl       0.0000      0.0000   1320.0000
 > Pb       0.0000      0.0000   1340.0000
 > Bi       0.0000      0.0000   1360.0000
 > Po       0.0000      0.0000   1380.0000
 > At       0.0000      0.0000   1400.0000
 > Rn       0.0000      0.0000   1420.0000
 > end
 ----------------------------------------------------------------------------
                              SCF for H (2S+1=2)                             
 ----------------------------------------------------------------------------
 NUMBER OF ATOMS                         1
 CHARGE                                  0
 Prescreening (pq|pq) integrals for the Cholesky decomposition
 Shell pairs will be sorted according to their max elements
 Max diagonal integral MaxDrs=9.0E-001
 Applying Eq. 15 in J. Chem. Phys. 150, 194112 (2019); doi: 10.1063/1.5083802
 Schwarz inequality: Dpq<min(10**(-8),Tau)**2/MaxDrs=1.1E-016
 Trace of exact Coulomb matrix: 6.4E+000
 Trace of discarded integrals: 0.0E+000
 Discarded 0 out of 10 shell pairs
 (0 out of 36 orbital pairs)

 Step 1 of Cholesky decomposition: locating pivots
 -------------------------------------------------
 Dimensions of the Coulomb matrix: (36,36)
 Threshold for diagonal matrix elements: Dpq > 1.0E-007
 Max number of Cholesky vectors: 36
 Rk storage block size: 500
 Max dimension of 2e integrals buffer: (36,36)

 ----------------------------------------------------------------------------
 #    Dmax        Memory (MB)    NPivots     %    Time        
 ----------------------------------------------------------------------------
 1    3.2E-003    1.5E-001       19          53   4.0E-002    
 2    1.1E-005    6.7E-002       32          97   1.8E-003    
 3    9.1E-017    3.8E-003       33          100  2.8E-004    

 Step 1 of the Cholesky decomposition completed
 Computed 33 pivots
 Largest residual Dpq: 9.1E-017
 NCholesky/NAO = 4.1E+000
 Step 1 of Cholesky decomposition completed in 4.3E-002 seconds
 Detailed timings in seconds
 Subtract prev contribs I (M-R**T*R)     1.5E-003
 Subtract prev contribs II (Rk)          3.1E-003
 Two-electron integrals                  4.7E-004
 Reallocation                            3.7E-002

 Step 2 of Cholesky decomposition completed in 3.1E-004 seconds
 Detailed timings in seconds
 Reduced-dimension matrix V    1.2E-004
 V=L*L**T                      1.2E-004
 L**(-1)                       6.2E-005

 Full-dimension Cholesky vectors of the Coulomb matrix will be stored in memory
 Cholesky vectors computed in 3.1E-004 seconds

 ┌─────────────────────────────────────────┐
 │          Self-consistent field          │
 └─────────────────────────────────────────┘

 Atomic orbital basis set
 . . . . . . . . . . . . . . . . . . . . . . . . . . . . . . . . . . . . . . 
 atomic centers                               1
 shell parameter sets                         4
 spherical AOs                                8
 max angular momentum                         1
 parameter set                                ../../../../basis-sets/bse/def2-svpd.txt
 . . . . . . . . . . . . . . . . . . . . . . . . . . . . . . . . . . . . . . 
 SCF guess: bare nuclei Hamiltonian
 Starting self-consistent field iterations (spin-unrestricted)
 Alpha electrons: 1
 Beta electrons: 0
 ----------------------------------------------------------------------------
 Exchange-correlation: Hartree-Fock
 ----------------------------------------------------------------------------
 Replicated-data parallel SCF
 ----------------------------
 Processes                               1
 Threads/process                         16
 Allocated 1.1E-005 GiB of scratch space for the KS matrix build
 ----------------------------------------------------------------------------
 Spherical harmonic basis contains 8 vectors
 Linear independence thresh: Eig(S) > 1.0E-006
 Computations will be carried out in the space of 8 MOs
 Threshold for J, K: |Rho(r,s)*(pq|rs)|,|Rho(q,s)*(pq|rs)| > 1.0E-011
 Convergence conditions
 ----------------------
 RhoDiff < 1.0E-006
 OrbGrad < 1.0E-006
 Max number of macroiters: 1024
 ------------------------------------------------------------------------------
 #           Energy        EDiff    RhoDiff  OrbGrad  OrbShift NStored Time     
 ------------------------------------------------------------------------------
 0            0.1808941166                                        0    9.9E-003 
 1           -0.4978424240           1.9E+00                      0    3.4E-003 
 2           -0.4990884436 -1.2E-03  4.5E-02  3.1E-02  0.0E+00    1    4.3E-003 
 3           -0.4992531920 -1.6E-04  1.6E-02  1.1E-02  0.0E+00    2    4.1E-003 
 4           -0.4992784057 -2.5E-05  8.9E-03  4.1E-03  0.0E+00    3    5.0E-003 
 5           -0.4992784057 -6.1E-14  4.4E-07  2.0E-07  0.0E+00    4    5.1E-003 
 ------------------------------------------------------------------------------
 SCF converged
 Converged energy                        -0.499278405714     
 ------------------------------------------------------------------------------
 Ehomo [eV]                              -13.586056350890    
 Elumo [eV]                              6.470832509651      

 dipole moment (Debye)
        x              y              z       
      2.539E-017     5.940E-018    -1.566E-017

 traceless quadrupole moment (Debye*Angs)
                       x              y              z       
 x                   1.493E-016    -8.335E-034    -8.510E-034
 y                  -8.335E-034     1.493E-016    -4.431E-035
 z                  -8.510E-034    -4.431E-035     1.493E-016

 ----------------------------------------------------------------------------
 Timings (seconds)
 * mean-field hamiltonian     2.0E-002
 * solver (setting up eqns)   7.5E-004
 * solver (energy estimate)   1.5E-003
 * solver (orthogonalization) 3.4E-004
 * solver (rotation matrix X) 1.4E-003
 * solver (exponential of X)  6.9E-004
 * solver (total)             5.1E-003
 * total SCF                  3.2E-002
 Atomic guess: H, ../../../../basis-sets/bse/def2-svpd.txt
 ---------------------------------------------------------
 E(HF) [a.u.]                            -4.9927840571E-001
 Tr(RhoAvg S), Cartesian AOs              1.0000000000E+000
 Tr(RhoAvg S), spherical AOs              1.0000000000E+000
 max|T RhoAvg T**T - RhoAvg_sao|                  1.11E-016
 max|c(RhoAvg) - c(Rho)|                          4.44E-016
 max|RhoAvg - Rho|                                1.11E-016
 Saved /mnt/storage_6/project_data/pl0415-03/marcin/beyond-rpa/guess/electron-densities/bse/def2-svpd/h.txt
 ----------------------------------------------------------------------------
                                  SCF for HE                                 
 ----------------------------------------------------------------------------
 NUMBER OF ATOMS                         1
 CHARGE                                  0
 Prescreening (pq|pq) integrals for the Cholesky decomposition
 Shell pairs will be sorted according to their max elements
 Max diagonal integral MaxDrs=1.5E+000
 Applying Eq. 15 in J. Chem. Phys. 150, 194112 (2019); doi: 10.1063/1.5083802
 Schwarz inequality: Dpq<min(10**(-8),Tau)**2/MaxDrs=6.5E-017
 Trace of exact Coulomb matrix: 8.7E+000
 Trace of discarded integrals: 0.0E+000
 Discarded 0 out of 10 shell pairs
 (0 out of 36 orbital pairs)

 Step 1 of Cholesky decomposition: locating pivots
 -------------------------------------------------
 Dimensions of the Coulomb matrix: (36,36)
 Threshold for diagonal matrix elements: Dpq > 1.0E-007
 Max number of Cholesky vectors: 36
 Rk storage block size: 500
 Max dimension of 2e integrals buffer: (36,36)

 ----------------------------------------------------------------------------
 #    Dmax        Memory (MB)    NPivots     %    Time        
 ----------------------------------------------------------------------------
 1    5.1E-003    1.5E-001       19          53   2.5E-004    
 2    7.3E-007    6.7E-002       30          92   3.3E-004    
 3    2.1E-018    1.2E-002       33          100  2.9E-004    

 Step 1 of the Cholesky decomposition completed
 Computed 33 pivots
 Largest residual Dpq: 2.1E-018
 NCholesky/NAO = 4.1E+000
 Step 1 of Cholesky decomposition completed in 9.7E-004 seconds
 Detailed timings in seconds
 Subtract prev contribs I (M-R**T*R)     4.2E-005
 Subtract prev contribs II (Rk)          1.3E-005
 Two-electron integrals                  3.2E-004
 Reallocation                            3.9E-004

 Step 2 of Cholesky decomposition completed in 1.5E-004 seconds
 Detailed timings in seconds
 Reduced-dimension matrix V    1.1E-004
 V=L*L**T                      1.8E-005
 L**(-1)                       9.1E-006

 Full-dimension Cholesky vectors of the Coulomb matrix will be stored in memory
 Cholesky vectors computed in 1.4E-004 seconds

 ┌─────────────────────────────────────────┐
 │          Self-consistent field          │
 └─────────────────────────────────────────┘

 Atomic orbital basis set
 . . . . . . . . . . . . . . . . . . . . . . . . . . . . . . . . . . . . . . 
 atomic centers                               1
 shell parameter sets                         4
 spherical AOs                                8
 max angular momentum                         1
 parameter set                                ../../../../basis-sets/bse/def2-svpd.txt
 . . . . . . . . . . . . . . . . . . . . . . . . . . . . . . . . . . . . . . 
 SCF guess: bare nuclei Hamiltonian
 Starting self-consistent field iterations (spin-restricted singlet)
 Alpha+beta electrons: 2
 ----------------------------------------------------------------------------
 Exchange-correlation: Hartree-Fock
 ----------------------------------------------------------------------------
 Replicated-data parallel SCF
 ----------------------------
 Processes                               1
 Threads/process                         16
 Allocated 6.4E-006 GiB of scratch space for the KS matrix build
 ----------------------------------------------------------------------------
 Spherical harmonic basis contains 8 vectors
 Linear independence thresh: Eig(S) > 1.0E-006
 Computations will be carried out in the space of 8 MOs
 Threshold for J, K: |Rho(r,s)*(pq|rs)|,|Rho(q,s)*(pq|rs)| > 1.0E-011
 Convergence conditions
 ----------------------
 RhoDiff < 1.0E-006
 OrbGrad < 1.0E-006
 Max number of macroiters: 1024
 ------------------------------------------------------------------------------
 #           Energy        EDiff    RhoDiff  OrbGrad  OrbShift NStored Time     
 ------------------------------------------------------------------------------
 0            0.5734824239                                        0    8.7E-003 
 1           -2.8401784319           3.3E+00                      0    3.2E-003 
 2           -2.8550784598 -1.5E-02  1.6E-01  1.3E-01  0.0E+00    1    4.4E-003 
 3           -2.8551600073 -8.2E-05  1.1E-02  9.4E-03  0.0E+00    2    4.3E-003 
 4           -2.8551604793 -4.7E-07  9.1E-04  7.1E-04  0.0E+00    3    4.7E-003 
 5           -2.8551604793 -8.9E-16  2.6E-08  2.0E-08  0.0E+00    4    5.0E-003 
 ------------------------------------------------------------------------------
 SCF converged
 Converged energy                        -2.855160479344     
 ------------------------------------------------------------------------------
 Ehomo [eV]                              -24.875306640797    
 Elumo [eV]                              12.996284469241     

 dipole moment (Debye)
        x              y              z       
     -8.498E-020    -4.763E-016    -5.925E-021

 traceless quadrupole moment (Debye*Angs)
                       x              y              z       
 x                   0.000E+000    -1.984E-035    -2.174E-040
 y                  -1.984E-035     0.000E+000    -2.057E-036
 z                  -2.174E-040    -2.057E-036     0.000E+000

 ----------------------------------------------------------------------------
 Timings (seconds)
 * mean-field hamiltonian     2.0E-002
 * solver (setting up eqns)   7.4E-004
 * solver (energy estimate)   1.4E-003
 * solver (orthogonalization) 3.5E-004
 * solver (rotation matrix X) 1.4E-003
 * solver (exponential of X)  6.5E-004
 * solver (total)             5.2E-003
 * total SCF                  3.1E-002
 Atomic guess: HE, ../../../../basis-sets/bse/def2-svpd.txt
 ----------------------------------------------------------
 E(HF) [a.u.]                            -2.8551604793E+000
 Tr(RhoAvg S), Cartesian AOs              2.0000000000E+000
 Tr(RhoAvg S), spherical AOs              2.0000000000E+000
 max|T RhoAvg T**T - RhoAvg_sao|                  0.00E+000
 max|c(RhoAvg) - c(Rho)|                          2.74E-048
 max|RhoAvg - Rho|                                1.83E-016
 Saved /mnt/storage_6/project_data/pl0415-03/marcin/beyond-rpa/guess/electron-densities/bse/def2-svpd/he.txt
 ----------------------------------------------------------------------------
                             SCF for LI (2S+1=2)                             
 ----------------------------------------------------------------------------
 NUMBER OF ATOMS                         1
 CHARGE                                  0
 Prescreening (pq|pq) integrals for the Cholesky decomposition
 Shell pairs will be sorted according to their max elements
 Max diagonal integral MaxDrs=1.7E+000
 Applying Eq. 15 in J. Chem. Phys. 150, 194112 (2019); doi: 10.1063/1.5083802
 Schwarz inequality: Dpq<min(10**(-8),Tau)**2/MaxDrs=6.0E-017
 Trace of exact Coulomb matrix: 7.0E+000
 Trace of discarded integrals: 0.0E+000
 Discarded 0 out of 21 shell pairs
 (0 out of 78 orbital pairs)

 Step 1 of Cholesky decomposition: locating pivots
 -------------------------------------------------
 Dimensions of the Coulomb matrix: (78,78)
 Threshold for diagonal matrix elements: Dpq > 1.0E-007
 Max number of Cholesky vectors: 78
 Rk storage block size: 500
 Max dimension of 2e integrals buffer: (78,78)

 ----------------------------------------------------------------------------
 #    Dmax        Memory (MB)    NPivots     %    Time        
 ----------------------------------------------------------------------------
 1    1.5E-002    3.4E-001       17          22   7.3E-004    
 2    1.3E-004    2.8E-001       38          53   1.2E-003    
 3    6.7E-007    1.6E-001       50          77   7.0E-004    
 4    8.2E-008    7.1E-002       61          100  3.9E-004    

 Step 1 of the Cholesky decomposition completed
 Computed 61 pivots
 Largest residual Dpq: 8.2E-008
 NCholesky/NAO = 5.1E+000
 Step 1 of Cholesky decomposition completed in 3.1E-003 seconds
 Detailed timings in seconds
 Subtract prev contribs I (M-R**T*R)     8.2E-004
 Subtract prev contribs II (Rk)          1.9E-004
 Two-electron integrals                  1.1E-003
 Reallocation                            7.2E-004

 Step 2 of Cholesky decomposition completed in 3.5E-004 seconds
 Detailed timings in seconds
 Reduced-dimension matrix V    2.9E-004
 V=L*L**T                      3.5E-005
 L**(-1)                       1.8E-005

 Full-dimension Cholesky vectors of the Coulomb matrix will be stored in memory
 Cholesky vectors computed in 8.1E-004 seconds

 ┌─────────────────────────────────────────┐
 │          Self-consistent field          │
 └─────────────────────────────────────────┘

 Atomic orbital basis set
 . . . . . . . . . . . . . . . . . . . . . . . . . . . . . . . . . . . . . . 
 atomic centers                               1
 shell parameter sets                         6
 spherical AOs                                12
 max angular momentum                         1
 parameter set                                ../../../../basis-sets/bse/def2-svpd.txt
 . . . . . . . . . . . . . . . . . . . . . . . . . . . . . . . . . . . . . . 
 SCF guess: bare nuclei Hamiltonian
 Starting self-consistent field iterations (spin-unrestricted)
 Alpha electrons: 2
 Beta electrons: 1
 ----------------------------------------------------------------------------
 Exchange-correlation: Hartree-Fock
 ----------------------------------------------------------------------------
 Replicated-data parallel SCF
 ----------------------------
 Processes                               1
 Threads/process                         16
 Allocated 2.4E-005 GiB of scratch space for the KS matrix build
 ----------------------------------------------------------------------------
 Spherical harmonic basis contains 12 vectors
 Linear independence thresh: Eig(S) > 1.0E-006
 Computations will be carried out in the space of 12 MOs
 Threshold for J, K: |Rho(r,s)*(pq|rs)|,|Rho(q,s)*(pq|rs)| > 1.0E-011
 Convergence conditions
 ----------------------
 RhoDiff < 1.0E-006
 OrbGrad < 1.0E-006
 Max number of macroiters: 1024
 ------------------------------------------------------------------------------
 #           Energy        EDiff    RhoDiff  OrbGrad  OrbShift NStored Time     
 ------------------------------------------------------------------------------
 0           -0.9890468955                                        0    1.9E-002 
 1           -7.0392990111           3.8E+00                      0    1.3E-002 
 2           -7.3250465401 -2.9E-01  7.7E-01  2.9E-01  2.4E-01    1    2.2E-002 
 3           -7.3551874251 -3.0E-02  1.1E-01  1.1E-01  0.0E+00    2    1.5E-002 
 4           -7.3611186477 -5.9E-03  1.9E-01  3.3E-02  0.0E+00    3    1.7E-002 
 5           -7.3612469997 -1.3E-04  8.8E-03  9.0E-03  0.0E+00    4    1.7E-002 
 6           -7.3612495612 -2.6E-06  3.3E-03  1.2E-03  0.0E+00    5    1.7E-002 
 7           -7.3612495619 -7.4E-10  2.3E-05  3.1E-05  0.0E+00    6    1.8E-002 
 8           -7.3612495619 -4.5E-12  1.9E-06  2.0E-06  0.0E+00    7    1.8E-002 
 9           -7.3612495619 -3.6E-14  1.6E-07  1.8E-07  0.0E+00    8    1.9E-002 
 ------------------------------------------------------------------------------
 SCF converged
 Converged energy                        -7.361249561923     
 ------------------------------------------------------------------------------
 Ehomo(Alpha) [eV]                       -3.493192697753     
 Elumo(Alpha) [eV]                       -1.013695635038     
 Ehomo(Beta) [eV]                        -68.836973756386    
 Elumo(Beta) [eV]                        0.063503609687      

 dipole moment (Debye)
        x              y              z       
     -5.695E-013     5.655E-012    -7.948E-013

 traceless quadrupole moment (Debye*Angs)
                       x              y              z       
 x                   7.095E+000     2.144E+000    -3.013E-001
 y                   2.144E+000    -1.399E+001     2.993E+000
 z                  -3.013E-001     2.993E+000     6.891E+000

 ----------------------------------------------------------------------------
 Timings (seconds)
 * mean-field hamiltonian     1.3E-001
 * solver (setting up eqns)   3.1E-003
 * solver (energy estimate)   1.1E-002
 * solver (orthogonalization) 1.2E-003
 * solver (rotation matrix X) 1.7E-002
 * solver (exponential of X)  2.8E-003
 * solver (total)             3.8E-002
 * total SCF                  1.8E-001
 Atomic guess: LI, ../../../../basis-sets/bse/def2-svpd.txt
 ----------------------------------------------------------
 E(HF) [a.u.]                            -7.3612495619E+000
 Tr(RhoAvg S), Cartesian AOs              3.0000000000E+000
 Tr(RhoAvg S), spherical AOs              3.0000000000E+000
 max|T RhoAvg T**T - RhoAvg_sao|                  3.47E-018
 max|c(RhoAvg) - c(Rho)|                          1.39E-017
 max|RhoAvg - Rho|                                2.00E-001
 Saved /mnt/storage_6/project_data/pl0415-03/marcin/beyond-rpa/guess/electron-densities/bse/def2-svpd/li.txt
 ----------------------------------------------------------------------------
                                  SCF for BE                                 
 ----------------------------------------------------------------------------
 NUMBER OF ATOMS                         1
 CHARGE                                  0
 Prescreening (pq|pq) integrals for the Cholesky decomposition
 Shell pairs will be sorted according to their max elements
 Max diagonal integral MaxDrs=2.3E+000
 Applying Eq. 15 in J. Chem. Phys. 150, 194112 (2019); doi: 10.1063/1.5083802
 Schwarz inequality: Dpq<min(10**(-8),Tau)**2/MaxDrs=4.4E-017
 Trace of exact Coulomb matrix: 7.8E+000
 Trace of discarded integrals: 0.0E+000
 Discarded 0 out of 21 shell pairs
 (0 out of 78 orbital pairs)

 Step 1 of Cholesky decomposition: locating pivots
 -------------------------------------------------
 Dimensions of the Coulomb matrix: (78,78)
 Threshold for diagonal matrix elements: Dpq > 1.0E-007
 Max number of Cholesky vectors: 78
 Rk storage block size: 500
 Max dimension of 2e integrals buffer: (78,78)

 ----------------------------------------------------------------------------
 #    Dmax        Memory (MB)    NPivots     %    Time        
 ----------------------------------------------------------------------------
 1    2.2E-002    3.4E-001       13          17   8.0E-004    
 2    1.1E-004    2.9E-001       38          53   8.2E-004    
 3    2.1E-007    1.5E-001       51          78   4.5E-004    
 4    6.9E-008    6.7E-002       63          100  3.0E-004    

 Step 1 of the Cholesky decomposition completed
 Computed 63 pivots
 Largest residual Dpq: 6.9E-008
 NCholesky/NAO = 5.2E+000
 Step 1 of Cholesky decomposition completed in 2.5E-003 seconds
 Detailed timings in seconds
 Subtract prev contribs I (M-R**T*R)     2.8E-004
 Subtract prev contribs II (Rk)          4.2E-005
 Two-electron integrals                  1.2E-003
 Reallocation                            6.0E-004

 Step 2 of Cholesky decomposition completed in 4.9E-004 seconds
 Detailed timings in seconds
 Reduced-dimension matrix V    4.3E-004
 V=L*L**T                      3.8E-005
 L**(-1)                       1.9E-005

 Full-dimension Cholesky vectors of the Coulomb matrix will be stored in memory
 Cholesky vectors computed in 8.7E-004 seconds

 ┌─────────────────────────────────────────┐
 │          Self-consistent field          │
 └─────────────────────────────────────────┘

 Atomic orbital basis set
 . . . . . . . . . . . . . . . . . . . . . . . . . . . . . . . . . . . . . . 
 atomic centers                               1
 shell parameter sets                         6
 spherical AOs                                12
 max angular momentum                         1
 parameter set                                ../../../../basis-sets/bse/def2-svpd.txt
 . . . . . . . . . . . . . . . . . . . . . . . . . . . . . . . . . . . . . . 
 SCF guess: bare nuclei Hamiltonian
 Starting self-consistent field iterations (spin-restricted singlet)
 Alpha+beta electrons: 4
 ----------------------------------------------------------------------------
 Exchange-correlation: Hartree-Fock
 ----------------------------------------------------------------------------
 Replicated-data parallel SCF
 ----------------------------
 Processes                               1
 Threads/process                         16
 Allocated 1.4E-005 GiB of scratch space for the KS matrix build
 ----------------------------------------------------------------------------
 Spherical harmonic basis contains 12 vectors
 Linear independence thresh: Eig(S) > 1.0E-006
 Computations will be carried out in the space of 12 MOs
 Threshold for J, K: |Rho(r,s)*(pq|rs)|,|Rho(q,s)*(pq|rs)| > 1.0E-011
 Convergence conditions
 ----------------------
 RhoDiff < 1.0E-006
 OrbGrad < 1.0E-006
 Max number of macroiters: 1024
 ------------------------------------------------------------------------------
 #           Energy        EDiff    RhoDiff  OrbGrad  OrbShift NStored Time     
 ------------------------------------------------------------------------------
 0           -1.4923230179                                        0    1.2E-002 
 1          -14.4397818084           1.2E+01                      0    6.3E-003 
 2          -14.5469767799 -1.1E-01  2.1E+00  1.2E-01  0.0E+00    1    6.9E-003 
 3          -14.5532030962 -6.2E-03  3.7E-01  3.4E-02  0.0E+00    2    6.9E-003 
 4          -14.5537268061 -5.2E-04  1.3E-01  9.6E-03  0.0E+00    3    7.8E-003 
 5          -14.5537268560 -5.0E-08  1.2E-03  9.4E-05  0.0E+00    4    7.6E-003 
 6          -14.5537268560 -2.5E-14  3.5E-07  2.0E-07  0.0E+00    5    7.9E-003 
 ------------------------------------------------------------------------------
 SCF converged
 Converged energy                        -14.553726855983    
 ------------------------------------------------------------------------------
 Ehomo [eV]                              -8.311194404162     
 Elumo [eV]                              0.943972065420      

 dipole moment (Debye)
        x              y              z       
     -9.481E-015    -1.262E-015    -2.811E-015

 traceless quadrupole moment (Debye*Angs)
                       x              y              z       
 x                   1.195E-015    -4.774E-030     1.506E-029
 y                  -4.774E-030     1.195E-015     2.868E-030
 z                   1.506E-029     2.868E-030     1.195E-015

 ----------------------------------------------------------------------------
 Timings (seconds)
 * mean-field hamiltonian     4.2E-002
 * solver (setting up eqns)   9.5E-004
 * solver (energy estimate)   2.2E-003
 * solver (orthogonalization) 3.4E-004
 * solver (rotation matrix X) 2.0E-003
 * solver (exponential of X)  8.3E-004
 * solver (total)             7.3E-003
 * total SCF                  5.6E-002
 Atomic guess: BE, ../../../../basis-sets/bse/def2-svpd.txt
 ----------------------------------------------------------
 E(HF) [a.u.]                            -1.4553726856E+001
 Tr(RhoAvg S), Cartesian AOs              4.0000000000E+000
 Tr(RhoAvg S), spherical AOs              4.0000000000E+000
 max|T RhoAvg T**T - RhoAvg_sao|                  4.38E-047
 max|c(RhoAvg) - c(Rho)|                          3.50E-046
 max|RhoAvg - Rho|                                1.65E-015
 Saved /mnt/storage_6/project_data/pl0415-03/marcin/beyond-rpa/guess/electron-densities/bse/def2-svpd/be.txt
 ----------------------------------------------------------------------------
                              SCF for B (2S+1=2)                             
 ----------------------------------------------------------------------------
 NUMBER OF ATOMS                         1
 CHARGE                                  0
 Prescreening (pq|pq) integrals for the Cholesky decomposition
 Shell pairs will be sorted according to their max elements
 Max diagonal integral MaxDrs=2.9E+000
 Applying Eq. 15 in J. Chem. Phys. 150, 194112 (2019); doi: 10.1063/1.5083802
 Schwarz inequality: Dpq<min(10**(-8),Tau)**2/MaxDrs=3.4E-017
 Trace of exact Coulomb matrix: 1.6E+001
 Trace of discarded integrals: 0.0E+000
 Discarded 0 out of 36 shell pairs
 (0 out of 210 orbital pairs)

 Step 1 of Cholesky decomposition: locating pivots
 -------------------------------------------------
 Dimensions of the Coulomb matrix: (210,210)
 Threshold for diagonal matrix elements: Dpq > 1.0E-007
 Max number of Cholesky vectors: 210
 Rk storage block size: 500
 Max dimension of 2e integrals buffer: (210,210)

 ----------------------------------------------------------------------------
 #    Dmax        Memory (MB)    NPivots     %    Time        
 ----------------------------------------------------------------------------
 1    2.5E-002    1.1E+000       19          9    2.2E-003    
 2    2.1E-004    1.1E+000       86          51   3.5E-003    
 3    1.7E-006    6.7E-001       119         76   1.4E-003    
 4    7.8E-008    4.3E-001       133         100  1.0E-003    

 Step 1 of the Cholesky decomposition completed
 Computed 133 pivots
 Largest residual Dpq: 7.8E-008
 NCholesky/NAO = 6.7E+000
 Step 1 of Cholesky decomposition completed in 8.3E-003 seconds
 Detailed timings in seconds
 Subtract prev contribs I (M-R**T*R)     1.2E-003
 Subtract prev contribs II (Rk)          7.4E-004
 Two-electron integrals                  4.5E-003
 Reallocation                            1.4E-003

 Step 2 of Cholesky decomposition completed in 1.3E-003 seconds
 Detailed timings in seconds
 Reduced-dimension matrix V    9.9E-004
 V=L*L**T                      2.3E-004
 L**(-1)                       9.8E-005

 Full-dimension Cholesky vectors of the Coulomb matrix will be stored in memory
 Cholesky vectors computed in 2.5E-003 seconds

 ┌─────────────────────────────────────────┐
 │          Self-consistent field          │
 └─────────────────────────────────────────┘

 Atomic orbital basis set
 . . . . . . . . . . . . . . . . . . . . . . . . . . . . . . . . . . . . . . 
 atomic centers                               1
 shell parameter sets                         8
 spherical AOs                                20
 max angular momentum                         2
 parameter set                                ../../../../basis-sets/bse/def2-svpd.txt
 . . . . . . . . . . . . . . . . . . . . . . . . . . . . . . . . . . . . . . 
 SCF guess: bare nuclei Hamiltonian
 Starting self-consistent field iterations (spin-unrestricted)
 Alpha electrons: 3
 Beta electrons: 2
 ----------------------------------------------------------------------------
 Exchange-correlation: Hartree-Fock
 ----------------------------------------------------------------------------
 Replicated-data parallel SCF
 ----------------------------
 Processes                               1
 Threads/process                         16
 Allocated 7.8E-005 GiB of scratch space for the KS matrix build
 ----------------------------------------------------------------------------
 Spherical harmonic basis contains 20 vectors
 Linear independence thresh: Eig(S) > 1.0E-006
 Computations will be carried out in the space of 20 MOs
 Threshold for J, K: |Rho(r,s)*(pq|rs)|,|Rho(q,s)*(pq|rs)| > 1.0E-011
 Convergence conditions
 ----------------------
 RhoDiff < 1.0E-006
 OrbGrad < 1.0E-006
 Max number of macroiters: 1024
 ------------------------------------------------------------------------------
 #           Energy        EDiff    RhoDiff  OrbGrad  OrbShift NStored Time     
 ------------------------------------------------------------------------------
 0           -5.6019660157                                        0    3.3E-002 
 1          -23.9455018481           2.0E+01                      0    2.7E-002 
 2          -24.4761929142 -5.3E-01  1.9E+00  2.8E-01  1.5E-01    1    3.5E-002 
 3          -24.4994557572 -2.3E-02  2.1E-01  8.3E-02  0.0E+00    2    2.9E-002 
 4          -24.5012084441 -1.8E-03  4.3E-02  2.3E-02  0.0E+00    3    3.0E-002 
 5          -24.5014196828 -2.1E-04  3.3E-02  5.5E-03  0.0E+00    4    3.0E-002 
 6          -24.5014232878 -3.6E-06  3.4E-03  8.3E-04  0.0E+00    5    3.1E-002 
 7          -24.5014233153 -2.7E-08  1.9E-04  5.7E-05  0.0E+00    6    3.1E-002 
 8          -24.5014233161 -8.5E-10  2.9E-05  1.1E-05  0.0E+00    7    3.2E-002 
 9          -24.5014233161 -2.3E-11  7.9E-06  2.2E-06  0.0E+00    8    3.3E-002 
 10         -24.5014233161 -9.2E-13  2.0E-06  6.3E-07  0.0E+00    8    3.3E-002 
 11         -24.5014233161 -1.1E-13  6.3E-07  2.0E-07  0.0E+00    8    3.2E-002 
 ------------------------------------------------------------------------------
 SCF converged
 Converged energy                        -24.501423316140    
 ------------------------------------------------------------------------------
 Ehomo(Alpha) [eV]                       -8.770568857924     
 Elumo(Alpha) [eV]                       1.381749646076      
 Ehomo(Beta) [eV]                        -11.907223261623    
 Elumo(Beta) [eV]                        1.745384240448      

 dipole moment (Debye)
        x              y              z       
     -1.087E-015    -6.116E-016    -2.913E-016

 traceless quadrupole moment (Debye*Angs)
                       x              y              z       
 x                   5.361E-001     1.070E-001    -2.003E+000
 y                   1.070E-001     1.598E+000     1.998E-001
 z                  -2.003E+000     1.998E-001    -2.134E+000

 ----------------------------------------------------------------------------
 Timings (seconds)
 * mean-field hamiltonian     3.2E-001
 * solver (setting up eqns)   4.5E-003
 * solver (energy estimate)   1.7E-002
 * solver (orthogonalization) 1.5E-003
 * solver (rotation matrix X) 2.0E-002
 * solver (exponential of X)  3.4E-003
 * solver (total)             4.8E-002
 * total SCF                  3.8E-001
 Atomic guess: B, ../../../../basis-sets/bse/def2-svpd.txt
 ---------------------------------------------------------
 E(HF) [a.u.]                            -2.4501423316E+001
 Tr(RhoAvg S), Cartesian AOs              5.0000000000E+000
 Tr(RhoAvg S), spherical AOs              5.0000000000E+000
 max|T RhoAvg T**T - RhoAvg_sao|                  2.78E-017
 max|c(RhoAvg) - c(Rho)|                          5.55E-017
 max|RhoAvg - Rho|                                1.96E-001
 Saved /mnt/storage_6/project_data/pl0415-03/marcin/beyond-rpa/guess/electron-densities/bse/def2-svpd/b.txt
 ----------------------------------------------------------------------------
                              SCF for C (2S+1=3)                             
 ----------------------------------------------------------------------------
 NUMBER OF ATOMS                         1
 CHARGE                                  0
 Prescreening (pq|pq) integrals for the Cholesky decomposition
 Shell pairs will be sorted according to their max elements
 Max diagonal integral MaxDrs=3.5E+000
 Applying Eq. 15 in J. Chem. Phys. 150, 194112 (2019); doi: 10.1063/1.5083802
 Schwarz inequality: Dpq<min(10**(-8),Tau)**2/MaxDrs=2.8E-017
 Trace of exact Coulomb matrix: 2.0E+001
 Trace of discarded integrals: 0.0E+000
 Discarded 0 out of 36 shell pairs
 (0 out of 210 orbital pairs)

 Step 1 of Cholesky decomposition: locating pivots
 -------------------------------------------------
 Dimensions of the Coulomb matrix: (210,210)
 Threshold for diagonal matrix elements: Dpq > 1.0E-007
 Max number of Cholesky vectors: 210
 Rk storage block size: 500
 Max dimension of 2e integrals buffer: (210,210)

 ----------------------------------------------------------------------------
 #    Dmax        Memory (MB)    NPivots     %    Time        
 ----------------------------------------------------------------------------
 1    3.5E-002    1.1E+000       18          9    1.8E-003    
 2    3.4E-004    1.1E+000       83          50   3.1E-003    
 3    2.1E-006    6.7E-001       119         75   1.8E-003    
 4    7.7E-008    4.5E-001       133         100  8.7E-004    

 Step 1 of the Cholesky decomposition completed
 Computed 133 pivots
 Largest residual Dpq: 7.7E-008
 NCholesky/NAO = 6.7E+000
 Step 1 of Cholesky decomposition completed in 7.6E-003 seconds
 Detailed timings in seconds
 Subtract prev contribs I (M-R**T*R)     1.4E-003
 Subtract prev contribs II (Rk)          3.4E-004
 Two-electron integrals                  4.4E-003
 Reallocation                            9.5E-004

 Step 2 of Cholesky decomposition completed in 1.3E-003 seconds
 Detailed timings in seconds
 Reduced-dimension matrix V    1.0E-003
 V=L*L**T                      1.4E-004
 L**(-1)                       9.5E-005

 Full-dimension Cholesky vectors of the Coulomb matrix will be stored in memory
 Cholesky vectors computed in 2.7E-003 seconds

 ┌─────────────────────────────────────────┐
 │          Self-consistent field          │
 └─────────────────────────────────────────┘

 Atomic orbital basis set
 . . . . . . . . . . . . . . . . . . . . . . . . . . . . . . . . . . . . . . 
 atomic centers                               1
 shell parameter sets                         8
 spherical AOs                                20
 max angular momentum                         2
 parameter set                                ../../../../basis-sets/bse/def2-svpd.txt
 . . . . . . . . . . . . . . . . . . . . . . . . . . . . . . . . . . . . . . 
 SCF guess: bare nuclei Hamiltonian
 Starting self-consistent field iterations (spin-unrestricted)
 Alpha electrons: 4
 Beta electrons: 2
 ----------------------------------------------------------------------------
 Exchange-correlation: Hartree-Fock
 ----------------------------------------------------------------------------
 Replicated-data parallel SCF
 ----------------------------
 Processes                               1
 Threads/process                         16
 Allocated 7.8E-005 GiB of scratch space for the KS matrix build
 ----------------------------------------------------------------------------
 Spherical harmonic basis contains 20 vectors
 Linear independence thresh: Eig(S) > 1.0E-006
 Computations will be carried out in the space of 20 MOs
 Threshold for J, K: |Rho(r,s)*(pq|rs)|,|Rho(q,s)*(pq|rs)| > 1.0E-011
 Convergence conditions
 ----------------------
 RhoDiff < 1.0E-006
 OrbGrad < 1.0E-006
 Max number of macroiters: 1024
 ------------------------------------------------------------------------------
 #           Energy        EDiff    RhoDiff  OrbGrad  OrbShift NStored Time     
 ------------------------------------------------------------------------------
 0           -9.5680356731                                        0    6.1E-002 
 1          -36.5531828752           2.0E+01                      0    5.1E-002 
 2          -37.6077902518 -1.1E+00  1.8E+00  4.4E-01  3.5E-01    1    6.1E-002 
 3          -37.6440233044 -3.6E-02  2.0E-01  1.0E-01  0.0E+00    2    5.3E-002 
 4          -37.6459290551 -1.9E-03  6.5E-02  2.8E-02  0.0E+00    3    1.4E-002 
 5          -37.6462547721 -3.3E-04  3.2E-02  8.4E-03  0.0E+00    4    1.4E-002 
 6          -37.6462583096 -3.5E-06  4.0E-03  1.1E-03  0.0E+00    5    1.4E-002 
 7          -37.6462583244 -1.5E-08  1.7E-04  8.6E-05  0.0E+00    6    1.5E-002 
 8          -37.6462583247 -2.5E-10  2.0E-05  1.3E-05  0.0E+00    7    1.6E-002 
 9          -37.6462583247 -7.0E-12  4.1E-06  2.2E-06  0.0E+00    8    1.6E-002 
 10         -37.6462583247 -3.3E-13  9.7E-07  3.1E-07  0.0E+00    8    1.6E-002 
 ------------------------------------------------------------------------------
 SCF converged
 Converged energy                        -37.646258324710    
 ------------------------------------------------------------------------------
 Ehomo(Alpha) [eV]                       -12.031887517219    
 Elumo(Alpha) [eV]                       1.073890375279      
 Ehomo(Beta) [eV]                        -15.507227068919    
 Elumo(Beta) [eV]                        2.147014239267      

 dipole moment (Debye)
        x              y              z       
      7.209E-016     2.130E-017    -2.464E-015

 traceless quadrupole moment (Debye*Angs)
                       x              y              z       
 x                   1.366E+000     3.017E-001     1.085E+000
 y                   3.017E-001    -9.171E-001     1.410E-001
 z                   1.085E+000     1.410E-001    -4.491E-001

 ----------------------------------------------------------------------------
 Timings (seconds)
 * mean-field hamiltonian     3.0E-001
 * solver (setting up eqns)   2.8E-003
 * solver (energy estimate)   5.9E-003
 * solver (orthogonalization) 8.7E-004
 * solver (rotation matrix X) 1.2E-002
 * solver (exponential of X)  1.8E-003
 * solver (total)             2.5E-002
 * total SCF                  3.3E-001
 Atomic guess: C, ../../../../basis-sets/bse/def2-svpd.txt
 ---------------------------------------------------------
 E(HF) [a.u.]                            -3.7646258325E+001
 Tr(RhoAvg S), Cartesian AOs              6.0000000000E+000
 Tr(RhoAvg S), spherical AOs              6.0000000000E+000
 max|T RhoAvg T**T - RhoAvg_sao|                  2.78E-017
 max|c(RhoAvg) - c(Rho)|                          1.11E-016
 max|RhoAvg - Rho|                                2.18E-001
 Saved /mnt/storage_6/project_data/pl0415-03/marcin/beyond-rpa/guess/electron-densities/bse/def2-svpd/c.txt
 ----------------------------------------------------------------------------
                              SCF for N (2S+1=4)                             
 ----------------------------------------------------------------------------
 NUMBER OF ATOMS                         1
 CHARGE                                  0
 Prescreening (pq|pq) integrals for the Cholesky decomposition
 Shell pairs will be sorted according to their max elements
 Max diagonal integral MaxDrs=4.2E+000
 Applying Eq. 15 in J. Chem. Phys. 150, 194112 (2019); doi: 10.1063/1.5083802
 Schwarz inequality: Dpq<min(10**(-8),Tau)**2/MaxDrs=2.4E-017
 Trace of exact Coulomb matrix: 2.4E+001
 Trace of discarded integrals: 0.0E+000
 Discarded 0 out of 36 shell pairs
 (0 out of 210 orbital pairs)

 Step 1 of Cholesky decomposition: locating pivots
 -------------------------------------------------
 Dimensions of the Coulomb matrix: (210,210)
 Threshold for diagonal matrix elements: Dpq > 1.0E-007
 Max number of Cholesky vectors: 210
 Rk storage block size: 500
 Max dimension of 2e integrals buffer: (210,210)

 ----------------------------------------------------------------------------
 #    Dmax        Memory (MB)    NPivots     %    Time        
 ----------------------------------------------------------------------------
 1    3.4E-002    1.1E+000       20          10   9.4E-004    
 2    3.0E-004    1.1E+000       86          50   1.6E-003    
 3    1.0E-006    7.7E-001       120         80   8.7E-004    
 4    7.3E-008    4.1E-001       135         100  4.7E-004    

 Step 1 of the Cholesky decomposition completed
 Computed 135 pivots
 Largest residual Dpq: 7.3E-008
 NCholesky/NAO = 6.8E+000
 Step 1 of Cholesky decomposition completed in 4.0E-003 seconds
 Detailed timings in seconds
 Subtract prev contribs I (M-R**T*R)     6.6E-004
 Subtract prev contribs II (Rk)          3.1E-004
 Two-electron integrals                  2.1E-003
 Reallocation                            3.9E-004

 Step 2 of Cholesky decomposition completed in 7.3E-004 seconds
 Detailed timings in seconds
 Reduced-dimension matrix V    4.6E-004
 V=L*L**T                      1.5E-004
 L**(-1)                       9.9E-005

 Full-dimension Cholesky vectors of the Coulomb matrix will be stored in memory
 Cholesky vectors computed in 1.1E-003 seconds

 ┌─────────────────────────────────────────┐
 │          Self-consistent field          │
 └─────────────────────────────────────────┘

 Atomic orbital basis set
 . . . . . . . . . . . . . . . . . . . . . . . . . . . . . . . . . . . . . . 
 atomic centers                               1
 shell parameter sets                         8
 spherical AOs                                20
 max angular momentum                         2
 parameter set                                ../../../../basis-sets/bse/def2-svpd.txt
 . . . . . . . . . . . . . . . . . . . . . . . . . . . . . . . . . . . . . . 
 SCF guess: bare nuclei Hamiltonian
 Starting self-consistent field iterations (spin-unrestricted)
 Alpha electrons: 5
 Beta electrons: 2
 ----------------------------------------------------------------------------
 Exchange-correlation: Hartree-Fock
 ----------------------------------------------------------------------------
 Replicated-data parallel SCF
 ----------------------------
 Processes                               1
 Threads/process                         16
 Allocated 7.8E-005 GiB of scratch space for the KS matrix build
 ----------------------------------------------------------------------------
 Spherical harmonic basis contains 20 vectors
 Linear independence thresh: Eig(S) > 1.0E-006
 Computations will be carried out in the space of 20 MOs
 Threshold for J, K: |Rho(r,s)*(pq|rs)|,|Rho(q,s)*(pq|rs)| > 1.0E-011
 Convergence conditions
 ----------------------
 RhoDiff < 1.0E-006
 OrbGrad < 1.0E-006
 Max number of macroiters: 1024
 ------------------------------------------------------------------------------
 #           Energy        EDiff    RhoDiff  OrbGrad  OrbShift NStored Time     
 ------------------------------------------------------------------------------
 0          -14.9578645779                                        0    1.9E-002 
 1          -52.5076807873           2.0E+01                      0    1.4E-002 
 2          -54.2978948360 -1.8E+00  1.6E+00  6.4E-01  5.8E-01    1    1.8E-002 
 3          -54.3345022238 -3.7E-02  1.8E-01  1.2E-01  0.0E+00    2    1.5E-002 
 4          -54.3369401492 -2.4E-03  6.6E-02  4.7E-02  0.0E+00    3    1.5E-002 
 5          -54.3372562188 -3.2E-04  2.2E-02  8.3E-03  0.0E+00    4    1.5E-002 
 6          -54.3372611905 -5.0E-06  3.6E-03  1.6E-03  0.0E+00    5    1.5E-002 
 7          -54.3372612057 -1.5E-08  1.7E-04  1.1E-04  0.0E+00    6    1.6E-002 
 8          -54.3372612059 -2.0E-10  1.9E-05  1.1E-05  0.0E+00    7    1.6E-002 
 9          -54.3372612059 -3.9E-12  3.6E-06  1.8E-06  0.0E+00    8    1.6E-002 
 10         -54.3372612059 -1.4E-13  6.5E-07  3.1E-07  0.0E+00    8    1.6E-002 
 ------------------------------------------------------------------------------
 SCF converged
 Converged energy                        -54.337261205864    
 ------------------------------------------------------------------------------
 Ehomo(Alpha) [eV]                       -15.593844468872    
 Elumo(Alpha) [eV]                       5.297197938295      
 Ehomo(Beta) [eV]                        -19.230865200271    
 Elumo(Beta) [eV]                        4.441243361555      

 dipole moment (Debye)
        x              y              z       
      5.161E-016     7.497E-017     3.183E-016

 traceless quadrupole moment (Debye*Angs)
                       x              y              z       
 x                   1.182E-008     7.081E-016     2.239E-015
 y                   7.081E-016    -1.152E-008    -1.036E-016
 z                   2.239E-015    -1.036E-016    -2.958E-010

 ----------------------------------------------------------------------------
 Timings (seconds)
 * mean-field hamiltonian     1.5E-001
 * solver (setting up eqns)   2.4E-003
 * solver (energy estimate)   5.8E-003
 * solver (orthogonalization) 7.5E-004
 * solver (rotation matrix X) 9.2E-003
 * solver (exponential of X)  1.6E-003
 * solver (total)             2.1E-002
 * total SCF                  1.8E-001
 Atomic guess: N, ../../../../basis-sets/bse/def2-svpd.txt
 ---------------------------------------------------------
 E(HF) [a.u.]                            -5.4337261206E+001
 Tr(RhoAvg S), Cartesian AOs              7.0000000000E+000
 Tr(RhoAvg S), spherical AOs              7.0000000000E+000
 max|T RhoAvg T**T - RhoAvg_sao|                  5.55E-017
 max|c(RhoAvg) - c(Rho)|                          6.13E-026
 max|RhoAvg - Rho|                                1.89E-009
 Saved /mnt/storage_6/project_data/pl0415-03/marcin/beyond-rpa/guess/electron-densities/bse/def2-svpd/n.txt
 ----------------------------------------------------------------------------
                              SCF for O (2S+1=3)                             
 ----------------------------------------------------------------------------
 NUMBER OF ATOMS                         1
 CHARGE                                  0
 Prescreening (pq|pq) integrals for the Cholesky decomposition
 Shell pairs will be sorted according to their max elements
 Max diagonal integral MaxDrs=4.8E+000
 Applying Eq. 15 in J. Chem. Phys. 150, 194112 (2019); doi: 10.1063/1.5083802
 Schwarz inequality: Dpq<min(10**(-8),Tau)**2/MaxDrs=2.1E-017
 Trace of exact Coulomb matrix: 2.8E+001
 Trace of discarded integrals: 0.0E+000
 Discarded 0 out of 45 shell pairs
 (0 out of 276 orbital pairs)

 Step 1 of Cholesky decomposition: locating pivots
 -------------------------------------------------
 Dimensions of the Coulomb matrix: (276,276)
 Threshold for diagonal matrix elements: Dpq > 1.0E-007
 Max number of Cholesky vectors: 276
 Rk storage block size: 500
 Max dimension of 2e integrals buffer: (276,276)

 ----------------------------------------------------------------------------
 #    Dmax        Memory (MB)    NPivots     %    Time        
 ----------------------------------------------------------------------------
 1    4.6E-002    1.6E+000       19          7    1.5E-003    
 2    4.2E-004    1.6E+000       100         46   2.2E-003    
 3    3.5E-006    9.2E-001       127         69   1.4E-003    
 4    9.7E-008    5.5E-001       151         100  7.1E-004    

 Step 1 of the Cholesky decomposition completed
 Computed 151 pivots
 Largest residual Dpq: 9.7E-008
 NCholesky/NAO = 6.6E+000
 Step 1 of Cholesky decomposition completed in 6.0E-003 seconds
 Detailed timings in seconds
 Subtract prev contribs I (M-R**T*R)     9.6E-004
 Subtract prev contribs II (Rk)          1.1E-003
 Two-electron integrals                  2.4E-003
 Reallocation                            9.1E-004

 Step 2 of Cholesky decomposition completed in 1.9E-003 seconds
 Detailed timings in seconds
 Reduced-dimension matrix V    5.2E-004
 V=L*L**T                      1.2E-003
 L**(-1)                       1.6E-004

 Full-dimension Cholesky vectors of the Coulomb matrix will be stored in memory
 Cholesky vectors computed in 1.4E-003 seconds

 ┌─────────────────────────────────────────┐
 │          Self-consistent field          │
 └─────────────────────────────────────────┘

 Atomic orbital basis set
 . . . . . . . . . . . . . . . . . . . . . . . . . . . . . . . . . . . . . . 
 atomic centers                               1
 shell parameter sets                         9
 spherical AOs                                23
 max angular momentum                         2
 parameter set                                ../../../../basis-sets/bse/def2-svpd.txt
 . . . . . . . . . . . . . . . . . . . . . . . . . . . . . . . . . . . . . . 
 SCF guess: bare nuclei Hamiltonian
 Starting self-consistent field iterations (spin-unrestricted)
 Alpha electrons: 5
 Beta electrons: 3
 ----------------------------------------------------------------------------
 Exchange-correlation: Hartree-Fock
 ----------------------------------------------------------------------------
 Replicated-data parallel SCF
 ----------------------------
 Processes                               1
 Threads/process                         16
 Allocated 9.9E-005 GiB of scratch space for the KS matrix build
 ----------------------------------------------------------------------------
 Spherical harmonic basis contains 23 vectors
 Linear independence thresh: Eig(S) > 1.0E-006
 Computations will be carried out in the space of 23 MOs
 Threshold for J, K: |Rho(r,s)*(pq|rs)|,|Rho(q,s)*(pq|rs)| > 1.0E-011
 Convergence conditions
 ----------------------
 RhoDiff < 1.0E-006
 OrbGrad < 1.0E-006
 Max number of macroiters: 1024
 ------------------------------------------------------------------------------
 #           Energy        EDiff    RhoDiff  OrbGrad  OrbShift NStored Time     
 ------------------------------------------------------------------------------
 0          -17.5635994043                                        0    2.4E-002 
 1          -72.0629539949           7.1E+00                      0    1.8E-002 
 2          -74.6930385450 -2.6E+00  1.2E+00  8.0E-01  9.5E-01    1    2.2E-002 
 3          -74.7215384011 -2.8E-02  1.4E-01  1.3E-01  0.0E+00    2    1.9E-002 
 4          -74.7238722772 -2.3E-03  3.1E-02  3.8E-02  0.0E+00    3    1.9E-002 
 5          -74.7242041296 -3.3E-04  1.6E-02  9.8E-03  0.0E+00    4    2.0E-002 
 6          -74.7242321449 -2.8E-05  3.1E-03  2.9E-03  0.0E+00    5    2.0E-002 
 7          -74.7242328475 -7.0E-07  4.6E-04  6.1E-04  0.0E+00    6    2.0E-002 
 8          -74.7242328746 -2.7E-08  8.0E-05  8.7E-05  0.0E+00    7    2.0E-002 
 9          -74.7242328750 -3.6E-10  1.2E-05  1.1E-05  0.0E+00    8    2.0E-002 
 10         -74.7242328750 -8.7E-12  1.5E-06  2.6E-06  0.0E+00    8    2.1E-002 
 11         -74.7242328750 -2.6E-13  2.2E-07  4.6E-07  0.0E+00    8    2.1E-002 
 ------------------------------------------------------------------------------
 SCF converged
 Converged energy                        -74.724232874985    
 ------------------------------------------------------------------------------
 Ehomo(Alpha) [eV]                       -16.820545178107    
 Elumo(Alpha) [eV]                       4.545078667682      
 Ehomo(Beta) [eV]                        -14.268656262336    
 Elumo(Beta) [eV]                        1.737029446202      

 dipole moment (Debye)
        x              y              z       
      7.245E-016     1.117E-015    -7.537E-016

 traceless quadrupole moment (Debye*Angs)
                       x              y              z       
 x                  -1.059E-001    -9.827E-001     7.144E-006
 y                  -9.827E-001    -5.670E-001     9.011E-006
 z                   7.144E-006     9.011E-006     6.729E-001

 ----------------------------------------------------------------------------
 Timings (seconds)
 * mean-field hamiltonian     2.1E-001
 * solver (setting up eqns)   3.1E-003
 * solver (energy estimate)   7.0E-003
 * solver (orthogonalization) 8.7E-004
 * solver (rotation matrix X) 1.0E-002
 * solver (exponential of X)  1.9E-003
 * solver (total)             2.4E-002
 * total SCF                  2.4E-001
 Atomic guess: O, ../../../../basis-sets/bse/def2-svpd.txt
 ---------------------------------------------------------
 E(HF) [a.u.]                            -7.4724232875E+001
 Tr(RhoAvg S), Cartesian AOs              8.0000000000E+000
 Tr(RhoAvg S), spherical AOs              8.0000000000E+000
 max|T RhoAvg T**T - RhoAvg_sao|                  1.11E-016
 max|c(RhoAvg) - c(Rho)|                          2.22E-016
 max|RhoAvg - Rho|                                1.91E-001
 Saved /mnt/storage_6/project_data/pl0415-03/marcin/beyond-rpa/guess/electron-densities/bse/def2-svpd/o.txt
 ----------------------------------------------------------------------------
                              SCF for F (2S+1=2)                             
 ----------------------------------------------------------------------------
 NUMBER OF ATOMS                         1
 CHARGE                                  0
 Prescreening (pq|pq) integrals for the Cholesky decomposition
 Shell pairs will be sorted according to their max elements
 Max diagonal integral MaxDrs=5.4E+000
 Applying Eq. 15 in J. Chem. Phys. 150, 194112 (2019); doi: 10.1063/1.5083802
 Schwarz inequality: Dpq<min(10**(-8),Tau)**2/MaxDrs=1.9E-017
 Trace of exact Coulomb matrix: 3.1E+001
 Trace of discarded integrals: 0.0E+000
 Discarded 0 out of 45 shell pairs
 (0 out of 276 orbital pairs)

 Step 1 of Cholesky decomposition: locating pivots
 -------------------------------------------------
 Dimensions of the Coulomb matrix: (276,276)
 Threshold for diagonal matrix elements: Dpq > 1.0E-007
 Max number of Cholesky vectors: 276
 Rk storage block size: 500
 Max dimension of 2e integrals buffer: (276,276)

 ----------------------------------------------------------------------------
 #    Dmax        Memory (MB)    NPivots     %    Time        
 ----------------------------------------------------------------------------
 1    4.0E-002    1.6E+000       20          7    1.1E-003    
 2    3.7E-004    1.6E+000       105         51   2.7E-003    
 3    3.4E-006    7.7E-001       127         71   9.0E-004    
 4    7.6E-008    5.0E-001       154         100  7.0E-004    

 Step 1 of the Cholesky decomposition completed
 Computed 154 pivots
 Largest residual Dpq: 7.6E-008
 NCholesky/NAO = 6.7E+000
 Step 1 of Cholesky decomposition completed in 5.5E-003 seconds
 Detailed timings in seconds
 Subtract prev contribs I (M-R**T*R)     8.3E-004
 Subtract prev contribs II (Rk)          1.0E-003
 Two-electron integrals                  2.4E-003
 Reallocation                            6.4E-004

 Step 2 of Cholesky decomposition completed in 8.9E-004 seconds
 Detailed timings in seconds
 Reduced-dimension matrix V    4.5E-004
 V=L*L**T                      2.8E-004
 L**(-1)                       1.5E-004

 Full-dimension Cholesky vectors of the Coulomb matrix will be stored in memory
 Cholesky vectors computed in 1.4E-003 seconds

 ┌─────────────────────────────────────────┐
 │          Self-consistent field          │
 └─────────────────────────────────────────┘

 Atomic orbital basis set
 . . . . . . . . . . . . . . . . . . . . . . . . . . . . . . . . . . . . . . 
 atomic centers                               1
 shell parameter sets                         9
 spherical AOs                                23
 max angular momentum                         2
 parameter set                                ../../../../basis-sets/bse/def2-svpd.txt
 . . . . . . . . . . . . . . . . . . . . . . . . . . . . . . . . . . . . . . 
 SCF guess: bare nuclei Hamiltonian
 Starting self-consistent field iterations (spin-unrestricted)
 Alpha electrons: 5
 Beta electrons: 4
 ----------------------------------------------------------------------------
 Exchange-correlation: Hartree-Fock
 ----------------------------------------------------------------------------
 Replicated-data parallel SCF
 ----------------------------
 Processes                               1
 Threads/process                         16
 Allocated 9.9E-005 GiB of scratch space for the KS matrix build
 ----------------------------------------------------------------------------
 Spherical harmonic basis contains 23 vectors
 Linear independence thresh: Eig(S) > 1.0E-006
 Computations will be carried out in the space of 23 MOs
 Threshold for J, K: |Rho(r,s)*(pq|rs)|,|Rho(q,s)*(pq|rs)| > 1.0E-011
 Convergence conditions
 ----------------------
 RhoDiff < 1.0E-006
 OrbGrad < 1.0E-006
 Max number of macroiters: 1024
 ------------------------------------------------------------------------------
 #           Energy        EDiff    RhoDiff  OrbGrad  OrbShift NStored Time     
 ------------------------------------------------------------------------------
 0          -24.5062286872                                        0    2.4E-002 
 1          -95.3837877515           6.9E+00                      0    1.8E-002 
 2          -99.2742708429 -3.9E+00  1.2E+00  1.0E+00  1.2E+00    1    3.9E-002 
 3          -99.2881610921 -1.4E-02  4.1E-02  1.6E-01  0.0E+00    2    1.9E-002 
 4          -99.2894854001 -1.3E-03  3.0E-02  3.3E-02  0.0E+00    3    3.5E-002 
 5          -99.2895847389 -9.9E-05  5.4E-03  7.3E-03  0.0E+00    4    3.6E-002 
 6          -99.2895999118 -1.5E-05  2.1E-03  1.9E-03  0.0E+00    5    2.0E-002 
 7          -99.2896001271 -2.2E-07  2.6E-04  2.3E-04  0.0E+00    6    2.0E-002 
 8          -99.2896001327 -5.6E-09  4.8E-05  6.3E-05  0.0E+00    7    3.8E-002 
 9          -99.2896001329 -1.9E-10  7.5E-06  9.6E-06  0.0E+00    8    2.1E-002 
 10         -99.2896001329 -1.0E-11  2.2E-06  2.6E-06  0.0E+00    8    3.8E-002 
 11         -99.2896001329 -2.3E-13  5.3E-07  5.7E-07  0.0E+00    8    3.8E-002 
 ------------------------------------------------------------------------------
 SCF converged
 Converged energy                        -99.289600132914    
 ------------------------------------------------------------------------------
 Ehomo(Alpha) [eV]                       -20.101619599602    
 Elumo(Alpha) [eV]                       5.898516077424      
 Ehomo(Beta) [eV]                        -18.645411831769    
 Elumo(Beta) [eV]                        0.796347184016      

 dipole moment (Debye)
        x              y              z       
      2.315E-015     9.580E-017    -1.017E-015

 traceless quadrupole moment (Debye*Angs)
                       x              y              z       
 x                  -4.758E-001     1.069E-014     9.192E-008
 y                   1.069E-014    -4.758E-001     1.369E-007
 z                   9.192E-008     1.369E-007     9.517E-001

 ----------------------------------------------------------------------------
 Timings (seconds)
 * mean-field hamiltonian     3.2E-001
 * solver (setting up eqns)   3.2E-003
 * solver (energy estimate)   7.0E-003
 * solver (orthogonalization) 9.7E-004
 * solver (rotation matrix X) 1.0E-002
 * solver (exponential of X)  1.9E-003
 * solver (total)             2.4E-002
 * total SCF                  3.5E-001
 Atomic guess: F, ../../../../basis-sets/bse/def2-svpd.txt
 ---------------------------------------------------------
 E(HF) [a.u.]                            -9.9289600133E+001
 Tr(RhoAvg S), Cartesian AOs              9.0000000000E+000
 Tr(RhoAvg S), spherical AOs              9.0000000000E+000
 max|T RhoAvg T**T - RhoAvg_sao|                  2.22E-016
 max|c(RhoAvg) - c(Rho)|                          2.22E-016
 max|RhoAvg - Rho|                                2.90E-001
 Saved /mnt/storage_6/project_data/pl0415-03/marcin/beyond-rpa/guess/electron-densities/bse/def2-svpd/f.txt
 ----------------------------------------------------------------------------
                                  SCF for NE                                 
 ----------------------------------------------------------------------------
 NUMBER OF ATOMS                         1
 CHARGE                                  0
 Prescreening (pq|pq) integrals for the Cholesky decomposition
 Shell pairs will be sorted according to their max elements
 Max diagonal integral MaxDrs=6.0E+000
 Applying Eq. 15 in J. Chem. Phys. 150, 194112 (2019); doi: 10.1063/1.5083802
 Schwarz inequality: Dpq<min(10**(-8),Tau)**2/MaxDrs=1.7E-017
 Trace of exact Coulomb matrix: 3.5E+001
 Trace of discarded integrals: 0.0E+000
 Discarded 0 out of 45 shell pairs
 (0 out of 276 orbital pairs)

 Step 1 of Cholesky decomposition: locating pivots
 -------------------------------------------------
 Dimensions of the Coulomb matrix: (276,276)
 Threshold for diagonal matrix elements: Dpq > 1.0E-007
 Max number of Cholesky vectors: 276
 Rk storage block size: 500
 Max dimension of 2e integrals buffer: (276,276)

 ----------------------------------------------------------------------------
 #    Dmax        Memory (MB)    NPivots     %    Time        
 ----------------------------------------------------------------------------
 1    4.7E-002    1.6E+000       20          7    1.3E-003    
 2    4.6E-004    1.6E+000       102         48   2.3E-003    
 3    3.4E-006    8.1E-001       129         70   8.9E-004    
 4    8.0E-008    5.2E-001       154         100  9.9E-004    

 Step 1 of the Cholesky decomposition completed
 Computed 154 pivots
 Largest residual Dpq: 8.0E-008
 NCholesky/NAO = 6.7E+000
 Step 1 of Cholesky decomposition completed in 5.5E-003 seconds
 Detailed timings in seconds
 Subtract prev contribs I (M-R**T*R)     7.2E-004
 Subtract prev contribs II (Rk)          6.8E-004
 Two-electron integrals                  2.6E-003
 Reallocation                            9.8E-004

 Step 2 of Cholesky decomposition completed in 9.5E-004 seconds
 Detailed timings in seconds
 Reduced-dimension matrix V    4.7E-004
 V=L*L**T                      3.1E-004
 L**(-1)                       1.6E-004

 Full-dimension Cholesky vectors of the Coulomb matrix will be stored in memory
 Cholesky vectors computed in 1.5E-003 seconds

 ┌─────────────────────────────────────────┐
 │          Self-consistent field          │
 └─────────────────────────────────────────┘

 Atomic orbital basis set
 . . . . . . . . . . . . . . . . . . . . . . . . . . . . . . . . . . . . . . 
 atomic centers                               1
 shell parameter sets                         9
 spherical AOs                                23
 max angular momentum                         2
 parameter set                                ../../../../basis-sets/bse/def2-svpd.txt
 . . . . . . . . . . . . . . . . . . . . . . . . . . . . . . . . . . . . . . 
 SCF guess: bare nuclei Hamiltonian
 Starting self-consistent field iterations (spin-restricted singlet)
 Alpha+beta electrons: 10
 ----------------------------------------------------------------------------
 Exchange-correlation: Hartree-Fock
 ----------------------------------------------------------------------------
 Replicated-data parallel SCF
 ----------------------------
 Processes                               1
 Threads/process                         16
 Allocated 5.5E-005 GiB of scratch space for the KS matrix build
 ----------------------------------------------------------------------------
 Spherical harmonic basis contains 23 vectors
 Linear independence thresh: Eig(S) > 1.0E-006
 Computations will be carried out in the space of 23 MOs
 Threshold for J, K: |Rho(r,s)*(pq|rs)|,|Rho(q,s)*(pq|rs)| > 1.0E-011
 Convergence conditions
 ----------------------
 RhoDiff < 1.0E-006
 OrbGrad < 1.0E-006
 Max number of macroiters: 1024
 ------------------------------------------------------------------------------
 #           Energy        EDiff    RhoDiff  OrbGrad  OrbShift NStored Time     
 ------------------------------------------------------------------------------
 0          -38.3368436320                                        0    1.9E-002 
 1         -122.9720070586           1.3E+01                      0    1.5E-002 
 2         -128.2851751137 -5.3E+00  2.3E+00  1.3E+00  1.6E+00    1    6.9E-003 
 3         -128.3620874925 -7.7E-02  2.3E-01  2.2E-01  0.0E+00    2    6.0E-003 
 4         -128.3838793093 -2.2E-02  9.9E-02  1.0E-01  0.0E+00    3    6.1E-003 
 5         -128.3840266689 -1.5E-04  6.0E-03  7.4E-03  0.0E+00    4    6.2E-003 
 6         -128.3840269485 -2.8E-07  2.2E-04  2.7E-04  0.0E+00    5    6.4E-003 
 7         -128.3840269489 -3.4E-10  8.7E-06  3.1E-05  0.0E+00    6    6.3E-003 
 8         -128.3840269489 -2.3E-12  1.6E-06  2.1E-06  0.0E+00    7    6.3E-003 
 9         -128.3840269489 -5.7E-14  2.7E-07  2.3E-07  0.0E+00    8    6.5E-003 
 ------------------------------------------------------------------------------
 SCF converged
 Converged energy                        -128.384026948866   
 ------------------------------------------------------------------------------
 Ehomo [eV]                              -23.358900480233    
 Elumo [eV]                              7.352046955828      

 dipole moment (Debye)
        x              y              z       
     -1.985E-016     1.524E-015     4.153E-017

 traceless quadrupole moment (Debye*Angs)
                       x              y              z       
 x                   2.013E-008    -7.824E-016    -2.805E-016
 y                  -7.824E-016     2.013E-008     8.160E-016
 z                  -2.805E-016     8.160E-016    -4.026E-008

 ----------------------------------------------------------------------------
 Timings (seconds)
 * mean-field hamiltonian     7.3E-002
 * solver (setting up eqns)   9.7E-004
 * solver (energy estimate)   1.6E-003
 * solver (orthogonalization) 2.1E-004
 * solver (rotation matrix X) 2.4E-003
 * solver (exponential of X)  5.6E-004
 * solver (total)             6.2E-003
 * total SCF                  8.6E-002
 Atomic guess: NE, ../../../../basis-sets/bse/def2-svpd.txt
 ----------------------------------------------------------
 E(HF) [a.u.]                            -1.2838402695E+002
 Tr(RhoAvg S), Cartesian AOs              1.0000000000E+001
 Tr(RhoAvg S), spherical AOs              1.0000000000E+001
 max|T RhoAvg T**T - RhoAvg_sao|                  2.22E-016
 max|c(RhoAvg) - c(Rho)|                          4.44E-016
 max|RhoAvg - Rho|                                1.63E-008
 Saved /mnt/storage_6/project_data/pl0415-03/marcin/beyond-rpa/guess/electron-densities/bse/def2-svpd/ne.txt
 ----------------------------------------------------------------------------
                             SCF for NA (2S+1=2)                             
 ----------------------------------------------------------------------------
 NUMBER OF ATOMS                         1
 CHARGE                                  0
 Prescreening (pq|pq) integrals for the Cholesky decomposition
 Shell pairs will be sorted according to their max elements
 Max diagonal integral MaxDrs=6.6E+000
 Applying Eq. 15 in J. Chem. Phys. 150, 194112 (2019); doi: 10.1063/1.5083802
 Schwarz inequality: Dpq<min(10**(-8),Tau)**2/MaxDrs=1.5E-017
 Trace of exact Coulomb matrix: 1.8E+001
 Trace of discarded integrals: 0.0E+000
 Discarded 0 out of 36 shell pairs
 (0 out of 171 orbital pairs)

 Step 1 of Cholesky decomposition: locating pivots
 -------------------------------------------------
 Dimensions of the Coulomb matrix: (171,171)
 Threshold for diagonal matrix elements: Dpq > 1.0E-007
 Max number of Cholesky vectors: 171
 Rk storage block size: 500
 Max dimension of 2e integrals buffer: (171,171)

 ----------------------------------------------------------------------------
 #    Dmax        Memory (MB)    NPivots     %    Time        
 ----------------------------------------------------------------------------
 1    6.3E-002    8.8E-001       8           6    9.3E-004    
 2    4.4E-004    8.5E-001       58          45   2.3E-003    
 3    6.1E-007    5.2E-001       99          89   6.0E-004    
 4    3.9E-018    7.1E-002       114         100  1.8E-004    

 Step 1 of the Cholesky decomposition completed
 Computed 114 pivots
 Largest residual Dpq: 3.9E-018
 NCholesky/NAO = 6.3E+000
 Step 1 of Cholesky decomposition completed in 4.3E-003 seconds
 Detailed timings in seconds
 Subtract prev contribs I (M-R**T*R)     5.3E-004
 Subtract prev contribs II (Rk)          1.9E-004
 Two-electron integrals                  2.7E-003
 Reallocation                            2.3E-004

 Step 2 of Cholesky decomposition completed in 1.2E-003 seconds
 Detailed timings in seconds
 Reduced-dimension matrix V    1.0E-003
 V=L*L**T                      1.2E-004
 L**(-1)                       6.3E-005

 Full-dimension Cholesky vectors of the Coulomb matrix will be stored in memory
 Cholesky vectors computed in 1.2E-003 seconds

 ┌─────────────────────────────────────────┐
 │          Self-consistent field          │
 └─────────────────────────────────────────┘

 Atomic orbital basis set
 . . . . . . . . . . . . . . . . . . . . . . . . . . . . . . . . . . . . . . 
 atomic centers                               1
 shell parameter sets                         8
 spherical AOs                                18
 max angular momentum                         2
 parameter set                                ../../../../basis-sets/bse/def2-svpd.txt
 . . . . . . . . . . . . . . . . . . . . . . . . . . . . . . . . . . . . . . 
 SCF guess: bare nuclei Hamiltonian
 Starting self-consistent field iterations (spin-unrestricted)
 Alpha electrons: 6
 Beta electrons: 5
 ----------------------------------------------------------------------------
 Exchange-correlation: Hartree-Fock
 ----------------------------------------------------------------------------
 Replicated-data parallel SCF
 ----------------------------
 Processes                               1
 Threads/process                         16
 Allocated 5.8E-005 GiB of scratch space for the KS matrix build
 ----------------------------------------------------------------------------
 Spherical harmonic basis contains 18 vectors
 Linear independence thresh: Eig(S) > 1.0E-006
 Computations will be carried out in the space of 18 MOs
 Threshold for J, K: |Rho(r,s)*(pq|rs)|,|Rho(q,s)*(pq|rs)| > 1.0E-011
 Convergence conditions
 ----------------------
 RhoDiff < 1.0E-006
 OrbGrad < 1.0E-006
 Max number of macroiters: 1024
 ------------------------------------------------------------------------------
 #           Energy        EDiff    RhoDiff  OrbGrad  OrbShift NStored Time     
 ------------------------------------------------------------------------------
 0          -68.8200964542                                        0    1.3E-002 
 1         -161.6439198271           8.0E+00                      0    7.6E-003 
 2         -161.7823534366 -1.4E-01  3.4E+00  2.6E-01  0.0E+00    1    8.0E-003 
 3         -161.7906219326 -8.3E-03  7.3E-01  3.7E-02  0.0E+00    2    8.0E-003 
 4         -161.7927818081 -2.2E-03  4.5E-01  1.8E-02  0.0E+00    3    8.6E-003 
 5         -161.7927829621 -1.2E-06  4.2E-03  6.8E-04  0.0E+00    4    8.8E-003 
 6         -161.7927829808 -1.9E-08  7.6E-04  7.7E-05  0.0E+00    5    8.8E-003 
 7         -161.7927829811 -2.7E-10  1.2E-04  5.6E-06  0.0E+00    6    8.9E-003 
 8         -161.7927829811 -7.5E-12  6.1E-06  1.6E-06  0.0E+00    7    9.0E-003 
 9         -161.7927829811 -1.0E-12  9.9E-07  6.1E-07  0.0E+00    8    9.1E-003 
 ------------------------------------------------------------------------------
 SCF converged
 Converged energy                        -161.792782981109   
 ------------------------------------------------------------------------------
 Ehomo(Alpha) [eV]                       -4.882138601698     
 Elumo(Alpha) [eV]                       0.623385085896      
 Ehomo(Beta) [eV]                        -41.406048798292    
 Elumo(Beta) [eV]                        0.496325223688      

 dipole moment (Debye)
        x              y              z       
     -3.800E-015     1.746E-015     4.662E-017

 traceless quadrupole moment (Debye*Angs)
                       x              y              z       
 x                  -4.041E-006    -3.974E-009    -2.089E-006
 y                  -3.974E-009     2.361E-006    -1.296E-009
 z                  -2.089E-006    -1.296E-009     1.680E-006

 ----------------------------------------------------------------------------
 Timings (seconds)
 * mean-field hamiltonian     7.5E-002
 * solver (setting up eqns)   1.6E-003
 * solver (energy estimate)   2.8E-003
 * solver (orthogonalization) 3.8E-004
 * solver (rotation matrix X) 2.9E-003
 * solver (exponential of X)  9.0E-004
 * solver (total)             9.4E-003
 * total SCF                  9.1E-002
 Atomic guess: NA, ../../../../basis-sets/bse/def2-svpd.txt
 ----------------------------------------------------------
 E(HF) [a.u.]                            -1.6179278298E+002
 Tr(RhoAvg S), Cartesian AOs              1.1000000000E+001
 Tr(RhoAvg S), spherical AOs              1.1000000000E+001
 max|T RhoAvg T**T - RhoAvg_sao|                  4.44E-016
 max|c(RhoAvg) - c(Rho)|                          8.88E-016
 max|RhoAvg - Rho|                                1.35E-007
 Saved /mnt/storage_6/project_data/pl0415-03/marcin/beyond-rpa/guess/electron-densities/bse/def2-svpd/na.txt
 ----------------------------------------------------------------------------
                                  SCF for MG                                 
 ----------------------------------------------------------------------------
 NUMBER OF ATOMS                         1
 CHARGE                                  0
 Prescreening (pq|pq) integrals for the Cholesky decomposition
 Shell pairs will be sorted according to their max elements
 Max diagonal integral MaxDrs=7.3E+000
 Applying Eq. 15 in J. Chem. Phys. 150, 194112 (2019); doi: 10.1063/1.5083802
 Schwarz inequality: Dpq<min(10**(-8),Tau)**2/MaxDrs=1.4E-017
 Trace of exact Coulomb matrix: 2.2E+001
 Trace of discarded integrals: 0.0E+000
 Discarded 0 out of 45 shell pairs
 (0 out of 231 orbital pairs)

 Step 1 of Cholesky decomposition: locating pivots
 -------------------------------------------------
 Dimensions of the Coulomb matrix: (231,231)
 Threshold for diagonal matrix elements: Dpq > 1.0E-007
 Max number of Cholesky vectors: 231
 Rk storage block size: 500
 Max dimension of 2e integrals buffer: (231,231)

 ----------------------------------------------------------------------------
 #    Dmax        Memory (MB)    NPivots     %    Time        
 ----------------------------------------------------------------------------
 1    6.7E-002    1.3E+000       12          7    1.0E-003    
 2    4.8E-004    1.2E+000       73          45   1.7E-003    
 3    3.8E-006    7.4E-001       107         83   6.2E-004    
 4    1.6E-008    2.9E-001       131         100  3.7E-004    

 Step 1 of the Cholesky decomposition completed
 Computed 131 pivots
 Largest residual Dpq: 1.6E-008
 NCholesky/NAO = 6.2E+000
 Step 1 of Cholesky decomposition completed in 4.0E-003 seconds
 Detailed timings in seconds
 Subtract prev contribs I (M-R**T*R)     9.6E-004
 Subtract prev contribs II (Rk)          2.4E-004
 Two-electron integrals                  1.7E-003
 Reallocation                            4.1E-004

 Step 2 of Cholesky decomposition completed in 9.6E-004 seconds
 Detailed timings in seconds
 Reduced-dimension matrix V    7.3E-004
 V=L*L**T                      1.3E-004
 L**(-1)                       8.8E-005

 Full-dimension Cholesky vectors of the Coulomb matrix will be stored in memory
 Cholesky vectors computed in 1.6E-003 seconds

 ┌─────────────────────────────────────────┐
 │          Self-consistent field          │
 └─────────────────────────────────────────┘

 Atomic orbital basis set
 . . . . . . . . . . . . . . . . . . . . . . . . . . . . . . . . . . . . . . 
 atomic centers                               1
 shell parameter sets                         9
 spherical AOs                                21
 max angular momentum                         2
 parameter set                                ../../../../basis-sets/bse/def2-svpd.txt
 . . . . . . . . . . . . . . . . . . . . . . . . . . . . . . . . . . . . . . 
 SCF guess: bare nuclei Hamiltonian
 Starting self-consistent field iterations (spin-restricted singlet)
 Alpha+beta electrons: 12
 ----------------------------------------------------------------------------
 Exchange-correlation: Hartree-Fock
 ----------------------------------------------------------------------------
 Replicated-data parallel SCF
 ----------------------------
 Processes                               1
 Threads/process                         16
 Allocated 4.3E-005 GiB of scratch space for the KS matrix build
 ----------------------------------------------------------------------------
 Spherical harmonic basis contains 21 vectors
 Linear independence thresh: Eig(S) > 1.0E-006
 Computations will be carried out in the space of 21 MOs
 Threshold for J, K: |Rho(r,s)*(pq|rs)|,|Rho(q,s)*(pq|rs)| > 1.0E-011
 Convergence conditions
 ----------------------
 RhoDiff < 1.0E-006
 OrbGrad < 1.0E-006
 Max number of macroiters: 1024
 ------------------------------------------------------------------------------
 #           Energy        EDiff    RhoDiff  OrbGrad  OrbShift NStored Time     
 ------------------------------------------------------------------------------
 0          -34.4418127212                                        0    1.0E-002 
 1         -198.8790541048           1.1E+01                      0    5.0E-003 
 2         -199.5292904758 -6.5E-01  3.8E+00  3.9E-01  0.0E+00    1    5.6E-003 
 3         -199.5343525502 -5.1E-03  4.4E-01  2.6E-02  0.0E+00    2    5.4E-003 
 4         -199.5348488313 -5.0E-04  1.7E-01  8.0E-03  0.0E+00    3    5.7E-003 
 5         -199.5348495116 -6.8E-07  4.2E-03  5.1E-04  0.0E+00    4    5.7E-003 
 6         -199.5348495186 -7.0E-09  4.6E-04  3.2E-05  0.0E+00    5    5.6E-003 
 7         -199.5348495186 -2.0E-11  1.3E-05  2.3E-06  0.0E+00    6    5.7E-003 
 8         -199.5348495186 -1.7E-13  3.5E-07  1.8E-07  0.0E+00    7    5.7E-003 
 ------------------------------------------------------------------------------
 SCF converged
 Converged energy                        -199.534849518601   
 ------------------------------------------------------------------------------
 Ehomo [eV]                              -6.846056705464     
 Elumo [eV]                              0.806909975252      

 dipole moment (Debye)
        x              y              z       
     -2.227E-015     3.717E-015    -2.672E-015

 traceless quadrupole moment (Debye*Angs)
                       x              y              z       
 x                   1.108E-006     4.730E-009    -9.788E-010
 y                   4.730E-009    -2.183E-006     1.586E-007
 z                  -9.788E-010     1.586E-007     1.075E-006

 ----------------------------------------------------------------------------
 Timings (seconds)
 * mean-field hamiltonian     4.5E-002
 * solver (setting up eqns)   8.1E-004
 * solver (energy estimate)   1.3E-003
 * solver (orthogonalization) 1.8E-004
 * solver (rotation matrix X) 1.2E-003
 * solver (exponential of X)  4.2E-004
 * solver (total)             4.3E-003
 * total SCF                  5.6E-002
 Atomic guess: MG, ../../../../basis-sets/bse/def2-svpd.txt
 ----------------------------------------------------------
 E(HF) [a.u.]                            -1.9953484952E+002
 Tr(RhoAvg S), Cartesian AOs              1.2000000000E+001
 Tr(RhoAvg S), spherical AOs              1.2000000000E+001
 max|T RhoAvg T**T - RhoAvg_sao|                  8.88E-016
 max|c(RhoAvg) - c(Rho)|                          8.88E-016
 max|RhoAvg - Rho|                                9.58E-008
 Saved /mnt/storage_6/project_data/pl0415-03/marcin/beyond-rpa/guess/electron-densities/bse/def2-svpd/mg.txt
 ----------------------------------------------------------------------------
                             SCF for AL (2S+1=2)                             
 ----------------------------------------------------------------------------
 NUMBER OF ATOMS                         1
 CHARGE                                  0
 Prescreening (pq|pq) integrals for the Cholesky decomposition
 Shell pairs will be sorted according to their max elements
 Max diagonal integral MaxDrs=7.9E+000
 Applying Eq. 15 in J. Chem. Phys. 150, 194112 (2019); doi: 10.1063/1.5083802
 Schwarz inequality: Dpq<min(10**(-8),Tau)**2/MaxDrs=1.3E-017
 Trace of exact Coulomb matrix: 2.8E+001
 Trace of discarded integrals: 0.0E+000
 Discarded 0 out of 55 shell pairs
 (0 out of 300 orbital pairs)

 Step 1 of Cholesky decomposition: locating pivots
 -------------------------------------------------
 Dimensions of the Coulomb matrix: (300,300)
 Threshold for diagonal matrix elements: Dpq > 1.0E-007
 Max number of Cholesky vectors: 300
 Rk storage block size: 500
 Max dimension of 2e integrals buffer: (300,300)

 ----------------------------------------------------------------------------
 #    Dmax        Memory (MB)    NPivots     %    Time        
 ----------------------------------------------------------------------------
 1    5.7E-002    1.8E+000       16          7    1.7E-003    
 2    5.0E-004    1.7E+000       90          41   2.7E-003    
 3    4.0E-006    1.4E+000       124         75   1.3E-003    
 4    9.7E-008    7.7E-001       158         100  7.4E-004    

 Step 1 of the Cholesky decomposition completed
 Computed 158 pivots
 Largest residual Dpq: 9.7E-008
 NCholesky/NAO = 6.6E+000
 Step 1 of Cholesky decomposition completed in 6.8E-003 seconds
 Detailed timings in seconds
 Subtract prev contribs I (M-R**T*R)     9.9E-004
 Subtract prev contribs II (Rk)          7.5E-004
 Two-electron integrals                  3.1E-003
 Reallocation                            1.1E-003

 Step 2 of Cholesky decomposition completed in 1.7E-003 seconds
 Detailed timings in seconds
 Reduced-dimension matrix V    7.2E-004
 V=L*L**T                      7.8E-004
 L**(-1)                       1.6E-004

 Full-dimension Cholesky vectors of the Coulomb matrix will be stored in memory
 Cholesky vectors computed in 1.7E-003 seconds

 ┌─────────────────────────────────────────┐
 │          Self-consistent field          │
 └─────────────────────────────────────────┘

 Atomic orbital basis set
 . . . . . . . . . . . . . . . . . . . . . . . . . . . . . . . . . . . . . . 
 atomic centers                               1
 shell parameter sets                         10
 spherical AOs                                24
 max angular momentum                         2
 parameter set                                ../../../../basis-sets/bse/def2-svpd.txt
 . . . . . . . . . . . . . . . . . . . . . . . . . . . . . . . . . . . . . . 
 SCF guess: bare nuclei Hamiltonian
 Starting self-consistent field iterations (spin-unrestricted)
 Alpha electrons: 7
 Beta electrons: 6
 ----------------------------------------------------------------------------
 Exchange-correlation: Hartree-Fock
 ----------------------------------------------------------------------------
 Replicated-data parallel SCF
 ----------------------------
 Processes                               1
 Threads/process                         16
 Allocated 1.1E-004 GiB of scratch space for the KS matrix build
 ----------------------------------------------------------------------------
 Spherical harmonic basis contains 24 vectors
 Linear independence thresh: Eig(S) > 1.0E-006
 Computations will be carried out in the space of 24 MOs
 Threshold for J, K: |Rho(r,s)*(pq|rs)|,|Rho(q,s)*(pq|rs)| > 1.0E-011
 Convergence conditions
 ----------------------
 RhoDiff < 1.0E-006
 OrbGrad < 1.0E-006
 Max number of macroiters: 1024
 ------------------------------------------------------------------------------
 #           Energy        EDiff    RhoDiff  OrbGrad  OrbShift NStored Time     
 ------------------------------------------------------------------------------
 0          -40.8304398835                                        0    1.8E-002 
 1         -240.6090276120           4.1E+01                      0    1.3E-002 
 2         -241.6380904532 -1.0E+00  5.1E+00  5.2E-01  3.3E-01    1    1.5E-002 
 3         -241.7865637480 -1.5E-01  1.2E+00  1.7E-01  0.0E+00    2    1.4E-002 
 4         -241.7904330559 -3.9E-03  1.4E-01  2.7E-02  0.0E+00    3    1.4E-002 
 5         -241.7907256424 -2.9E-04  5.3E-02  5.3E-03  0.0E+00    4    1.4E-002 
 6         -241.7907384557 -1.3E-05  1.5E-02  1.4E-03  0.0E+00    5    1.4E-002 
 7         -241.7907388472 -3.9E-07  1.2E-03  2.7E-04  0.0E+00    6    1.4E-002 
 8         -241.7907388555 -8.4E-09  1.1E-04  3.2E-05  0.0E+00    7    1.5E-002 
 9         -241.7907388561 -5.9E-10  2.9E-05  1.3E-05  0.0E+00    8    1.5E-002 
 10        -241.7907388562 -6.0E-11  7.8E-06  3.8E-06  0.0E+00    8    1.5E-002 
 11        -241.7907388562 -6.1E-12  3.3E-06  1.3E-06  0.0E+00    8    1.5E-002 
 12        -241.7907388562  0.0E+00  5.2E-07  2.1E-07  0.0E+00    8    1.5E-002 
 ------------------------------------------------------------------------------
 SCF converged
 Converged energy                        -241.790738856197   
 ------------------------------------------------------------------------------
 Ehomo(Alpha) [eV]                       -5.917349150601     
 Elumo(Alpha) [eV]                       0.833745554314      
 Ehomo(Beta) [eV]                        -9.753362242524     
 Elumo(Beta) [eV]                        1.090568793203      

 dipole moment (Debye)
        x              y              z       
      2.581E-015     6.605E-015     5.170E-015

 traceless quadrupole moment (Debye*Angs)
                       x              y              z       
 x                   1.536E+000    -3.786E+000    -1.902E+000
 y                  -3.786E+000    -3.373E+000    -3.499E+000
 z                  -1.902E+000    -3.499E+000     1.836E+000

 ----------------------------------------------------------------------------
 Timings (seconds)
 * mean-field hamiltonian     1.7E-001
 * solver (setting up eqns)   2.8E-003
 * solver (energy estimate)   4.8E-003
 * solver (orthogonalization) 5.7E-004
 * solver (rotation matrix X) 7.1E-003
 * solver (exponential of X)  1.3E-003
 * solver (total)             1.8E-002
 * total SCF                  1.9E-001
 Atomic guess: AL, ../../../../basis-sets/bse/def2-svpd.txt
 ----------------------------------------------------------
 E(HF) [a.u.]                            -2.4179073886E+002
 Tr(RhoAvg S), Cartesian AOs              1.3000000000E+001
 Tr(RhoAvg S), spherical AOs              1.3000000000E+001
 max|T RhoAvg T**T - RhoAvg_sao|                  5.55E-017
 max|c(RhoAvg) - c(Rho)|                          8.88E-016
 max|RhoAvg - Rho|                                1.97E-001
 Saved /mnt/storage_6/project_data/pl0415-03/marcin/beyond-rpa/guess/electron-densities/bse/def2-svpd/al.txt
 ----------------------------------------------------------------------------
                             SCF for SI (2S+1=3)                             
 ----------------------------------------------------------------------------
 NUMBER OF ATOMS                         1
 CHARGE                                  0
 Prescreening (pq|pq) integrals for the Cholesky decomposition
 Shell pairs will be sorted according to their max elements
 Max diagonal integral MaxDrs=8.5E+000
 Applying Eq. 15 in J. Chem. Phys. 150, 194112 (2019); doi: 10.1063/1.5083802
 Schwarz inequality: Dpq<min(10**(-8),Tau)**2/MaxDrs=1.2E-017
 Trace of exact Coulomb matrix: 3.1E+001
 Trace of discarded integrals: 0.0E+000
 Discarded 0 out of 55 shell pairs
 (0 out of 300 orbital pairs)

 Step 1 of Cholesky decomposition: locating pivots
 -------------------------------------------------
 Dimensions of the Coulomb matrix: (300,300)
 Threshold for diagonal matrix elements: Dpq > 1.0E-007
 Max number of Cholesky vectors: 300
 Rk storage block size: 500
 Max dimension of 2e integrals buffer: (300,300)

 ----------------------------------------------------------------------------
 #    Dmax        Memory (MB)    NPivots     %    Time        
 ----------------------------------------------------------------------------
 1    6.4E-002    1.8E+000       16          7    1.5E-003    
 2    4.4E-004    1.7E+000       91          41   2.0E-003    
 3    2.9E-006    1.4E+000       124         82   1.6E-003    
 4    5.7E-008    6.2E-001       154         100  7.5E-004    

 Step 1 of the Cholesky decomposition completed
 Computed 154 pivots
 Largest residual Dpq: 5.7E-008
 NCholesky/NAO = 6.4E+000
 Step 1 of Cholesky decomposition completed in 6.2E-003 seconds
 Detailed timings in seconds
 Subtract prev contribs I (M-R**T*R)     1.1E-003
 Subtract prev contribs II (Rk)          6.7E-004
 Two-electron integrals                  3.0E-003
 Reallocation                            5.4E-004

 Step 2 of Cholesky decomposition completed in 1.3E-003 seconds
 Detailed timings in seconds
 Reduced-dimension matrix V    8.3E-004
 V=L*L**T                      2.5E-004
 L**(-1)                       1.6E-004

 Full-dimension Cholesky vectors of the Coulomb matrix will be stored in memory
 Cholesky vectors computed in 1.8E-003 seconds

 ┌─────────────────────────────────────────┐
 │          Self-consistent field          │
 └─────────────────────────────────────────┘

 Atomic orbital basis set
 . . . . . . . . . . . . . . . . . . . . . . . . . . . . . . . . . . . . . . 
 atomic centers                               1
 shell parameter sets                         10
 spherical AOs                                24
 max angular momentum                         2
 parameter set                                ../../../../basis-sets/bse/def2-svpd.txt
 . . . . . . . . . . . . . . . . . . . . . . . . . . . . . . . . . . . . . . 
 SCF guess: bare nuclei Hamiltonian
 Starting self-consistent field iterations (spin-unrestricted)
 Alpha electrons: 8
 Beta electrons: 6
 ----------------------------------------------------------------------------
 Exchange-correlation: Hartree-Fock
 ----------------------------------------------------------------------------
 Replicated-data parallel SCF
 ----------------------------
 Processes                               1
 Threads/process                         16
 Allocated 1.1E-004 GiB of scratch space for the KS matrix build
 ----------------------------------------------------------------------------
 Spherical harmonic basis contains 24 vectors
 Linear independence thresh: Eig(S) > 1.0E-006
 Computations will be carried out in the space of 24 MOs
 Threshold for J, K: |Rho(r,s)*(pq|rs)|,|Rho(q,s)*(pq|rs)| > 1.0E-011
 Convergence conditions
 ----------------------
 RhoDiff < 1.0E-006
 OrbGrad < 1.0E-006
 Max number of macroiters: 1024
 ------------------------------------------------------------------------------
 #           Energy        EDiff    RhoDiff  OrbGrad  OrbShift NStored Time     
 ------------------------------------------------------------------------------
 0          -51.1229528983                                        0    1.9E-002 
 1         -287.0010718447           4.2E+01                      0    1.3E-002 
 2         -288.5439261996 -1.5E+00  4.9E+00  6.7E-01  4.5E-01    1    1.6E-002 
 3         -288.7498982608 -2.1E-01  1.1E+00  1.7E-01  0.0E+00    2    1.4E-002 
 4         -288.7535958807 -3.7E-03  9.5E-02  2.4E-02  0.0E+00    3    1.5E-002 
 5         -288.7542284570 -6.3E-04  7.4E-02  9.7E-03  0.0E+00    4    1.5E-002 
 6         -288.7542377052 -9.2E-06  8.9E-03  1.4E-03  0.0E+00    5    1.4E-002 
 7         -288.7542379383 -2.3E-07  8.2E-04  1.5E-04  0.0E+00    6    1.5E-002 
 8         -288.7542379426 -4.3E-09  3.5E-05  3.7E-05  0.0E+00    7    1.5E-002 
 9         -288.7542379432 -5.6E-10  1.9E-05  1.3E-05  0.0E+00    8    1.5E-002 
 10        -288.7542379432 -2.1E-11  3.5E-06  2.6E-06  0.0E+00    8    1.5E-002 
 11        -288.7542379432 -1.2E-12  9.6E-07  6.0E-07  0.0E+00    8    1.5E-002 
 ------------------------------------------------------------------------------
 SCF converged
 Converged energy                        -288.754237943214   
 ------------------------------------------------------------------------------
 Ehomo(Alpha) [eV]                       -8.153158529461     
 Elumo(Alpha) [eV]                       0.142973484684      
 Ehomo(Beta) [eV]                        -12.409873803039    
 Elumo(Beta) [eV]                        0.793579184914      

 dipole moment (Debye)
        x              y              z       
      3.492E-015    -3.411E-015    -2.058E-015

 traceless quadrupole moment (Debye*Angs)
                       x              y              z       
 x                  -9.603E-001    -2.723E+000     6.457E-002
 y                  -2.723E+000     3.254E+000    -1.316E-001
 z                   6.457E-002    -1.316E-001    -2.294E+000

 ----------------------------------------------------------------------------
 Timings (seconds)
 * mean-field hamiltonian     1.6E-001
 * solver (setting up eqns)   2.5E-003
 * solver (energy estimate)   4.2E-003
 * solver (orthogonalization) 5.3E-004
 * solver (rotation matrix X) 6.4E-003
 * solver (exponential of X)  1.2E-003
 * solver (total)             1.5E-002
 * total SCF                  1.8E-001
 Atomic guess: SI, ../../../../basis-sets/bse/def2-svpd.txt
 ----------------------------------------------------------
 E(HF) [a.u.]                            -2.8875423794E+002
 Tr(RhoAvg S), Cartesian AOs              1.4000000000E+001
 Tr(RhoAvg S), spherical AOs              1.4000000000E+001
 max|T RhoAvg T**T - RhoAvg_sao|                  4.44E-016
 max|c(RhoAvg) - c(Rho)|                          8.88E-016
 max|RhoAvg - Rho|                                2.23E-001
 Saved /mnt/storage_6/project_data/pl0415-03/marcin/beyond-rpa/guess/electron-densities/bse/def2-svpd/si.txt
 ----------------------------------------------------------------------------
                              SCF for P (2S+1=4)                             
 ----------------------------------------------------------------------------
 NUMBER OF ATOMS                         1
 CHARGE                                  0
 Prescreening (pq|pq) integrals for the Cholesky decomposition
 Shell pairs will be sorted according to their max elements
 Max diagonal integral MaxDrs=9.1E+000
 Applying Eq. 15 in J. Chem. Phys. 150, 194112 (2019); doi: 10.1063/1.5083802
 Schwarz inequality: Dpq<min(10**(-8),Tau)**2/MaxDrs=1.1E-017
 Trace of exact Coulomb matrix: 3.5E+001
 Trace of discarded integrals: 0.0E+000
 Discarded 0 out of 55 shell pairs
 (0 out of 300 orbital pairs)

 Step 1 of Cholesky decomposition: locating pivots
 -------------------------------------------------
 Dimensions of the Coulomb matrix: (300,300)
 Threshold for diagonal matrix elements: Dpq > 1.0E-007
 Max number of Cholesky vectors: 300
 Rk storage block size: 500
 Max dimension of 2e integrals buffer: (300,300)

 ----------------------------------------------------------------------------
 #    Dmax        Memory (MB)    NPivots     %    Time        
 ----------------------------------------------------------------------------
 1    7.1E-002    1.8E+000       16          7    1.5E-003    
 2    6.5E-004    1.7E+000       89          41   2.8E-003    
 3    2.8E-006    1.5E+000       124         81   1.7E-003    
 4    9.8E-008    6.3E-001       152         100  7.5E-004    

 Step 1 of the Cholesky decomposition completed
 Computed 152 pivots
 Largest residual Dpq: 9.8E-008
 NCholesky/NAO = 6.3E+000
 Step 1 of Cholesky decomposition completed in 7.0E-003 seconds
 Detailed timings in seconds
 Subtract prev contribs I (M-R**T*R)     7.7E-004
 Subtract prev contribs II (Rk)          5.9E-004
 Two-electron integrals                  3.1E-003
 Reallocation                            1.8E-003

 Step 2 of Cholesky decomposition completed in 1.2E-003 seconds
 Detailed timings in seconds
 Reduced-dimension matrix V    8.4E-004
 V=L*L**T                      2.5E-004
 L**(-1)                       1.3E-004

 Full-dimension Cholesky vectors of the Coulomb matrix will be stored in memory
 Cholesky vectors computed in 2.0E-003 seconds

 ┌─────────────────────────────────────────┐
 │          Self-consistent field          │
 └─────────────────────────────────────────┘

 Atomic orbital basis set
 . . . . . . . . . . . . . . . . . . . . . . . . . . . . . . . . . . . . . . 
 atomic centers                               1
 shell parameter sets                         10
 spherical AOs                                24
 max angular momentum                         2
 parameter set                                ../../../../basis-sets/bse/def2-svpd.txt
 . . . . . . . . . . . . . . . . . . . . . . . . . . . . . . . . . . . . . . 
 SCF guess: bare nuclei Hamiltonian
 Starting self-consistent field iterations (spin-unrestricted)
 Alpha electrons: 9
 Beta electrons: 6
 ----------------------------------------------------------------------------
 Exchange-correlation: Hartree-Fock
 ----------------------------------------------------------------------------
 Replicated-data parallel SCF
 ----------------------------
 Processes                               1
 Threads/process                         16
 Allocated 1.1E-004 GiB of scratch space for the KS matrix build
 ----------------------------------------------------------------------------
 Spherical harmonic basis contains 24 vectors
 Linear independence thresh: Eig(S) > 1.0E-006
 Computations will be carried out in the space of 24 MOs
 Threshold for J, K: |Rho(r,s)*(pq|rs)|,|Rho(q,s)*(pq|rs)| > 1.0E-011
 Convergence conditions
 ----------------------
 RhoDiff < 1.0E-006
 OrbGrad < 1.0E-006
 Max number of macroiters: 1024
 ------------------------------------------------------------------------------
 #           Energy        EDiff    RhoDiff  OrbGrad  OrbShift NStored Time     
 ------------------------------------------------------------------------------
 0          -63.7723109633                                        0    1.9E-002 
 1         -338.0324794647           4.7E+01                      0    1.3E-002 
 2         -340.3410673835 -2.3E+00  5.0E+00  7.2E-01  6.2E-01    1    1.6E-002 
 3         -340.5919522879 -2.5E-01  1.0E+00  2.2E-01  0.0E+00    2    1.4E-002 
 4         -340.5971085523 -5.2E-03  1.4E-01  4.6E-02  0.0E+00    3    1.4E-002 
 5         -340.5980295029 -9.2E-04  7.9E-02  1.4E-02  0.0E+00    4    1.4E-002 
 6         -340.5980383258 -8.8E-06  5.7E-03  1.6E-03  0.0E+00    5    1.4E-002 
 7         -340.5980384786 -1.5E-07  8.1E-04  2.0E-04  0.0E+00    6    1.5E-002 
 8         -340.5980384788 -2.9E-10  3.2E-05  8.1E-06  0.0E+00    7    1.5E-002 
 9         -340.5980384789 -6.7E-12  7.8E-06  1.8E-06  0.0E+00    8    1.5E-002 
 10        -340.5980384789 -4.0E-13  1.8E-06  4.2E-07  0.0E+00    8    1.5E-002 
 Skipping trust radius update
 11        -340.5980384789  0.0E+00  4.1E-07  9.5E-08  0.0E+00    8    1.5E-002 
 ------------------------------------------------------------------------------
 SCF converged
 Converged energy                        -340.598038478853   
 ------------------------------------------------------------------------------
 Ehomo(Alpha) [eV]                       -10.582585863494    
 Elumo(Alpha) [eV]                       3.293701380035      
 Ehomo(Beta) [eV]                        -14.894350521441    
 Elumo(Beta) [eV]                        1.973697798326      

 dipole moment (Debye)
        x              y              z       
     -1.517E-015     1.392E-015    -3.687E-015

 traceless quadrupole moment (Debye*Angs)
                       x              y              z       
 x                  -6.966E-008     7.689E-008     2.125E-008
 y                   7.689E-008     8.475E-008     2.508E-008
 z                   2.125E-008     2.508E-008    -1.509E-008

 ----------------------------------------------------------------------------
 Timings (seconds)
 * mean-field hamiltonian     1.6E-001
 * solver (setting up eqns)   2.6E-003
 * solver (energy estimate)   4.2E-003
 * solver (orthogonalization) 5.5E-004
 * solver (rotation matrix X) 6.5E-003
 * solver (exponential of X)  1.1E-003
 * solver (total)             1.6E-002
 * total SCF                  1.8E-001
 Atomic guess: P, ../../../../basis-sets/bse/def2-svpd.txt
 ---------------------------------------------------------
 E(HF) [a.u.]                            -3.4059803848E+002
 Tr(RhoAvg S), Cartesian AOs              1.5000000000E+001
 Tr(RhoAvg S), spherical AOs              1.5000000000E+001
 max|T RhoAvg T**T - RhoAvg_sao|                  2.22E-016
 max|c(RhoAvg) - c(Rho)|                          4.44E-016
 max|RhoAvg - Rho|                                1.08E-008
 Saved /mnt/storage_6/project_data/pl0415-03/marcin/beyond-rpa/guess/electron-densities/bse/def2-svpd/p.txt
 ----------------------------------------------------------------------------
                              SCF for S (2S+1=3)                             
 ----------------------------------------------------------------------------
 NUMBER OF ATOMS                         1
 CHARGE                                  0
 Prescreening (pq|pq) integrals for the Cholesky decomposition
 Shell pairs will be sorted according to their max elements
 Max diagonal integral MaxDrs=9.8E+000
 Applying Eq. 15 in J. Chem. Phys. 150, 194112 (2019); doi: 10.1063/1.5083802
 Schwarz inequality: Dpq<min(10**(-8),Tau)**2/MaxDrs=1.0E-017
 Trace of exact Coulomb matrix: 3.9E+001
 Trace of discarded integrals: 0.0E+000
 Discarded 0 out of 66 shell pairs
 (0 out of 378 orbital pairs)

 Step 1 of Cholesky decomposition: locating pivots
 -------------------------------------------------
 Dimensions of the Coulomb matrix: (378,378)
 Threshold for diagonal matrix elements: Dpq > 1.0E-007
 Max number of Cholesky vectors: 378
 Rk storage block size: 500
 Max dimension of 2e integrals buffer: (378,378)

 ----------------------------------------------------------------------------
 #    Dmax        Memory (MB)    NPivots     %    Time        
 ----------------------------------------------------------------------------
 1    7.8E-002    2.5E+000       16          6    2.7E-003    
 2    5.3E-004    2.4E+000       107         44   3.5E-003    
 3    4.2E-006    1.6E+000       143         80   1.4E-003    
 4    5.5E-008    6.5E-001       178         100  6.6E-004    

 Step 1 of the Cholesky decomposition completed
 Computed 178 pivots
 Largest residual Dpq: 5.5E-008
 NCholesky/NAO = 6.6E+000
 Step 1 of Cholesky decomposition completed in 8.7E-003 seconds
 Detailed timings in seconds
 Subtract prev contribs I (M-R**T*R)     1.3E-003
 Subtract prev contribs II (Rk)          2.2E-003
 Two-electron integrals                  3.7E-003
 Reallocation                            3.7E-004

 Step 2 of Cholesky decomposition completed in 1.3E-003 seconds
 Detailed timings in seconds
 Reduced-dimension matrix V    7.2E-004
 V=L*L**T                      3.2E-004
 L**(-1)                       2.2E-004

 Full-dimension Cholesky vectors of the Coulomb matrix will be stored in memory
 Cholesky vectors computed in 2.0E-003 seconds

 ┌─────────────────────────────────────────┐
 │          Self-consistent field          │
 └─────────────────────────────────────────┘

 Atomic orbital basis set
 . . . . . . . . . . . . . . . . . . . . . . . . . . . . . . . . . . . . . . 
 atomic centers                               1
 shell parameter sets                         11
 spherical AOs                                27
 max angular momentum                         2
 parameter set                                ../../../../basis-sets/bse/def2-svpd.txt
 . . . . . . . . . . . . . . . . . . . . . . . . . . . . . . . . . . . . . . 
 SCF guess: bare nuclei Hamiltonian
 Starting self-consistent field iterations (spin-unrestricted)
 Alpha electrons: 9
 Beta electrons: 7
 ----------------------------------------------------------------------------
 Exchange-correlation: Hartree-Fock
 ----------------------------------------------------------------------------
 Replicated-data parallel SCF
 ----------------------------
 Processes                               1
 Threads/process                         16
 Allocated 1.3E-004 GiB of scratch space for the KS matrix build
 ----------------------------------------------------------------------------
 Spherical harmonic basis contains 27 vectors
 Linear independence thresh: Eig(S) > 1.0E-006
 Computations will be carried out in the space of 27 MOs
 Threshold for J, K: |Rho(r,s)*(pq|rs)|,|Rho(q,s)*(pq|rs)| > 1.0E-011
 Convergence conditions
 ----------------------
 RhoDiff < 1.0E-006
 OrbGrad < 1.0E-006
 Max number of macroiters: 1024
 ------------------------------------------------------------------------------
 #           Energy        EDiff    RhoDiff  OrbGrad  OrbShift NStored Time     
 ------------------------------------------------------------------------------
 0         -106.4578225322                                        0    5.8E-002 
 1         -394.0244046610           1.1E+01                      0    4.6E-002 
 2         -396.8866830437 -2.9E+00  2.2E+00  1.1E+00  1.0E+00    1    5.6E-002 
 3         -397.3314457295 -4.4E-01  1.0E+00  3.1E-01  0.0E+00    2    5.2E-002 
 4         -397.3704892656 -3.9E-02  1.6E-01  8.4E-02  0.0E+00    3    5.2E-002 
 5         -397.3713861828 -9.0E-04  5.4E-02  1.6E-02  0.0E+00    4    5.0E-002 
 6         -397.3714560853 -7.0E-05  1.1E-02  4.0E-03  0.0E+00    5    5.2E-002 
 7         -397.3714621226 -6.0E-06  2.4E-03  8.1E-04  0.0E+00    6    5.3E-002 
 8         -397.3714622089 -8.6E-08  1.8E-04  1.1E-04  0.0E+00    7    5.1E-002 
 9         -397.3714622113 -2.4E-09  3.0E-05  1.7E-05  0.0E+00    8    5.3E-002 
 10        -397.3714622114 -1.2E-10  3.3E-06  5.6E-06  0.0E+00    8    5.3E-002 
 11        -397.3714622114 -3.2E-11  1.6E-06  1.9E-06  0.0E+00    8    5.3E-002 
 12        -397.3714622115 -4.0E-11  2.8E-06  1.9E-06  0.0E+00    8    5.3E-002 
 13        -397.3714622136 -2.1E-09  1.7E-04  1.9E-06  0.0E+00    8    5.3E-002 
 14        -397.3714622461 -3.3E-08  2.4E-03  1.2E-05  0.0E+00    8    5.1E-002 
 15        -397.3714623036 -5.7E-08  3.3E-03  3.8E-05  1.6E-04    8    6.8E-002 
 16        -397.3714623685 -6.5E-08  4.1E-03  1.6E-05  1.5E-04    8    6.6E-002 
 17        -397.3714624466 -7.8E-08  5.0E-03  1.3E-05  1.4E-04    8    6.8E-002 
 18        -397.3714625443 -9.8E-08  6.2E-03  1.8E-05  1.5E-04    8    6.8E-002 
 19        -397.3714626624 -1.2E-07  7.7E-03  2.5E-05  1.2E-04    8    5.4E-002 
 20        -397.3714628050 -1.4E-07  9.5E-03  3.9E-05  1.0E-04    8    3.4E-002 
 21        -397.3714629747 -1.7E-07  1.2E-02  6.0E-05  8.7E-05    8    3.4E-002 
 22        -397.3714631674 -1.9E-07  1.5E-02  9.0E-05  6.6E-05    8    3.4E-002 
 23        -397.3714633677 -2.0E-07  1.8E-02  1.3E-04  4.7E-05    8    3.8E-002 
 24        -397.3714635405 -1.7E-07  2.4E-03  2.0E-04  0.0E+00    8    1.9E-002 
 25        -397.3714637729 -2.3E-07  1.6E-02  7.3E-05  6.1E-05    8    3.4E-002 
 26        -397.3714640298 -2.6E-07  1.9E-02  1.0E-04  8.4E-05    8    3.4E-002 
 27        -397.3714643246 -2.9E-07  2.0E-02  1.5E-04  1.4E-04    8    3.4E-002 
 28        -397.3714646161 -2.9E-07  2.0E-02  1.6E-04  2.0E-04    8    3.3E-002 
 29        -397.3714649024 -2.9E-07  1.9E-02  1.7E-04  2.5E-04    8    3.3E-002 
 30        -397.3714651844 -2.8E-07  1.9E-02  1.8E-04  2.9E-04    8    3.3E-002 
 31        -397.3714654615 -2.8E-07  1.8E-02  1.8E-04  3.2E-04    8    3.3E-002 
 32        -397.3714657227 -2.6E-07  1.8E-02  1.9E-04  3.2E-04    8    3.3E-002 
 33        -397.3714659402 -2.2E-07  1.7E-02  1.9E-04  1.5E-04    8    3.3E-002 
 34        -397.3714661735 -2.3E-07  1.6E-02  2.1E-04  1.9E-04    8    3.4E-002 
 35        -397.3714663702 -2.0E-07  1.4E-02  2.1E-04  3.0E-05    8    3.4E-002 
 36        -397.3714665729 -2.0E-07  3.0E-03  2.2E-04  0.0E+00    8    1.9E-002 
 37        -397.3714667224 -1.5E-07  1.3E-02  8.4E-05  2.4E-05    8    3.4E-002 
 38        -397.3714668467 -1.2E-07  1.6E-02  1.0E-04  3.7E-05    8    3.4E-002 
 39        -397.3714669858 -1.4E-07  1.7E-02  1.5E-04  6.6E-05    8    3.4E-002 
 40        -397.3714670936 -1.1E-07  1.8E-02  1.5E-04  1.3E-04    8    3.4E-002 
 41        -397.3714671703 -7.7E-08  1.9E-02  1.6E-04  1.9E-04    8    3.3E-002 
 42        -397.3714672225 -5.2E-08  1.9E-02  1.7E-04  2.4E-04    8    3.3E-002 
 43        -397.3714672425 -2.0E-08  2.0E-02  1.7E-04  2.8E-04    8    3.3E-002 
 44        -397.3714672310  1.1E-08  2.0E-02  1.8E-04  2.9E-04    8    3.3E-002 
 44*       -397.3714673000 -5.8E-08  1.4E-02  1.8E-04  1.4E-04    8    3.2E-002 
 45        -397.3714673233 -2.3E-08  1.4E-02  1.4E-04  1.7E-04    8    3.4E-002 
 SCF solver: failed to solve ||X(shift)|| = trust_radius
 46        -397.3714673280 -4.7E-09  1.4E-02  1.1E-04  5.4E-05    8    5.3E-002 
 47        -397.3714673410 -1.3E-08  4.6E-03  7.8E-05  0.0E+00    8    1.8E-002 
 48        -397.3714673545 -1.4E-08  9.6E-03  1.1E-05  2.0E-05    8    3.5E-002 
 49        -397.3714673653 -1.1E-08  9.6E-03  3.6E-05  2.5E-06    8    3.6E-002 
 50        -397.3714673685 -3.3E-09  9.8E-03  3.5E-05  0.0E+00    8    1.9E-002 
 51        -397.3714673717 -3.2E-09  5.7E-03  3.6E-05  0.0E+00    8    1.8E-002 
 52        -397.3714673723 -5.6E-10  6.2E-06  1.2E-05  0.0E+00    8    1.9E-002 
 53        -397.3714673732 -8.9E-10  2.3E-03  4.3E-06  0.0E+00    8    1.8E-002 
 54        -397.3714673735 -3.1E-10  1.4E-03  1.8E-06  0.0E+00    8    1.9E-002 
 55        -397.3714673736 -1.4E-10  1.2E-03  6.4E-07  0.0E+00    8    1.9E-002 
 56        -397.3714673736 -9.1E-13  2.4E-07  5.0E-07  0.0E+00    8    1.9E-002 
 ------------------------------------------------------------------------------
 SCF converged
 Converged energy                        -397.371467373613   
 ------------------------------------------------------------------------------
 Ehomo(Alpha) [eV]                       -11.398185762665    
 Elumo(Alpha) [eV]                       2.536004537518      
 Ehomo(Beta) [eV]                        -10.258201331942    
 Elumo(Beta) [eV]                        -0.094560708662     

 dipole moment (Debye)
        x              y              z       
      5.599E-014     2.226E-014     1.879E-014

 traceless quadrupole moment (Debye*Angs)
                       x              y              z       
 x                   1.612E+000    -5.126E-002    -8.258E-005
 y                  -5.126E-002    -3.224E+000    -7.798E-003
 z                  -8.258E-005    -7.798E-003     1.612E+000

 ----------------------------------------------------------------------------
 Timings (seconds)
 * mean-field hamiltonian     1.6E+000
 * solver (setting up eqns)   1.8E-002
 * solver (energy estimate)   3.4E-002
 * solver (orthogonalization) 2.9E-003
 * solver (rotation matrix X) 5.6E-001
 * solver (exponential of X)  6.6E-003
 * solver (total)             6.3E-001
 * total SCF                  2.3E+000
 Atomic guess: S, ../../../../basis-sets/bse/def2-svpd.txt
 ---------------------------------------------------------
 E(HF) [a.u.]                            -3.9737146737E+002
 Tr(RhoAvg S), Cartesian AOs              1.6000000000E+001
 Tr(RhoAvg S), spherical AOs              1.6000000000E+001
 max|T RhoAvg T**T - RhoAvg_sao|                  8.88E-016
 max|c(RhoAvg) - c(Rho)|                          3.55E-015
 max|RhoAvg - Rho|                                2.63E-001
 Saved /mnt/storage_6/project_data/pl0415-03/marcin/beyond-rpa/guess/electron-densities/bse/def2-svpd/s.txt
 ----------------------------------------------------------------------------
                             SCF for CL (2S+1=2)                             
 ----------------------------------------------------------------------------
 NUMBER OF ATOMS                         1
 CHARGE                                  0
 Prescreening (pq|pq) integrals for the Cholesky decomposition
 Shell pairs will be sorted according to their max elements
 Max diagonal integral MaxDrs=1.0E+001
 Applying Eq. 15 in J. Chem. Phys. 150, 194112 (2019); doi: 10.1063/1.5083802
 Schwarz inequality: Dpq<min(10**(-8),Tau)**2/MaxDrs=9.6E-018
 Trace of exact Coulomb matrix: 4.3E+001
 Trace of discarded integrals: 0.0E+000
 Discarded 0 out of 66 shell pairs
 (0 out of 378 orbital pairs)

 Step 1 of Cholesky decomposition: locating pivots
 -------------------------------------------------
 Dimensions of the Coulomb matrix: (378,378)
 Threshold for diagonal matrix elements: Dpq > 1.0E-007
 Max number of Cholesky vectors: 378
 Rk storage block size: 500
 Max dimension of 2e integrals buffer: (378,378)

 ----------------------------------------------------------------------------
 #    Dmax        Memory (MB)    NPivots     %    Time        
 ----------------------------------------------------------------------------
 1    8.5E-002    2.5E+000       16          6    2.1E-003    
 2    7.7E-004    2.4E+000       107         44   3.4E-003    
 3    4.1E-006    1.7E+000       143         80   1.3E-003    
 4    5.2E-008    6.5E-001       178         100  1.0E-003    

 Step 1 of the Cholesky decomposition completed
 Computed 178 pivots
 Largest residual Dpq: 5.2E-008
 NCholesky/NAO = 6.6E+000
 Step 1 of Cholesky decomposition completed in 8.1E-003 seconds
 Detailed timings in seconds
 Subtract prev contribs I (M-R**T*R)     1.0E-003
 Subtract prev contribs II (Rk)          1.2E-003
 Two-electron integrals                  4.0E-003
 Reallocation                            9.3E-004

 Step 2 of Cholesky decomposition completed in 1.5E-003 seconds
 Detailed timings in seconds
 Reduced-dimension matrix V    9.0E-004
 V=L*L**T                      3.4E-004
 L**(-1)                       2.2E-004

 Full-dimension Cholesky vectors of the Coulomb matrix will be stored in memory
 Cholesky vectors computed in 2.0E-003 seconds

 ┌─────────────────────────────────────────┐
 │          Self-consistent field          │
 └─────────────────────────────────────────┘

 Atomic orbital basis set
 . . . . . . . . . . . . . . . . . . . . . . . . . . . . . . . . . . . . . . 
 atomic centers                               1
 shell parameter sets                         11
 spherical AOs                                27
 max angular momentum                         2
 parameter set                                ../../../../basis-sets/bse/def2-svpd.txt
 . . . . . . . . . . . . . . . . . . . . . . . . . . . . . . . . . . . . . . 
 SCF guess: bare nuclei Hamiltonian
 Starting self-consistent field iterations (spin-unrestricted)
 Alpha electrons: 9
 Beta electrons: 8
 ----------------------------------------------------------------------------
 Exchange-correlation: Hartree-Fock
 ----------------------------------------------------------------------------
 Replicated-data parallel SCF
 ----------------------------
 Processes                               1
 Threads/process                         16
 Allocated 1.3E-004 GiB of scratch space for the KS matrix build
 ----------------------------------------------------------------------------
 Spherical harmonic basis contains 27 vectors
 Linear independence thresh: Eig(S) > 1.0E-006
 Computations will be carried out in the space of 27 MOs
 Threshold for J, K: |Rho(r,s)*(pq|rs)|,|Rho(q,s)*(pq|rs)| > 1.0E-011
 Convergence conditions
 ----------------------
 RhoDiff < 1.0E-006
 OrbGrad < 1.0E-006
 Max number of macroiters: 1024
 ------------------------------------------------------------------------------
 #           Energy        EDiff    RhoDiff  OrbGrad  OrbShift NStored Time     
 ------------------------------------------------------------------------------
 0         -133.8355276766                                        0    4.2E-002 
 1         -454.8375406274           1.1E+01                      0    5.3E-002 
 2         -458.8178904717 -4.0E+00  2.1E+00  1.3E+00  1.3E+00    1    3.7E-002 
 3         -459.2722371752 -4.5E-01  9.2E-01  3.4E-01  0.0E+00    2    3.6E-002 
 4         -459.3256834551 -5.3E-02  1.3E-01  9.9E-02  0.0E+00    3    3.7E-002 
 5         -459.3262141579 -5.3E-04  3.8E-02  1.4E-02  0.0E+00    4    3.7E-002 
 6         -459.3262467433 -3.3E-05  4.4E-03  2.6E-03  0.0E+00    5    5.4E-002 
 7         -459.3262492903 -2.5E-06  1.6E-03  5.1E-04  0.0E+00    6    1.9E-002 
 8         -459.3262493165 -2.6E-08  1.4E-04  5.3E-05  0.0E+00    7    5.4E-002 
 9         -459.3262493186 -2.0E-09  1.6E-05  1.6E-05  0.0E+00    8    3.6E-002 
 10        -459.3262493201 -1.5E-09  1.7E-05  1.6E-05  0.0E+00    8    2.0E-002 
 11        -459.3262493255 -5.4E-09  6.8E-05  1.6E-05  0.0E+00    8    2.0E-002 
 12        -459.3262494176 -9.2E-08  1.1E-03  1.6E-05  0.0E+00    8    3.9E-002 
 13        -459.3262497004 -2.8E-07  3.0E-03  4.2E-05  2.1E-03    8    5.2E-002 
 14        -459.3262500266 -3.3E-07  3.6E-03  2.5E-05  1.8E-03    8    5.0E-002 
 15        -459.3262504162 -3.9E-07  4.3E-03  1.7E-05  1.6E-03    8    3.3E-002 
 16        -459.3262508800 -4.6E-07  5.1E-03  1.7E-05  1.3E-03    8    5.3E-002 
 17        -459.3262514309 -5.5E-07  6.0E-03  1.6E-05  1.0E-03    8    6.8E-002 
 18        -459.3262520826 -6.5E-07  7.2E-03  1.9E-05  8.3E-04    8    6.9E-002 
 19        -459.3262528510 -7.7E-07  8.5E-03  2.8E-05  6.7E-04    8    5.2E-002 
 20        -459.3262537486 -9.0E-07  9.9E-03  4.1E-05  5.5E-04    8    7.1E-002 
 21        -459.3262547810 -1.0E-06  1.2E-02  6.1E-05  4.3E-04    8    5.4E-002 
 22        -459.3262559472 -1.2E-06  1.3E-02  1.0E-04  3.1E-04    8    6.8E-002 
 23        -459.3262572255 -1.3E-06  1.5E-02  1.6E-04  1.9E-04    8    5.3E-002 
 24        -459.3262585497 -1.3E-06  1.7E-02  2.3E-04  7.7E-05    8    5.3E-002 
 25        -459.3262597309 -1.2E-06  1.3E-02  3.3E-04  0.0E+00    8    3.8E-002 
 26        -459.3262609459 -1.2E-06  2.5E-02  2.9E-04  1.5E-04    8    3.5E-002 
 27        -459.3262620751 -1.1E-06  2.8E-02  4.8E-04  2.4E-04    8    7.3E-002 
 28        -459.3262627155 -6.4E-07  2.9E-02  4.9E-04  3.7E-04    8    7.0E-002 
 29        -459.3262629772 -2.6E-07  3.0E-02  5.2E-04  3.3E-04    8    5.2E-002 
 30        -459.3262627793  2.0E-07  3.0E-02  5.3E-04  3.8E-05    8    7.2E-002 
 30*       -459.3262634528 -4.8E-07  2.1E-02  5.3E-04  8.9E-05    8    5.3E-002 
 31        -459.3262636115 -1.6E-07  4.8E-03  2.8E-04  0.0E+00    8    2.0E-002 
 32        -459.3262636922 -8.1E-08  1.8E-02  2.8E-05  0.0E+00    8    5.6E-002 
 33        -459.3262637791 -8.7E-08  5.1E-03  1.6E-04  0.0E+00    8    2.0E-002 
 34        -459.3262637007  7.8E-08  1.5E-02  1.3E-05  2.8E-06    8    7.2E-002 
 34*       -459.3262637798 -6.9E-10  6.7E-06  1.3E-05  0.0E+00    8    3.7E-002 
 35        -459.3262637808 -1.0E-09  9.6E-04  4.0E-06  0.0E+00    8    3.6E-002 
 36        -459.3262637810 -2.6E-10  4.3E-04  8.3E-07  0.0E+00    8    2.0E-002 
 37        -459.3262637813 -2.2E-10  7.8E-04  8.3E-07  0.0E+00    8    3.9E-002 
 38        -459.3262637813 -3.9E-12  5.7E-07  8.2E-07  0.0E+00    8    3.7E-002 
 ------------------------------------------------------------------------------
 SCF converged
 Converged energy                        -459.326263781271   
 ------------------------------------------------------------------------------
 Ehomo(Alpha) [eV]                       -13.764775086763    
 Elumo(Alpha) [eV]                       3.205554740574      
 Ehomo(Beta) [eV]                        -13.103640249420    
 Elumo(Beta) [eV]                        -1.360760086155     

 dipole moment (Debye)
        x              y              z       
      3.114E-014    -8.947E-015    -7.861E-014

 traceless quadrupole moment (Debye*Angs)
                       x              y              z       
 x                   1.933E+000    -3.993E-003     1.223E+000
 y                  -3.993E-003    -1.205E+000    -1.557E-003
 z                   1.223E+000    -1.557E-003    -7.285E-001

 ----------------------------------------------------------------------------
 Timings (seconds)
 * mean-field hamiltonian     1.5E+000
 * solver (setting up eqns)   1.3E-002
 * solver (energy estimate)   2.4E-002
 * solver (orthogonalization) 2.2E-003
 * solver (rotation matrix X) 3.1E-001
 * solver (exponential of X)  5.2E-003
 * solver (total)             3.5E-001
 * total SCF                  1.9E+000
 Atomic guess: CL, ../../../../basis-sets/bse/def2-svpd.txt
 ----------------------------------------------------------
 E(HF) [a.u.]                            -4.5932626378E+002
 Tr(RhoAvg S), Cartesian AOs              1.7000000000E+001
 Tr(RhoAvg S), spherical AOs              1.7000000000E+001
 max|T RhoAvg T**T - RhoAvg_sao|                  8.88E-016
 max|c(RhoAvg) - c(Rho)|                          7.11E-015
 max|RhoAvg - Rho|                                2.11E-001
 Saved /mnt/storage_6/project_data/pl0415-03/marcin/beyond-rpa/guess/electron-densities/bse/def2-svpd/cl.txt
 ----------------------------------------------------------------------------
                                  SCF for AR                                 
 ----------------------------------------------------------------------------
 NUMBER OF ATOMS                         1
 CHARGE                                  0
 Prescreening (pq|pq) integrals for the Cholesky decomposition
 Shell pairs will be sorted according to their max elements
 Max diagonal integral MaxDrs=1.1E+001
 Applying Eq. 15 in J. Chem. Phys. 150, 194112 (2019); doi: 10.1063/1.5083802
 Schwarz inequality: Dpq<min(10**(-8),Tau)**2/MaxDrs=9.1E-018
 Trace of exact Coulomb matrix: 4.6E+001
 Trace of discarded integrals: 0.0E+000
 Discarded 0 out of 66 shell pairs
 (0 out of 378 orbital pairs)

 Step 1 of Cholesky decomposition: locating pivots
 -------------------------------------------------
 Dimensions of the Coulomb matrix: (378,378)
 Threshold for diagonal matrix elements: Dpq > 1.0E-007
 Max number of Cholesky vectors: 378
 Rk storage block size: 500
 Max dimension of 2e integrals buffer: (378,378)

 ----------------------------------------------------------------------------
 #    Dmax        Memory (MB)    NPivots     %    Time        
 ----------------------------------------------------------------------------
 1    9.4E-002    2.5E+000       16          6    2.1E-003    
 2    9.3E-004    2.4E+000       105         39   2.4E-003    
 3    5.9E-006    1.7E+000       140         69   1.5E-003    
 4    7.9E-008    1.0E+000       181         100  1.4E-003    

 Step 1 of the Cholesky decomposition completed
 Computed 181 pivots
 Largest residual Dpq: 7.9E-008
 NCholesky/NAO = 6.7E+000
 Step 1 of Cholesky decomposition completed in 7.8E-003 seconds
 Detailed timings in seconds
 Subtract prev contribs I (M-R**T*R)     1.1E-003
 Subtract prev contribs II (Rk)          9.8E-004
 Two-electron integrals                  4.2E-003
 Reallocation                            5.6E-004

 Step 2 of Cholesky decomposition completed in 1.6E-003 seconds
 Detailed timings in seconds
 Reduced-dimension matrix V    7.2E-004
 V=L*L**T                      6.1E-004
 L**(-1)                       2.5E-004

 Full-dimension Cholesky vectors of the Coulomb matrix will be stored in memory
 Cholesky vectors computed in 2.5E-003 seconds

 ┌─────────────────────────────────────────┐
 │          Self-consistent field          │
 └─────────────────────────────────────────┘

 Atomic orbital basis set
 . . . . . . . . . . . . . . . . . . . . . . . . . . . . . . . . . . . . . . 
 atomic centers                               1
 shell parameter sets                         11
 spherical AOs                                27
 max angular momentum                         2
 parameter set                                ../../../../basis-sets/bse/def2-svpd.txt
 . . . . . . . . . . . . . . . . . . . . . . . . . . . . . . . . . . . . . . 
 SCF guess: bare nuclei Hamiltonian
 Starting self-consistent field iterations (spin-restricted singlet)
 Alpha+beta electrons: 18
 ----------------------------------------------------------------------------
 Exchange-correlation: Hartree-Fock
 ----------------------------------------------------------------------------
 Replicated-data parallel SCF
 ----------------------------
 Processes                               1
 Threads/process                         16
 Allocated 7.3E-005 GiB of scratch space for the KS matrix build
 ----------------------------------------------------------------------------
 Spherical harmonic basis contains 27 vectors
 Linear independence thresh: Eig(S) > 1.0E-006
 Computations will be carried out in the space of 27 MOs
 Threshold for J, K: |Rho(r,s)*(pq|rs)|,|Rho(q,s)*(pq|rs)| > 1.0E-011
 Convergence conditions
 ----------------------
 RhoDiff < 1.0E-006
 OrbGrad < 1.0E-006
 Max number of macroiters: 1024
 ------------------------------------------------------------------------------
 #           Energy        EDiff    RhoDiff  OrbGrad  OrbShift NStored Time     
 ------------------------------------------------------------------------------
 0         -104.2680341945                                        0    1.5E-002 
 1         -520.4115831375           2.1E+01                      0    9.1E-003 
 2         -525.9385643803 -5.5E+00  4.3E+00  8.0E-01  1.6E+00    1    3.0E-002 
 3         -526.4979464838 -5.6E-01  2.0E+00  4.1E-01  0.0E+00    2    2.6E-002 
 4         -526.6311534196 -1.3E-01  2.7E-01  1.5E-01  0.0E+00    3    9.8E-003 
 5         -526.6323423193 -1.2E-03  7.4E-02  1.6E-02  0.0E+00    4    2.6E-002 
 6         -526.6323968180 -5.4E-05  7.0E-03  2.8E-03  0.0E+00    5    2.7E-002 
 7         -526.6323968807 -6.3E-08  3.9E-04  1.3E-04  0.0E+00    6    9.9E-003 
 8         -526.6323968809 -1.3E-10  1.4E-05  5.5E-06  0.0E+00    7    1.0E-002 
 9         -526.6323968809 -4.5E-13  8.9E-07  2.6E-07  0.0E+00    8    1.0E-002 
 ------------------------------------------------------------------------------
 SCF converged
 Converged energy                        -526.632396880870   
 ------------------------------------------------------------------------------
 Ehomo [eV]                              -16.183838097863    
 Elumo [eV]                              3.958943610673      

 dipole moment (Debye)
        x              y              z       
      6.060E-015     4.264E-015    -1.775E-015

 traceless quadrupole moment (Debye*Angs)
                       x              y              z       
 x                   4.682E-007    -1.208E-007     2.357E-007
 y                  -1.208E-007    -3.946E-007     1.271E-007
 z                   2.357E-007     1.271E-007    -7.359E-008

 ----------------------------------------------------------------------------
 Timings (seconds)
 * mean-field hamiltonian     1.6E-001
 * solver (setting up eqns)   1.2E-003
 * solver (energy estimate)   1.4E-003
 * solver (orthogonalization) 2.9E-004
 * solver (rotation matrix X) 3.1E-003
 * solver (exponential of X)  5.4E-004
 * solver (total)             7.1E-003
 * total SCF                  1.7E-001
 Atomic guess: AR, ../../../../basis-sets/bse/def2-svpd.txt
 ----------------------------------------------------------
 E(HF) [a.u.]                            -5.2663239688E+002
 Tr(RhoAvg S), Cartesian AOs              1.8000000000E+001
 Tr(RhoAvg S), spherical AOs              1.8000000000E+001
 max|T RhoAvg T**T - RhoAvg_sao|                  2.16E-032
 max|c(RhoAvg) - c(Rho)|                          4.44E-016
 max|RhoAvg - Rho|                                5.32E-008
 Saved /mnt/storage_6/project_data/pl0415-03/marcin/beyond-rpa/guess/electron-densities/bse/def2-svpd/ar.txt
 ----------------------------------------------------------------------------
                              SCF for K (2S+1=2)                             
 ----------------------------------------------------------------------------
 NUMBER OF ATOMS                         1
 CHARGE                                  0
 Prescreening (pq|pq) integrals for the Cholesky decomposition
 Shell pairs will be sorted according to their max elements
 Max diagonal integral MaxDrs=1.2E+001
 Applying Eq. 15 in J. Chem. Phys. 150, 194112 (2019); doi: 10.1063/1.5083802
 Schwarz inequality: Dpq<min(10**(-8),Tau)**2/MaxDrs=8.6E-018
 Trace of exact Coulomb matrix: 3.8E+001
 Trace of discarded integrals: 0.0E+000
 Discarded 0 out of 66 shell pairs
 (0 out of 378 orbital pairs)

 Step 1 of Cholesky decomposition: locating pivots
 -------------------------------------------------
 Dimensions of the Coulomb matrix: (378,378)
 Threshold for diagonal matrix elements: Dpq > 1.0E-007
 Max number of Cholesky vectors: 378
 Rk storage block size: 500
 Max dimension of 2e integrals buffer: (378,378)

 ----------------------------------------------------------------------------
 #    Dmax        Memory (MB)    NPivots     %    Time        
 ----------------------------------------------------------------------------
 1    1.0E-001    2.5E+000       15          8    2.3E-003    
 2    8.4E-004    2.3E+000       94          42   3.8E-003    
 3    6.7E-006    1.4E+000       150         79   1.2E-003    
 4    8.7E-008    6.4E-001       185         100  8.3E-004    

 Step 1 of the Cholesky decomposition completed
 Computed 185 pivots
 Largest residual Dpq: 8.7E-008
 NCholesky/NAO = 6.9E+000
 Step 1 of Cholesky decomposition completed in 8.5E-003 seconds
 Detailed timings in seconds
 Subtract prev contribs I (M-R**T*R)     1.0E-003
 Subtract prev contribs II (Rk)          1.8E-003
 Two-electron integrals                  4.3E-003
 Reallocation                            5.6E-004

 Step 2 of Cholesky decomposition completed in 2.4E-003 seconds
 Detailed timings in seconds
 Reduced-dimension matrix V    1.4E-003
 V=L*L**T                      7.4E-004
 L**(-1)                       2.6E-004

 Full-dimension Cholesky vectors of the Coulomb matrix will be stored in memory
 Cholesky vectors computed in 5.7E-003 seconds

 ┌─────────────────────────────────────────┐
 │          Self-consistent field          │
 └─────────────────────────────────────────┘

 Atomic orbital basis set
 . . . . . . . . . . . . . . . . . . . . . . . . . . . . . . . . . . . . . . 
 atomic centers                               1
 shell parameter sets                         11
 spherical AOs                                27
 max angular momentum                         2
 parameter set                                ../../../../basis-sets/bse/def2-svpd.txt
 . . . . . . . . . . . . . . . . . . . . . . . . . . . . . . . . . . . . . . 
 SCF guess: bare nuclei Hamiltonian
 Starting self-consistent field iterations (spin-unrestricted)
 Alpha electrons: 10
 Beta electrons: 9
 ----------------------------------------------------------------------------
 Exchange-correlation: Hartree-Fock
 ----------------------------------------------------------------------------
 Replicated-data parallel SCF
 ----------------------------
 Processes                               1
 Threads/process                         16
 Allocated 1.3E-004 GiB of scratch space for the KS matrix build
 ----------------------------------------------------------------------------
 Spherical harmonic basis contains 27 vectors
 Linear independence thresh: Eig(S) > 1.0E-006
 Computations will be carried out in the space of 27 MOs
 Threshold for J, K: |Rho(r,s)*(pq|rs)|,|Rho(q,s)*(pq|rs)| > 1.0E-011
 Convergence conditions
 ----------------------
 RhoDiff < 1.0E-006
 OrbGrad < 1.0E-006
 Max number of macroiters: 1024
 ------------------------------------------------------------------------------
 #           Energy        EDiff    RhoDiff  OrbGrad  OrbShift NStored Time     
 ------------------------------------------------------------------------------
 0          -99.6296331698                                        0    4.3E-002 
 1         -598.2667653203           4.5E+00                      0    1.9E-002 
 2         -598.6831103062 -4.2E-01  5.8E-01  2.1E-01  4.5E-01    1    3.9E-002 
 3         -598.8608924174 -1.8E-01  4.7E-01  2.3E-01  2.2E-01    2    1.9E-002 
 4         -598.8878500180 -2.7E-02  2.9E-01  1.1E-01  6.7E-02    3    2.0E-002 
 5         -598.8881473346 -3.0E-04  3.0E-02  1.2E-02  4.2E-02    4    2.0E-002 
 6         -598.8881491921 -1.9E-06  2.0E-03  8.0E-04  4.2E-02    5    4.0E-002 
 7         -598.8882002516 -5.1E-05  1.8E-02  1.9E-04  4.3E-02    6    4.0E-002 
 8         -598.8883885901 -1.9E-04  1.4E-02  2.9E-03  3.2E-01    7    4.8E-002 
 9         -598.8888039482 -4.2E-04  1.3E-02  6.2E-03  4.7E-01    8    5.1E-002 
 10        -598.8895758303 -7.7E-04  1.7E-02  1.0E-02  5.7E-01    8    3.4E-002 
 11        -598.8908947607 -1.3E-03  2.2E-02  1.5E-02  6.6E-01    8    5.5E-002 
 12        -598.8930361759 -2.1E-03  2.7E-02  2.0E-02  7.4E-01    8    5.5E-002 
 13        -598.8963911721 -3.4E-03  3.3E-02  2.6E-02  7.9E-01    8    3.6E-002 
 14        -598.9015050146 -5.1E-03  3.8E-02  3.3E-02  8.3E-01    8    5.6E-002 
 15        -598.9091238522 -7.6E-03  4.4E-02  4.1E-02  8.5E-01    8    3.5E-002 
 16        -598.9201751117 -1.1E-02  5.0E-02  4.7E-02  8.5E-01    8    5.4E-002 
 17        -598.9357633340 -1.6E-02  7.0E-02  5.1E-02  8.2E-01    8    5.2E-002 
 18        -598.9569575885 -2.1E-02  9.5E-02  6.6E-02  7.7E-01    8    5.2E-002 
 19        -598.9843002961 -2.7E-02  1.2E-01  8.3E-02  6.7E-01    8    5.2E-002 
 20        -599.0167175584 -3.2E-02  1.5E-01  9.2E-02  5.4E-01    8    3.2E-002 
 21        -599.0498417448 -3.3E-02  1.5E-01  8.8E-02  3.5E-01    8    6.9E-002 
 22        -599.0738100067 -2.4E-02  1.6E-01  6.7E-02  1.3E-01    8    4.7E-002 
 23        -599.0775279221 -3.7E-03  1.1E-01  2.6E-02  0.0E+00    8    3.8E-002 
 24        -599.0775317395 -3.8E-06  3.4E-03  7.6E-04  0.0E+00    8    8.5E-002 
 25        -599.0775317561 -1.7E-08  1.5E-04  4.9E-05  0.0E+00    8    7.9E-002 
 26        -599.0775317583 -2.3E-09  6.3E-05  1.4E-05  0.0E+00    8    2.1E-002 
 27        -599.0775317585 -1.8E-10  1.8E-05  5.8E-06  0.0E+00    8    2.1E-002 
 28        -599.0775317585 -4.1E-12  4.4E-06  8.3E-07  0.0E+00    8    2.1E-002 
 29        -599.0775317585 -2.3E-13  6.0E-07  2.1E-07  0.0E+00    8    5.6E-002 
 ------------------------------------------------------------------------------
 SCF converged
 Converged energy                        -599.077531758538   
 ------------------------------------------------------------------------------
 Ehomo(Alpha) [eV]                       -3.988361290463     
 Elumo(Alpha) [eV]                       0.402341697731      
 Ehomo(Beta) [eV]                        -25.978197117409    
 Elumo(Beta) [eV]                        0.232928935519      

 dipole moment (Debye)
        x              y              z       
     -5.124E-012    -3.091E-011    -4.699E-012

 traceless quadrupole moment (Debye*Angs)
                       x              y              z       
 x                   1.739E-006    -2.294E-007    -2.292E-014
 y                  -2.294E-007     1.739E-006    -6.294E-014
 z                  -2.292E-014    -6.294E-014    -3.477E-006

 ----------------------------------------------------------------------------
 Timings (seconds)
 * mean-field hamiltonian     1.0E+000
 * solver (setting up eqns)   9.5E-003
 * solver (energy estimate)   1.7E-002
 * solver (orthogonalization) 1.9E-003
 * solver (rotation matrix X) 2.2E-001
 * solver (exponential of X)  4.2E-003
 * solver (total)             2.5E-001
 * total SCF                  1.3E+000
 Atomic guess: K, ../../../../basis-sets/bse/def2-svpd.txt
 ---------------------------------------------------------
 E(HF) [a.u.]                            -5.9907753176E+002
 Tr(RhoAvg S), Cartesian AOs              1.9000000000E+001
 Tr(RhoAvg S), spherical AOs              1.9000000000E+001
 max|T RhoAvg T**T - RhoAvg_sao|                  8.88E-016
 max|c(RhoAvg) - c(Rho)|                          4.55E-013
 max|RhoAvg - Rho|                                1.41E-007
 Saved /mnt/storage_6/project_data/pl0415-03/marcin/beyond-rpa/guess/electron-densities/bse/def2-svpd/k.txt
 ----------------------------------------------------------------------------
                                  SCF for CA                                 
 ----------------------------------------------------------------------------
 NUMBER OF ATOMS                         1
 CHARGE                                  0
 Prescreening (pq|pq) integrals for the Cholesky decomposition
 Shell pairs will be sorted according to their max elements
 Max diagonal integral MaxDrs=1.2E+001
 Applying Eq. 15 in J. Chem. Phys. 150, 194112 (2019); doi: 10.1063/1.5083802
 Schwarz inequality: Dpq<min(10**(-8),Tau)**2/MaxDrs=8.2E-018
 Trace of exact Coulomb matrix: 4.2E+001
 Trace of discarded integrals: 0.0E+000
 Discarded 0 out of 66 shell pairs
 (0 out of 378 orbital pairs)

 Step 1 of Cholesky decomposition: locating pivots
 -------------------------------------------------
 Dimensions of the Coulomb matrix: (378,378)
 Threshold for diagonal matrix elements: Dpq > 1.0E-007
 Max number of Cholesky vectors: 378
 Rk storage block size: 500
 Max dimension of 2e integrals buffer: (378,378)

 ----------------------------------------------------------------------------
 #    Dmax        Memory (MB)    NPivots     %    Time        
 ----------------------------------------------------------------------------
 1    1.1E-001    2.5E+000       16          6    4.1E-003    
 2    7.8E-004    2.3E+000       108         46   1.5E-002    
 3    7.2E-006    1.4E+000       145         70   2.3E-003    
 4    8.7E-008    8.8E-001       198         100  3.0E-003    

 Step 1 of the Cholesky decomposition completed
 Computed 198 pivots
 Largest residual Dpq: 8.7E-008
 NCholesky/NAO = 7.3E+000
 Step 1 of Cholesky decomposition completed in 2.5E-002 seconds
 Detailed timings in seconds
 Subtract prev contribs I (M-R**T*R)     6.8E-003
 Subtract prev contribs II (Rk)          2.5E-003
 Two-electron integrals                  1.0E-002
 Reallocation                            4.3E-003

 Step 2 of Cholesky decomposition completed in 4.2E-003 seconds
 Detailed timings in seconds
 Reduced-dimension matrix V    2.6E-003
 V=L*L**T                      1.3E-003
 L**(-1)                       3.1E-004

 Full-dimension Cholesky vectors of the Coulomb matrix will be stored in memory
 Cholesky vectors computed in 6.6E-003 seconds

 ┌─────────────────────────────────────────┐
 │          Self-consistent field          │
 └─────────────────────────────────────────┘

 Atomic orbital basis set
 . . . . . . . . . . . . . . . . . . . . . . . . . . . . . . . . . . . . . . 
 atomic centers                               1
 shell parameter sets                         11
 spherical AOs                                27
 max angular momentum                         2
 parameter set                                ../../../../basis-sets/bse/def2-svpd.txt
 . . . . . . . . . . . . . . . . . . . . . . . . . . . . . . . . . . . . . . 
 SCF guess: bare nuclei Hamiltonian
 Starting self-consistent field iterations (spin-restricted singlet)
 Alpha+beta electrons: 20
 ----------------------------------------------------------------------------
 Exchange-correlation: Hartree-Fock
 ----------------------------------------------------------------------------
 Replicated-data parallel SCF
 ----------------------------
 Processes                               1
 Threads/process                         16
 Allocated 7.3E-005 GiB of scratch space for the KS matrix build
 ----------------------------------------------------------------------------
 Spherical harmonic basis contains 27 vectors
 Linear independence thresh: Eig(S) > 1.0E-006
 Computations will be carried out in the space of 27 MOs
 Threshold for J, K: |Rho(r,s)*(pq|rs)|,|Rho(q,s)*(pq|rs)| > 1.0E-011
 Convergence conditions
 ----------------------
 RhoDiff < 1.0E-006
 OrbGrad < 1.0E-006
 Max number of macroiters: 1024
 ------------------------------------------------------------------------------
 #           Energy        EDiff    RhoDiff  OrbGrad  OrbShift NStored Time     
 ------------------------------------------------------------------------------
 0         -247.9753381116                                        0    3.3E-002 
 1         -675.4803560706           8.5E+00                      0    2.8E-002 
 2         -676.1891572014 -7.1E-01  6.8E-01  2.9E-01  3.8E-01    1    2.8E-002 
 3         -676.4464922333 -2.6E-01  1.4E+00  1.6E-01  1.7E-01    2    1.1E-002 
 4         -676.6025200890 -1.6E-01  9.5E-01  6.3E-02  1.1E-02    3    1.3E-002 
 5         -676.6592351619 -5.7E-02  1.1E+00  4.3E-02  0.0E+00    4    1.0E-002 
 6         -676.6606359950 -1.4E-03  1.7E-01  1.1E-02  0.0E+00    5    3.5E-002 
 7         -676.6608283827 -1.9E-04  4.2E-02  4.3E-03  0.0E+00    6    1.2E-002 
 8         -676.6608385258 -1.0E-05  7.3E-03  5.5E-04  0.0E+00    7    2.8E-002 
 9         -676.6608393389 -8.1E-07  3.2E-03  1.6E-04  0.0E+00    8    2.9E-002 
 10        -676.6608393805 -4.2E-08  5.9E-04  4.7E-05  0.0E+00    8    1.1E-002 
 11        -676.6608393824 -1.8E-09  6.2E-05  1.9E-05  0.0E+00    8    2.9E-002 
 12        -676.6608393825 -9.9E-11  1.2E-05  4.8E-06  0.0E+00    8    1.3E-002 
 13        -676.6608393825 -5.1E-12  3.1E-06  9.5E-07  0.0E+00    8    1.5E-002 
 14        -676.6608393825 -1.1E-13  4.1E-07  1.1E-07  0.0E+00    8    1.5E-002 
 ------------------------------------------------------------------------------
 SCF converged
 Converged energy                        -676.660839382472   
 ------------------------------------------------------------------------------
 Ehomo [eV]                              -5.309939568408     
 Elumo [eV]                              0.579008400477      

 dipole moment (Debye)
        x              y              z       
      2.556E-014    -4.036E-014    -3.463E-014

 traceless quadrupole moment (Debye*Angs)
                       x              y              z       
 x                   3.684E-007    -1.633E-008     8.309E-008
 y                  -1.633E-008    -4.957E-008    -6.518E-008
 z                   8.309E-008    -6.518E-008    -3.189E-007

 ----------------------------------------------------------------------------
 Timings (seconds)
 * mean-field hamiltonian     2.9E-001
 * solver (setting up eqns)   2.1E-003
 * solver (energy estimate)   3.7E-003
 * solver (orthogonalization) 1.4E-003
 * solver (rotation matrix X) 7.7E-003
 * solver (exponential of X)  1.0E-003
 * solver (total)             1.7E-002
 * total SCF                  3.1E-001
 Atomic guess: CA, ../../../../basis-sets/bse/def2-svpd.txt
 ----------------------------------------------------------
 E(HF) [a.u.]                            -6.7666083938E+002
 Tr(RhoAvg S), Cartesian AOs              2.0000000000E+001
 Tr(RhoAvg S), spherical AOs              2.0000000000E+001
 max|T RhoAvg T**T - RhoAvg_sao|                  1.11E-016
 max|c(RhoAvg) - c(Rho)|                          1.11E-016
 max|RhoAvg - Rho|                                1.71E-008
 Saved /mnt/storage_6/project_data/pl0415-03/marcin/beyond-rpa/guess/electron-densities/bse/def2-svpd/ca.txt
 ----------------------------------------------------------------------------
                             SCF for SC (2S+1=2)                             
 ----------------------------------------------------------------------------
 NUMBER OF ATOMS                         1
 CHARGE                                  0
 Prescreening (pq|pq) integrals for the Cholesky decomposition
 Shell pairs will be sorted according to their max elements
 Max diagonal integral MaxDrs=1.3E+001
 Applying Eq. 15 in J. Chem. Phys. 150, 194112 (2019); doi: 10.1063/1.5083802
 Schwarz inequality: Dpq<min(10**(-8),Tau)**2/MaxDrs=7.8E-018
 Trace of exact Coulomb matrix: 5.2E+001
 Trace of discarded integrals: 0.0E+000
 Discarded 0 out of 78 shell pairs
 (0 out of 595 orbital pairs)

 Step 1 of Cholesky decomposition: locating pivots
 -------------------------------------------------
 Dimensions of the Coulomb matrix: (595,595)
 Threshold for diagonal matrix elements: Dpq > 1.0E-007
 Max number of Cholesky vectors: 510
 Rk storage block size: 500
 Max dimension of 2e integrals buffer: (595,595)

 ----------------------------------------------------------------------------
 #    Dmax        Memory (MB)    NPivots     %    Time        
 ----------------------------------------------------------------------------
 1    1.2E-001    4.8E+000       16          5    1.7E-002    
 2    1.2E-003    4.6E+000       150         35   1.7E-002    
 3    1.0E-005    3.7E+000       211         70   8.8E-003    
 4    9.8E-008    2.5E+000       265         100  9.0E-003    

 Step 1 of the Cholesky decomposition completed
 Computed 265 pivots
 Largest residual Dpq: 9.8E-008
 NCholesky/NAO = 7.8E+000
 Step 1 of Cholesky decomposition completed in 5.2E-002 seconds
 Detailed timings in seconds
 Subtract prev contribs I (M-R**T*R)     1.3E-003
 Subtract prev contribs II (Rk)          3.6E-003
 Two-electron integrals                  4.6E-002
 Reallocation                            5.7E-004

 Step 2 of Cholesky decomposition completed in 8.8E-003 seconds
 Detailed timings in seconds
 Reduced-dimension matrix V    4.3E-003
 V=L*L**T                      1.3E-003
 L**(-1)                       3.2E-003

 Full-dimension Cholesky vectors of the Coulomb matrix will be stored in memory
 Cholesky vectors computed in 1.2E-002 seconds

 ┌─────────────────────────────────────────┐
 │          Self-consistent field          │
 └─────────────────────────────────────────┘

 Atomic orbital basis set
 . . . . . . . . . . . . . . . . . . . . . . . . . . . . . . . . . . . . . . 
 atomic centers                               1
 shell parameter sets                         12
 spherical AOs                                34
 max angular momentum                         3
 parameter set                                ../../../../basis-sets/bse/def2-svpd.txt
 . . . . . . . . . . . . . . . . . . . . . . . . . . . . . . . . . . . . . . 
 SCF guess: bare nuclei Hamiltonian
 Starting self-consistent field iterations (spin-unrestricted)
 Alpha electrons: 11
 Beta electrons: 10
 ----------------------------------------------------------------------------
 Exchange-correlation: Hartree-Fock
 ----------------------------------------------------------------------------
 Replicated-data parallel SCF
 ----------------------------
 Processes                               1
 Threads/process                         16
 Allocated 2.3E-004 GiB of scratch space for the KS matrix build
 ----------------------------------------------------------------------------
 Spherical harmonic basis contains 34 vectors
 Linear independence thresh: Eig(S) > 1.0E-006
 Computations will be carried out in the space of 34 MOs
 Threshold for J, K: |Rho(r,s)*(pq|rs)|,|Rho(q,s)*(pq|rs)| > 1.0E-011
 Convergence conditions
 ----------------------
 RhoDiff < 1.0E-006
 OrbGrad < 1.0E-006
 Max number of macroiters: 1024
 ------------------------------------------------------------------------------
 #           Energy        EDiff    RhoDiff  OrbGrad  OrbShift NStored Time     
 ------------------------------------------------------------------------------
 0         -220.5363597990                                        0    1.8E-002 
 1         -757.4995952372           4.2E+00                      0    1.1E-002 
 2         -758.9446892497 -1.4E+00  4.3E-01  3.6E-01  7.6E-01    1    1.1E-002 
 3         -759.3889288238 -4.4E-01  7.6E-01  2.9E-01  3.2E-01    2    1.2E-002 
 4         -759.5155608267 -1.3E-01  3.5E-01  9.7E-02  0.0E+00    3    1.2E-002 
 5         -759.5607334430 -4.5E-02  4.3E-01  6.3E-02  0.0E+00    4    1.2E-002 
 6         -759.5723036229 -1.2E-02  1.8E-01  2.1E-02  0.0E+00    5    1.2E-002 
 7         -759.6177417227 -4.5E-02  6.5E-01  2.4E-02  4.4E-02    6    1.4E-002 
 8         -759.6261792590 -8.4E-03  2.1E-01  2.9E-02  0.0E+00    7    1.2E-002 
 9         -759.6280650155 -1.9E-03  1.0E-01  1.2E-02  0.0E+00    8    1.2E-002 
 10        -759.6286828428 -6.2E-04  2.3E-02  4.4E-03  0.0E+00    8    1.2E-002 
 11        -759.6287583598 -7.6E-05  1.0E-02  3.6E-03  0.0E+00    8    1.2E-002 
 12        -759.6287683743 -1.0E-05  2.7E-03  1.4E-03  0.0E+00    8    1.2E-002 
 13        -759.6287693789 -1.0E-06  1.7E-03  2.0E-04  0.0E+00    8    1.2E-002 
 14        -759.6287696739 -3.0E-07  9.1E-04  1.0E-04  0.0E+00    8    1.2E-002 
 15        -759.6287697190 -4.5E-08  2.0E-04  5.1E-05  0.0E+00    8    1.2E-002 
 16        -759.6287697227 -3.7E-09  8.7E-05  1.5E-05  0.0E+00    8    1.2E-002 
 17        -759.6287697236 -8.9E-10  7.5E-05  5.0E-06  0.0E+00    8    1.2E-002 
 18        -759.6287697239 -3.0E-10  2.2E-05  2.7E-06  0.0E+00    8    1.2E-002 
 19        -759.6287697239 -3.7E-11  2.1E-05  1.3E-06  0.0E+00    8    1.2E-002 
 20        -759.6287697239 -2.5E-12  5.2E-06  4.0E-07  0.0E+00    8    1.2E-002 
 21        -759.6287697239 -5.7E-13  1.8E-06  1.2E-07  0.0E+00    8    1.2E-002 
 Skipping trust radius update
 22        -759.6287697239 -1.1E-13  4.7E-07  6.5E-08  0.0E+00    8    1.2E-002 
 ------------------------------------------------------------------------------
 SCF converged
 Converged energy                        -759.628769723911   
 ------------------------------------------------------------------------------
 Ehomo(Alpha) [eV]                       -5.858022426582     
 Elumo(Alpha) [eV]                       0.671852314114      
 Ehomo(Beta) [eV]                        -5.547223228886     
 Elumo(Beta) [eV]                        0.600943689155      

 dipole moment (Debye)
        x              y              z       
      1.046E-014    -1.412E-014    -1.887E-014

 traceless quadrupole moment (Debye*Angs)
                       x              y              z       
 x                   3.086E-001     1.224E-001     4.713E-001
 y                   1.224E-001    -3.145E-001     8.921E-002
 z                   4.713E-001     8.921E-002     5.852E-003

 ----------------------------------------------------------------------------
 Timings (seconds)
 * mean-field hamiltonian     2.6E-001
 * solver (setting up eqns)   6.4E-003
 * solver (energy estimate)   1.9E-003
 * solver (orthogonalization) 4.2E-004
 * solver (rotation matrix X) 7.4E-003
 * solver (exponential of X)  1.7E-003
 * solver (total)             1.8E-002
 * total SCF                  2.9E-001
 Atomic guess: SC, ../../../../basis-sets/bse/def2-svpd.txt
 ----------------------------------------------------------
 E(HF) [a.u.]                            -7.5962876972E+002
 Tr(RhoAvg S), Cartesian AOs              2.1000000000E+001
 Tr(RhoAvg S), spherical AOs              2.1000000000E+001
 max|T RhoAvg T**T - RhoAvg_sao|                  1.33E-015
 max|c(RhoAvg) - c(Rho)|                          3.55E-015
 max|RhoAvg - Rho|                                2.43E-001
 Saved /mnt/storage_6/project_data/pl0415-03/marcin/beyond-rpa/guess/electron-densities/bse/def2-svpd/sc.txt
 ----------------------------------------------------------------------------
                             SCF for TI (2S+1=3)                             
 ----------------------------------------------------------------------------
 NUMBER OF ATOMS                         1
 CHARGE                                  0
 Prescreening (pq|pq) integrals for the Cholesky decomposition
 Shell pairs will be sorted according to their max elements
 Max diagonal integral MaxDrs=1.3E+001
 Applying Eq. 15 in J. Chem. Phys. 150, 194112 (2019); doi: 10.1063/1.5083802
 Schwarz inequality: Dpq<min(10**(-8),Tau)**2/MaxDrs=7.4E-018
 Trace of exact Coulomb matrix: 5.7E+001
 Trace of discarded integrals: 0.0E+000
 Discarded 0 out of 78 shell pairs
 (0 out of 595 orbital pairs)

 Step 1 of Cholesky decomposition: locating pivots
 -------------------------------------------------
 Dimensions of the Coulomb matrix: (595,595)
 Threshold for diagonal matrix elements: Dpq > 1.0E-007
 Max number of Cholesky vectors: 510
 Rk storage block size: 500
 Max dimension of 2e integrals buffer: (595,595)

 ----------------------------------------------------------------------------
 #    Dmax        Memory (MB)    NPivots     %    Time        
 ----------------------------------------------------------------------------
 1    1.3E-001    4.8E+000       16          5    1.1E-002    
 2    1.1E-003    4.6E+000       156         37   1.6E-002    
 3    9.8E-006    3.7E+000       217         73   1.2E-002    
 4    9.6E-008    1.8E+000       269         100  7.8E-003    

 Step 1 of the Cholesky decomposition completed
 Computed 269 pivots
 Largest residual Dpq: 9.6E-008
 NCholesky/NAO = 7.9E+000
 Step 1 of Cholesky decomposition completed in 4.8E-002 seconds
 Detailed timings in seconds
 Subtract prev contribs I (M-R**T*R)     1.3E-003
 Subtract prev contribs II (Rk)          3.4E-003
 Two-electron integrals                  4.1E-002
 Reallocation                            5.8E-004

 Step 2 of Cholesky decomposition completed in 6.4E-003 seconds
 Detailed timings in seconds
 Reduced-dimension matrix V    5.1E-003
 V=L*L**T                      5.1E-004
 L**(-1)                       7.4E-004

 Full-dimension Cholesky vectors of the Coulomb matrix will be stored in memory
 Cholesky vectors computed in 1.2E-002 seconds

 ┌─────────────────────────────────────────┐
 │          Self-consistent field          │
 └─────────────────────────────────────────┘

 Atomic orbital basis set
 . . . . . . . . . . . . . . . . . . . . . . . . . . . . . . . . . . . . . . 
 atomic centers                               1
 shell parameter sets                         12
 spherical AOs                                34
 max angular momentum                         3
 parameter set                                ../../../../basis-sets/bse/def2-svpd.txt
 . . . . . . . . . . . . . . . . . . . . . . . . . . . . . . . . . . . . . . 
 SCF guess: bare nuclei Hamiltonian
 Starting self-consistent field iterations (spin-unrestricted)
 Alpha electrons: 12
 Beta electrons: 10
 ----------------------------------------------------------------------------
 Exchange-correlation: Hartree-Fock
 ----------------------------------------------------------------------------
 Replicated-data parallel SCF
 ----------------------------
 Processes                               1
 Threads/process                         16
 Allocated 2.3E-004 GiB of scratch space for the KS matrix build
 ----------------------------------------------------------------------------
 Spherical harmonic basis contains 34 vectors
 Linear independence thresh: Eig(S) > 1.0E-006
 Computations will be carried out in the space of 34 MOs
 Threshold for J, K: |Rho(r,s)*(pq|rs)|,|Rho(q,s)*(pq|rs)| > 1.0E-011
 Convergence conditions
 ----------------------
 RhoDiff < 1.0E-006
 OrbGrad < 1.0E-006
 Max number of macroiters: 1024
 ------------------------------------------------------------------------------
 #           Energy        EDiff    RhoDiff  OrbGrad  OrbShift NStored Time     
 ------------------------------------------------------------------------------
 0         -267.5789642390                                        0    1.7E-002 
 1         -845.3422568424           4.1E+00                      0    1.1E-002 
 2         -847.4342341336 -2.1E+00  4.6E-01  4.0E-01  1.0E+00    1    1.2E-002 
 3         -848.0273709375 -5.9E-01  8.4E-01  3.6E-01  4.6E-01    2    1.2E-002 
 4         -848.1640069043 -1.4E-01  2.5E-01  1.2E-01  0.0E+00    3    1.2E-002 
 5         -848.2061412175 -4.2E-02  3.5E-01  7.8E-02  0.0E+00    4    1.2E-002 
 6         -848.2090194160 -2.9E-03  7.2E-02  1.8E-02  0.0E+00    5    1.2E-002 
 7         -848.2116937664 -2.7E-03  4.0E-02  1.8E-02  2.2E-01    6    1.4E-002 
 8         -848.2149061193 -3.2E-03  2.7E-02  1.9E-02  2.7E-01    7    1.4E-002 
 9         -848.2186796913 -3.8E-03  3.2E-02  2.0E-02  2.3E-01    8    1.6E-002 
 10        -848.2229498021 -4.3E-03  3.8E-02  1.9E-02  1.7E-01    8    2.6E-002 
 11        -848.2274691315 -4.5E-03  4.4E-02  1.7E-02  1.2E-01    8    1.6E-002 
 12        -848.2317672653 -4.3E-03  4.5E-02  1.4E-02  7.9E-02    8    1.6E-002 
 13        -848.2358661130 -4.1E-03  1.1E-01  9.3E-03  4.7E-02    8    1.6E-002 
 14        -848.2428636359 -7.0E-03  2.0E-01  9.0E-03  7.5E-02    8    1.6E-002 
 15        -848.2553993322 -1.3E-02  2.4E-01  1.5E-02  1.0E-01    8    1.6E-002 
 16        -848.2702586673 -1.5E-02  1.5E-01  2.0E-02  8.6E-02    8    1.5E-002 
 17        -848.2753462872 -5.1E-03  1.7E-01  1.4E-02  0.0E+00    8    1.2E-002 
 18        -848.2759680729 -6.2E-04  3.9E-02  9.6E-03  0.0E+00    8    1.2E-002 
 19        -848.2761428565 -1.7E-04  1.5E-02  3.5E-03  0.0E+00    8    1.3E-002 
 20        -848.2761608207 -1.8E-05  1.0E-02  1.1E-03  0.0E+00    8    1.2E-002 
 21        -848.2761616305 -8.1E-07  1.9E-03  3.0E-04  0.0E+00    8    1.2E-002 
 22        -848.2761617776 -1.5E-07  7.1E-04  1.2E-04  0.0E+00    8    1.2E-002 
 23        -848.2761617907 -1.3E-08  2.1E-04  3.4E-05  0.0E+00    8    1.2E-002 
 24        -848.2761617932 -2.5E-09  1.9E-05  1.1E-05  0.0E+00    8    1.2E-002 
 25        -848.2761617970 -3.8E-09  5.3E-05  1.2E-05  0.0E+00    8    1.2E-002 
 26        -848.2761618066 -9.6E-09  1.2E-04  1.4E-05  0.0E+00    8    1.2E-002 
 27        -848.2761618100 -3.4E-09  4.8E-05  1.5E-05  0.0E+00    8    1.2E-002 
 28        -848.2761618134 -3.4E-09  2.2E-05  1.9E-05  0.0E+00    8    1.2E-002 
 29        -848.2761618170 -3.6E-09  2.0E-05  2.0E-05  0.0E+00    8    1.2E-002 
 30        -848.2761618209 -3.9E-09  2.2E-05  2.1E-05  0.0E+00    8    1.3E-002 
 31        -848.2761618252 -4.3E-09  2.3E-05  2.2E-05  0.0E+00    8    1.2E-002 
 32        -848.2761618300 -4.8E-09  2.4E-05  2.4E-05  0.0E+00    8    1.3E-002 
 33        -848.2761618352 -5.3E-09  2.5E-05  2.5E-05  0.0E+00    8    1.2E-002 
 34        -848.2761618411 -5.9E-09  2.7E-05  2.7E-05  0.0E+00    8    1.3E-002 
 35        -848.2761618476 -6.5E-09  2.8E-05  2.8E-05  0.0E+00    8    1.3E-002 
 36        -848.2761618549 -7.3E-09  3.0E-05  3.0E-05  0.0E+00    8    1.2E-002 
 37        -848.2761620635 -2.1E-07  5.7E-04  3.2E-05  6.6E-02    8    1.6E-002 
 38        -848.2761624949 -4.3E-07  6.8E-04  5.8E-05  9.1E-02    8    1.6E-002 
 39        -848.2761632736 -7.8E-07  8.1E-04  9.9E-05  1.1E-01    8    1.5E-002 
 40        -848.2761645850 -1.3E-06  9.7E-04  1.4E-04  1.3E-01    8    1.6E-002 
 41        -848.2761667006 -2.1E-06  1.2E-03  1.9E-04  1.4E-01    8    1.6E-002 
 42        -848.2761700177 -3.3E-06  1.4E-03  2.1E-04  1.5E-01    8    1.6E-002 
 43        -848.2761751208 -5.1E-06  1.7E-03  3.6E-04  1.6E-01    8    1.6E-002 
 44        -848.2761828512 -7.7E-06  2.0E-03  4.6E-04  1.7E-01    8    1.6E-002 
 45        -848.2761944427 -1.2E-05  2.4E-03  5.8E-04  1.7E-01    8    1.6E-002 
 46        -848.2762116947 -1.7E-05  2.9E-03  7.2E-04  1.8E-01    8    1.6E-002 
 47        -848.2762371885 -2.5E-05  3.4E-03  8.9E-04  1.8E-01    8    1.6E-002 
 48        -848.2762746216 -3.7E-05  4.0E-03  1.1E-03  1.8E-01    8    1.6E-002 
 49        -848.2763293507 -5.5E-05  4.8E-03  1.2E-03  1.9E-01    8    1.6E-002 
 50        -848.2764090930 -8.0E-05  5.7E-03  1.3E-03  1.9E-01    8    1.6E-002 
 51        -848.2765246106 -1.2E-04  6.8E-03  1.4E-03  1.9E-01    8    1.6E-002 
 52        -848.2766913559 -1.7E-04  8.0E-03  1.8E-03  1.9E-01    8    1.6E-002 
 53        -848.2769305131 -2.4E-04  9.3E-03  2.4E-03  1.9E-01    8    1.6E-002 
 54        -848.2772717620 -3.4E-04  1.1E-02  3.0E-03  1.9E-01    8    1.6E-002 
 55        -848.2777533253 -4.8E-04  1.2E-02  3.9E-03  1.8E-01    8    1.6E-002 
 56        -848.2784255541 -6.7E-04  1.4E-02  4.7E-03  1.8E-01    8    1.6E-002 
 57        -848.2793459314 -9.2E-04  1.7E-02  4.1E-03  1.7E-01    8    1.6E-002 
 58        -848.2805729790 -1.2E-03  2.2E-02  5.7E-03  1.5E-01    8    1.6E-002 
 59        -848.2821377739 -1.6E-03  2.8E-02  6.6E-03  1.3E-01    8    1.6E-002 
 60        -848.2839922926 -1.9E-03  3.6E-02  6.9E-03  1.1E-01    8    1.6E-002 
 61        -848.2859088757 -1.9E-03  4.5E-02  6.3E-03  7.1E-02    8    1.6E-002 
 62        -848.2873042844 -1.4E-03  5.6E-02  5.0E-03  2.7E-02    8    1.6E-002 
 63        -848.2874859006 -1.8E-04  2.8E-02  1.9E-03  0.0E+00    8    1.2E-002 
 64        -848.2874868826 -9.8E-07  1.6E-03  4.7E-04  0.0E+00    8    1.2E-002 
 65        -848.2874868969 -1.4E-08  1.4E-04  3.3E-05  0.0E+00    8    1.2E-002 
 66        -848.2874869078 -1.1E-08  1.4E-04  2.2E-05  0.0E+00    8    1.2E-002 
 67        -848.2874869101 -2.3E-09  3.3E-05  1.1E-05  0.0E+00    8    1.2E-002 
 68        -848.2874869113 -1.2E-09  2.2E-05  1.1E-05  0.0E+00    8    1.2E-002 
 69        -848.2874869132 -1.9E-09  4.7E-05  9.9E-06  0.0E+00    8    1.2E-002 
 70        -848.2874869149 -1.7E-09  5.9E-05  6.7E-06  0.0E+00    8    1.2E-002 
 71        -848.2874869154 -5.4E-10  3.8E-05  2.5E-06  0.0E+00    8    1.2E-002 
 72        -848.2874869155 -1.0E-10  1.7E-05  1.7E-06  0.0E+00    8    1.2E-002 
 73        -848.2874869156 -1.7E-11  3.0E-06  1.3E-06  0.0E+00    8    1.2E-002 
 74        -848.2874869156 -4.1E-12  4.6E-06  3.9E-07  0.0E+00    8    1.3E-002 
 75        -848.2874869156 -6.8E-13  9.8E-07  3.5E-07  0.0E+00    8    1.2E-002 
 ------------------------------------------------------------------------------
 SCF converged
 Converged energy                        -848.287486915555   
 ------------------------------------------------------------------------------
 Ehomo(Alpha) [eV]                       -6.282856841519     
 Elumo(Alpha) [eV]                       0.856373310372      
 Ehomo(Beta) [eV]                        -5.692237762838     
 Elumo(Beta) [eV]                        0.936518588359      

 dipole moment (Debye)
        x              y              z       
     -3.242E-014    -7.850E-014     3.134E-013

 traceless quadrupole moment (Debye*Angs)
                       x              y              z       
 x                   9.269E-006    -5.153E-007     7.934E-007
 y                  -5.153E-007    -2.005E-005     1.209E-006
 z                   7.934E-007     1.209E-006     1.078E-005

 ----------------------------------------------------------------------------
 Timings (seconds)
 * mean-field hamiltonian     8.8E-001
 * solver (setting up eqns)   2.4E-002
 * solver (energy estimate)   9.3E-003
 * solver (orthogonalization) 1.6E-003
 * solver (rotation matrix X) 1.5E-001
 * solver (exponential of X)  5.8E-003
 * solver (total)             1.9E-001
 * total SCF                  1.1E+000
 Atomic guess: TI, ../../../../basis-sets/bse/def2-svpd.txt
 ----------------------------------------------------------
 E(HF) [a.u.]                            -8.4828748692E+002
 Tr(RhoAvg S), Cartesian AOs              2.2000000000E+001
 Tr(RhoAvg S), spherical AOs              2.2000000000E+001
 max|T RhoAvg T**T - RhoAvg_sao|                  4.44E-016
 max|c(RhoAvg) - c(Rho)|                          7.11E-015
 max|RhoAvg - Rho|                                3.60E-001
 Saved /mnt/storage_6/project_data/pl0415-03/marcin/beyond-rpa/guess/electron-densities/bse/def2-svpd/ti.txt
 ----------------------------------------------------------------------------
                              SCF for V (2S+1=4)                             
 ----------------------------------------------------------------------------
 NUMBER OF ATOMS                         1
 CHARGE                                  0
 Prescreening (pq|pq) integrals for the Cholesky decomposition
 Shell pairs will be sorted according to their max elements
 Max diagonal integral MaxDrs=1.4E+001
 Applying Eq. 15 in J. Chem. Phys. 150, 194112 (2019); doi: 10.1063/1.5083802
 Schwarz inequality: Dpq<min(10**(-8),Tau)**2/MaxDrs=7.1E-018
 Trace of exact Coulomb matrix: 6.1E+001
 Trace of discarded integrals: 0.0E+000
 Discarded 0 out of 78 shell pairs
 (0 out of 595 orbital pairs)

 Step 1 of Cholesky decomposition: locating pivots
 -------------------------------------------------
 Dimensions of the Coulomb matrix: (595,595)
 Threshold for diagonal matrix elements: Dpq > 1.0E-007
 Max number of Cholesky vectors: 510
 Rk storage block size: 500
 Max dimension of 2e integrals buffer: (595,595)

 ----------------------------------------------------------------------------
 #    Dmax        Memory (MB)    NPivots     %    Time        
 ----------------------------------------------------------------------------
 1    1.3E-001    4.8E+000       15          5    1.1E-002    
 2    1.2E-003    4.6E+000       156         37   1.7E-002    
 3    1.2E-005    3.7E+000       218         72   8.4E-003    
 4    1.1E-007    2.1E+000       274         98   9.9E-003    
 5    4.8E-008    1.6E-001       280         100  3.8E-004    

 Step 1 of the Cholesky decomposition completed
 Computed 280 pivots
 Largest residual Dpq: 4.8E-008
 NCholesky/NAO = 8.2E+000
 Step 1 of Cholesky decomposition completed in 4.7E-002 seconds
 Detailed timings in seconds
 Subtract prev contribs I (M-R**T*R)     1.5E-003
 Subtract prev contribs II (Rk)          2.3E-003
 Two-electron integrals                  4.1E-002
 Reallocation                            4.6E-004

 Step 2 of Cholesky decomposition completed in 6.0E-003 seconds
 Detailed timings in seconds
 Reduced-dimension matrix V    4.6E-003
 V=L*L**T                      4.1E-004
 L**(-1)                       9.1E-004

 Full-dimension Cholesky vectors of the Coulomb matrix will be stored in memory
 Cholesky vectors computed in 1.3E-002 seconds

 ┌─────────────────────────────────────────┐
 │          Self-consistent field          │
 └─────────────────────────────────────────┘

 Atomic orbital basis set
 . . . . . . . . . . . . . . . . . . . . . . . . . . . . . . . . . . . . . . 
 atomic centers                               1
 shell parameter sets                         12
 spherical AOs                                34
 max angular momentum                         3
 parameter set                                ../../../../basis-sets/bse/def2-svpd.txt
 . . . . . . . . . . . . . . . . . . . . . . . . . . . . . . . . . . . . . . 
 SCF guess: bare nuclei Hamiltonian
 Starting self-consistent field iterations (spin-unrestricted)
 Alpha electrons: 13
 Beta electrons: 10
 ----------------------------------------------------------------------------
 Exchange-correlation: Hartree-Fock
 ----------------------------------------------------------------------------
 Replicated-data parallel SCF
 ----------------------------
 Processes                               1
 Threads/process                         16
 Allocated 2.3E-004 GiB of scratch space for the KS matrix build
 ----------------------------------------------------------------------------
 Spherical harmonic basis contains 34 vectors
 Linear independence thresh: Eig(S) > 1.0E-006
 Computations will be carried out in the space of 34 MOs
 Threshold for J, K: |Rho(r,s)*(pq|rs)|,|Rho(q,s)*(pq|rs)| > 1.0E-011
 Convergence conditions
 ----------------------
 RhoDiff < 1.0E-006
 OrbGrad < 1.0E-006
 Max number of macroiters: 1024
 ------------------------------------------------------------------------------
 #           Energy        EDiff    RhoDiff  OrbGrad  OrbShift NStored Time     
 ------------------------------------------------------------------------------
 0         -322.0270358182                                        0    1.9E-002 
 1         -938.9587145343           4.0E+00                      0    1.3E-002 
 2         -941.5406334716 -2.6E+00  4.3E-01  4.4E-01  1.4E+00    1    1.3E-002 
 3         -942.4060591705 -8.7E-01  4.0E-01  4.6E-01  6.2E-01    2    1.3E-002 
 4         -942.4412451241 -3.5E-02  6.7E-02  1.1E-01  0.0E+00    3    1.3E-002 
 5         -942.4501809049 -8.9E-03  5.3E-02  2.3E-02  8.9E-02    4    1.5E-002 
 6         -942.4682582025 -1.8E-02  6.8E-02  2.6E-02  3.0E-01    5    1.5E-002 
 7         -942.5005120482 -3.2E-02  9.3E-02  4.5E-02  3.9E-01    6    1.6E-002 
 8         -942.5493839387 -4.9E-02  1.3E-01  5.9E-02  4.1E-01    7    1.7E-002 
 9         -942.6055358300 -5.6E-02  1.1E-01  7.6E-02  3.0E-01    8    1.6E-002 
 10        -942.6343895062 -2.9E-02  1.3E-01  6.7E-02  5.2E-02    8    1.6E-002 
 11        -942.6352096629 -8.2E-04  1.0E-02  1.7E-02  0.0E+00    8    1.3E-002 
 12        -942.6353100367 -1.0E-04  6.5E-03  3.4E-03  0.0E+00    8    1.3E-002 
 13        -942.6354146773 -1.0E-04  1.2E-02  2.4E-03  0.0E+00    8    1.3E-002 
 14        -942.6355260742 -1.1E-04  2.0E-02  1.8E-03  0.0E+00    8    1.3E-002 
 15        -942.6356010904 -7.5E-05  1.8E-02  1.4E-03  0.0E+00    8    1.3E-002 
 16        -942.6356565436 -5.5E-05  3.4E-03  1.8E-03  0.0E+00    8    7.3E-002 
 17        -942.6357221251 -6.6E-05  4.2E-03  1.8E-03  0.0E+00    8    7.2E-002 
 18        -942.6358097290 -8.8E-05  5.2E-03  2.0E-03  0.0E+00    8    7.1E-002 
 19        -942.6368240810 -1.0E-03  4.2E-02  2.5E-03  1.0E-01    8    8.0E-002 
 20        -942.6391205427 -2.3E-03  5.5E-02  6.4E-03  1.5E-01    8    8.3E-002 
 21        -942.6435958895 -4.5E-03  5.6E-02  1.2E-02  2.0E-01    8    6.7E-002 
 22        -942.6516336640 -8.0E-03  7.4E-02  1.9E-02  2.5E-01    8    1.7E-002 
 23        -942.6651327189 -1.3E-02  1.0E-01  2.7E-02  2.9E-01    8    1.7E-002 
 24        -942.6859732343 -2.1E-02  1.3E-01  3.5E-02  3.0E-01    8    1.7E-002 
 25        -942.7138913781 -2.8E-02  1.2E-01  3.9E-02  2.8E-01    8    1.7E-002 
 26        -942.7415187709 -2.8E-02  1.3E-01  4.4E-02  1.7E-01    8    1.7E-002 
 27        -942.7507582580 -9.2E-03  1.9E-01  2.6E-02  0.0E+00    8    1.4E-002 
 28        -942.7518123220 -1.1E-03  2.2E-02  1.2E-02  0.0E+00    8    1.4E-002 
 29        -942.7520830810 -2.7E-04  1.8E-02  4.0E-03  0.0E+00    8    1.4E-002 
 30        -942.7523373146 -2.5E-04  2.0E-02  2.7E-03  0.0E+00    8    1.4E-002 
 31        -942.7523914797 -5.4E-05  1.5E-02  1.4E-03  0.0E+00    8    1.4E-002 
 32        -942.7523991299 -7.7E-06  2.4E-03  6.3E-04  0.0E+00    8    1.4E-002 
 33        -942.7524032613 -4.1E-06  1.9E-03  3.9E-04  0.0E+00    8    1.4E-002 
 34        -942.7524050216 -1.8E-06  1.2E-03  2.8E-04  0.0E+00    8    1.4E-002 
 35        -942.7524055018 -4.8E-07  1.1E-03  1.7E-04  0.0E+00    8    1.4E-002 
 36        -942.7524060909 -5.9E-07  9.3E-04  1.3E-04  0.0E+00    8    1.4E-002 
 37        -942.7524063351 -2.4E-07  7.4E-04  7.2E-05  0.0E+00    8    1.4E-002 
 38        -942.7524063564 -2.1E-08  2.0E-04  2.8E-05  0.0E+00    8    1.4E-002 
 39        -942.7524063604 -4.0E-09  6.4E-05  1.5E-05  0.0E+00    8    1.4E-002 
 40        -942.7524063606 -2.3E-10  2.7E-05  2.8E-06  0.0E+00    8    1.4E-002 
 41        -942.7524063607 -4.3E-11  1.6E-05  1.1E-06  0.0E+00    8    1.4E-002 
 42        -942.7524063607 -3.1E-11  4.4E-06  1.1E-06  0.0E+00    8    1.4E-002 
 43        -942.7524063607 -2.0E-11  5.4E-06  9.8E-07  0.0E+00    8    1.4E-002 
 44        -942.7524063607 -8.6E-12  3.9E-06  6.0E-07  0.0E+00    8    1.4E-002 
 45        -942.7524063607 -6.4E-12  5.1E-06  3.9E-07  0.0E+00    8    1.4E-002 
 46        -942.7524063607 -6.8E-13  1.1E-06  1.7E-07  0.0E+00    8    1.4E-002 
 47        -942.7524063607 -4.5E-13  5.9E-07  1.3E-07  0.0E+00    8    1.4E-002 
 ------------------------------------------------------------------------------
 SCF converged
 Converged energy                        -942.752406360749   
 ------------------------------------------------------------------------------
 Ehomo(Alpha) [eV]                       -6.669907203904     
 Elumo(Alpha) [eV]                       0.866833405437      
 Ehomo(Beta) [eV]                        -5.840602111567     
 Elumo(Beta) [eV]                        0.956929208190      

 dipole moment (Debye)
        x              y              z       
      3.843E-012    -4.183E-013    -3.944E-012

 traceless quadrupole moment (Debye*Angs)
                       x              y              z       
 x                   2.086E-006    -1.022E-006    -9.252E-007
 y                  -1.022E-006    -8.529E-007     1.097E-006
 z                  -9.252E-007     1.097E-006    -1.233E-006

 ----------------------------------------------------------------------------
 Timings (seconds)
 * mean-field hamiltonian     9.3E-001
 * solver (setting up eqns)   1.5E-002
 * solver (energy estimate)   9.1E-003
 * solver (orthogonalization) 1.2E-003
 * solver (rotation matrix X) 8.5E-002
 * solver (exponential of X)  4.1E-003
 * solver (total)             1.2E-001
 * total SCF                  1.1E+000
 Atomic guess: V, ../../../../basis-sets/bse/def2-svpd.txt
 ---------------------------------------------------------
 E(HF) [a.u.]                            -9.4275240636E+002
 Tr(RhoAvg S), Cartesian AOs              2.3000000000E+001
 Tr(RhoAvg S), spherical AOs              2.3000000000E+001
 max|T RhoAvg T**T - RhoAvg_sao|                  8.88E-016
 max|c(RhoAvg) - c(Rho)|                          8.88E-016
 max|RhoAvg - Rho|                                4.10E-001
 Saved /mnt/storage_6/project_data/pl0415-03/marcin/beyond-rpa/guess/electron-densities/bse/def2-svpd/v.txt
 ----------------------------------------------------------------------------
                             SCF for CR (2S+1=7)                             
 ----------------------------------------------------------------------------
 NUMBER OF ATOMS                         1
 CHARGE                                  0
 Prescreening (pq|pq) integrals for the Cholesky decomposition
 Shell pairs will be sorted according to their max elements
 Max diagonal integral MaxDrs=1.5E+001
 Applying Eq. 15 in J. Chem. Phys. 150, 194112 (2019); doi: 10.1063/1.5083802
 Schwarz inequality: Dpq<min(10**(-8),Tau)**2/MaxDrs=6.8E-018
 Trace of exact Coulomb matrix: 6.4E+001
 Trace of discarded integrals: 0.0E+000
 Discarded 0 out of 78 shell pairs
 (0 out of 595 orbital pairs)

 Step 1 of Cholesky decomposition: locating pivots
 -------------------------------------------------
 Dimensions of the Coulomb matrix: (595,595)
 Threshold for diagonal matrix elements: Dpq > 1.0E-007
 Max number of Cholesky vectors: 510
 Rk storage block size: 500
 Max dimension of 2e integrals buffer: (595,595)

 ----------------------------------------------------------------------------
 #    Dmax        Memory (MB)    NPivots     %    Time        
 ----------------------------------------------------------------------------
 1    1.4E-001    4.8E+000       16          5    1.0E-002    
 2    1.4E-003    4.6E+000       145         37   1.4E-002    
 3    1.2E-005    3.6E+000       220         69   8.2E-003    
 4    1.2E-007    2.4E+000       280         100  7.5E-003    
 5    4.5E-008    5.9E-002       281         100  1.2E-004    

 Step 1 of the Cholesky decomposition completed
 Computed 281 pivots
 Largest residual Dpq: 4.5E-008
 NCholesky/NAO = 8.3E+000
 Step 1 of Cholesky decomposition completed in 4.0E-002 seconds
 Detailed timings in seconds
 Subtract prev contribs I (M-R**T*R)     1.4E-003
 Subtract prev contribs II (Rk)          2.3E-003
 Two-electron integrals                  3.4E-002
 Reallocation                            4.2E-004

 Step 2 of Cholesky decomposition completed in 5.8E-003 seconds
 Detailed timings in seconds
 Reduced-dimension matrix V    4.6E-003
 V=L*L**T                      4.9E-004
 L**(-1)                       6.5E-004

 Full-dimension Cholesky vectors of the Coulomb matrix will be stored in memory
 Cholesky vectors computed in 1.1E-002 seconds

 ┌─────────────────────────────────────────┐
 │          Self-consistent field          │
 └─────────────────────────────────────────┘

 Atomic orbital basis set
 . . . . . . . . . . . . . . . . . . . . . . . . . . . . . . . . . . . . . . 
 atomic centers                               1
 shell parameter sets                         12
 spherical AOs                                34
 max angular momentum                         3
 parameter set                                ../../../../basis-sets/bse/def2-svpd.txt
 . . . . . . . . . . . . . . . . . . . . . . . . . . . . . . . . . . . . . . 
 SCF guess: bare nuclei Hamiltonian
 Starting self-consistent field iterations (spin-unrestricted)
 Alpha electrons: 15
 Beta electrons: 9
 ----------------------------------------------------------------------------
 Exchange-correlation: Hartree-Fock
 ----------------------------------------------------------------------------
 Replicated-data parallel SCF
 ----------------------------
 Processes                               1
 Threads/process                         16
 Allocated 2.3E-004 GiB of scratch space for the KS matrix build
 ----------------------------------------------------------------------------
 Spherical harmonic basis contains 34 vectors
 Linear independence thresh: Eig(S) > 1.0E-006
 Computations will be carried out in the space of 34 MOs
 Threshold for J, K: |Rho(r,s)*(pq|rs)|,|Rho(q,s)*(pq|rs)| > 1.0E-011
 Convergence conditions
 ----------------------
 RhoDiff < 1.0E-006
 OrbGrad < 1.0E-006
 Max number of macroiters: 1024
 ------------------------------------------------------------------------------
 #           Energy        EDiff    RhoDiff  OrbGrad  OrbShift NStored Time     
 ------------------------------------------------------------------------------
 0         -486.3373299233                                        0    1.9E-002 
 1        -1037.6935649299           4.3E+00                      0    1.3E-002 
 2        -1038.4039442255 -7.1E-01  1.7E-01  4.4E-01  3.4E+00    1    1.3E-002 
 3        -1039.7014280998 -1.3E+00  2.9E-01  3.5E-01  3.5E+00    2    1.4E-002 
 4        -1041.6686208947 -2.0E+00  5.5E-01  1.4E+00  4.7E+00    3    1.5E-002 
 5        -1043.0160840978 -1.3E+00  3.6E-01  1.6E+00  1.1E+00    4    1.5E-002 
 6        -1043.1010682831 -8.5E-02  1.2E-01  1.3E-01  0.0E+00    5    1.4E-002 
 7        -1043.1019492859 -8.8E-04  3.5E-02  1.0E-02  0.0E+00    6    1.4E-002 
 8        -1043.1022457284 -3.0E-04  1.7E-02  8.0E-03  0.0E+00    7    1.4E-002 
 9        -1043.1022899052 -4.4E-05  6.8E-03  2.1E-03  0.0E+00    8    1.4E-002 
 10       -1043.1023423401 -5.2E-05  2.4E-02  1.4E-03  0.0E+00    8    1.4E-002 
 11       -1043.1023448007 -2.5E-06  2.9E-03  6.9E-04  0.0E+00    8    1.4E-002 
 12       -1043.1023448300 -2.9E-08  1.7E-04  5.1E-05  0.0E+00    8    1.4E-002 
 13       -1043.1023448326 -2.5E-09  3.2E-05  1.5E-05  0.0E+00    8    1.4E-002 
 14       -1043.1023448335 -9.1E-10  4.4E-05  5.7E-06  0.0E+00    8    1.4E-002 
 15       -1043.1023448345 -1.0E-09  1.0E-04  4.3E-06  0.0E+00    8    1.4E-002 
 16       -1043.1023448347 -1.6E-10  2.6E-05  3.7E-06  0.0E+00    8    1.4E-002 
 17       -1043.1023448347 -7.7E-12  4.3E-06  1.5E-06  0.0E+00    8    1.4E-002 
 18       -1043.1023448347 -9.8E-12  3.7E-06  5.2E-07  0.0E+00    8    1.4E-002 
 19       -1043.1023448347 -5.8E-11  6.0E-06  9.8E-07  0.0E+00    8    1.4E-002 
 20       -1043.1023448351 -3.6E-10  1.5E-05  2.5E-06  0.0E+00    8    1.4E-002 
 21       -1043.1023448373 -2.3E-09  3.8E-05  6.2E-06  0.0E+00    8    1.4E-002 
 22       -1043.1023448516 -1.4E-08  9.4E-05  1.5E-05  0.0E+00    8    1.4E-002 
 23       -1043.1023449410 -8.9E-08  2.4E-04  3.9E-05  0.0E+00    8    1.4E-002 
 24       -1043.1023454628 -5.2E-07  5.6E-04  9.7E-05  3.4E-03    8    1.4E-002 
 25       -1043.1023467154 -1.3E-06  8.2E-04  2.4E-04  2.3E-01    8    1.8E-002 
 26       -1043.1023490672 -2.4E-06  9.8E-04  4.2E-04  3.0E-01    8    1.9E-002 
 27       -1043.1023531266 -4.1E-06  1.1E-03  6.3E-04  3.5E-01    8    1.8E-002 
 28       -1043.1023597863 -6.7E-06  1.4E-03  8.9E-04  3.9E-01    8    1.9E-002 
 29       -1043.1023703394 -1.1E-05  1.6E-03  1.2E-03  4.2E-01    8    1.8E-002 
 30       -1043.1023866969 -1.6E-05  1.9E-03  1.6E-03  4.5E-01    8    8.5E-002 
 31       -1043.1024116562 -2.5E-05  2.3E-03  2.0E-03  4.8E-01    8    1.1E-001 
 32       -1043.1024492751 -3.8E-05  2.8E-03  2.5E-03  5.0E-01    8    1.1E-001 
 33       -1043.1025054405 -5.6E-05  3.3E-03  3.2E-03  5.1E-01    8    9.7E-002 
 34       -1043.1025886734 -8.3E-05  4.0E-03  3.9E-03  5.3E-01    8    5.5E-002 
 35       -1043.1027113704 -1.2E-04  4.7E-03  4.8E-03  5.4E-01    8    5.1E-002 
 36       -1043.1028912022 -1.8E-04  5.7E-03  5.9E-03  5.5E-01    8    5.1E-002 
 37       -1043.1031539533 -2.6E-04  6.8E-03  7.2E-03  5.5E-01    8    5.1E-002 
 38       -1043.1035366308 -3.8E-04  8.1E-03  8.8E-03  5.6E-01    8    5.1E-002 
 39       -1043.1040916453 -5.6E-04  9.6E-03  1.1E-02  5.6E-01    8    5.1E-002 
 40       -1043.1048931954 -8.0E-04  1.1E-02  1.3E-02  5.6E-01    8    5.1E-002 
 41       -1043.1060479754 -1.2E-03  1.3E-02  1.5E-02  5.6E-01    8    4.9E-002 
 42       -1043.1077015495 -1.7E-03  1.5E-02  1.8E-02  5.6E-01    8    5.0E-002 
 43       -1043.1100562217 -2.4E-03  1.8E-02  2.2E-02  5.5E-01    8    5.0E-002 
 44       -1043.1133856881 -3.3E-03  2.0E-02  2.6E-02  5.4E-01    8    5.0E-002 
 45       -1043.1180315026 -4.6E-03  2.3E-02  3.0E-02  5.2E-01    8    5.0E-002 
 46       -1043.1244216560 -6.4E-03  3.2E-02  3.5E-02  5.0E-01    8    5.0E-002 
 47       -1043.1329971154 -8.6E-03  4.4E-02  4.0E-02  4.6E-01    8    4.8E-002 
 48       -1043.1441020123 -1.1E-02  5.8E-02  4.4E-02  4.1E-01    8    7.0E-002 
 49       -1043.1577038379 -1.4E-02  7.3E-02  4.6E-02  3.4E-01    8    1.1E-001 
 50       -1043.1729416523 -1.5E-02  8.5E-02  4.6E-02  2.5E-01    8    1.0E-001 
 51       -1043.1874023989 -1.4E-02  8.6E-02  4.0E-02  1.5E-01    8    1.1E-001 
 52       -1043.1965047948 -9.1E-03  9.4E-02  2.7E-02  4.0E-02    8    1.0E-001 
 53       -1043.1972289607 -7.2E-04  3.7E-02  7.5E-03  0.0E+00    8    8.6E-002 
 54       -1043.1972308258 -1.9E-06  8.6E-04  2.4E-04  0.0E+00    8    8.6E-002 
 55       -1043.1972309703 -1.4E-07  2.3E-04  1.1E-04  0.0E+00    8    8.6E-002 
 56       -1043.1972310112 -4.1E-08  2.4E-04  5.5E-05  0.0E+00    8    8.8E-002 
 57       -1043.1972310195 -8.3E-09  7.5E-05  2.1E-05  0.0E+00    8    8.6E-002 
 58       -1043.1972310199 -3.7E-10  1.0E-05  7.2E-06  0.0E+00    8    8.6E-002 
 59       -1043.1972310199 -5.2E-11  1.5E-05  1.9E-06  0.0E+00    8    8.6E-002 
 60       -1043.1972310199 -8.9E-12  7.8E-06  9.0E-07  0.0E+00    8    8.6E-002 
 61       -1043.1972310199 -1.8E-12  5.5E-06  4.8E-07  0.0E+00    8    7.3E-002 
 62       -1043.1972310199  0.0E+00  1.7E-06  1.5E-07  0.0E+00    8    3.9E-002 
 Skipping trust radius update
 63       -1043.1972310199 -4.5E-13  3.8E-08  1.1E-08  0.0E+00    8    3.6E-002 
 ------------------------------------------------------------------------------
 SCF converged
 Converged energy                        -1043.197231019929  
 ------------------------------------------------------------------------------
 Ehomo(Alpha) [eV]                       -5.911502978092     
 Elumo(Alpha) [eV]                       0.986038899362      
 Ehomo(Beta) [eV]                        -49.828277677046    
 Elumo(Beta) [eV]                        0.708804904251      

 dipole moment (Debye)
        x              y              z       
     -3.064E-008     9.440E-008    -7.907E-008

 traceless quadrupole moment (Debye*Angs)
                       x              y              z       
 x                  -2.240E-006    -5.090E-009     4.231E-009
 y                  -5.090E-009     5.229E-006    -1.344E-008
 z                   4.231E-009    -1.344E-008    -2.990E-006

 ----------------------------------------------------------------------------
 Timings (seconds)
 * mean-field hamiltonian     2.4E+000
 * solver (setting up eqns)   2.4E-002
 * solver (energy estimate)   3.5E-002
 * solver (orthogonalization) 1.0E-002
 * solver (rotation matrix X) 4.3E-001
 * solver (exponential of X)  8.4E-003
 * solver (total)             5.1E-001
 * total SCF                  2.9E+000
 Atomic guess: CR, ../../../../basis-sets/bse/def2-svpd.txt
 ----------------------------------------------------------
 E(HF) [a.u.]                            -1.0431972310E+003
 Tr(RhoAvg S), Cartesian AOs              2.4000000000E+001
 Tr(RhoAvg S), spherical AOs              2.4000000000E+001
 max|T RhoAvg T**T - RhoAvg_sao|                  7.77E-016
 max|c(RhoAvg) - c(Rho)|                          4.44E-016
 max|RhoAvg - Rho|                                1.87E-006
 Saved /mnt/storage_6/project_data/pl0415-03/marcin/beyond-rpa/guess/electron-densities/bse/def2-svpd/cr.txt
 ----------------------------------------------------------------------------
                             SCF for MN (2S+1=6)                             
 ----------------------------------------------------------------------------
 NUMBER OF ATOMS                         1
 CHARGE                                  0
 Prescreening (pq|pq) integrals for the Cholesky decomposition
 Shell pairs will be sorted according to their max elements
 Max diagonal integral MaxDrs=1.5E+001
 Applying Eq. 15 in J. Chem. Phys. 150, 194112 (2019); doi: 10.1063/1.5083802
 Schwarz inequality: Dpq<min(10**(-8),Tau)**2/MaxDrs=6.5E-018
 Trace of exact Coulomb matrix: 6.9E+001
 Trace of discarded integrals: 0.0E+000
 Discarded 0 out of 78 shell pairs
 (0 out of 595 orbital pairs)

 Step 1 of Cholesky decomposition: locating pivots
 -------------------------------------------------
 Dimensions of the Coulomb matrix: (595,595)
 Threshold for diagonal matrix elements: Dpq > 1.0E-007
 Max number of Cholesky vectors: 510
 Rk storage block size: 500
 Max dimension of 2e integrals buffer: (595,595)

 ----------------------------------------------------------------------------
 #    Dmax        Memory (MB)    NPivots     %    Time        
 ----------------------------------------------------------------------------
 1    1.4E-001    4.8E+000       16          5    1.2E-002    
 2    1.3E-003    4.6E+000       158         39   2.2E-002    
 3    1.1E-005    3.5E+000       215         76   8.4E-003    
 4    1.0E-007    1.6E+000       270         100  1.5E-002    
 5    1.8E-017    3.8E-003       271         100  1.1E-004    

 Step 1 of the Cholesky decomposition completed
 Computed 271 pivots
 Largest residual Dpq: 1.8E-017
 NCholesky/NAO = 8.0E+000
 Step 1 of Cholesky decomposition completed in 5.8E-002 seconds
 Detailed timings in seconds
 Subtract prev contribs I (M-R**T*R)     7.1E-003
 Subtract prev contribs II (Rk)          4.6E-003
 Two-electron integrals                  4.4E-002
 Reallocation                            6.1E-004

 Step 2 of Cholesky decomposition completed in 6.8E-003 seconds
 Detailed timings in seconds
 Reduced-dimension matrix V    4.8E-003
 V=L*L**T                      1.2E-003
 L**(-1)                       8.4E-004

 Full-dimension Cholesky vectors of the Coulomb matrix will be stored in memory
 Cholesky vectors computed in 1.1E-002 seconds

 ┌─────────────────────────────────────────┐
 │          Self-consistent field          │
 └─────────────────────────────────────────┘

 Atomic orbital basis set
 . . . . . . . . . . . . . . . . . . . . . . . . . . . . . . . . . . . . . . 
 atomic centers                               1
 shell parameter sets                         12
 spherical AOs                                34
 max angular momentum                         3
 parameter set                                ../../../../basis-sets/bse/def2-svpd.txt
 . . . . . . . . . . . . . . . . . . . . . . . . . . . . . . . . . . . . . . 
 SCF guess: bare nuclei Hamiltonian
 Starting self-consistent field iterations (spin-unrestricted)
 Alpha electrons: 15
 Beta electrons: 10
 ----------------------------------------------------------------------------
 Exchange-correlation: Hartree-Fock
 ----------------------------------------------------------------------------
 Replicated-data parallel SCF
 ----------------------------
 Processes                               1
 Threads/process                         16
 Allocated 2.3E-004 GiB of scratch space for the KS matrix build
 ----------------------------------------------------------------------------
 Spherical harmonic basis contains 34 vectors
 Linear independence thresh: Eig(S) > 1.0E-006
 Computations will be carried out in the space of 34 MOs
 Threshold for J, K: |Rho(r,s)*(pq|rs)|,|Rho(q,s)*(pq|rs)| > 1.0E-011
 Convergence conditions
 ----------------------
 RhoDiff < 1.0E-006
 OrbGrad < 1.0E-006
 Max number of macroiters: 1024
 ------------------------------------------------------------------------------
 #           Energy        EDiff    RhoDiff  OrbGrad  OrbShift NStored Time     
 ------------------------------------------------------------------------------
 0         -542.8898253168                                        0    4.1E-002 
 1        -1141.5868383173           3.9E+00                      0    3.4E-002 
 2        -1142.9963957931 -1.4E+00  1.8E-01  5.2E-01  4.1E+00    1    3.5E-002 
 3        -1144.3969949255 -1.4E+00  1.6E-01  6.2E-01  4.0E+00    2    3.5E-002 
 4        -1145.9154999738 -1.5E+00  1.7E-01  6.4E-01  5.6E+00    3    4.4E-002 
 5        -1147.8465484455 -1.9E+00  2.7E-01  1.7E+00  6.0E+00    4    4.5E-002 
 6        -1149.3162461177 -1.5E+00  2.3E-01  1.8E+00  2.3E+00    5    4.5E-002 
 7        -1149.4567760695 -1.4E-01  1.1E-01  4.3E-01  4.4E-03    6    3.6E-002 
 8        -1149.4591347052 -2.4E-03  5.5E-02  2.5E-02  0.0E+00    7    3.6E-002 
 9        -1149.4605406370 -1.4E-03  3.9E-02  5.6E-03  3.4E-02    8    4.5E-002 
 10       -1149.4632001471 -2.7E-03  4.7E-02  8.5E-03  1.4E-01    8    4.8E-002 
 11       -1149.4680212963 -4.8E-03  6.6E-02  1.3E-02  1.9E-01    8    4.8E-002 
 12       -1149.4765635969 -8.5E-03  1.0E-01  2.0E-02  2.5E-01    8    4.9E-002 
 13       -1149.4911118833 -1.5E-02  1.4E-01  2.9E-02  2.9E-01    8    5.0E-002 
 14       -1149.5138731574 -2.3E-02  1.7E-01  3.9E-02  3.2E-01    8    5.0E-002 
 15       -1149.5436392455 -3.0E-02  1.6E-01  4.3E-02  2.8E-01    8    5.0E-002 
 16       -1149.5690907810 -2.5E-02  1.1E-01  4.8E-02  1.4E-01    8    4.7E-002 
 17       -1149.5732596709 -4.2E-03  6.0E-02  2.3E-02  0.0E+00    8    3.6E-002 
 18       -1149.5733140752 -5.4E-05  4.8E-03  3.1E-03  0.0E+00    8    3.6E-002 
 19       -1149.5733151774 -1.1E-06  1.5E-03  2.3E-04  0.0E+00    8    3.6E-002 
 20       -1149.5733152416 -6.4E-08  3.6E-04  6.3E-05  0.0E+00    8    3.6E-002 
 21       -1149.5733152530 -1.1E-08  4.1E-05  3.3E-05  0.0E+00    8    3.6E-002 
 22       -1149.5733152844 -3.1E-08  1.1E-04  1.8E-05  0.0E+00    8    3.6E-002 
 23       -1149.5733156248 -3.4E-07  3.8E-04  6.2E-05  0.0E+00    8    3.6E-002 
 24       -1149.5733194818 -3.9E-06  1.3E-03  2.1E-04  0.0E+00    8    3.6E-002 
 25       -1149.5733632487 -4.4E-05  4.3E-03  7.1E-04  0.0E+00    8    3.6E-002 
 26       -1149.5735904457 -2.3E-04  9.0E-03  2.4E-03  4.2E-02    8    3.7E-002 
 27       -1149.5741435356 -5.5E-04  1.3E-02  5.7E-03  3.7E-01    8    5.0E-002 
 28       -1149.5751724758 -1.0E-03  1.5E-02  1.0E-02  4.7E-01    8    4.9E-002 
 29       -1149.5769302532 -1.8E-03  1.8E-02  1.6E-02  5.4E-01    8    5.1E-002 
 30       -1149.5797701064 -2.8E-03  2.1E-02  2.2E-02  5.9E-01    8    5.1E-002 
 31       -1149.5841768297 -4.4E-03  2.4E-02  2.9E-02  6.3E-01    8    5.1E-002 
 32       -1149.5907713839 -6.6E-03  2.8E-02  3.7E-02  6.4E-01    8    5.0E-002 
 33       -1149.6003033765 -9.5E-03  4.1E-02  4.5E-02  6.4E-01    8    4.9E-002 
 34       -1149.6135154180 -1.3E-02  6.0E-02  5.3E-02  6.1E-01    8    5.0E-002 
 35       -1149.6308168881 -1.7E-02  8.3E-02  6.0E-02  5.4E-01    8    4.9E-002 
 36       -1149.6516270053 -2.1E-02  1.1E-01  6.4E-02  4.4E-01    8    4.8E-002 
 37       -1149.6733161793 -2.2E-02  1.4E-01  6.1E-02  2.9E-01    8    4.6E-002 
 38       -1149.6902160489 -1.7E-02  1.6E-01  4.8E-02  1.3E-01    8    4.5E-002 
 39       -1149.6964397163 -6.2E-03  1.4E-01  2.3E-02  0.0E+00    8    3.6E-002 
 40       -1149.6973054408 -8.7E-04  4.5E-02  5.2E-03  0.0E+00    8    3.6E-002 
 41       -1149.6974365006 -1.3E-04  2.2E-02  1.7E-03  0.0E+00    8    3.6E-002 
 42       -1149.6974604696 -2.4E-05  5.6E-03  1.5E-03  0.0E+00    8    3.6E-002 
 43       -1149.6974632268 -2.8E-06  7.9E-04  5.8E-04  0.0E+00    8    3.6E-002 
 44       -1149.6974636889 -4.6E-07  1.3E-03  1.1E-04  0.0E+00    8    3.6E-002 
 45       -1149.6974637195 -3.1E-08  3.1E-04  6.1E-05  0.0E+00    8    3.6E-002 
 46       -1149.6974637253 -5.7E-09  1.1E-04  2.4E-05  0.0E+00    8    3.6E-002 
 47       -1149.6974637300 -4.7E-09  9.4E-05  9.7E-06  0.0E+00    8    3.6E-002 
 48       -1149.6974637432 -1.3E-08  2.3E-04  1.5E-05  0.0E+00    8    3.6E-002 
 49       -1149.6974637463 -3.1E-09  9.5E-05  1.0E-05  0.0E+00    8    3.6E-002 
 50       -1149.6974637465 -2.5E-10  5.3E-05  4.3E-06  0.0E+00    8    3.6E-002 
 51       -1149.6974637465 -1.6E-11  3.7E-06  1.1E-06  0.0E+00    8    3.6E-002 
 52       -1149.6974637465 -3.0E-12  3.1E-06  4.6E-07  0.0E+00    8    3.6E-002 
 53       -1149.6974637465 -6.8E-13  1.1E-06  1.1E-07  0.0E+00    8    3.6E-002 
 Skipping trust radius update
 54       -1149.6974637465  4.5E-13  1.9E-07  6.8E-08  0.0E+00    8    3.6E-002 
 ------------------------------------------------------------------------------
 SCF converged
 Converged energy                        -1149.697463746549  
 ------------------------------------------------------------------------------
 Ehomo(Alpha) [eV]                       -7.367785736473     
 Elumo(Alpha) [eV]                       0.959909960510      
 Ehomo(Beta) [eV]                        -6.103029141683     
 Elumo(Beta) [eV]                        1.060420024466      

 dipole moment (Debye)
        x              y              z       
      1.706E-007    -7.069E-008     1.028E-007

 traceless quadrupole moment (Debye*Angs)
                       x              y              z       
 x                  -1.336E-008    -5.099E-008     1.362E-008
 y                  -5.099E-008     1.485E-008    -9.471E-009
 z                   1.362E-008    -9.471E-009    -1.489E-009

 ----------------------------------------------------------------------------
 Timings (seconds)
 * mean-field hamiltonian     1.9E+000
 * solver (setting up eqns)   2.1E-002
 * solver (energy estimate)   3.3E-002
 * solver (orthogonalization) 3.1E-003
 * solver (rotation matrix X) 3.2E-001
 * solver (exponential of X)  8.1E-003
 * solver (total)             3.9E-001
 * total SCF                  2.3E+000
 Atomic guess: MN, ../../../../basis-sets/bse/def2-svpd.txt
 ----------------------------------------------------------
 E(HF) [a.u.]                            -1.1496974637E+003
 Tr(RhoAvg S), Cartesian AOs              2.5000000000E+001
 Tr(RhoAvg S), spherical AOs              2.5000000000E+001
 max|T RhoAvg T**T - RhoAvg_sao|                  8.88E-016
 max|c(RhoAvg) - c(Rho)|                          8.88E-016
 max|RhoAvg - Rho|                                2.36E-008
 Saved /mnt/storage_6/project_data/pl0415-03/marcin/beyond-rpa/guess/electron-densities/bse/def2-svpd/mn.txt
 ----------------------------------------------------------------------------
                             SCF for FE (2S+1=5)                             
 ----------------------------------------------------------------------------
 NUMBER OF ATOMS                         1
 CHARGE                                  0
 Prescreening (pq|pq) integrals for the Cholesky decomposition
 Shell pairs will be sorted according to their max elements
 Max diagonal integral MaxDrs=1.6E+001
 Applying Eq. 15 in J. Chem. Phys. 150, 194112 (2019); doi: 10.1063/1.5083802
 Schwarz inequality: Dpq<min(10**(-8),Tau)**2/MaxDrs=6.2E-018
 Trace of exact Coulomb matrix: 7.3E+001
 Trace of discarded integrals: 0.0E+000
 Discarded 0 out of 78 shell pairs
 (0 out of 595 orbital pairs)

 Step 1 of Cholesky decomposition: locating pivots
 -------------------------------------------------
 Dimensions of the Coulomb matrix: (595,595)
 Threshold for diagonal matrix elements: Dpq > 1.0E-007
 Max number of Cholesky vectors: 510
 Rk storage block size: 500
 Max dimension of 2e integrals buffer: (595,595)

 ----------------------------------------------------------------------------
 #    Dmax        Memory (MB)    NPivots     %    Time        
 ----------------------------------------------------------------------------
 1    1.5E-001    4.8E+000       16          5    1.1E-002    
 2    1.2E-003    4.6E+000       160         40   2.4E-002    
 3    1.2E-005    3.4E+000       215         70   1.1E-002    
 4    1.0E-007    1.9E+000       282         100  1.2E-002    
 5    3.1E-017    3.8E-003       283         100  1.6E-004    

 Step 1 of the Cholesky decomposition completed
 Computed 283 pivots
 Largest residual Dpq: 3.1E-017
 NCholesky/NAO = 8.3E+000
 Step 1 of Cholesky decomposition completed in 5.9E-002 seconds
 Detailed timings in seconds
 Subtract prev contribs I (M-R**T*R)     5.3E-003
 Subtract prev contribs II (Rk)          7.5E-003
 Two-electron integrals                  4.4E-002
 Reallocation                            1.1E-003

 Step 2 of Cholesky decomposition completed in 8.0E-003 seconds
 Detailed timings in seconds
 Reduced-dimension matrix V    6.5E-003
 V=L*L**T                      4.9E-004
 L**(-1)                       9.7E-004

 Full-dimension Cholesky vectors of the Coulomb matrix will be stored in memory
 Cholesky vectors computed in 1.9E-002 seconds

 ┌─────────────────────────────────────────┐
 │          Self-consistent field          │
 └─────────────────────────────────────────┘

 Atomic orbital basis set
 . . . . . . . . . . . . . . . . . . . . . . . . . . . . . . . . . . . . . . 
 atomic centers                               1
 shell parameter sets                         12
 spherical AOs                                34
 max angular momentum                         3
 parameter set                                ../../../../basis-sets/bse/def2-svpd.txt
 . . . . . . . . . . . . . . . . . . . . . . . . . . . . . . . . . . . . . . 
 SCF guess: bare nuclei Hamiltonian
 Starting self-consistent field iterations (spin-unrestricted)
 Alpha electrons: 15
 Beta electrons: 11
 ----------------------------------------------------------------------------
 Exchange-correlation: Hartree-Fock
 ----------------------------------------------------------------------------
 Replicated-data parallel SCF
 ----------------------------
 Processes                               1
 Threads/process                         16
 Allocated 2.3E-004 GiB of scratch space for the KS matrix build
 ----------------------------------------------------------------------------
 Spherical harmonic basis contains 34 vectors
 Linear independence thresh: Eig(S) > 1.0E-006
 Computations will be carried out in the space of 34 MOs
 Threshold for J, K: |Rho(r,s)*(pq|rs)|,|Rho(q,s)*(pq|rs)| > 1.0E-011
 Convergence conditions
 ----------------------
 RhoDiff < 1.0E-006
 OrbGrad < 1.0E-006
 Max number of macroiters: 1024
 ------------------------------------------------------------------------------
 #           Energy        EDiff    RhoDiff  OrbGrad  OrbShift NStored Time     
 ------------------------------------------------------------------------------
 0         -620.0279351090                                        0    8.0E-002 
 1        -1252.5613932742           3.8E+00                      0    7.1E-002 
 2        -1254.1647710424 -1.6E+00  1.6E-01  5.9E-01  4.9E+00    1    5.4E-002 
 3        -1256.8005899833 -2.6E+00  2.8E-01  6.7E-01  5.7E+00    2    3.8E-002 
 4        -1259.9687210270 -3.2E+00  4.9E-01  2.2E+00  6.3E+00    3    4.5E-002 
 5        -1261.9914035684 -2.0E+00  3.7E-01  2.0E+00  1.0E+00    4    3.7E-002 
 6        -1262.0188919800 -2.7E-02  4.7E-02  2.3E-01  0.0E+00    5    3.7E-002 
 7        -1262.0224568207 -3.6E-03  2.3E-02  2.0E-02  0.0E+00    6    3.7E-002 
 8        -1262.0270828103 -4.6E-03  3.0E-02  1.3E-02  1.7E-01    7    4.6E-002 
 9        -1262.0332175791 -6.1E-03  4.4E-02  1.5E-02  2.5E-01    8    4.8E-002 
 10       -1262.0411076477 -7.9E-03  5.4E-02  2.0E-02  2.4E-01    8    5.0E-002 
 11       -1262.0505701228 -9.5E-03  6.0E-02  2.5E-02  1.9E-01    8    4.9E-002 
 12       -1262.0605881747 -1.0E-02  6.5E-02  2.5E-02  1.3E-01    8    8.5E-002 
 13       -1262.0690676830 -8.5E-03  9.9E-02  2.1E-02  6.3E-02    8    8.1E-002 
 14       -1262.0731966220 -4.1E-03  1.2E-01  1.3E-02  3.4E-03    8    7.7E-002 
 15       -1262.0740004860 -8.0E-04  1.5E-01  5.2E-03  0.0E+00    8    7.1E-002 
 16       -1262.0747084997 -7.1E-04  1.7E-01  6.7E-03  8.3E-04    8    8.3E-002 
 17       -1262.0760479303 -1.3E-03  2.2E-02  9.0E-03  0.0E+00    8    7.2E-002 
 18       -1262.0879894966 -1.2E-02  2.0E-01  8.4E-03  6.2E-02    8    8.3E-002 
 19       -1262.1114433715 -2.3E-02  2.7E-01  1.8E-02  5.6E-02    8    8.2E-002 
 20       -1262.1334125021 -2.2E-02  2.2E-01  3.6E-02  4.5E-02    8    8.4E-002 
 21       -1262.1356599542 -2.2E-03  2.4E-02  2.0E-02  0.0E+00    8    7.1E-002 
 22       -1262.1365302697 -8.7E-04  2.9E-02  9.7E-03  0.0E+00    8    7.1E-002 
 23       -1262.1366981833 -1.7E-04  1.3E-02  3.2E-03  0.0E+00    8    7.1E-002 
 24       -1262.1368092268 -1.1E-04  6.7E-03  1.1E-03  0.0E+00    8    7.1E-002 
 25       -1262.1378476209 -1.0E-03  2.1E-02  3.6E-03  0.0E+00    8    7.0E-002 
 26       -1262.1441092527 -6.3E-03  4.7E-02  1.2E-02  2.4E-02    8    7.4E-002 
 27       -1262.1590605729 -1.5E-02  6.2E-02  2.9E-02  3.1E-01    8    4.9E-002 
 28       -1262.1837494454 -2.5E-02  9.8E-02  4.9E-02  3.6E-01    8    2.0E-002 
 29       -1262.2160784449 -3.2E-02  1.5E-01  6.1E-02  3.1E-01    8    1.9E-002 
 30       -1262.2464715988 -3.0E-02  1.9E-01  6.0E-02  1.7E-01    8    1.9E-002 
 31       -1262.2583741823 -1.2E-02  1.5E-01  3.6E-02  0.0E+00    8    1.5E-002 
 32       -1262.2602312255 -1.9E-03  4.6E-02  9.6E-03  0.0E+00    8    1.5E-002 
 33       -1262.2607042643 -4.7E-04  4.2E-02  3.1E-03  0.0E+00    8    1.5E-002 
 34       -1262.2607521807 -4.8E-05  1.2E-02  2.3E-03  0.0E+00    8    1.5E-002 
 35       -1262.2607599697 -7.8E-06  2.0E-03  1.1E-03  0.0E+00    8    1.5E-002 
 36       -1262.2607627095 -2.7E-06  1.2E-03  5.6E-04  0.0E+00    8    1.5E-002 
 37       -1262.2607629458 -2.4E-07  5.7E-04  1.1E-04  0.0E+00    8    1.5E-002 
 38       -1262.2607629625 -1.7E-08  2.0E-04  3.1E-05  0.0E+00    8    1.5E-002 
 39       -1262.2607629735 -1.1E-08  1.9E-04  2.0E-05  0.0E+00    8    1.5E-002 
 40       -1262.2607629858 -1.2E-08  1.7E-04  1.1E-05  0.0E+00    8    1.5E-002 
 41       -1262.2607629946 -8.8E-09  1.9E-04  1.2E-05  0.0E+00    8    1.5E-002 
 42       -1262.2607629961 -1.5E-09  6.0E-05  9.4E-06  0.0E+00    8    1.5E-002 
 43       -1262.2607629964 -2.7E-10  1.6E-05  4.0E-06  0.0E+00    8    1.5E-002 
 44       -1262.2607629964 -3.3E-11  5.6E-06  2.0E-06  0.0E+00    8    1.5E-002 
 45       -1262.2607629964 -9.1E-12  4.3E-06  7.0E-07  0.0E+00    8    1.5E-002 
 46       -1262.2607629964 -1.4E-12  8.3E-07  8.6E-07  0.0E+00    8    1.5E-002 
 ------------------------------------------------------------------------------
 SCF converged
 Converged energy                        -1262.260762996438  
 ------------------------------------------------------------------------------
 Ehomo(Alpha) [eV]                       -7.466716860132     
 Elumo(Alpha) [eV]                       0.957134534657      
 Ehomo(Beta) [eV]                        -6.493940422771     
 Elumo(Beta) [eV]                        1.067266347623      

 dipole moment (Debye)
        x              y              z       
     -3.844E-006     2.052E-007     3.324E-006

 traceless quadrupole moment (Debye*Angs)
                       x              y              z       
 x                   5.833E-002     4.008E-002     3.806E-001
 y                   4.008E-002    -2.656E-001     3.201E-002
 z                   3.806E-001     3.201E-002     2.073E-001

 ----------------------------------------------------------------------------
 Timings (seconds)
 * mean-field hamiltonian     1.9E+000
 * solver (setting up eqns)   1.7E-002
 * solver (energy estimate)   1.8E-002
 * solver (orthogonalization) 1.8E-003
 * solver (rotation matrix X) 1.8E-001
 * solver (exponential of X)  5.8E-003
 * solver (total)             2.2E-001
 * total SCF                  2.1E+000
 Atomic guess: FE, ../../../../basis-sets/bse/def2-svpd.txt
 ----------------------------------------------------------
 E(HF) [a.u.]                            -1.2622607630E+003
 Tr(RhoAvg S), Cartesian AOs              2.6000000000E+001
 Tr(RhoAvg S), spherical AOs              2.6000000000E+001
 max|T RhoAvg T**T - RhoAvg_sao|                  9.99E-016
 max|c(RhoAvg) - c(Rho)|                          4.44E-016
 max|RhoAvg - Rho|                                2.10E-001
 Saved /mnt/storage_6/project_data/pl0415-03/marcin/beyond-rpa/guess/electron-densities/bse/def2-svpd/fe.txt
 ----------------------------------------------------------------------------
                             SCF for CO (2S+1=4)                             
 ----------------------------------------------------------------------------
 NUMBER OF ATOMS                         1
 CHARGE                                  0
 Prescreening (pq|pq) integrals for the Cholesky decomposition
 Shell pairs will be sorted according to their max elements
 Max diagonal integral MaxDrs=1.7E+001
 Applying Eq. 15 in J. Chem. Phys. 150, 194112 (2019); doi: 10.1063/1.5083802
 Schwarz inequality: Dpq<min(10**(-8),Tau)**2/MaxDrs=6.0E-018
 Trace of exact Coulomb matrix: 7.7E+001
 Trace of discarded integrals: 0.0E+000
 Discarded 0 out of 78 shell pairs
 (0 out of 595 orbital pairs)

 Step 1 of Cholesky decomposition: locating pivots
 -------------------------------------------------
 Dimensions of the Coulomb matrix: (595,595)
 Threshold for diagonal matrix elements: Dpq > 1.0E-007
 Max number of Cholesky vectors: 510
 Rk storage block size: 500
 Max dimension of 2e integrals buffer: (595,595)

 ----------------------------------------------------------------------------
 #    Dmax        Memory (MB)    NPivots     %    Time        
 ----------------------------------------------------------------------------
 1    1.6E-001    4.8E+000       16          5    1.2E-002    
 2    1.6E-003    4.6E+000       154         39   2.0E-002    
 3    1.2E-005    3.6E+000       218         69   8.4E-003    
 4    1.2E-007    1.8E+000       282         98   9.0E-003    
 5    8.7E-008    9.6E-002       290         100  3.6E-004    

 Step 1 of the Cholesky decomposition completed
 Computed 290 pivots
 Largest residual Dpq: 8.7E-008
 NCholesky/NAO = 8.5E+000
 Step 1 of Cholesky decomposition completed in 5.0E-002 seconds
 Detailed timings in seconds
 Subtract prev contribs I (M-R**T*R)     2.7E-003
 Subtract prev contribs II (Rk)          3.0E-003
 Two-electron integrals                  4.2E-002
 Reallocation                            5.1E-004

 Step 2 of Cholesky decomposition completed in 6.2E-003 seconds
 Detailed timings in seconds
 Reduced-dimension matrix V    4.8E-003
 V=L*L**T                      4.8E-004
 L**(-1)                       9.9E-004

 Full-dimension Cholesky vectors of the Coulomb matrix will be stored in memory
 Cholesky vectors computed in 1.2E-002 seconds

 ┌─────────────────────────────────────────┐
 │          Self-consistent field          │
 └─────────────────────────────────────────┘

 Atomic orbital basis set
 . . . . . . . . . . . . . . . . . . . . . . . . . . . . . . . . . . . . . . 
 atomic centers                               1
 shell parameter sets                         12
 spherical AOs                                34
 max angular momentum                         3
 parameter set                                ../../../../basis-sets/bse/def2-svpd.txt
 . . . . . . . . . . . . . . . . . . . . . . . . . . . . . . . . . . . . . . 
 SCF guess: bare nuclei Hamiltonian
 Starting self-consistent field iterations (spin-unrestricted)
 Alpha electrons: 15
 Beta electrons: 12
 ----------------------------------------------------------------------------
 Exchange-correlation: Hartree-Fock
 ----------------------------------------------------------------------------
 Replicated-data parallel SCF
 ----------------------------
 Processes                               1
 Threads/process                         16
 Allocated 2.3E-004 GiB of scratch space for the KS matrix build
 ----------------------------------------------------------------------------
 Spherical harmonic basis contains 34 vectors
 Linear independence thresh: Eig(S) > 1.0E-006
 Computations will be carried out in the space of 34 MOs
 Threshold for J, K: |Rho(r,s)*(pq|rs)|,|Rho(q,s)*(pq|rs)| > 1.0E-011
 Convergence conditions
 ----------------------
 RhoDiff < 1.0E-006
 OrbGrad < 1.0E-006
 Max number of macroiters: 1024
 ------------------------------------------------------------------------------
 #           Energy        EDiff    RhoDiff  OrbGrad  OrbShift NStored Time     
 ------------------------------------------------------------------------------
 0         -703.5317627171                                        0    2.1E-002 
 1        -1375.6371762906           3.7E+00                      0    1.5E-002 
 2        -1380.7471531873 -5.1E+00  5.2E-01  6.3E-01  1.7E+00    1    1.6E-002 
 3        -1380.8748236051 -1.3E-01  1.2E+00  2.8E-01  2.1E-01    2    1.6E-002 
 4        -1381.0951476736 -2.2E-01  5.1E-01  3.0E-01  0.0E+00    3    1.5E-002 
 5        -1381.1890164699 -9.4E-02  5.2E-01  8.6E-02  7.7E-03    4    1.7E-002 
 6        -1381.1951344044 -6.1E-03  7.1E-02  3.8E-02  0.0E+00    5    1.6E-002 
 7        -1381.1954858298 -3.5E-04  2.6E-02  4.7E-03  0.0E+00    6    1.6E-002 
 8        -1381.1959060970 -4.2E-04  1.3E-02  5.3E-03  6.4E-02    7    1.8E-002 
 9        -1381.1965310029 -6.2E-04  1.6E-02  5.9E-03  2.1E-01    8    1.9E-002 
 10       -1381.1974052209 -8.7E-04  1.9E-02  6.8E-03  2.5E-01    8    1.9E-002 
 11       -1381.1986127940 -1.2E-03  2.1E-02  7.8E-03  2.5E-01    8    1.9E-002 
 12       -1381.2002433367 -1.6E-03  2.4E-02  8.7E-03  2.3E-01    8    2.0E-002 
 13       -1381.2023679055 -2.1E-03  2.7E-02  9.8E-03  2.1E-01    8    2.0E-002 
 14       -1381.2049728387 -2.6E-03  3.1E-02  1.0E-02  1.7E-01    8    2.0E-002 
 15       -1381.2078406454 -2.9E-03  3.9E-02  9.4E-03  1.3E-01    8    1.9E-002 
 16       -1381.2103364920 -2.5E-03  5.2E-02  8.6E-03  6.6E-02    8    1.9E-002 
 17       -1381.2111595882 -8.2E-04  6.0E-02  4.9E-03  0.0E+00    8    1.6E-002 
 18       -1381.2111849787 -2.5E-05  8.1E-03  2.1E-03  0.0E+00    8    1.6E-002 
 19       -1381.2111851382 -1.6E-07  5.1E-04  2.9E-04  0.0E+00    8    1.6E-002 
 20       -1381.2111851448 -6.6E-09  5.2E-05  4.0E-05  0.0E+00    8    1.6E-002 
 21       -1381.2111851512 -6.4E-09  6.9E-05  2.1E-05  0.0E+00    8    1.6E-002 
 22       -1381.2111851558 -4.6E-09  7.6E-05  1.7E-05  0.0E+00    8    1.6E-002 
 23       -1381.2111851578 -2.1E-09  7.7E-05  1.3E-05  0.0E+00    8    1.6E-002 
 24       -1381.2111851580 -1.2E-10  1.1E-05  3.3E-06  0.0E+00    8    1.6E-002 
 25       -1381.2111851580 -3.6E-11  5.9E-06  2.6E-06  0.0E+00    8    1.6E-002 
 26       -1381.2111851580 -1.0E-11  2.8E-06  1.5E-06  0.0E+00    8    1.6E-002 
 27       -1381.2111851580 -4.5E-13  9.8E-07  2.5E-07  0.0E+00    8    1.6E-002 
 ------------------------------------------------------------------------------
 SCF converged
 Converged energy                        -1381.211185158020  
 ------------------------------------------------------------------------------
 Ehomo(Alpha) [eV]                       -7.554291900204     
 Elumo(Alpha) [eV]                       1.134424865199      
 Ehomo(Beta) [eV]                        -6.845293419191     
 Elumo(Beta) [eV]                        1.172637494067      

 dipole moment (Debye)
        x              y              z       
      3.734E-014     4.586E-015     1.345E-014

 traceless quadrupole moment (Debye*Angs)
                       x              y              z       
 x                  -9.967E-007    -6.948E-007    -9.290E-007
 y                  -6.948E-007     2.038E-006     1.277E-007
 z                  -9.290E-007     1.277E-007    -1.041E-006

 ----------------------------------------------------------------------------
 Timings (seconds)
 * mean-field hamiltonian     4.2E-001
 * solver (setting up eqns)   8.0E-003
 * solver (energy estimate)   3.3E-003
 * solver (orthogonalization) 6.1E-004
 * solver (rotation matrix X) 4.1E-002
 * solver (exponential of X)  2.2E-003
 * solver (total)             5.6E-002
 * total SCF                  4.8E-001
 Atomic guess: CO, ../../../../basis-sets/bse/def2-svpd.txt
 ----------------------------------------------------------
 E(HF) [a.u.]                            -1.3812111852E+003
 Tr(RhoAvg S), Cartesian AOs              2.7000000000E+001
 Tr(RhoAvg S), spherical AOs              2.7000000000E+001
 max|T RhoAvg T**T - RhoAvg_sao|                  1.55E-015
 max|c(RhoAvg) - c(Rho)|                          4.44E-016
 max|RhoAvg - Rho|                                3.07E-001
 Saved /mnt/storage_6/project_data/pl0415-03/marcin/beyond-rpa/guess/electron-densities/bse/def2-svpd/co.txt
 ----------------------------------------------------------------------------
                             SCF for NI (2S+1=3)                             
 ----------------------------------------------------------------------------
 NUMBER OF ATOMS                         1
 CHARGE                                  0
 Prescreening (pq|pq) integrals for the Cholesky decomposition
 Shell pairs will be sorted according to their max elements
 Max diagonal integral MaxDrs=1.7E+001
 Applying Eq. 15 in J. Chem. Phys. 150, 194112 (2019); doi: 10.1063/1.5083802
 Schwarz inequality: Dpq<min(10**(-8),Tau)**2/MaxDrs=5.8E-018
 Trace of exact Coulomb matrix: 8.0E+001
 Trace of discarded integrals: 0.0E+000
 Discarded 0 out of 78 shell pairs
 (0 out of 595 orbital pairs)

 Step 1 of Cholesky decomposition: locating pivots
 -------------------------------------------------
 Dimensions of the Coulomb matrix: (595,595)
 Threshold for diagonal matrix elements: Dpq > 1.0E-007
 Max number of Cholesky vectors: 510
 Rk storage block size: 500
 Max dimension of 2e integrals buffer: (595,595)

 ----------------------------------------------------------------------------
 #    Dmax        Memory (MB)    NPivots     %    Time        
 ----------------------------------------------------------------------------
 1    1.7E-001    4.9E+000       16          4    1.0E-002    
 2    1.6E-003    4.7E+000       156         37   1.7E-002    
 3    1.5E-005    3.6E+000       217         72   7.2E-003    
 4    1.5E-007    1.6E+000       281         97   9.6E-003    
 5    5.0E-008    1.3E-001       294         100  4.6E-004    

 Step 1 of the Cholesky decomposition completed
 Computed 294 pivots
 Largest residual Dpq: 5.0E-008
 NCholesky/NAO = 8.6E+000
 Step 1 of Cholesky decomposition completed in 4.5E-002 seconds
 Detailed timings in seconds
 Subtract prev contribs I (M-R**T*R)     1.8E-003
 Subtract prev contribs II (Rk)          3.6E-003
 Two-electron integrals                  3.7E-002
 Reallocation                            4.4E-004

 Step 2 of Cholesky decomposition completed in 5.8E-003 seconds
 Detailed timings in seconds
 Reduced-dimension matrix V    4.6E-003
 V=L*L**T                      4.6E-004
 L**(-1)                       7.1E-004

 Full-dimension Cholesky vectors of the Coulomb matrix will be stored in memory
 Cholesky vectors computed in 1.2E-002 seconds

 ┌─────────────────────────────────────────┐
 │          Self-consistent field          │
 └─────────────────────────────────────────┘

 Atomic orbital basis set
 . . . . . . . . . . . . . . . . . . . . . . . . . . . . . . . . . . . . . . 
 atomic centers                               1
 shell parameter sets                         12
 spherical AOs                                34
 max angular momentum                         3
 parameter set                                ../../../../basis-sets/bse/def2-svpd.txt
 . . . . . . . . . . . . . . . . . . . . . . . . . . . . . . . . . . . . . . 
 SCF guess: bare nuclei Hamiltonian
 Starting self-consistent field iterations (spin-unrestricted)
 Alpha electrons: 15
 Beta electrons: 13
 ----------------------------------------------------------------------------
 Exchange-correlation: Hartree-Fock
 ----------------------------------------------------------------------------
 Replicated-data parallel SCF
 ----------------------------
 Processes                               1
 Threads/process                         16
 Allocated 2.3E-004 GiB of scratch space for the KS matrix build
 ----------------------------------------------------------------------------
 Spherical harmonic basis contains 34 vectors
 Linear independence thresh: Eig(S) > 1.0E-006
 Computations will be carried out in the space of 34 MOs
 Threshold for J, K: |Rho(r,s)*(pq|rs)|,|Rho(q,s)*(pq|rs)| > 1.0E-011
 Convergence conditions
 ----------------------
 RhoDiff < 1.0E-006
 OrbGrad < 1.0E-006
 Max number of macroiters: 1024
 ------------------------------------------------------------------------------
 #           Energy        EDiff    RhoDiff  OrbGrad  OrbShift NStored Time     
 ------------------------------------------------------------------------------
 0         -793.4793435021                                        0    2.1E-002 
 1        -1500.2002372667           3.6E+00                      0    1.5E-002 
 2        -1506.3205442311 -6.1E+00  4.8E-01  7.0E-01  1.8E+00    1    1.6E-002 
 3        -1506.3025257190  1.8E-02  2.1E+00  2.3E-01  1.8E-02    2    1.6E-002 
 3*       -1506.4163928892 -9.6E-02  1.6E+00  2.3E-01  1.1E-01    2    1.6E-002 
 4        -1506.5390544682 -1.2E-01  2.9E-01  2.3E-01  0.0E+00    3    1.6E-002 
 5        -1506.5612135791 -2.2E-02  3.7E-01  7.8E-02  0.0E+00    4    1.6E-002 
 6        -1506.5635812966 -2.4E-03  4.5E-02  2.8E-02  0.0E+00    5    1.6E-002 
 7        -1506.5639747451 -3.9E-04  1.8E-02  5.8E-03  0.0E+00    6    1.6E-002 
 8        -1506.5646069628 -6.3E-04  3.2E-02  4.7E-03  7.1E-02    7    1.9E-002 
 9        -1506.5651309070 -5.2E-04  3.8E-02  3.3E-03  3.9E-02    8    1.9E-002 
 10       -1506.5653078485 -1.8E-04  3.4E-02  2.2E-03  0.0E+00    8    1.7E-002 
 11       -1506.5653211240 -1.3E-05  2.5E-03  2.1E-03  0.0E+00    8    1.6E-002 
 12       -1506.5653216613 -5.4E-07  6.4E-04  5.3E-04  0.0E+00    8    1.6E-002 
 13       -1506.5653217015 -4.0E-08  1.8E-04  5.8E-05  0.0E+00    8    1.6E-002 
 14       -1506.5653217229 -2.1E-08  2.1E-04  3.4E-05  0.0E+00    8    1.6E-002 
 15       -1506.5653217358 -1.3E-08  2.1E-04  3.4E-05  0.0E+00    8    1.6E-002 
 16       -1506.5653217377 -1.9E-09  4.3E-05  3.0E-05  0.0E+00    8    1.6E-002 
 17       -1506.5653217379 -2.3E-10  7.6E-06  7.5E-06  0.0E+00    8    1.7E-002 
 18       -1506.5653217382 -2.7E-10  8.1E-06  6.3E-06  0.0E+00    8    1.7E-002 
 19       -1506.5653217500 -1.2E-08  4.2E-04  6.3E-06  0.0E+00    8    1.6E-002 
 20       -1506.5653217564 -6.5E-09  1.9E-04  1.3E-05  0.0E+00    8    1.6E-002 
 21       -1506.5653218137 -5.7E-08  1.8E-03  1.4E-05  0.0E+00    8    1.6E-002 
 22       -1506.5653219929 -1.8E-07  6.1E-03  2.9E-05  1.6E-04    8    2.2E-002 
 23       -1506.5653221696 -1.8E-07  7.3E-03  5.3E-05  4.2E-05    8    2.2E-002 
 24       -1506.5653223567 -1.9E-07  8.9E-03  5.9E-05  4.1E-05    8    2.2E-002 
 25       -1506.5653224640 -1.1E-07  6.8E-03  7.1E-05  0.0E+00    8    1.6E-002 
 26       -1506.5653225518 -8.8E-08  8.9E-03  1.0E-04  0.0E+00    8    1.6E-002 
 27       -1506.5653226203 -6.8E-08  3.5E-03  1.4E-04  0.0E+00    8    1.6E-002 
 28       -1506.5653226435 -2.3E-08  2.8E-03  3.6E-05  0.0E+00    8    1.7E-002 
 29       -1506.5653226471 -3.6E-09  3.4E-03  2.4E-05  0.0E+00    8    1.7E-002 
 30       -1506.5653226656 -1.9E-08  4.7E-03  2.4E-05  0.0E+00    8    1.7E-002 
 31       -1506.5653226662 -5.4E-10  1.9E-05  1.5E-05  0.0E+00    8    1.6E-002 
 32       -1506.5653226664 -1.8E-10  3.2E-05  4.1E-06  0.0E+00    8    1.6E-002 
 33       -1506.5653226665 -1.3E-10  2.0E-04  2.2E-06  0.0E+00    8    1.7E-002 
 34       -1506.5653226666 -1.4E-10  4.2E-04  2.2E-06  0.0E+00    8    1.6E-002 
 35       -1506.5653226667 -2.7E-11  1.2E-04  1.3E-06  0.0E+00    8    1.6E-002 
 36       -1506.5653226667 -1.0E-11  6.0E-06  1.8E-06  0.0E+00    8    1.6E-002 
 37       -1506.5653226667 -1.4E-12  3.0E-05  9.8E-07  0.0E+00    8    1.7E-002 
 38       -1506.5653226667 -4.5E-13  2.4E-06  5.6E-07  0.0E+00    8    1.6E-002 
 Skipping trust radius update
 39       -1506.5653226667 -2.3E-13  3.6E-06  2.0E-07  0.0E+00    8    1.6E-002 
 Skipping trust radius update
 40       -1506.5653226667  0.0E+00  2.6E-06  4.8E-08  0.0E+00    8    1.7E-002 
 Skipping trust radius update
 41       -1506.5653226667  2.3E-13  6.5E-06  5.0E-08  0.0E+00    8    1.7E-002 
 Skipping trust radius update
 42       -1506.5653226667  0.0E+00  3.4E-06  2.3E-07  0.0E+00    8    1.7E-002 
 Skipping trust radius update
 43       -1506.5653226667  0.0E+00  4.0E-06  3.0E-08  0.0E+00    8    1.7E-002 
 Skipping trust radius update
 44       -1506.5653226667 -9.1E-13  1.2E-05  1.9E-07  0.0E+00    8    1.6E-002 
 Skipping trust radius update
 45       -1506.5653226667  6.8E-13  7.0E-06  6.9E-08  0.0E+00    8    1.6E-002 
 Skipping trust radius update
 46       -1506.5653226667  3.0E-12  5.7E-05  3.5E-08  0.0E+00    8    1.6E-002 
 47       -1506.5653226667 -3.2E-12  6.1E-05  8.0E-07  0.0E+00    8    1.6E-002 
 Skipping trust radius update
 48       -1506.5653226667 -2.3E-13  2.8E-06  1.2E-07  0.0E+00    8    1.6E-002 
 Skipping trust radius update
 49       -1506.5653226667  4.3E-12  3.6E-05  2.5E-08  0.0E+00    8    1.6E-002 
 50       -1506.5653226667 -4.5E-12  3.5E-05  1.1E-06  0.0E+00    8    1.6E-002 
 Skipping trust radius update
 51       -1506.5653226667  4.5E-13  1.6E-06  4.5E-08  0.0E+00    8    1.6E-002 
 Skipping trust radius update
 52       -1506.5653226667  0.0E+00  1.2E-06  4.8E-08  0.0E+00    8    1.7E-002 
 Skipping trust radius update
 53       -1506.5653226667 -4.5E-13  6.1E-07  1.3E-08  0.0E+00    8    1.7E-002 
 ------------------------------------------------------------------------------
 SCF converged
 Converged energy                        -1506.565322666674  
 ------------------------------------------------------------------------------
 Ehomo(Alpha) [eV]                       -6.002090063082     
 Elumo(Alpha) [eV]                       1.235875731293      
 Ehomo(Beta) [eV]                        -9.490916175799     
 Elumo(Beta) [eV]                        0.637866692636      

 dipole moment (Debye)
        x              y              z       
      1.218E-014    -4.701E-015     2.735E-014

 traceless quadrupole moment (Debye*Angs)
                       x              y              z       
 x                   2.319E-001    -1.359E-001    -6.615E-002
 y                  -1.359E-001    -3.495E-001    -2.971E-001
 z                  -6.615E-002    -2.971E-001     1.177E-001

 ----------------------------------------------------------------------------
 Timings (seconds)
 * mean-field hamiltonian     8.5E-001
 * solver (setting up eqns)   1.7E-002
 * solver (energy estimate)   7.0E-003
 * solver (orthogonalization) 1.2E-003
 * solver (rotation matrix X) 3.9E-002
 * solver (exponential of X)  3.9E-003
 * solver (total)             6.9E-002
 * total SCF                  9.3E-001
 Atomic guess: NI, ../../../../basis-sets/bse/def2-svpd.txt
 ----------------------------------------------------------
 E(HF) [a.u.]                            -1.5065653227E+003
 Tr(RhoAvg S), Cartesian AOs              2.8000000000E+001
 Tr(RhoAvg S), spherical AOs              2.8000000000E+001
 max|T RhoAvg T**T - RhoAvg_sao|                  1.33E-015
 max|c(RhoAvg) - c(Rho)|                          4.44E-016
 max|RhoAvg - Rho|                                3.50E-001
 Saved /mnt/storage_6/project_data/pl0415-03/marcin/beyond-rpa/guess/electron-densities/bse/def2-svpd/ni.txt
 ----------------------------------------------------------------------------
                             SCF for CU (2S+1=2)                             
 ----------------------------------------------------------------------------
 NUMBER OF ATOMS                         1
 CHARGE                                  0
 Prescreening (pq|pq) integrals for the Cholesky decomposition
 Shell pairs will be sorted according to their max elements
 Max diagonal integral MaxDrs=1.8E+001
 Applying Eq. 15 in J. Chem. Phys. 150, 194112 (2019); doi: 10.1063/1.5083802
 Schwarz inequality: Dpq<min(10**(-8),Tau)**2/MaxDrs=5.6E-018
 Trace of exact Coulomb matrix: 8.1E+001
 Trace of discarded integrals: 0.0E+000
 Discarded 0 out of 78 shell pairs
 (0 out of 595 orbital pairs)

 Step 1 of Cholesky decomposition: locating pivots
 -------------------------------------------------
 Dimensions of the Coulomb matrix: (595,595)
 Threshold for diagonal matrix elements: Dpq > 1.0E-007
 Max number of Cholesky vectors: 510
 Rk storage block size: 500
 Max dimension of 2e integrals buffer: (595,595)

 ----------------------------------------------------------------------------
 #    Dmax        Memory (MB)    NPivots     %    Time        
 ----------------------------------------------------------------------------
 1    1.7E-001    4.9E+000       16          4    1.2E-002    
 2    1.6E-003    4.7E+000       148         37   1.5E-002    
 3    1.5E-005    3.3E+000       220         65   9.9E-003    
 4    1.3E-007    2.2E+000       290         98   1.3E-002    
 5    1.5E-008    1.1E-001       300         100  3.9E-004    

 Step 1 of the Cholesky decomposition completed
 Computed 300 pivots
 Largest residual Dpq: 1.5E-008
 NCholesky/NAO = 8.8E+000
 Step 1 of Cholesky decomposition completed in 5.1E-002 seconds
 Detailed timings in seconds
 Subtract prev contribs I (M-R**T*R)     2.0E-003
 Subtract prev contribs II (Rk)          3.2E-003
 Two-electron integrals                  4.3E-002
 Reallocation                            8.8E-004

 Step 2 of Cholesky decomposition completed in 5.6E-003 seconds
 Detailed timings in seconds
 Reduced-dimension matrix V    4.5E-003
 V=L*L**T                      4.6E-004
 L**(-1)                       6.1E-004

 Full-dimension Cholesky vectors of the Coulomb matrix will be stored in memory
 Cholesky vectors computed in 1.3E-002 seconds

 ┌─────────────────────────────────────────┐
 │          Self-consistent field          │
 └─────────────────────────────────────────┘

 Atomic orbital basis set
 . . . . . . . . . . . . . . . . . . . . . . . . . . . . . . . . . . . . . . 
 atomic centers                               1
 shell parameter sets                         12
 spherical AOs                                34
 max angular momentum                         3
 parameter set                                ../../../../basis-sets/bse/def2-svpd.txt
 . . . . . . . . . . . . . . . . . . . . . . . . . . . . . . . . . . . . . . 
 SCF guess: bare nuclei Hamiltonian
 Starting self-consistent field iterations (spin-unrestricted)
 Alpha electrons: 15
 Beta electrons: 14
 ----------------------------------------------------------------------------
 Exchange-correlation: Hartree-Fock
 ----------------------------------------------------------------------------
 Replicated-data parallel SCF
 ----------------------------
 Processes                               1
 Threads/process                         16
 Allocated 2.3E-004 GiB of scratch space for the KS matrix build
 ----------------------------------------------------------------------------
 Spherical harmonic basis contains 34 vectors
 Linear independence thresh: Eig(S) > 1.0E-006
 Computations will be carried out in the space of 34 MOs
 Threshold for J, K: |Rho(r,s)*(pq|rs)|,|Rho(q,s)*(pq|rs)| > 1.0E-011
 Convergence conditions
 ----------------------
 RhoDiff < 1.0E-006
 OrbGrad < 1.0E-006
 Max number of macroiters: 1024
 ------------------------------------------------------------------------------
 #           Energy        EDiff    RhoDiff  OrbGrad  OrbShift NStored Time     
 ------------------------------------------------------------------------------
 0        -1064.9128069062                                        0    2.2E-002 
 1        -1633.3873491174           3.7E+00                      0    1.6E-002 
 2        -1638.6254965396 -5.2E+00  4.8E-01  5.9E-01  1.4E+00    1    1.6E-002 
 3        -1638.6790248242 -5.4E-02  1.4E+00  9.2E-02  0.0E+00    2    1.6E-002 
 4        -1638.6885468854 -9.5E-03  6.2E-01  4.1E-02  0.0E+00    3    1.6E-002 
 5        -1638.6886826761 -1.4E-04  4.8E-02  6.0E-03  0.0E+00    4    1.7E-002 
 6        -1638.6887032014 -2.1E-05  3.4E-03  3.2E-03  0.0E+00    5    1.7E-002 
 7        -1638.6887102151 -7.0E-06  2.5E-03  1.5E-03  0.0E+00    6    1.7E-002 
 8        -1638.6887106401 -4.3E-07  1.0E-03  1.7E-04  0.0E+00    7    1.7E-002 
 9        -1638.6887106952 -5.5E-08  3.1E-04  8.1E-05  0.0E+00    8    1.7E-002 
 10       -1638.6887106992 -3.9E-09  5.7E-05  2.7E-05  0.0E+00    8    1.7E-002 
 11       -1638.6887106992 -8.6E-11  9.4E-06  3.8E-06  0.0E+00    8    1.7E-002 
 12       -1638.6887106993 -1.1E-11  4.4E-06  1.0E-06  0.0E+00    8    1.7E-002 
 13       -1638.6887106993 -1.4E-12  1.9E-06  4.1E-07  0.0E+00    8    1.7E-002 
 Skipping trust radius update
 14       -1638.6887106993  2.3E-13  1.0E-07  3.9E-08  0.0E+00    8    1.7E-002 
 ------------------------------------------------------------------------------
 SCF converged
 Converged energy                        -1638.688710699254  
 ------------------------------------------------------------------------------
 Ehomo(Alpha) [eV]                       -6.275997205084     
 Elumo(Alpha) [eV]                       1.309657630547      
 Ehomo(Beta) [eV]                        -12.811407884377    
 Elumo(Beta) [eV]                        0.481735174719      

 dipole moment (Debye)
        x              y              z       
     -1.383E-013     2.438E-014    -1.224E-014

 traceless quadrupole moment (Debye*Angs)
                       x              y              z       
 x                  -2.474E-006    -1.621E-008     2.137E-009
 y                  -1.621E-008     4.939E-006    -2.593E-009
 z                   2.137E-009    -2.593E-009    -2.464E-006

 ----------------------------------------------------------------------------
 Timings (seconds)
 * mean-field hamiltonian     2.4E-001
 * solver (setting up eqns)   3.6E-003
 * solver (energy estimate)   1.4E-003
 * solver (orthogonalization) 2.7E-004
 * solver (rotation matrix X) 2.9E-003
 * solver (exponential of X)  9.9E-004
 * solver (total)             9.5E-003
 * total SCF                  2.6E-001
 Atomic guess: CU, ../../../../basis-sets/bse/def2-svpd.txt
 ----------------------------------------------------------
 E(HF) [a.u.]                            -1.6386887107E+003
 Tr(RhoAvg S), Cartesian AOs              2.9000000000E+001
 Tr(RhoAvg S), spherical AOs              2.9000000000E+001
 max|T RhoAvg T**T - RhoAvg_sao|                  1.78E-015
 max|c(RhoAvg) - c(Rho)|                          6.66E-016
 max|RhoAvg - Rho|                                4.02E-006
 Saved /mnt/storage_6/project_data/pl0415-03/marcin/beyond-rpa/guess/electron-densities/bse/def2-svpd/cu.txt
 ----------------------------------------------------------------------------
                                  SCF for ZN                                 
 ----------------------------------------------------------------------------
 NUMBER OF ATOMS                         1
 CHARGE                                  0
 Prescreening (pq|pq) integrals for the Cholesky decomposition
 Shell pairs will be sorted according to their max elements
 Max diagonal integral MaxDrs=1.9E+001
 Applying Eq. 15 in J. Chem. Phys. 150, 194112 (2019); doi: 10.1063/1.5083802
 Schwarz inequality: Dpq<min(10**(-8),Tau)**2/MaxDrs=5.4E-018
 Trace of exact Coulomb matrix: 8.7E+001
 Trace of discarded integrals: 0.0E+000
 Discarded 0 out of 78 shell pairs
 (0 out of 595 orbital pairs)

 Step 1 of Cholesky decomposition: locating pivots
 -------------------------------------------------
 Dimensions of the Coulomb matrix: (595,595)
 Threshold for diagonal matrix elements: Dpq > 1.0E-007
 Max number of Cholesky vectors: 510
 Rk storage block size: 500
 Max dimension of 2e integrals buffer: (595,595)

 ----------------------------------------------------------------------------
 #    Dmax        Memory (MB)    NPivots     %    Time        
 ----------------------------------------------------------------------------
 1    1.8E-001    4.9E+000       16          4    8.6E-003    
 2    1.8E-003    4.7E+000       156         38   2.1E-002    
 3    1.6E-005    3.6E+000       220         72   6.7E-003    
 4    1.5E-007    1.4E+000       286         98   9.1E-003    
 5    5.2E-008    1.4E-001       296         100  4.2E-004    

 Step 1 of the Cholesky decomposition completed
 Computed 296 pivots
 Largest residual Dpq: 5.2E-008
 NCholesky/NAO = 8.7E+000
 Step 1 of Cholesky decomposition completed in 4.6E-002 seconds
 Detailed timings in seconds
 Subtract prev contribs I (M-R**T*R)     1.7E-003
 Subtract prev contribs II (Rk)          3.1E-003
 Two-electron integrals                  3.9E-002
 Reallocation                            5.8E-004

 Step 2 of Cholesky decomposition completed in 5.7E-003 seconds
 Detailed timings in seconds
 Reduced-dimension matrix V    4.6E-003
 V=L*L**T                      4.5E-004
 L**(-1)                       6.1E-004

 Full-dimension Cholesky vectors of the Coulomb matrix will be stored in memory
 Cholesky vectors computed in 1.0E-002 seconds

 ┌─────────────────────────────────────────┐
 │          Self-consistent field          │
 └─────────────────────────────────────────┘

 Atomic orbital basis set
 . . . . . . . . . . . . . . . . . . . . . . . . . . . . . . . . . . . . . . 
 atomic centers                               1
 shell parameter sets                         12
 spherical AOs                                34
 max angular momentum                         3
 parameter set                                ../../../../basis-sets/bse/def2-svpd.txt
 . . . . . . . . . . . . . . . . . . . . . . . . . . . . . . . . . . . . . . 
 SCF guess: bare nuclei Hamiltonian
 Starting self-consistent field iterations (spin-restricted singlet)
 Alpha+beta electrons: 30
 ----------------------------------------------------------------------------
 Exchange-correlation: Hartree-Fock
 ----------------------------------------------------------------------------
 Replicated-data parallel SCF
 ----------------------------
 Processes                               1
 Threads/process                         16
 Allocated 1.3E-004 GiB of scratch space for the KS matrix build
 ----------------------------------------------------------------------------
 Spherical harmonic basis contains 34 vectors
 Linear independence thresh: Eig(S) > 1.0E-006
 Computations will be carried out in the space of 34 MOs
 Threshold for J, K: |Rho(r,s)*(pq|rs)|,|Rho(q,s)*(pq|rs)| > 1.0E-011
 Convergence conditions
 ----------------------
 RhoDiff < 1.0E-006
 OrbGrad < 1.0E-006
 Max number of macroiters: 1024
 ------------------------------------------------------------------------------
 #           Energy        EDiff    RhoDiff  OrbGrad  OrbShift NStored Time     
 ------------------------------------------------------------------------------
 0        -1136.3668997072                                        0    1.4E-002 
 1        -1771.1985180707           5.2E+00                      0    8.0E-003 
 2        -1777.3768321414 -6.2E+00  9.7E-01  8.1E-01  1.5E+00    1    8.4E-003 
 3        -1777.5370490150 -1.6E-01  2.7E+00  1.2E-01  0.0E+00    2    8.1E-003 
 4        -1777.5568195990 -2.0E-02  9.9E-01  6.3E-02  0.0E+00    3    8.2E-003 
 5        -1777.5615784943 -4.8E-03  1.2E-01  4.2E-02  0.0E+00    4    8.3E-003 
 6        -1777.5616139786 -3.5E-05  9.8E-03  3.6E-03  0.0E+00    5    8.3E-003 
 7        -1777.5616141011 -1.2E-07  4.3E-04  1.6E-04  0.0E+00    6    8.3E-003 
 8        -1777.5616141016 -5.6E-10  3.2E-05  1.3E-05  0.0E+00    7    8.4E-003 
 9        -1777.5616141017 -2.2E-11  5.7E-06  2.9E-06  0.0E+00    8    8.4E-003 
 10       -1777.5616141017 -1.1E-12  1.1E-06  5.7E-07  0.0E+00    8    8.5E-003 
 Skipping trust radius update
 11       -1777.5616141017  0.0E+00  2.6E-07  7.5E-08  0.0E+00    8    9.2E-003 
 ------------------------------------------------------------------------------
 SCF converged
 Converged energy                        -1777.561614101654  
 ------------------------------------------------------------------------------
 Ehomo [eV]                              -7.820449234351     
 Elumo [eV]                              1.400184574240      

 dipole moment (Debye)
        x              y              z       
     -4.942E-014    -6.254E-015     3.543E-014

 traceless quadrupole moment (Debye*Angs)
                       x              y              z       
 x                  -5.005E-008     3.128E-009    -1.989E-009
 y                   3.128E-009     8.740E-008     1.702E-010
 z                  -1.989E-009     1.702E-010    -3.735E-008

 ----------------------------------------------------------------------------
 Timings (seconds)
 * mean-field hamiltonian     9.6E-002
 * solver (setting up eqns)   1.5E-003
 * solver (energy estimate)   4.5E-004
 * solver (orthogonalization) 1.2E-004
 * solver (rotation matrix X) 1.1E-003
 * solver (exponential of X)  4.3E-004
 * solver (total)             3.8E-003
 * total SCF                  1.1E-001
 Atomic guess: ZN, ../../../../basis-sets/bse/def2-svpd.txt
 ----------------------------------------------------------
 E(HF) [a.u.]                            -1.7775616141E+003
 Tr(RhoAvg S), Cartesian AOs              3.0000000000E+001
 Tr(RhoAvg S), spherical AOs              3.0000000000E+001
 max|T RhoAvg T**T - RhoAvg_sao|                  1.78E-015
 max|c(RhoAvg) - c(Rho)|                          1.78E-015
 max|RhoAvg - Rho|                                7.20E-007
 Saved /mnt/storage_6/project_data/pl0415-03/marcin/beyond-rpa/guess/electron-densities/bse/def2-svpd/zn.txt
 ----------------------------------------------------------------------------
                             SCF for GA (2S+1=2)                             
 ----------------------------------------------------------------------------
 NUMBER OF ATOMS                         1
 CHARGE                                  0
 Prescreening (pq|pq) integrals for the Cholesky decomposition
 Shell pairs will be sorted according to their max elements
 Max diagonal integral MaxDrs=1.9E+001
 Applying Eq. 15 in J. Chem. Phys. 150, 194112 (2019); doi: 10.1063/1.5083802
 Schwarz inequality: Dpq<min(10**(-8),Tau)**2/MaxDrs=5.2E-018
 Trace of exact Coulomb matrix: 8.6E+001
 Trace of discarded integrals: 0.0E+000
 Discarded 0 out of 105 shell pairs
 (0 out of 741 orbital pairs)

 Step 1 of Cholesky decomposition: locating pivots
 -------------------------------------------------
 Dimensions of the Coulomb matrix: (741,741)
 Threshold for diagonal matrix elements: Dpq > 1.0E-007
 Max number of Cholesky vectors: 570
 Rk storage block size: 500
 Max dimension of 2e integrals buffer: (741,741)

 ----------------------------------------------------------------------------
 #    Dmax        Memory (MB)    NPivots     %    Time        
 ----------------------------------------------------------------------------
 1    1.9E-001    6.5E+000       16          7    1.2E-002    
 2    1.9E-003    6.3E+000       139         33   2.1E-002    
 3    1.8E-005    5.0E+000       204         63   1.2E-002    
 4    1.8E-007    3.4E+000       278         96   1.0E-002    
 5    9.3E-008    2.0E-001       290         100  4.3E-004    

 Step 1 of the Cholesky decomposition completed
 Computed 290 pivots
 Largest residual Dpq: 9.3E-008
 NCholesky/NAO = 7.6E+000
 Step 1 of Cholesky decomposition completed in 5.7E-002 seconds
 Detailed timings in seconds
 Subtract prev contribs I (M-R**T*R)     2.2E-003
 Subtract prev contribs II (Rk)          3.5E-003
 Two-electron integrals                  4.9E-002
 Reallocation                            5.1E-004

 Step 2 of Cholesky decomposition completed in 6.0E-003 seconds
 Detailed timings in seconds
 Reduced-dimension matrix V    4.6E-003
 V=L*L**T                      4.7E-004
 L**(-1)                       8.9E-004

 Full-dimension Cholesky vectors of the Coulomb matrix will be stored in memory
 Cholesky vectors computed in 1.1E-002 seconds

 ┌─────────────────────────────────────────┐
 │          Self-consistent field          │
 └─────────────────────────────────────────┘

 Atomic orbital basis set
 . . . . . . . . . . . . . . . . . . . . . . . . . . . . . . . . . . . . . . 
 atomic centers                               1
 shell parameter sets                         14
 spherical AOs                                38
 max angular momentum                         2
 parameter set                                ../../../../basis-sets/bse/def2-svpd.txt
 . . . . . . . . . . . . . . . . . . . . . . . . . . . . . . . . . . . . . . 
 SCF guess: bare nuclei Hamiltonian
 Starting self-consistent field iterations (spin-unrestricted)
 Alpha electrons: 16
 Beta electrons: 15
 ----------------------------------------------------------------------------
 Exchange-correlation: Hartree-Fock
 ----------------------------------------------------------------------------
 Replicated-data parallel SCF
 ----------------------------
 Processes                               1
 Threads/process                         16
 Allocated 2.6E-004 GiB of scratch space for the KS matrix build
 ----------------------------------------------------------------------------
 Spherical harmonic basis contains 38 vectors
 Linear independence thresh: Eig(S) > 1.0E-006
 Computations will be carried out in the space of 38 MOs
 Threshold for J, K: |Rho(r,s)*(pq|rs)|,|Rho(q,s)*(pq|rs)| > 1.0E-011
 Convergence conditions
 ----------------------
 RhoDiff < 1.0E-006
 OrbGrad < 1.0E-006
 Max number of macroiters: 1024
 ------------------------------------------------------------------------------
 #           Energy        EDiff    RhoDiff  OrbGrad  OrbShift NStored Time     
 ------------------------------------------------------------------------------
 0         -750.0005317284                                        0    2.6E-002 
 1        -1912.3155665762           2.8E+01                      0    2.1E-002 
 2        -1920.2856102910 -8.0E+00  1.3E+00  9.7E-01  3.2E+00    1    2.1E-002 
 3        -1922.3791697342 -2.1E+00  1.6E+00  1.1E+00  1.4E+00    2    2.1E-002 
 4        -1922.7242891685 -3.5E-01  1.3E+00  4.2E-01  2.0E-01    3    2.2E-002 
 5        -1922.7822350569 -5.8E-02  5.9E-01  1.4E-01  9.8E-04    4    2.1E-002 
 6        -1922.8000221888 -1.8E-02  2.8E+00  8.1E-02  2.0E-02    5    2.3E-002 
 7        -1922.8492001338 -4.9E-02  2.5E+00  1.0E-01  2.9E-02    6    2.4E-002 
 8        -1922.8595593060 -1.0E-02  5.2E-01  4.7E-02  0.0E+00    7    2.1E-002 
 9        -1922.8597304393 -1.7E-04  3.4E-02  5.9E-03  0.0E+00    8    2.1E-002 
 10       -1922.8597355431 -5.1E-06  6.6E-03  8.3E-04  0.0E+00    8    2.1E-002 
 11       -1922.8597355931 -5.0E-08  1.5E-03  7.3E-05  0.0E+00    8    2.1E-002 
 12       -1922.8597355965 -3.4E-09  2.7E-04  1.6E-05  0.0E+00    8    2.1E-002 
 13       -1922.8597355979 -1.4E-09  2.5E-04  8.6E-06  0.0E+00    8    2.1E-002 
 14       -1922.8597355981 -2.0E-10  6.3E-05  3.4E-06  0.0E+00    8    2.1E-002 
 15       -1922.8597355988 -6.9E-10  9.2E-05  1.6E-06  0.0E+00    8    2.1E-002 
 16       -1922.8597356055 -6.7E-09  2.7E-04  6.4E-06  0.0E+00    8    2.1E-002 
 17       -1922.8597356734 -6.8E-08  8.6E-04  2.0E-05  0.0E+00    8    2.1E-002 
 18       -1922.8597362037 -5.3E-07  2.3E-03  7.6E-05  9.4E-03    8    2.1E-002 
 19       -1922.8597375448 -1.3E-06  2.6E-03  2.3E-04  2.5E-01    8    2.7E-002 
 20       -1922.8597401443 -2.6E-06  3.1E-03  4.0E-04  3.2E-01    8    2.7E-002 
 21       -1922.8597446929 -4.5E-06  3.8E-03  7.0E-04  3.8E-01    8    2.6E-002 
 22       -1922.8597522086 -7.5E-06  4.5E-03  9.9E-04  4.2E-01    8    2.7E-002 
 23       -1922.8597641884 -1.2E-05  5.4E-03  1.3E-03  4.6E-01    8    2.7E-002 
 24       -1922.8597828271 -1.9E-05  6.5E-03  1.8E-03  5.0E-01    8    2.7E-002 
 25       -1922.8598113562 -2.9E-05  7.8E-03  2.3E-03  5.2E-01    8    2.7E-002 
 26       -1922.8598543983 -4.3E-05  9.4E-03  2.9E-03  5.5E-01    8    2.7E-002 
 27       -1922.8599187638 -6.4E-05  1.1E-02  3.6E-03  5.7E-01    8    2.7E-002 
 28       -1922.8600143303 -9.6E-05  1.3E-02  4.5E-03  5.8E-01    8    2.7E-002 
 29       -1922.8601552824 -1.4E-04  1.6E-02  5.5E-03  6.0E-01    8    2.7E-002 
 30       -1922.8603619980 -2.1E-04  1.9E-02  6.7E-03  6.1E-01    8    2.7E-002 
 31       -1922.8606645959 -3.0E-04  2.3E-02  8.2E-03  6.1E-01    8    2.7E-002 
 32       -1922.8611053422 -4.4E-04  2.8E-02  1.0E-02  6.2E-01    8    2.7E-002 
 33       -1922.8617452186 -6.4E-04  3.6E-02  1.2E-02  6.2E-01    8    2.7E-002 
 34       -1922.8626707527 -9.3E-04  5.2E-02  1.5E-02  6.3E-01    8    2.7E-002 
 35       -1922.8640049729 -1.3E-03  7.4E-02  1.8E-02  6.3E-01    8    2.7E-002 
 36       -1922.8659215895 -1.9E-03  1.1E-01  2.1E-02  6.2E-01    8    2.7E-002 
 37       -1922.8686540081 -2.7E-03  1.5E-01  2.5E-02  6.2E-01    8    2.7E-002 
 38       -1922.8725263041 -3.9E-03  2.1E-01  3.0E-02  6.1E-01    8    2.7E-002 
 39       -1922.8779638825 -5.4E-03  3.0E-01  3.5E-02  5.9E-01    8    2.6E-002 
 40       -1922.8854845611 -7.5E-03  4.1E-01  4.1E-02  5.6E-01    8    2.7E-002 
 41       -1922.8956699409 -1.0E-02  5.6E-01  4.7E-02  5.3E-01    8    2.7E-002 
 42       -1922.9090315712 -1.3E-02  7.2E-01  5.2E-02  4.7E-01    8    2.6E-002 
 43       -1922.9256873948 -1.7E-02  8.8E-01  5.6E-02  4.0E-01    8    2.6E-002 
 44       -1922.9447031272 -1.9E-02  9.8E-01  5.6E-02  3.1E-01    8    2.6E-002 
 45       -1922.9630341587 -1.8E-02  9.1E-01  5.0E-02  1.9E-01    8    2.5E-002 
 46       -1922.9741471694 -1.1E-02  5.2E-01  3.4E-02  4.6E-02    8    2.5E-002 
 47       -1922.9747187037 -5.7E-04  8.5E-02  7.6E-03  0.0E+00    8    2.1E-002 
 48       -1922.9747206193 -1.9E-06  2.8E-03  4.5E-04  0.0E+00    8    2.1E-002 
 49       -1922.9747208308 -2.1E-07  5.9E-04  1.7E-04  0.0E+00    8    2.1E-002 
 50       -1922.9747208448 -1.4E-08  1.7E-04  3.6E-05  0.0E+00    8    2.1E-002 
 51       -1922.9747208471 -2.2E-09  4.4E-05  1.3E-05  0.0E+00    8    2.1E-002 
 52       -1922.9747208474 -3.8E-10  8.9E-06  4.4E-06  0.0E+00    8    2.1E-002 
 53       -1922.9747208475 -6.4E-11  1.1E-05  2.2E-06  0.0E+00    8    2.1E-002 
 54       -1922.9747208475 -1.5E-11  8.8E-06  1.0E-06  0.0E+00    8    2.1E-002 
 55       -1922.9747208475 -2.5E-12  2.8E-06  9.3E-07  0.0E+00    8    2.1E-002 
 Skipping trust radius update
 56       -1922.9747208475  0.0E+00  2.2E-07  6.0E-08  0.0E+00    8    2.1E-002 
 ------------------------------------------------------------------------------
 SCF converged
 Converged energy                        -1922.974720847526  
 ------------------------------------------------------------------------------
 Ehomo(Alpha) [eV]                       -5.858356849842     
 Elumo(Alpha) [eV]                       0.828026261614      
 Ehomo(Beta) [eV]                        -10.658633297175    
 Elumo(Beta) [eV]                        1.120822135936      

 dipole moment (Debye)
        x              y              z       
      1.364E-008    -5.362E-008     5.877E-009

 traceless quadrupole moment (Debye*Angs)
                       x              y              z       
 x                  -3.357E+000    -5.048E+000     1.207E+000
 y                  -5.048E+000    -4.574E-002     8.741E-001
 z                   1.207E+000     8.741E-001     3.403E+000

 ----------------------------------------------------------------------------
 Timings (seconds)
 * mean-field hamiltonian     1.2E+000
 * solver (setting up eqns)   2.0E-002
 * solver (energy estimate)   8.8E-003
 * solver (orthogonalization) 1.4E-003
 * solver (rotation matrix X) 1.7E-001
 * solver (exponential of X)  5.2E-003
 * solver (total)             2.1E-001
 * total SCF                  1.4E+000
 Atomic guess: GA, ../../../../basis-sets/bse/def2-svpd.txt
 ----------------------------------------------------------
 E(HF) [a.u.]                            -1.9229747208E+003
 Tr(RhoAvg S), Cartesian AOs              3.1000000000E+001
 Tr(RhoAvg S), spherical AOs              3.1000000000E+001
 max|T RhoAvg T**T - RhoAvg_sao|                  2.00E-015
 max|c(RhoAvg) - c(Rho)|                          8.88E-016
 max|RhoAvg - Rho|                                2.31E-001
 Saved /mnt/storage_6/project_data/pl0415-03/marcin/beyond-rpa/guess/electron-densities/bse/def2-svpd/ga.txt
 ----------------------------------------------------------------------------
                             SCF for GE (2S+1=3)                             
 ----------------------------------------------------------------------------
 NUMBER OF ATOMS                         1
 CHARGE                                  0
 Prescreening (pq|pq) integrals for the Cholesky decomposition
 Shell pairs will be sorted according to their max elements
 Max diagonal integral MaxDrs=2.0E+001
 Applying Eq. 15 in J. Chem. Phys. 150, 194112 (2019); doi: 10.1063/1.5083802
 Schwarz inequality: Dpq<min(10**(-8),Tau)**2/MaxDrs=5.1E-018
 Trace of exact Coulomb matrix: 9.1E+001
 Trace of discarded integrals: 0.0E+000
 Discarded 0 out of 105 shell pairs
 (0 out of 741 orbital pairs)

 Step 1 of Cholesky decomposition: locating pivots
 -------------------------------------------------
 Dimensions of the Coulomb matrix: (741,741)
 Threshold for diagonal matrix elements: Dpq > 1.0E-007
 Max number of Cholesky vectors: 570
 Rk storage block size: 500
 Max dimension of 2e integrals buffer: (741,741)

 ----------------------------------------------------------------------------
 #    Dmax        Memory (MB)    NPivots     %    Time        
 ----------------------------------------------------------------------------
 1    2.0E-001    6.6E+000       17          8    1.3E-002    
 2    1.9E-003    6.3E+000       139         33   2.3E-002    
 3    1.6E-005    5.2E+000       203         61   8.3E-003    
 4    1.5E-007    3.6E+000       279         97   9.6E-003    
 5    9.2E-008    1.7E-001       288         100  4.1E-004    

 Step 1 of the Cholesky decomposition completed
 Computed 288 pivots
 Largest residual Dpq: 9.2E-008
 NCholesky/NAO = 7.6E+000
 Step 1 of Cholesky decomposition completed in 5.5E-002 seconds
 Detailed timings in seconds
 Subtract prev contribs I (M-R**T*R)     2.4E-003
 Subtract prev contribs II (Rk)          3.3E-003
 Two-electron integrals                  4.7E-002
 Reallocation                            5.1E-004

 Step 2 of Cholesky decomposition completed in 5.8E-003 seconds
 Detailed timings in seconds
 Reduced-dimension matrix V    4.9E-003
 V=L*L**T                      4.4E-004
 L**(-1)                       4.0E-004

 Full-dimension Cholesky vectors of the Coulomb matrix will be stored in memory
 Cholesky vectors computed in 1.1E-002 seconds

 ┌─────────────────────────────────────────┐
 │          Self-consistent field          │
 └─────────────────────────────────────────┘

 Atomic orbital basis set
 . . . . . . . . . . . . . . . . . . . . . . . . . . . . . . . . . . . . . . 
 atomic centers                               1
 shell parameter sets                         14
 spherical AOs                                38
 max angular momentum                         2
 parameter set                                ../../../../basis-sets/bse/def2-svpd.txt
 . . . . . . . . . . . . . . . . . . . . . . . . . . . . . . . . . . . . . . 
 SCF guess: bare nuclei Hamiltonian
 Starting self-consistent field iterations (spin-unrestricted)
 Alpha electrons: 17
 Beta electrons: 15
 ----------------------------------------------------------------------------
 Exchange-correlation: Hartree-Fock
 ----------------------------------------------------------------------------
 Replicated-data parallel SCF
 ----------------------------
 Processes                               1
 Threads/process                         16
 Allocated 2.6E-004 GiB of scratch space for the KS matrix build
 ----------------------------------------------------------------------------
 Spherical harmonic basis contains 38 vectors
 Linear independence thresh: Eig(S) > 1.0E-006
 Computations will be carried out in the space of 38 MOs
 Threshold for J, K: |Rho(r,s)*(pq|rs)|,|Rho(q,s)*(pq|rs)| > 1.0E-011
 Convergence conditions
 ----------------------
 RhoDiff < 1.0E-006
 OrbGrad < 1.0E-006
 Max number of macroiters: 1024
 ------------------------------------------------------------------------------
 #           Energy        EDiff    RhoDiff  OrbGrad  OrbShift NStored Time     
 ------------------------------------------------------------------------------
 0         -809.1620743253                                        0    2.8E-002 
 1        -2060.6566606353           3.6E+01                      0    2.1E-002 
 2        -2070.5467185175 -9.9E+00  1.8E+00  1.5E+00  3.8E+00    1    2.2E-002 
 3        -2073.9248428357 -3.4E+00  2.1E+00  1.2E+00  1.6E+00    2    2.2E-002 
 4        -2074.4412198798 -5.2E-01  1.2E+00  4.8E-01  1.7E-01    3    2.2E-002 
 5        -2074.4936429749 -5.2E-02  3.5E-01  1.5E-01  8.5E-02    4    2.2E-002 
 6        -2074.5031718022 -9.5E-03  2.1E-01  5.8E-02  1.0E-01    5    2.2E-002 
 7        -2074.5223390118 -1.9E-02  1.6E+00  1.8E-02  1.0E-01    6    2.2E-002 
 8        -2074.5504541560 -2.8E-02  2.3E+00  3.3E-02  1.0E-01    7    2.2E-002 
 9        -2074.5633988750 -1.3E-02  1.1E+00  3.1E-02  1.0E-01    8    2.2E-002 
 10       -2074.5684423778 -5.0E-03  4.2E-01  2.1E-02  1.0E-01    8    2.2E-002 
 11       -2074.5700332776 -1.6E-03  1.6E-01  1.3E-02  1.0E-01    8    2.2E-002 
 12       -2074.6384986310 -6.8E-02  1.8E-01  8.1E-03  1.0E-01    8    2.7E-002 
 13       -2074.7686125557 -1.3E-01  2.4E-01  1.2E-01  4.0E-01    8    2.9E-002 
 14       -2074.8735241345 -1.0E-01  9.3E-01  1.4E-01  1.7E-01    8    2.8E-002 
 15       -2074.9383214265 -6.5E-02  2.1E+00  2.9E-02  1.4E-02    8    2.7E-002 
 16       -2075.0491770642 -1.1E-01  4.7E+00  8.0E-02  1.0E-01    8    2.7E-002 
 17       -2075.0575306894 -8.4E-03  2.1E-01  2.6E-02  0.0E+00    8    2.2E-002 
 18       -2075.0580527675 -5.2E-04  2.8E-02  1.4E-02  0.0E+00    8    2.2E-002 
 19       -2075.0585019436 -4.5E-04  9.6E-03  1.3E-02  0.0E+00    8    2.2E-002 
 20       -2075.0585132098 -1.1E-05  2.3E-03  1.1E-03  0.0E+00    8    2.2E-002 
 21       -2075.0585157632 -2.6E-06  1.0E-03  4.8E-04  0.0E+00    8    2.2E-002 
 22       -2075.0585159254 -1.6E-07  4.3E-04  1.3E-04  0.0E+00    8    2.2E-002 
 23       -2075.0585159337 -8.2E-09  7.7E-05  1.9E-05  0.0E+00    8    2.2E-002 
 24       -2075.0585159373 -3.7E-09  5.6E-05  1.3E-05  0.0E+00    8    2.2E-002 
 25       -2075.0585159387 -1.4E-09  2.5E-05  9.4E-06  0.0E+00    8    2.2E-002 
 26       -2075.0585159395 -7.8E-10  2.2E-05  5.8E-06  0.0E+00    8    2.2E-002 
 27       -2075.0585159396 -1.2E-10  7.7E-06  1.7E-06  0.0E+00    8    2.2E-002 
 28       -2075.0585159396 -6.8E-12  2.4E-06  5.9E-07  0.0E+00    8    2.2E-002 
 29       -2075.0585159396 -9.1E-13  7.0E-07  4.6E-07  0.0E+00    8    2.2E-002 
 ------------------------------------------------------------------------------
 SCF converged
 Converged energy                        -2075.058515939629  
 ------------------------------------------------------------------------------
 Ehomo(Alpha) [eV]                       -7.897186519053     
 Elumo(Alpha) [eV]                       -0.009913523259     
 Ehomo(Beta) [eV]                        -12.932323952069    
 Elumo(Beta) [eV]                        0.701086771327      

 dipole moment (Debye)
        x              y              z       
     -6.804E-007    -2.439E-007    -6.233E-008

 traceless quadrupole moment (Debye*Angs)
                       x              y              z       
 x                  -1.962E+000    -1.600E+000    -1.150E+000
 y                  -1.600E+000     2.097E+000     3.315E+000
 z                  -1.150E+000     3.315E+000    -1.350E-001

 ----------------------------------------------------------------------------
 Timings (seconds)
 * mean-field hamiltonian     6.3E-001
 * solver (setting up eqns)   1.1E-002
 * solver (energy estimate)   3.7E-003
 * solver (orthogonalization) 7.6E-004
 * solver (rotation matrix X) 3.6E-002
 * solver (exponential of X)  2.8E-003
 * solver (total)             5.6E-002
 * total SCF                  7.0E-001
 Atomic guess: GE, ../../../../basis-sets/bse/def2-svpd.txt
 ----------------------------------------------------------
 E(HF) [a.u.]                            -2.0750585159E+003
 Tr(RhoAvg S), Cartesian AOs              3.2000000000E+001
 Tr(RhoAvg S), spherical AOs              3.2000000000E+001
 max|T RhoAvg T**T - RhoAvg_sao|                  1.78E-015
 max|c(RhoAvg) - c(Rho)|                          1.78E-015
 max|RhoAvg - Rho|                                1.86E-001
 Saved /mnt/storage_6/project_data/pl0415-03/marcin/beyond-rpa/guess/electron-densities/bse/def2-svpd/ge.txt
 ----------------------------------------------------------------------------
                             SCF for AS (2S+1=4)                             
 ----------------------------------------------------------------------------
 NUMBER OF ATOMS                         1
 CHARGE                                  0
 Prescreening (pq|pq) integrals for the Cholesky decomposition
 Shell pairs will be sorted according to their max elements
 Max diagonal integral MaxDrs=2.0E+001
 Applying Eq. 15 in J. Chem. Phys. 150, 194112 (2019); doi: 10.1063/1.5083802
 Schwarz inequality: Dpq<min(10**(-8),Tau)**2/MaxDrs=4.9E-018
 Trace of exact Coulomb matrix: 9.7E+001
 Trace of discarded integrals: 0.0E+000
 Discarded 0 out of 105 shell pairs
 (0 out of 741 orbital pairs)

 Step 1 of Cholesky decomposition: locating pivots
 -------------------------------------------------
 Dimensions of the Coulomb matrix: (741,741)
 Threshold for diagonal matrix elements: Dpq > 1.0E-007
 Max number of Cholesky vectors: 570
 Rk storage block size: 500
 Max dimension of 2e integrals buffer: (741,741)

 ----------------------------------------------------------------------------
 #    Dmax        Memory (MB)    NPivots     %    Time        
 ----------------------------------------------------------------------------
 1    2.0E-001    6.6E+000       17          8    1.3E-002    
 2    1.9E-003    6.3E+000       139         33   1.8E-002    
 3    1.6E-005    5.0E+000       202         62   7.2E-003    
 4    1.6E-007    3.4E+000       271         96   1.4E-002    
 5    9.4E-008    1.9E-001       287         100  4.6E-004    

 Step 1 of the Cholesky decomposition completed
 Computed 287 pivots
 Largest residual Dpq: 9.4E-008
 NCholesky/NAO = 7.6E+000
 Step 1 of Cholesky decomposition completed in 5.2E-002 seconds
 Detailed timings in seconds
 Subtract prev contribs I (M-R**T*R)     1.7E-003
 Subtract prev contribs II (Rk)          4.8E-003
 Two-electron integrals                  4.3E-002
 Reallocation                            7.6E-004

 Step 2 of Cholesky decomposition completed in 6.2E-003 seconds
 Detailed timings in seconds
 Reduced-dimension matrix V    5.2E-003
 V=L*L**T                      4.4E-004
 L**(-1)                       6.2E-004

 Full-dimension Cholesky vectors of the Coulomb matrix will be stored in memory
 Cholesky vectors computed in 1.0E-002 seconds

 ┌─────────────────────────────────────────┐
 │          Self-consistent field          │
 └─────────────────────────────────────────┘

 Atomic orbital basis set
 . . . . . . . . . . . . . . . . . . . . . . . . . . . . . . . . . . . . . . 
 atomic centers                               1
 shell parameter sets                         14
 spherical AOs                                38
 max angular momentum                         2
 parameter set                                ../../../../basis-sets/bse/def2-svpd.txt
 . . . . . . . . . . . . . . . . . . . . . . . . . . . . . . . . . . . . . . 
 SCF guess: bare nuclei Hamiltonian
 Starting self-consistent field iterations (spin-unrestricted)
 Alpha electrons: 18
 Beta electrons: 15
 ----------------------------------------------------------------------------
 Exchange-correlation: Hartree-Fock
 ----------------------------------------------------------------------------
 Replicated-data parallel SCF
 ----------------------------
 Processes                               1
 Threads/process                         16
 Allocated 2.6E-004 GiB of scratch space for the KS matrix build
 ----------------------------------------------------------------------------
 Spherical harmonic basis contains 38 vectors
 Linear independence thresh: Eig(S) > 1.0E-006
 Computations will be carried out in the space of 38 MOs
 Threshold for J, K: |Rho(r,s)*(pq|rs)|,|Rho(q,s)*(pq|rs)| > 1.0E-011
 Convergence conditions
 ----------------------
 RhoDiff < 1.0E-006
 OrbGrad < 1.0E-006
 Max number of macroiters: 1024
 ------------------------------------------------------------------------------
 #           Energy        EDiff    RhoDiff  OrbGrad  OrbShift NStored Time     
 ------------------------------------------------------------------------------
 0         -871.6983583716                                        0    2.7E-002 
 1        -2215.1624610155           4.4E+01                      0    2.1E-002 
 2        -2227.2329320442 -1.2E+01  2.2E+00  1.7E+00  4.4E+00    1    2.2E-002 
 3        -2232.0539066799 -4.8E+00  2.5E+00  1.4E+00  1.8E+00    2    2.2E-002 
 4        -2232.6951568209 -6.4E-01  1.1E+00  5.4E-01  2.6E-01    3    2.2E-002 
 5        -2232.7453098272 -5.0E-02  3.2E-01  1.5E-01  1.9E-01    4    2.2E-002 
 6        -2232.7532364169 -7.9E-03  3.1E-02  5.9E-02  2.1E-01    5    2.2E-002 
 7        -2232.7542812925 -1.0E-03  4.4E-02  6.9E-03  2.1E-01    6    2.2E-002 
 8        -2232.7561369673 -1.9E-03  9.2E-02  6.0E-03  2.1E-01    7    2.2E-002 
 9        -2232.7594501585 -3.3E-03  2.1E-01  9.7E-03  2.2E-01    8    2.5E-002 
 10       -2232.7652601650 -5.8E-03  3.5E-01  1.5E-02  2.6E-01    8    2.7E-002 
 11       -2232.7805771190 -1.5E-02  1.9E-01  2.1E-02  6.3E-01    8    2.9E-002 
 12       -2232.8190212218 -3.8E-02  1.2E-01  6.1E-02  9.7E-01    8    2.9E-002 
 13       -2232.8917785073 -7.3E-02  8.1E-02  1.2E-01  1.2E+00    8    2.9E-002 
 14       -2233.0075609032 -1.2E-01  6.5E-02  1.8E-01  1.2E+00    8    2.9E-002 
 15       -2233.1661356932 -1.6E-01  8.8E-02  2.1E-01  1.1E+00    8    2.9E-002 
 16       -2233.3513215460 -1.9E-01  1.6E-01  2.1E-01  8.5E-01    8    2.9E-002 
 17       -2233.5317492927 -1.8E-01  1.8E-01  1.7E-01  5.4E-01    8    2.8E-002 
 18       -2233.7101031114 -1.8E-01  2.0E-01  9.8E-02  4.7E-01    8    2.9E-002 
 19       -2233.8746118103 -1.6E-01  6.4E-01  1.5E-01  3.0E-01    8    2.6E-002 
 20       -2233.9163807370 -4.2E-02  2.3E-01  6.3E-02  0.0E+00    8    2.2E-002 
 21       -2233.9170259303 -6.5E-04  1.2E-02  8.6E-03  0.0E+00    8    2.2E-002 
 22       -2233.9172094036 -1.8E-04  6.9E-03  4.9E-03  0.0E+00    8    2.2E-002 
 23       -2233.9172408020 -3.1E-05  3.9E-03  1.4E-03  0.0E+00    8    2.2E-002 
 24       -2233.9172431208 -2.3E-06  8.9E-04  3.7E-04  0.0E+00    8    2.2E-002 
 25       -2233.9172432080 -8.7E-08  9.7E-05  9.4E-05  0.0E+00    8    2.2E-002 
 26       -2233.9172432162 -8.3E-09  5.6E-05  3.6E-05  0.0E+00    8    2.2E-002 
 27       -2233.9172432170 -7.7E-10  1.3E-05  1.1E-05  0.0E+00    8    2.2E-002 
 28       -2233.9172432171 -1.2E-10  4.2E-06  2.9E-06  0.0E+00    8    2.2E-002 
 29       -2233.9172432172 -4.5E-11  2.9E-06  2.0E-06  0.0E+00    8    2.2E-002 
 30       -2233.9172432172 -9.1E-12  1.7E-06  7.9E-07  0.0E+00    8    2.2E-002 
 31       -2233.9172432172 -1.8E-12  7.2E-07  4.3E-07  0.0E+00    8    2.2E-002 
 ------------------------------------------------------------------------------
 SCF converged
 Converged energy                        -2233.917243217181  
 ------------------------------------------------------------------------------
 Ehomo(Alpha) [eV]                       -10.027133994465    
 Elumo(Alpha) [eV]                       2.737494128119      
 Ehomo(Beta) [eV]                        -14.993546343807    
 Elumo(Beta) [eV]                        1.600479725954      

 dipole moment (Debye)
        x              y              z       
      9.702E-010    -5.756E-008     2.255E-007

 traceless quadrupole moment (Debye*Angs)
                       x              y              z       
 x                  -1.043E-006    -1.983E-007    -8.111E-008
 y                  -1.983E-007     1.500E-007     1.267E-008
 z                  -8.111E-008     1.267E-008     8.932E-007

 ----------------------------------------------------------------------------
 Timings (seconds)
 * mean-field hamiltonian     6.7E-001
 * solver (setting up eqns)   1.1E-002
 * solver (energy estimate)   4.5E-003
 * solver (orthogonalization) 7.5E-004
 * solver (rotation matrix X) 7.4E-002
 * solver (exponential of X)  3.0E-003
 * solver (total)             9.5E-002
 * total SCF                  7.8E-001
 Atomic guess: AS, ../../../../basis-sets/bse/def2-svpd.txt
 ----------------------------------------------------------
 E(HF) [a.u.]                            -2.2339172432E+003
 Tr(RhoAvg S), Cartesian AOs              3.3000000000E+001
 Tr(RhoAvg S), spherical AOs              3.3000000000E+001
 max|T RhoAvg T**T - RhoAvg_sao|                  1.78E-015
 max|c(RhoAvg) - c(Rho)|                          1.11E-015
 max|RhoAvg - Rho|                                2.66E-007
 Saved /mnt/storage_6/project_data/pl0415-03/marcin/beyond-rpa/guess/electron-densities/bse/def2-svpd/as.txt
 ----------------------------------------------------------------------------
                             SCF for SE (2S+1=3)                             
 ----------------------------------------------------------------------------
 NUMBER OF ATOMS                         1
 CHARGE                                  0
 Prescreening (pq|pq) integrals for the Cholesky decomposition
 Shell pairs will be sorted according to their max elements
 Max diagonal integral MaxDrs=2.1E+001
 Applying Eq. 15 in J. Chem. Phys. 150, 194112 (2019); doi: 10.1063/1.5083802
 Schwarz inequality: Dpq<min(10**(-8),Tau)**2/MaxDrs=4.8E-018
 Trace of exact Coulomb matrix: 1.0E+002
 Trace of discarded integrals: 0.0E+000
 Discarded 0 out of 120 shell pairs
 (0 out of 861 orbital pairs)

 Step 1 of Cholesky decomposition: locating pivots
 -------------------------------------------------
 Dimensions of the Coulomb matrix: (861,861)
 Threshold for diagonal matrix elements: Dpq > 1.0E-007
 Max number of Cholesky vectors: 615
 Rk storage block size: 500
 Max dimension of 2e integrals buffer: (861,861)

 ----------------------------------------------------------------------------
 #    Dmax        Memory (MB)    NPivots     %    Time        
 ----------------------------------------------------------------------------
 1    2.1E-001    8.4E+000       17          7    1.6E-002    
 2    2.1E-003    8.1E+000       144         32   2.4E-002    
 3    1.7E-005    6.5E+000       221         66   8.9E-003    
 4    1.6E-007    3.8E+000       297         97   9.1E-003    
 5    9.4E-008    3.3E-001       305         100  4.9E-004    

 Step 1 of the Cholesky decomposition completed
 Computed 305 pivots
 Largest residual Dpq: 9.4E-008
 NCholesky/NAO = 7.4E+000
 Step 1 of Cholesky decomposition completed in 5.9E-002 seconds
 Detailed timings in seconds
 Subtract prev contribs I (M-R**T*R)     2.6E-003
 Subtract prev contribs II (Rk)          4.1E-003
 Two-electron integrals                  4.9E-002
 Reallocation                            8.8E-004

 Step 2 of Cholesky decomposition completed in 5.5E-003 seconds
 Detailed timings in seconds
 Reduced-dimension matrix V    4.4E-003
 V=L*L**T                      5.1E-004
 L**(-1)                       5.9E-004

 Full-dimension Cholesky vectors of the Coulomb matrix will be stored in memory
 Cholesky vectors computed in 1.3E-002 seconds

 ┌─────────────────────────────────────────┐
 │          Self-consistent field          │
 └─────────────────────────────────────────┘

 Atomic orbital basis set
 . . . . . . . . . . . . . . . . . . . . . . . . . . . . . . . . . . . . . . 
 atomic centers                               1
 shell parameter sets                         15
 spherical AOs                                41
 max angular momentum                         2
 parameter set                                ../../../../basis-sets/bse/def2-svpd.txt
 . . . . . . . . . . . . . . . . . . . . . . . . . . . . . . . . . . . . . . 
 SCF guess: bare nuclei Hamiltonian
 Starting self-consistent field iterations (spin-unrestricted)
 Alpha electrons: 18
 Beta electrons: 16
 ----------------------------------------------------------------------------
 Exchange-correlation: Hartree-Fock
 ----------------------------------------------------------------------------
 Replicated-data parallel SCF
 ----------------------------
 Processes                               1
 Threads/process                         16
 Allocated 3.0E-004 GiB of scratch space for the KS matrix build
 ----------------------------------------------------------------------------
 Spherical harmonic basis contains 41 vectors
 Linear independence thresh: Eig(S) > 1.0E-006
 Computations will be carried out in the space of 41 MOs
 Threshold for J, K: |Rho(r,s)*(pq|rs)|,|Rho(q,s)*(pq|rs)| > 1.0E-011
 Convergence conditions
 ----------------------
 RhoDiff < 1.0E-006
 OrbGrad < 1.0E-006
 Max number of macroiters: 1024
 ------------------------------------------------------------------------------
 #           Energy        EDiff    RhoDiff  OrbGrad  OrbShift NStored Time     
 ------------------------------------------------------------------------------
 0         -862.0898680446                                        0    3.3E-002 
 1        -2375.3961785114           1.3E+01                      0    2.6E-002 
 2        -2390.0271565511 -1.5E+01  7.7E-01  2.0E+00  5.2E+00    1    2.7E-002 
 3        -2396.7756946940 -6.7E+00  1.3E+00  1.7E+00  2.2E+00    2    2.6E-002 
 4        -2397.5770060714 -8.0E-01  7.6E-01  6.2E-01  3.4E-01    3    2.6E-002 
 5        -2397.6292903362 -5.2E-02  2.1E-01  1.6E-01  3.0E-01    4    2.6E-002 
 6        -2397.6365377667 -7.2E-03  2.7E-02  5.9E-02  3.2E-01    5    2.6E-002 
 7        -2397.6374578488 -9.2E-04  2.0E-02  8.2E-03  3.3E-01    6    2.6E-002 
 8        -2397.6386201981 -1.2E-03  2.9E-02  8.5E-03  3.3E-01    7    2.7E-002 
 9        -2397.6403332383 -1.7E-03  3.6E-02  1.1E-02  3.3E-01    8    2.7E-002 
 10       -2397.6438656176 -3.5E-03  4.1E-02  1.4E-02  3.3E-01    8    2.7E-002 
 11       -2397.6604516514 -1.7E-02  3.8E-02  2.5E-02  8.0E-01    8    3.4E-002 
 12       -2397.7036606640 -4.3E-02  4.2E-02  9.6E-02  1.2E+00    8    3.3E-002 
 13       -2397.7852296299 -8.2E-02  4.8E-02  1.7E-01  1.5E+00    8    3.4E-002 
 14       -2397.9136186175 -1.3E-01  7.4E-02  2.5E-01  1.6E+00    8    3.4E-002 
 15       -2398.0876910183 -1.7E-01  9.1E-02  2.9E-01  1.4E+00    8    3.4E-002 
 16       -2398.3002682103 -2.1E-01  7.8E-02  2.8E-01  1.2E+00    8    3.4E-002 
 17       -2398.5664113609 -2.7E-01  9.2E-02  1.9E-01  1.1E+00    8    3.4E-002 
 18       -2398.8938239996 -3.3E-01  1.4E-01  2.4E-01  8.7E-01    8    3.4E-002 
 19       -2399.2294894233 -3.4E-01  1.5E-01  2.0E-01  6.0E-01    8    3.3E-002 
 20       -2399.4857858710 -2.6E-01  1.8E-01  1.5E-01  2.9E-01    8    3.2E-002 
 21       -2399.5313296811 -4.6E-02  9.5E-02  8.2E-02  0.0E+00    8    2.7E-002 
 22       -2399.5320773653 -7.5E-04  2.1E-02  8.3E-03  0.0E+00    8    2.7E-002 
 23       -2399.5321782630 -1.0E-04  5.1E-03  2.8E-03  0.0E+00    8    2.7E-002 
 24       -2399.5321945301 -1.6E-05  1.5E-03  1.2E-03  0.0E+00    8    2.7E-002 
 25       -2399.5321968593 -2.3E-06  7.4E-04  4.4E-04  0.0E+00    8    2.7E-002 
 26       -2399.5321970659 -2.1E-07  3.2E-04  1.5E-04  0.0E+00    8    2.7E-002 
 27       -2399.5321970752 -9.3E-09  7.2E-05  3.4E-05  0.0E+00    8    2.7E-002 
 28       -2399.5321970776 -2.5E-09  3.8E-05  3.4E-05  0.0E+00    8    2.7E-002 
 29       -2399.5321970782 -5.7E-10  1.7E-05  1.6E-05  0.0E+00    8    2.7E-002 
 30       -2399.5321970782 -1.9E-11  1.3E-06  2.4E-06  0.0E+00    8    2.7E-002 
 31       -2399.5321970782 -9.1E-13  2.6E-07  2.4E-07  0.0E+00    8    2.7E-002 
 ------------------------------------------------------------------------------
 SCF converged
 Converged energy                        -2399.532197078232  
 ------------------------------------------------------------------------------
 Ehomo(Alpha) [eV]                       -10.511645250723    
 Elumo(Alpha) [eV]                       2.232039505627      
 Ehomo(Beta) [eV]                        -9.416683207148     
 Elumo(Beta) [eV]                        -0.272935393488     

 dipole moment (Debye)
        x              y              z       
     -5.651E-008    -2.152E-007    -2.824E-007

 traceless quadrupole moment (Debye*Angs)
                       x              y              z       
 x                  -2.688E+000    -2.020E+000     1.210E+000
 y                  -2.020E+000     1.061E+000     5.279E-001
 z                   1.210E+000     5.279E-001     1.626E+000

 ----------------------------------------------------------------------------
 Timings (seconds)
 * mean-field hamiltonian     8.2E-001
 * solver (setting up eqns)   1.3E-002
 * solver (energy estimate)   3.8E-003
 * solver (orthogonalization) 8.5E-004
 * solver (rotation matrix X) 7.9E-002
 * solver (exponential of X)  3.6E-003
 * solver (total)             1.0E-001
 * total SCF                  9.3E-001
 Atomic guess: SE, ../../../../basis-sets/bse/def2-svpd.txt
 ----------------------------------------------------------
 E(HF) [a.u.]                            -2.3995321971E+003
 Tr(RhoAvg S), Cartesian AOs              3.4000000000E+001
 Tr(RhoAvg S), spherical AOs              3.4000000000E+001
 max|T RhoAvg T**T - RhoAvg_sao|                  2.00E-015
 max|c(RhoAvg) - c(Rho)|                          4.44E-016
 max|RhoAvg - Rho|                                1.67E-001
 Saved /mnt/storage_6/project_data/pl0415-03/marcin/beyond-rpa/guess/electron-densities/bse/def2-svpd/se.txt
 ----------------------------------------------------------------------------
                             SCF for BR (2S+1=2)                             
 ----------------------------------------------------------------------------
 NUMBER OF ATOMS                         1
 CHARGE                                  0
 Prescreening (pq|pq) integrals for the Cholesky decomposition
 Shell pairs will be sorted according to their max elements
 Max diagonal integral MaxDrs=2.2E+001
 Applying Eq. 15 in J. Chem. Phys. 150, 194112 (2019); doi: 10.1063/1.5083802
 Schwarz inequality: Dpq<min(10**(-8),Tau)**2/MaxDrs=4.6E-018
 Trace of exact Coulomb matrix: 1.1E+002
 Trace of discarded integrals: 0.0E+000
 Discarded 0 out of 120 shell pairs
 (0 out of 861 orbital pairs)

 Step 1 of Cholesky decomposition: locating pivots
 -------------------------------------------------
 Dimensions of the Coulomb matrix: (861,861)
 Threshold for diagonal matrix elements: Dpq > 1.0E-007
 Max number of Cholesky vectors: 615
 Rk storage block size: 500
 Max dimension of 2e integrals buffer: (861,861)

 ----------------------------------------------------------------------------
 #    Dmax        Memory (MB)    NPivots     %    Time        
 ----------------------------------------------------------------------------
 1    1.9E-001    8.6E+000       19          7    1.3E-002    
 2    1.9E-003    8.0E+000       145         33   1.7E-002    
 3    1.7E-005    6.7E+000       221         65   9.8E-003    
 4    1.6E-007    3.8E+000       296         97   1.3E-002    
 5    9.4E-008    2.0E-001       305         100  3.8E-004    

 Step 1 of the Cholesky decomposition completed
 Computed 305 pivots
 Largest residual Dpq: 9.4E-008
 NCholesky/NAO = 7.4E+000
 Step 1 of Cholesky decomposition completed in 5.5E-002 seconds
 Detailed timings in seconds
 Subtract prev contribs I (M-R**T*R)     2.6E-003
 Subtract prev contribs II (Rk)          4.2E-003
 Two-electron integrals                  4.5E-002
 Reallocation                            9.0E-004

 Step 2 of Cholesky decomposition completed in 5.6E-003 seconds
 Detailed timings in seconds
 Reduced-dimension matrix V    4.3E-003
 V=L*L**T                      4.9E-004
 L**(-1)                       7.7E-004

 Full-dimension Cholesky vectors of the Coulomb matrix will be stored in memory
 Cholesky vectors computed in 1.1E-002 seconds

 ┌─────────────────────────────────────────┐
 │          Self-consistent field          │
 └─────────────────────────────────────────┘

 Atomic orbital basis set
 . . . . . . . . . . . . . . . . . . . . . . . . . . . . . . . . . . . . . . 
 atomic centers                               1
 shell parameter sets                         15
 spherical AOs                                41
 max angular momentum                         2
 parameter set                                ../../../../basis-sets/bse/def2-svpd.txt
 . . . . . . . . . . . . . . . . . . . . . . . . . . . . . . . . . . . . . . 
 SCF guess: bare nuclei Hamiltonian
 Starting self-consistent field iterations (spin-unrestricted)
 Alpha electrons: 18
 Beta electrons: 17
 ----------------------------------------------------------------------------
 Exchange-correlation: Hartree-Fock
 ----------------------------------------------------------------------------
 Replicated-data parallel SCF
 ----------------------------
 Processes                               1
 Threads/process                         16
 Allocated 3.0E-004 GiB of scratch space for the KS matrix build
 ----------------------------------------------------------------------------
 Spherical harmonic basis contains 41 vectors
 Linear independence thresh: Eig(S) > 1.0E-006
 Computations will be carried out in the space of 41 MOs
 Threshold for J, K: |Rho(r,s)*(pq|rs)|,|Rho(q,s)*(pq|rs)| > 1.0E-011
 Convergence conditions
 ----------------------
 RhoDiff < 1.0E-006
 OrbGrad < 1.0E-006
 Max number of macroiters: 1024
 ------------------------------------------------------------------------------
 #           Energy        EDiff    RhoDiff  OrbGrad  OrbShift NStored Time     
 ------------------------------------------------------------------------------
 0         -930.6191058683                                        0    3.3E-002 
 1        -2542.5906788751           1.4E+01                      0    2.7E-002 
 2        -2560.0271208585 -1.7E+01  8.9E-01  2.3E+00  5.9E+00    1    2.7E-002 
 3        -2568.3619223234 -8.3E+00  1.5E+00  1.9E+00  2.4E+00    2    2.7E-002 
 4        -2569.1813504015 -8.2E-01  6.3E-01  6.6E-01  3.8E-01    3    2.7E-002 
 5        -2569.2209627339 -4.0E-02  1.8E-01  1.6E-01  3.8E-01    4    2.7E-002 
 6        -2569.2251952818 -4.2E-03  1.4E-02  4.4E-02  4.0E-01    5    2.7E-002 
 7        -2569.2257731847 -5.8E-04  1.5E-02  6.4E-03  4.0E-01    6    2.7E-002 
 8        -2569.2264193524 -6.5E-04  1.9E-02  7.2E-03  4.0E-01    7    2.7E-002 
 9        -2569.2285848109 -2.2E-03  2.4E-02  8.3E-03  4.0E-01    8    2.7E-002 
 10       -2569.2431336186 -1.5E-02  2.9E-02  3.1E-02  1.0E+00    8    3.4E-002 
 11       -2569.2805168504 -3.7E-02  3.3E-02  8.4E-02  1.6E+00    8    3.4E-002 
 12       -2569.3517022534 -7.1E-02  3.5E-02  1.8E-01  2.0E+00    8    3.5E-002 
 13       -2569.4681172173 -1.2E-01  4.5E-02  2.6E-01  2.2E+00    8    3.5E-002 
 14       -2569.6378758016 -1.7E-01  6.0E-02  3.2E-01  2.1E+00    8    3.5E-002 
 15       -2569.8621843319 -2.2E-01  6.5E-02  3.5E-01  1.9E+00    8    3.5E-002 
 16       -2570.1423568050 -2.8E-01  5.9E-02  3.2E-01  1.6E+00    8    3.5E-002 
 17       -2570.4979167423 -3.6E-01  7.8E-02  2.5E-01  1.4E+00    8    3.4E-002 
 18       -2570.9383531490 -4.4E-01  1.0E-01  2.8E-01  1.2E+00    8    3.4E-002 
 19       -2571.4283263081 -4.9E-01  1.5E-01  2.6E-01  9.4E-01    8    3.4E-002 
 20       -2571.8827132489 -4.5E-01  2.0E-01  2.3E-01  6.0E-01    8    3.3E-002 
 21       -2572.0735580685 -1.9E-01  1.7E-01  1.7E-01  1.4E-02    8    3.1E-002 
 22       -2572.0846722488 -1.1E-02  4.7E-02  5.1E-02  0.0E+00    8    2.7E-002 
 23       -2572.0850356598 -3.6E-04  7.3E-03  7.9E-03  0.0E+00    8    2.7E-002 
 24       -2572.0850875161 -5.2E-05  2.9E-03  3.0E-03  0.0E+00    8    2.7E-002 
 25       -2572.0851066704 -1.9E-05  2.0E-03  2.4E-03  0.0E+00    8    2.7E-002 
 26       -2572.0851093559 -2.7E-06  6.8E-04  6.1E-04  0.0E+00    8    2.7E-002 
 27       -2572.0851096592 -3.0E-07  1.9E-04  1.7E-04  0.0E+00    8    2.7E-002 
 28       -2572.0851096752 -1.6E-08  3.2E-05  3.5E-05  0.0E+00    8    2.7E-002 
 29       -2572.0851096766 -1.4E-09  1.4E-05  2.2E-05  0.0E+00    8    2.7E-002 
 30       -2572.0851096767 -6.1E-11  2.1E-06  1.4E-06  0.0E+00    8    2.7E-002 
 31       -2572.0851096767 -1.4E-11  1.4E-06  7.8E-07  0.0E+00    8    2.7E-002 
 32       -2572.0851096767 -2.3E-12  5.6E-07  4.6E-07  0.0E+00    8    2.7E-002 
 ------------------------------------------------------------------------------
 SCF converged
 Converged energy                        -2572.085109676684  
 ------------------------------------------------------------------------------
 Ehomo(Alpha) [eV]                       -12.415441201389    
 Elumo(Alpha) [eV]                       2.758603486707      
 Ehomo(Beta) [eV]                        -11.807593371966    
 Elumo(Beta) [eV]                        -1.535740876437     

 dipole moment (Debye)
        x              y              z       
     -3.079E-008     1.087E-007    -1.017E-007

 traceless quadrupole moment (Debye*Angs)
                       x              y              z       
 x                   9.148E-001     2.219E+000    -5.964E-001
 y                   2.219E+000     4.752E-001    -5.403E-001
 z                  -5.964E-001    -5.403E-001    -1.390E+000

 ----------------------------------------------------------------------------
 Timings (seconds)
 * mean-field hamiltonian     8.6E-001
 * solver (setting up eqns)   1.3E-002
 * solver (energy estimate)   4.1E-003
 * solver (orthogonalization) 8.7E-004
 * solver (rotation matrix X) 9.2E-002
 * solver (exponential of X)  3.7E-003
 * solver (total)             1.1E-001
 * total SCF                  9.9E-001
 Atomic guess: BR, ../../../../basis-sets/bse/def2-svpd.txt
 ----------------------------------------------------------
 E(HF) [a.u.]                            -2.5720851097E+003
 Tr(RhoAvg S), Cartesian AOs              3.5000000000E+001
 Tr(RhoAvg S), spherical AOs              3.5000000000E+001
 max|T RhoAvg T**T - RhoAvg_sao|                  1.55E-015
 max|c(RhoAvg) - c(Rho)|                          8.88E-016
 max|RhoAvg - Rho|                                1.70E-001
 Saved /mnt/storage_6/project_data/pl0415-03/marcin/beyond-rpa/guess/electron-densities/bse/def2-svpd/br.txt
 ----------------------------------------------------------------------------
                                  SCF for KR                                 
 ----------------------------------------------------------------------------
 NUMBER OF ATOMS                         1
 CHARGE                                  0
 Prescreening (pq|pq) integrals for the Cholesky decomposition
 Shell pairs will be sorted according to their max elements
 Max diagonal integral MaxDrs=2.2E+001
 Applying Eq. 15 in J. Chem. Phys. 150, 194112 (2019); doi: 10.1063/1.5083802
 Schwarz inequality: Dpq<min(10**(-8),Tau)**2/MaxDrs=4.5E-018
 Trace of exact Coulomb matrix: 1.1E+002
 Trace of discarded integrals: 0.0E+000
 Discarded 0 out of 120 shell pairs
 (0 out of 861 orbital pairs)

 Step 1 of Cholesky decomposition: locating pivots
 -------------------------------------------------
 Dimensions of the Coulomb matrix: (861,861)
 Threshold for diagonal matrix elements: Dpq > 1.0E-007
 Max number of Cholesky vectors: 615
 Rk storage block size: 500
 Max dimension of 2e integrals buffer: (861,861)

 ----------------------------------------------------------------------------
 #    Dmax        Memory (MB)    NPivots     %    Time        
 ----------------------------------------------------------------------------
 1    2.0E-001    8.6E+000       19          7    1.4E-002    
 2    1.9E-003    8.0E+000       145         33   2.2E-002    
 3    1.7E-005    6.7E+000       221         65   1.1E-002    
 4    1.6E-007    3.8E+000       296         97   1.4E-002    
 5    9.5E-008    2.0E-001       305         100  4.7E-004    

 Step 1 of the Cholesky decomposition completed
 Computed 305 pivots
 Largest residual Dpq: 9.5E-008
 NCholesky/NAO = 7.4E+000
 Step 1 of Cholesky decomposition completed in 6.3E-002 seconds
 Detailed timings in seconds
 Subtract prev contribs I (M-R**T*R)     2.9E-003
 Subtract prev contribs II (Rk)          5.0E-003
 Two-electron integrals                  5.1E-002
 Reallocation                            1.5E-003

 Step 2 of Cholesky decomposition completed in 5.3E-003 seconds
 Detailed timings in seconds
 Reduced-dimension matrix V    4.3E-003
 V=L*L**T                      5.2E-004
 L**(-1)                       5.2E-004

 Full-dimension Cholesky vectors of the Coulomb matrix will be stored in memory
 Cholesky vectors computed in 1.2E-002 seconds

 ┌─────────────────────────────────────────┐
 │          Self-consistent field          │
 └─────────────────────────────────────────┘

 Atomic orbital basis set
 . . . . . . . . . . . . . . . . . . . . . . . . . . . . . . . . . . . . . . 
 atomic centers                               1
 shell parameter sets                         15
 spherical AOs                                41
 max angular momentum                         2
 parameter set                                ../../../../basis-sets/bse/def2-svpd.txt
 . . . . . . . . . . . . . . . . . . . . . . . . . . . . . . . . . . . . . . 
 SCF guess: bare nuclei Hamiltonian
 Starting self-consistent field iterations (spin-restricted singlet)
 Alpha+beta electrons: 36
 ----------------------------------------------------------------------------
 Exchange-correlation: Hartree-Fock
 ----------------------------------------------------------------------------
 Replicated-data parallel SCF
 ----------------------------
 Processes                               1
 Threads/process                         16
 Allocated 1.7E-004 GiB of scratch space for the KS matrix build
 ----------------------------------------------------------------------------
 Spherical harmonic basis contains 41 vectors
 Linear independence thresh: Eig(S) > 1.0E-006
 Computations will be carried out in the space of 41 MOs
 Threshold for J, K: |Rho(r,s)*(pq|rs)|,|Rho(q,s)*(pq|rs)| > 1.0E-011
 Convergence conditions
 ----------------------
 RhoDiff < 1.0E-006
 OrbGrad < 1.0E-006
 Max number of macroiters: 1024
 ------------------------------------------------------------------------------
 #           Energy        EDiff    RhoDiff  OrbGrad  OrbShift NStored Time     
 ------------------------------------------------------------------------------
 0        -1000.9915972728                                        0    2.0E-002 
 1        -2716.0848184869           3.0E+01                      0    1.3E-002 
 2        -2736.7989661902 -2.1E+01  1.9E+00  2.6E+00  6.6E+00    1    1.4E-002 
 3        -2746.7474387662 -9.9E+00  3.2E+00  2.0E+00  2.5E+00    2    1.5E-002 
 4        -2747.5887868830 -8.4E-01  9.7E-01  7.2E-01  4.3E-01    3    1.4E-002 
 5        -2747.6211421318 -3.2E-02  3.0E-01  1.6E-01  4.4E-01    4    1.4E-002 
 6        -2747.6236419249 -2.5E-03  2.2E-02  3.9E-02  4.6E-01    5    1.4E-002 
 7        -2747.6236912127 -4.9E-05  3.4E-03  2.6E-03  4.7E-01    6    1.4E-002 
 8        -2747.6236954042 -4.2E-06  1.4E-03  9.1E-04  4.7E-01    7    1.4E-002 
 9        -2747.6240433201 -3.5E-04  7.0E-03  3.5E-04  4.7E-01    8    1.4E-002 
 10       -2747.6252088872 -1.2E-03  2.3E-02  9.6E-03  4.7E-01    8    1.6E-002 
 11       -2747.6342368505 -9.0E-03  3.1E-02  2.1E-02  1.3E+00    8    1.8E-002 
 12       -2747.6557559354 -2.2E-02  3.6E-02  5.3E-02  1.9E+00    8    1.8E-002 
 13       -2747.6966607471 -4.1E-02  4.2E-02  9.2E-02  2.4E+00    8    1.8E-002 
 14       -2747.7667188330 -7.0E-02  4.8E-02  1.4E-01  2.8E+00    8    1.8E-002 
 15       -2747.8791917548 -1.1E-01  5.2E-02  1.8E-01  3.0E+00    8    1.8E-002 
 16       -2748.0509831511 -1.7E-01  6.4E-02  2.4E-01  3.2E+00    8    1.8E-002 
 17       -2748.3020065455 -2.5E-01  8.7E-02  2.9E-01  3.2E+00    8    1.8E-002 
 18       -2748.6524435758 -3.5E-01  1.1E-01  3.3E-01  3.0E+00    8    1.8E-002 
 19       -2749.1174289718 -4.6E-01  1.2E-01  3.5E-01  2.7E+00    8    1.8E-002 
 20       -2749.6972000914 -5.8E-01  1.3E-01  3.5E-01  2.3E+00    8    1.8E-002 
 21       -2750.3618213289 -6.6E-01  1.8E-01  3.3E-01  1.8E+00    8    1.7E-002 
 22       -2751.0280964853 -6.7E-01  2.4E-01  3.1E-01  1.1E+00    8    1.7E-002 
 23       -2751.5360970561 -5.1E-01  2.8E-01  2.0E-01  4.8E-01    8    1.6E-002 
 24       -2751.6719721084 -1.4E-01  1.6E-01  1.2E-01  0.0E+00    8    1.4E-002 
 25       -2751.6731700012 -1.2E-03  1.5E-02  2.2E-02  0.0E+00    8    1.4E-002 
 26       -2751.6732206523 -5.1E-05  7.0E-03  4.7E-03  0.0E+00    8    1.4E-002 
 27       -2751.6732213018 -6.5E-07  3.7E-04  4.0E-04  0.0E+00    8    1.4E-002 
 28       -2751.6732213141 -1.2E-08  8.6E-05  4.2E-05  0.0E+00    8    1.4E-002 
 29       -2751.6732213151 -9.7E-10  7.7E-06  1.0E-05  0.0E+00    8    1.4E-002 
 30       -2751.6732213151 -4.9E-11  3.9E-06  1.5E-06  0.0E+00    8    1.4E-002 
 31       -2751.6732213151 -6.4E-12  6.7E-07  6.8E-07  0.0E+00    8    1.4E-002 
 ------------------------------------------------------------------------------
 SCF converged
 Converged energy                        -2751.673221315146  
 ------------------------------------------------------------------------------
 Ehomo [eV]                              -14.327182628450    
 Elumo [eV]                              3.359417924084      

 dipole moment (Debye)
        x              y              z       
     -1.042E-007    -1.031E-007    -8.120E-008

 traceless quadrupole moment (Debye*Angs)
                       x              y              z       
 x                  -4.876E-006    -8.695E-008    -1.623E-007
 y                  -8.695E-008     1.080E-005    -5.042E-007
 z                  -1.623E-007    -5.042E-007    -5.929E-006

 ----------------------------------------------------------------------------
 Timings (seconds)
 * mean-field hamiltonian     4.3E-001
 * solver (setting up eqns)   6.8E-003
 * solver (energy estimate)   2.1E-003
 * solver (orthogonalization) 4.4E-004
 * solver (rotation matrix X) 5.4E-002
 * solver (exponential of X)  2.0E-003
 * solver (total)             6.6E-002
 * total SCF                  5.1E-001
 Atomic guess: KR, ../../../../basis-sets/bse/def2-svpd.txt
 ----------------------------------------------------------
 E(HF) [a.u.]                            -2.7516732213E+003
 Tr(RhoAvg S), Cartesian AOs              3.6000000000E+001
 Tr(RhoAvg S), spherical AOs              3.6000000000E+001
 max|T RhoAvg T**T - RhoAvg_sao|                  1.55E-015
 max|c(RhoAvg) - c(Rho)|                          6.66E-016
 max|RhoAvg - Rho|                                3.51E-006
 Saved /mnt/storage_6/project_data/pl0415-03/marcin/beyond-rpa/guess/electron-densities/bse/def2-svpd/kr.txt
 ----------------------------------------------------------------------------
                             SCF for RB (2S+1=2)                             
 ----------------------------------------------------------------------------
 NUMBER OF ATOMS                         1
 CHARGE                                  0
 Prescreening (pq|pq) integrals for the Cholesky decomposition
 Shell pairs will be sorted according to their max elements
 Max diagonal integral MaxDrs=7.6E-001
 Applying Eq. 15 in J. Chem. Phys. 150, 194112 (2019); doi: 10.1063/1.5083802
 Schwarz inequality: Dpq<min(10**(-8),Tau)**2/MaxDrs=1.3E-016
 Trace of exact Coulomb matrix: 1.5E+001
 Trace of discarded integrals: 0.0E+000
 Discarded 0 out of 66 shell pairs
 (0 out of 378 orbital pairs)

 Step 1 of Cholesky decomposition: locating pivots
 -------------------------------------------------
 Dimensions of the Coulomb matrix: (378,378)
 Threshold for diagonal matrix elements: Dpq > 1.0E-007
 Max number of Cholesky vectors: 378
 Rk storage block size: 500
 Max dimension of 2e integrals buffer: (378,378)

 ----------------------------------------------------------------------------
 #    Dmax        Memory (MB)    NPivots     %    Time        
 ----------------------------------------------------------------------------
 1    5.3E-003    2.5E+000       51          18   1.8E-003    
 2    5.0E-005    2.1E+000       126         61   1.7E-003    
 3    4.8E-007    1.1E+000       170         96   7.8E-004    
 4    1.4E-009    2.9E-001       179         100  1.9E-004    

 Step 1 of the Cholesky decomposition completed
 Computed 179 pivots
 Largest residual Dpq: 1.4E-009
 NCholesky/NAO = 6.6E+000
 Step 1 of Cholesky decomposition completed in 4.9E-003 seconds
 Detailed timings in seconds
 Subtract prev contribs I (M-R**T*R)     5.9E-004
 Subtract prev contribs II (Rk)          8.6E-004
 Two-electron integrals                  2.2E-003
 Reallocation                            2.7E-004

 Step 2 of Cholesky decomposition completed in 9.6E-004 seconds
 Detailed timings in seconds
 Reduced-dimension matrix V    3.9E-004
 V=L*L**T                      3.2E-004
 L**(-1)                       2.4E-004

 Full-dimension Cholesky vectors of the Coulomb matrix will be stored in memory
 Cholesky vectors computed in 1.0E-003 seconds

 ┌─────────────────────────────────────────┐
 │          Self-consistent field          │
 └─────────────────────────────────────────┘

 Atomic orbital basis set
 . . . . . . . . . . . . . . . . . . . . . . . . . . . . . . . . . . . . . . 
 atomic centers                               1
 shell parameter sets                         11
 spherical AOs                                27
 max angular momentum                         2
 parameter set                                ../../../../basis-sets/bse/def2-svpd.txt
 . . . . . . . . . . . . . . . . . . . . . . . . . . . . . . . . . . . . . . 
 SCF guess: bare nuclei Hamiltonian
 Starting self-consistent field iterations (spin-unrestricted)
 Alpha electrons: 5
 Beta electrons: 4
 ----------------------------------------------------------------------------
 Exchange-correlation: Hartree-Fock
 ----------------------------------------------------------------------------
 Replicated-data parallel SCF
 ----------------------------
 Processes                               1
 Threads/process                         16
 Allocated 1.3E-004 GiB of scratch space for the KS matrix build
 ----------------------------------------------------------------------------
 Loaded pseudopotential parameters
 ----------------------------------------------------------------------------

 RUBIDIUM    
 Parameters file: ../../../../basis-sets/bse/def2-svpd.txt
 ECP accounts for 28 core electrons

          Coeff         R^n       Exponent                                       

 Local part

        -12.31690000      2         3.84311400                                   

 L = 0

         89.50019800      2         5.03655100                                   
          0.49376100      2         1.97084900                                   
         12.31690000      2         3.84311400                                   

 L = 1

         58.56897400      2         4.25834100                                   
          0.43179100      2         1.47070900                                   
         12.31690000      2         3.84311400                                   

 L = 2

         26.22489800      2         3.02312700                                   
          0.96283900      2         0.65038300                                   
         12.31690000      2         3.84311400                                   

 ----------------------------------------------------------------------------
 Spherical harmonic basis contains 27 vectors
 Linear independence thresh: Eig(S) > 1.0E-006
 Computations will be carried out in the space of 27 MOs
 Threshold for J, K: |Rho(r,s)*(pq|rs)|,|Rho(q,s)*(pq|rs)| > 1.0E-011
 Convergence conditions
 ----------------------
 RhoDiff < 1.0E-006
 OrbGrad < 1.0E-006
 Max number of macroiters: 1024
 ------------------------------------------------------------------------------
 #           Energy        EDiff    RhoDiff  OrbGrad  OrbShift NStored Time     
 ------------------------------------------------------------------------------
 0          -11.5684670518                                        0    2.5E-002 
 1          -22.7159700081           1.1E+01                      0    4.5E-003 
 2          -23.5988610380 -8.8E-01  4.4E+00  3.9E-01  7.8E-01    1    5.2E-003 
 3          -23.7997320759 -2.0E-01  1.3E+00  2.6E-01  4.8E-02    2    5.2E-003 
 4          -23.8023332630 -2.6E-03  1.6E-01  2.4E-02  0.0E+00    3    4.9E-003 
 5          -23.8023718311 -3.9E-05  3.0E-02  3.3E-03  0.0E+00    4    4.9E-003 
 6          -23.8023758195 -4.0E-06  9.9E-03  7.4E-04  0.0E+00    5    4.9E-003 
 7          -23.8023759512 -1.3E-07  3.9E-04  1.4E-04  0.0E+00    6    4.9E-003 
 8          -23.8023759558 -4.6E-09  7.8E-05  2.3E-05  0.0E+00    7    4.9E-003 
 9          -23.8023759573 -1.5E-09  3.9E-05  1.1E-05  0.0E+00    8    5.0E-003 
 10         -23.8023759575 -1.3E-10  7.3E-06  4.5E-06  0.0E+00    8    5.1E-003 
 11         -23.8023759575 -1.2E-11  2.6E-06  1.4E-06  0.0E+00    8    5.0E-003 
 12         -23.8023759575 -1.1E-12  9.8E-07  4.8E-07  0.0E+00    8    5.1E-003 
 ------------------------------------------------------------------------------
 SCF converged
 Converged energy                        -23.802375957467    
 ------------------------------------------------------------------------------
 Ehomo(Alpha) [eV]                       -3.817278637535     
 Elumo(Alpha) [eV]                       0.167907572728      
 Ehomo(Beta) [eV]                        -21.996228966926    
 Elumo(Beta) [eV]                        0.272281376299      

 dipole moment (Debye)
        x              y              z       
     -3.696E-015     3.949E-015    -7.440E-015

 traceless quadrupole moment (Debye*Angs)
                       x              y              z       
 x                   9.179E-007    -1.544E-014    -1.226E-007
 y                  -1.544E-014     3.689E-007    -2.048E-015
 z                  -1.226E-007    -2.048E-015    -1.287E-006

 ----------------------------------------------------------------------------
 Timings (seconds)
 * mean-field hamiltonian     5.7E-002
 * solver (setting up eqns)   2.3E-003
 * solver (energy estimate)   1.1E-003
 * solver (orthogonalization) 2.1E-004
 * solver (rotation matrix X) 2.1E-003
 * solver (exponential of X)  6.4E-004
 * solver (total)             6.6E-003
 * total SCF                  8.6E-002
 Atomic guess: RB, ../../../../basis-sets/bse/def2-svpd.txt
 ----------------------------------------------------------
 E(HF) [a.u.]                            -2.3802375957E+001
 Tr(RhoAvg S), Cartesian AOs              9.0000000000E+000
 Tr(RhoAvg S), spherical AOs              9.0000000000E+000
 max|T RhoAvg T**T - RhoAvg_sao|                  4.44E-016
 max|c(RhoAvg) - c(Rho)|                          6.66E-016
 max|RhoAvg - Rho|                                8.86E-008
 Saved /mnt/storage_6/project_data/pl0415-03/marcin/beyond-rpa/guess/electron-densities/bse/def2-svpd/rb.txt
 ----------------------------------------------------------------------------
                                  SCF for SR                                 
 ----------------------------------------------------------------------------
 NUMBER OF ATOMS                         1
 CHARGE                                  0
 Prescreening (pq|pq) integrals for the Cholesky decomposition
 Shell pairs will be sorted according to their max elements
 Max diagonal integral MaxDrs=7.4E-001
 Applying Eq. 15 in J. Chem. Phys. 150, 194112 (2019); doi: 10.1063/1.5083802
 Schwarz inequality: Dpq<min(10**(-8),Tau)**2/MaxDrs=1.4E-016
 Trace of exact Coulomb matrix: 1.5E+001
 Trace of discarded integrals: 0.0E+000
 Discarded 0 out of 55 shell pairs
 (0 out of 351 orbital pairs)

 Step 1 of Cholesky decomposition: locating pivots
 -------------------------------------------------
 Dimensions of the Coulomb matrix: (351,351)
 Threshold for diagonal matrix elements: Dpq > 1.0E-007
 Max number of Cholesky vectors: 351
 Rk storage block size: 500
 Max dimension of 2e integrals buffer: (351,351)

 ----------------------------------------------------------------------------
 #    Dmax        Memory (MB)    NPivots     %    Time        
 ----------------------------------------------------------------------------
 1    7.3E-003    2.3E+000       44          14   8.5E-003    
 2    6.9E-005    2.2E+000       120         47   7.0E-003    
 3    5.3E-007    1.6E+000       144         85   3.7E-003    
 4    1.0E-007    5.7E-001       162         100  7.7E-004    

 Step 1 of the Cholesky decomposition completed
 Computed 162 pivots
 Largest residual Dpq: 1.0E-007
 NCholesky/NAO = 6.2E+000
 Step 1 of Cholesky decomposition completed in 2.1E-002 seconds
 Detailed timings in seconds
 Subtract prev contribs I (M-R**T*R)     8.7E-004
 Subtract prev contribs II (Rk)          7.9E-004
 Two-electron integrals                  1.8E-002
 Reallocation                            3.6E-004

 Step 2 of Cholesky decomposition completed in 3.7E-003 seconds
 Detailed timings in seconds
 Reduced-dimension matrix V    3.2E-003
 V=L*L**T                      2.9E-004
 L**(-1)                       1.7E-004

 Full-dimension Cholesky vectors of the Coulomb matrix will be stored in memory
 Cholesky vectors computed in 3.9E-003 seconds

 ┌─────────────────────────────────────────┐
 │          Self-consistent field          │
 └─────────────────────────────────────────┘

 Atomic orbital basis set
 . . . . . . . . . . . . . . . . . . . . . . . . . . . . . . . . . . . . . . 
 atomic centers                               1
 shell parameter sets                         10
 spherical AOs                                26
 max angular momentum                         2
 parameter set                                ../../../../basis-sets/bse/def2-svpd.txt
 . . . . . . . . . . . . . . . . . . . . . . . . . . . . . . . . . . . . . . 
 SCF guess: bare nuclei Hamiltonian
 Starting self-consistent field iterations (spin-restricted singlet)
 Alpha+beta electrons: 10
 ----------------------------------------------------------------------------
 Exchange-correlation: Hartree-Fock
 ----------------------------------------------------------------------------
 Replicated-data parallel SCF
 ----------------------------
 Processes                               1
 Threads/process                         16
 Allocated 6.9E-005 GiB of scratch space for the KS matrix build
 ----------------------------------------------------------------------------
 Loaded pseudopotential parameters
 ----------------------------------------------------------------------------

 STRONTIUM   
 Parameters file: ../../../../basis-sets/bse/def2-svpd.txt
 ECP accounts for 28 core electrons

          Coeff         R^n       Exponent                                       

 Local part

        -15.80599200      2         4.63397500                                   

 L = 0

        135.47943000      2         7.40007400                                   
         17.53446300      2         3.60637900                                   
         15.80599200      2         4.63397500                                   

 L = 1

         88.35970900      2         6.48486800                                   
         15.39437200      2         3.28805300                                   
         15.80599200      2         4.63397500                                   

 L = 2

         29.88898700      2         4.62284100                                   
          6.65941400      2         2.24690400                                   
         15.80599200      2         4.63397500                                   

 ----------------------------------------------------------------------------
 Spherical harmonic basis contains 26 vectors
 Linear independence thresh: Eig(S) > 1.0E-006
 Computations will be carried out in the space of 26 MOs
 Threshold for J, K: |Rho(r,s)*(pq|rs)|,|Rho(q,s)*(pq|rs)| > 1.0E-011
 Convergence conditions
 ----------------------
 RhoDiff < 1.0E-006
 OrbGrad < 1.0E-006
 Max number of macroiters: 1024
 ------------------------------------------------------------------------------
 #           Energy        EDiff    RhoDiff  OrbGrad  OrbShift NStored Time     
 ------------------------------------------------------------------------------
 0           42.9713692429                                        0    4.3E-002 
 1          -29.7669352745           1.8E+01                      0    2.4E-002 
 2          -30.1256235281 -3.6E-01  1.0E+00  1.9E-01  1.1E-01    1    2.5E-002 
 3          -30.1438181382 -1.8E-02  4.2E-01  4.1E-02  0.0E+00    2    2.9E-002 
 4          -30.1459841554 -2.2E-03  1.1E-01  1.3E-02  0.0E+00    3    2.7E-002 
 5          -30.1460225505 -3.8E-05  2.2E-02  1.9E-03  0.0E+00    4    2.5E-002 
 6          -30.1460227152 -1.6E-07  6.9E-04  1.7E-04  0.0E+00    5    2.5E-002 
 7          -30.1460227168 -1.6E-09  9.4E-05  1.2E-05  0.0E+00    6    2.6E-002 
 8          -30.1460227168 -2.5E-11  6.0E-06  1.9E-06  0.0E+00    7    2.6E-002 
 9          -30.1460227168 -1.5E-12  1.8E-06  5.0E-07  0.0E+00    8    2.6E-002 
 10         -30.1460227168 -2.2E-12  2.6E-06  1.5E-07  0.0E+00    8    2.6E-002 
 11         -30.1460227168 -1.0E-11  5.6E-06  3.2E-07  0.0E+00    8    2.6E-002 
 12         -30.1460227169 -4.5E-11  1.2E-05  6.8E-07  0.0E+00    8    2.4E-002 
 13         -30.1460227171 -2.0E-10  2.5E-05  1.4E-06  0.0E+00    8    2.6E-002 
 14         -30.1460227180 -9.2E-10  5.4E-05  3.1E-06  0.0E+00    8    2.6E-002 
 15         -30.1460227222 -4.2E-09  1.1E-04  6.5E-06  0.0E+00    8    2.6E-002 
 16         -30.1460227409 -1.9E-08  2.4E-04  1.4E-05  0.0E+00    8    2.6E-002 
 17         -30.1460228259 -8.5E-08  5.2E-04  2.9E-05  0.0E+00    8    2.5E-002 
 18         -30.1460231455 -3.2E-07  7.4E-04  6.2E-05  1.6E-01    8    3.1E-002 
 19         -30.1460238101 -6.6E-07  7.2E-04  1.2E-04  2.2E-01    8    3.0E-002 
 20         -30.1460250078 -1.2E-06  9.1E-04  2.0E-04  2.7E-01    8    3.0E-002 
 21         -30.1460270248 -2.0E-06  1.1E-03  2.9E-04  3.1E-01    8    3.1E-002 
 22         -30.1460302776 -3.3E-06  1.4E-03  4.0E-04  3.4E-01    8    3.1E-002 
 23         -30.1460353763 -5.1E-06  1.6E-03  5.3E-04  3.7E-01    8    3.2E-002 
 24         -30.1460432254 -7.8E-06  2.0E-03  6.8E-04  3.9E-01    8    3.0E-002 
 25         -30.1460551275 -1.2E-05  2.4E-03  8.7E-04  4.1E-01    8    3.1E-002 
 26         -30.1460729968 -1.8E-05  2.8E-03  1.1E-03  4.2E-01    8    3.1E-002 
 27         -30.1460995788 -2.7E-05  3.4E-03  1.4E-03  4.3E-01    8    3.1E-002 
 28         -30.1461389321 -3.9E-05  4.1E-03  1.7E-03  4.4E-01    8    3.1E-002 
 29         -30.1461967825 -5.8E-05  4.9E-03  2.1E-03  4.5E-01    8    3.1E-002 
 30         -30.1462815904 -8.5E-05  5.9E-03  2.5E-03  4.6E-01    8    3.1E-002 
 31         -30.1464053857 -1.2E-04  7.1E-03  3.1E-03  4.7E-01    8    3.3E-002 
 32         -30.1465857107 -1.8E-04  8.5E-03  3.8E-03  4.7E-01    8    3.0E-002 
 33         -30.1468479943 -2.6E-04  1.0E-02  4.6E-03  4.7E-01    8    3.0E-002 
 34         -30.1472278439 -3.8E-04  1.2E-02  5.5E-03  4.8E-01    8    3.1E-002 
 35         -30.1477775129 -5.5E-04  1.4E-02  6.7E-03  4.8E-01    8    3.3E-002 
 36         -30.1485719339 -7.9E-04  1.7E-02  8.0E-03  4.8E-01    8    3.1E-002 
 37         -30.1497152955 -1.1E-03  2.1E-02  9.6E-03  4.8E-01    8    3.0E-002 
 38         -30.1513594368 -1.6E-03  2.4E-02  1.2E-02  4.8E-01    8    3.0E-002 
 39         -30.1537118978 -2.4E-03  2.8E-02  1.4E-02  4.8E-01    8    3.1E-002 
 40         -30.1570676108 -3.4E-03  3.3E-02  1.6E-02  4.7E-01    8    3.1E-002 
 41         -30.1618293758 -4.8E-03  3.8E-02  2.0E-02  4.6E-01    8    3.1E-002 
 42         -30.1685331171 -6.7E-03  4.2E-02  2.3E-02  4.5E-01    8    3.1E-002 
 43         -30.1778820041 -9.3E-03  4.9E-02  2.7E-02  4.4E-01    8    2.9E-002 
 44         -30.1907272022 -1.3E-02  6.8E-02  3.1E-02  4.1E-01    8    4.0E-002 
 45         -30.2080708428 -1.7E-02  9.0E-02  3.5E-02  3.9E-01    8    3.0E-002 
 46         -30.2308813320 -2.3E-02  1.1E-01  3.9E-02  3.5E-01    8    2.9E-002 
 47         -30.2596584247 -2.9E-02  1.3E-01  4.2E-02  3.0E-01    8    2.9E-002 
 48         -30.2930788755 -3.3E-02  1.3E-01  4.3E-02  2.4E-01    8    2.9E-002 
 49         -30.3247984476 -3.2E-02  1.5E-01  3.9E-02  1.4E-01    8    2.9E-002 
 50         -30.3385953452 -1.4E-02  2.2E-01  2.4E-02  8.9E-03    8    3.2E-002 
 51         -30.3387785917 -1.8E-04  2.5E-02  3.3E-03  0.0E+00    8    2.6E-002 
 52         -30.3387821425 -3.6E-06  2.8E-03  3.8E-04  0.0E+00    8    2.6E-002 
 53         -30.3387824059 -2.6E-07  9.9E-04  1.4E-04  0.0E+00    8    2.4E-002 
 54         -30.3387824096 -3.8E-09  6.7E-05  1.1E-05  0.0E+00    8    2.6E-002 
 55         -30.3387824097 -5.5E-11  2.8E-05  1.5E-06  0.0E+00    8    2.7E-002 
 56         -30.3387824097 -5.5E-12  1.1E-05  5.6E-07  0.0E+00    8    2.5E-002 
 57         -30.3387824097 -6.6E-13  3.4E-06  1.7E-07  0.0E+00    8    2.6E-002 
 58         -30.3387824097 -1.0E-13  1.0E-06  5.8E-08  0.0E+00    8    2.5E-002 
 59         -30.3387824097 -3.2E-14  6.6E-07  3.1E-08  0.0E+00    8    2.5E-002 
 ------------------------------------------------------------------------------
 SCF converged
 Converged energy                        -30.338782409707    
 ------------------------------------------------------------------------------
 Ehomo [eV]                              -4.924535743668     
 Elumo [eV]                              0.448621164595      

 dipole moment (Debye)
        x              y              z       
     -6.956E-014    -3.829E-015    -2.221E-015

 traceless quadrupole moment (Debye*Angs)
                       x              y              z       
 x                  -9.488E-006    -8.777E-013    -2.944E-007
 y                  -8.777E-013     3.802E-006    -2.325E-012
 z                  -2.944E-007    -2.325E-012     5.685E-006

 ----------------------------------------------------------------------------
 Timings (seconds)
 * mean-field hamiltonian     1.5E+000
 * solver (setting up eqns)   9.6E-003
 * solver (energy estimate)   2.1E-002
 * solver (orthogonalization) 1.8E-003
 * solver (rotation matrix X) 2.0E-001
 * solver (exponential of X)  4.5E-003
 * solver (total)             2.3E-001
 * total SCF                  1.7E+000
 Atomic guess: SR, ../../../../basis-sets/bse/def2-svpd.txt
 ----------------------------------------------------------
 E(HF) [a.u.]                            -3.0338782410E+001
 Tr(RhoAvg S), Cartesian AOs              1.0000000000E+001
 Tr(RhoAvg S), spherical AOs              1.0000000000E+001
 max|T RhoAvg T**T - RhoAvg_sao|                  2.78E-017
 max|c(RhoAvg) - c(Rho)|                          2.22E-016
 max|RhoAvg - Rho|                                1.98E-007
 Saved /mnt/storage_6/project_data/pl0415-03/marcin/beyond-rpa/guess/electron-densities/bse/def2-svpd/sr.txt
 ----------------------------------------------------------------------------
                              SCF for Y (2S+1=2)                             
 ----------------------------------------------------------------------------
 NUMBER OF ATOMS                         1
 CHARGE                                  0
 Prescreening (pq|pq) integrals for the Cholesky decomposition
 Shell pairs will be sorted according to their max elements
 Max diagonal integral MaxDrs=1.6E+000
 Applying Eq. 15 in J. Chem. Phys. 150, 194112 (2019); doi: 10.1063/1.5083802
 Schwarz inequality: Dpq<min(10**(-8),Tau)**2/MaxDrs=6.1E-017
 Trace of exact Coulomb matrix: 2.8E+001
 Trace of discarded integrals: 0.0E+000
 Discarded 0 out of 78 shell pairs
 (0 out of 595 orbital pairs)

 Step 1 of Cholesky decomposition: locating pivots
 -------------------------------------------------
 Dimensions of the Coulomb matrix: (595,595)
 Threshold for diagonal matrix elements: Dpq > 1.0E-007
 Max number of Cholesky vectors: 510
 Rk storage block size: 500
 Max dimension of 2e integrals buffer: (595,595)

 ----------------------------------------------------------------------------
 #    Dmax        Memory (MB)    NPivots     %    Time        
 ----------------------------------------------------------------------------
 1    1.6E-002    5.0E+000       34          6    8.5E-003    
 2    1.5E-004    4.8E+000       155         35   1.3E-002    
 3    1.3E-006    4.0E+000       222         80   6.8E-003    
 4    9.0E-008    1.9E+000       264         100  3.4E-003    

 Step 1 of the Cholesky decomposition completed
 Computed 264 pivots
 Largest residual Dpq: 9.0E-008
 NCholesky/NAO = 7.8E+000
 Step 1 of Cholesky decomposition completed in 3.3E-002 seconds
 Detailed timings in seconds
 Subtract prev contribs I (M-R**T*R)     4.9E-003
 Subtract prev contribs II (Rk)          4.5E-003
 Two-electron integrals                  2.1E-002
 Reallocation                            5.4E-004

 Step 2 of Cholesky decomposition completed in 4.3E-003 seconds
 Detailed timings in seconds
 Reduced-dimension matrix V    3.4E-003
 V=L*L**T                      4.0E-004
 L**(-1)                       4.8E-004

 Full-dimension Cholesky vectors of the Coulomb matrix will be stored in memory
 Cholesky vectors computed in 7.7E-003 seconds

 ┌─────────────────────────────────────────┐
 │          Self-consistent field          │
 └─────────────────────────────────────────┘

 Atomic orbital basis set
 . . . . . . . . . . . . . . . . . . . . . . . . . . . . . . . . . . . . . . 
 atomic centers                               1
 shell parameter sets                         12
 spherical AOs                                34
 max angular momentum                         3
 parameter set                                ../../../../basis-sets/bse/def2-svpd.txt
 . . . . . . . . . . . . . . . . . . . . . . . . . . . . . . . . . . . . . . 
 SCF guess: bare nuclei Hamiltonian
 Starting self-consistent field iterations (spin-unrestricted)
 Alpha electrons: 6
 Beta electrons: 5
 ----------------------------------------------------------------------------
 Exchange-correlation: Hartree-Fock
 ----------------------------------------------------------------------------
 Replicated-data parallel SCF
 ----------------------------
 Processes                               1
 Threads/process                         16
 Allocated 2.3E-004 GiB of scratch space for the KS matrix build
 ----------------------------------------------------------------------------
 Loaded pseudopotential parameters
 ----------------------------------------------------------------------------

 YTTRIUM     
 Parameters file: ../../../../basis-sets/bse/def2-svpd.txt
 ECP accounts for 28 core electrons

          Coeff         R^n       Exponent                                       

 Local part

        -19.12219811      2         6.58421200                                   
         -2.43637543      2         3.29210600                                   

 L = 0

        135.15384412      2         7.48804940                                   
         15.55244130      2         3.74402470                                   
         19.12219811      2         6.58421200                                   
          2.43637543      2         3.29210600                                   

 L = 1

         87.78499167      2         6.44537720                                   
         11.56406599      2         3.22268860                                   
         19.12219811      2         6.58421200                                   
          2.43637543      2         3.29210600                                   

 L = 2

         29.70100072      2         4.65844720                                   
          5.53996847      2         2.32922360                                   
         19.12219811      2         6.58421200                                   
          2.43637543      2         3.29210600                                   

 ----------------------------------------------------------------------------
 Spherical harmonic basis contains 34 vectors
 Linear independence thresh: Eig(S) > 1.0E-006
 Computations will be carried out in the space of 34 MOs
 Threshold for J, K: |Rho(r,s)*(pq|rs)|,|Rho(q,s)*(pq|rs)| > 1.0E-011
 Convergence conditions
 ----------------------
 RhoDiff < 1.0E-006
 OrbGrad < 1.0E-006
 Max number of macroiters: 1024
 ------------------------------------------------------------------------------
 #           Energy        EDiff    RhoDiff  OrbGrad  OrbShift NStored Time     
 ------------------------------------------------------------------------------
 0            2.1105639506                                        0    8.1E-002 
 1          -36.4319642384           2.0E+01                      0    5.7E-002 
 2          -37.5749257847 -1.1E+00  1.5E+00  5.6E-01  3.4E-01    1    2.7E-002 
 3          -37.6050950162 -3.0E-02  1.9E-01  6.1E-02  0.0E+00    2    2.5E-002 
 4          -37.6082371543 -3.1E-03  4.3E-02  2.3E-02  0.0E+00    3    2.6E-002 
 5          -37.6083720139 -1.3E-04  1.3E-02  4.2E-03  0.0E+00    4    2.6E-002 
 6          -37.6083733433 -1.3E-06  1.4E-03  5.2E-04  0.0E+00    5    2.6E-002 
 7          -37.6083737961 -4.5E-07  1.6E-03  1.6E-04  0.0E+00    6    2.6E-002 
 8          -37.6083739054 -1.1E-07  5.5E-04  8.1E-05  0.0E+00    7    2.6E-002 
 9          -37.6083742278 -3.2E-07  5.2E-04  8.9E-05  0.0E+00    8    2.6E-002 
 10         -37.6083758164 -1.6E-06  1.1E-03  2.0E-04  0.0E+00    8    2.7E-002 
 11         -37.6083841796 -8.4E-06  2.5E-03  4.4E-04  0.0E+00    8    2.7E-002 
 12         -37.6084092124 -2.5E-05  2.2E-03  9.8E-04  2.8E-01    8    3.8E-002 
 13         -37.6084599327 -5.1E-05  3.4E-03  1.8E-03  3.9E-01    8    3.7E-002 
 14         -37.6085507997 -9.1E-05  3.8E-03  2.7E-03  4.7E-01    8    3.9E-002 
 15         -37.6087031230 -1.5E-04  4.5E-03  3.8E-03  5.4E-01    8    3.9E-002 
 16         -37.6089487574 -2.5E-04  5.2E-03  5.1E-03  6.0E-01    8    4.1E-002 
 17         -37.6093342318 -3.9E-04  6.1E-03  6.7E-03  6.4E-01    8    4.0E-002 
 18         -37.6099271497 -5.9E-04  7.2E-03  8.5E-03  6.8E-01    8    4.1E-002 
 19         -37.6108239378 -9.0E-04  8.7E-03  1.1E-02  7.1E-01    8    4.1E-002 
 20         -37.6121657548 -1.3E-03  1.0E-02  1.3E-02  7.4E-01    8    4.1E-002 
 21         -37.6141492317 -2.0E-03  1.3E-02  1.6E-02  7.5E-01    8    4.1E-002 
 22         -37.6170532781 -2.9E-03  1.5E-02  2.0E-02  7.6E-01    8    4.2E-002 
 23         -37.6212595784 -4.2E-03  1.8E-02  2.3E-02  7.7E-01    8    4.1E-002 
 24         -37.6272803462 -6.0E-03  2.1E-02  2.8E-02  7.6E-01    8    4.0E-002 
 25         -37.6357688501 -8.5E-03  2.5E-02  3.3E-02  7.4E-01    8    4.0E-002 
 26         -37.6474876846 -1.2E-02  2.8E-02  3.7E-02  7.0E-01    8    4.1E-002 
 27         -37.6632450993 -1.6E-02  3.8E-02  4.2E-02  6.5E-01    8    4.0E-002 
 28         -37.6836541928 -2.0E-02  5.2E-02  4.5E-02  5.7E-01    8    4.0E-002 
 29         -37.7086622858 -2.5E-02  6.8E-02  4.7E-02  4.8E-01    8    3.9E-002 
 30         -37.7370131513 -2.8E-02  8.4E-02  4.5E-02  3.6E-01    8    4.0E-002 
 31         -37.7658419500 -2.9E-02  9.1E-02  4.0E-02  2.4E-01    8    3.7E-002 
 32         -37.7907105333 -2.5E-02  7.6E-02  3.1E-02  1.2E-01    8    3.8E-002 
 33         -37.8067234050 -1.6E-02  1.0E-01  1.9E-02  3.5E-02    8    3.9E-002 
 34         -37.8100747213 -3.4E-03  6.9E-02  8.6E-03  0.0E+00    8    2.9E-002 
 35         -37.8101732000 -9.8E-05  1.2E-02  2.4E-03  0.0E+00    8    2.9E-002 
 36         -37.8102139321 -4.1E-05  1.0E-02  1.0E-03  0.0E+00    8    2.9E-002 
 37         -37.8102213023 -7.4E-06  6.0E-03  3.6E-04  0.0E+00    8    2.9E-002 
 38         -37.8102226006 -1.3E-06  1.7E-03  1.7E-04  0.0E+00    8    2.9E-002 
 39         -37.8102226879 -8.7E-08  4.7E-04  8.2E-05  0.0E+00    8    2.9E-002 
 40         -37.8102226944 -6.5E-09  1.6E-04  2.5E-05  0.0E+00    8    2.9E-002 
 41         -37.8102226947 -3.6E-10  3.9E-05  6.0E-06  0.0E+00    8    2.9E-002 
 42         -37.8102226948 -7.7E-11  1.8E-05  2.8E-06  0.0E+00    8    2.9E-002 
 43         -37.8102226948 -9.7E-12  8.5E-06  6.8E-07  0.0E+00    8    2.9E-002 
 44         -37.8102226948 -1.2E-12  1.7E-06  2.7E-07  0.0E+00    8    2.9E-002 
 45         -37.8102226948 -2.6E-13  6.4E-07  1.1E-07  0.0E+00    8    2.9E-002 
 ------------------------------------------------------------------------------
 SCF converged
 Converged energy                        -37.810222694806    
 ------------------------------------------------------------------------------
 Ehomo(Alpha) [eV]                       -5.738610378321     
 Elumo(Alpha) [eV]                       0.604208919508      
 Ehomo(Beta) [eV]                        -5.327331207692     
 Elumo(Beta) [eV]                        0.511792532211      

 dipole moment (Debye)
        x              y              z       
     -9.285E-014    -1.593E-016     1.372E-014

 traceless quadrupole moment (Debye*Angs)
                       x              y              z       
 x                   5.912E-001    -1.364E-011     1.484E-001
 y                  -1.364E-011    -3.079E-001     7.970E-011
 z                   1.484E-001     7.970E-011    -2.834E-001

 ----------------------------------------------------------------------------
 Timings (seconds)
 * mean-field hamiltonian     1.3E+000
 * solver (setting up eqns)   2.3E-002
 * solver (energy estimate)   3.0E-002
 * solver (orthogonalization) 3.0E-003
 * solver (rotation matrix X) 2.9E-001
 * solver (exponential of X)  7.4E-003
 * solver (total)             3.5E-001
 * total SCF                  1.6E+000
 Atomic guess: Y, ../../../../basis-sets/bse/def2-svpd.txt
 ---------------------------------------------------------
 E(HF) [a.u.]                            -3.7810222695E+001
 Tr(RhoAvg S), Cartesian AOs              1.1000000000E+001
 Tr(RhoAvg S), spherical AOs              1.1000000000E+001
 max|T RhoAvg T**T - RhoAvg_sao|                  2.50E-016
 max|c(RhoAvg) - c(Rho)|                          4.44E-016
 max|RhoAvg - Rho|                                5.97E-001
 Saved /mnt/storage_6/project_data/pl0415-03/marcin/beyond-rpa/guess/electron-densities/bse/def2-svpd/y.txt
 ----------------------------------------------------------------------------
                             SCF for ZR (2S+1=3)                             
 ----------------------------------------------------------------------------
 NUMBER OF ATOMS                         1
 CHARGE                                  0
 Prescreening (pq|pq) integrals for the Cholesky decomposition
 Shell pairs will be sorted according to their max elements
 Max diagonal integral MaxDrs=1.8E+000
 Applying Eq. 15 in J. Chem. Phys. 150, 194112 (2019); doi: 10.1063/1.5083802
 Schwarz inequality: Dpq<min(10**(-8),Tau)**2/MaxDrs=5.5E-017
 Trace of exact Coulomb matrix: 3.0E+001
 Trace of discarded integrals: 0.0E+000
 Discarded 0 out of 78 shell pairs
 (0 out of 595 orbital pairs)

 Step 1 of Cholesky decomposition: locating pivots
 -------------------------------------------------
 Dimensions of the Coulomb matrix: (595,595)
 Threshold for diagonal matrix elements: Dpq > 1.0E-007
 Max number of Cholesky vectors: 510
 Rk storage block size: 500
 Max dimension of 2e integrals buffer: (595,595)

 ----------------------------------------------------------------------------
 #    Dmax        Memory (MB)    NPivots     %    Time        
 ----------------------------------------------------------------------------
 1    1.6E-002    5.0E+000       37          6    1.4E-002    
 2    1.6E-004    4.9E+000       157         38   1.7E-002    
 3    9.7E-007    4.1E+000       231         92   8.8E-003    
 4    9.2E-008    7.1E-001       253         100  3.7E-003    

 Step 1 of the Cholesky decomposition completed
 Computed 253 pivots
 Largest residual Dpq: 9.2E-008
 NCholesky/NAO = 7.4E+000
 Step 1 of Cholesky decomposition completed in 4.4E-002 seconds
 Detailed timings in seconds
 Subtract prev contribs I (M-R**T*R)     2.2E-003
 Subtract prev contribs II (Rk)          3.8E-003
 Two-electron integrals                  3.4E-002
 Reallocation                            1.0E-003

 Step 2 of Cholesky decomposition completed in 4.3E-003 seconds
 Detailed timings in seconds
 Reduced-dimension matrix V    3.2E-003
 V=L*L**T                      4.2E-004
 L**(-1)                       6.9E-004

 Full-dimension Cholesky vectors of the Coulomb matrix will be stored in memory
 Cholesky vectors computed in 7.8E-003 seconds

 ┌─────────────────────────────────────────┐
 │          Self-consistent field          │
 └─────────────────────────────────────────┘

 Atomic orbital basis set
 . . . . . . . . . . . . . . . . . . . . . . . . . . . . . . . . . . . . . . 
 atomic centers                               1
 shell parameter sets                         12
 spherical AOs                                34
 max angular momentum                         3
 parameter set                                ../../../../basis-sets/bse/def2-svpd.txt
 . . . . . . . . . . . . . . . . . . . . . . . . . . . . . . . . . . . . . . 
 SCF guess: bare nuclei Hamiltonian
 Starting self-consistent field iterations (spin-unrestricted)
 Alpha electrons: 7
 Beta electrons: 5
 ----------------------------------------------------------------------------
 Exchange-correlation: Hartree-Fock
 ----------------------------------------------------------------------------
 Replicated-data parallel SCF
 ----------------------------
 Processes                               1
 Threads/process                         16
 Allocated 2.3E-004 GiB of scratch space for the KS matrix build
 ----------------------------------------------------------------------------
 Loaded pseudopotential parameters
 ----------------------------------------------------------------------------

 ZIRCONIUM   
 Parameters file: ../../../../basis-sets/bse/def2-svpd.txt
 ECP accounts for 28 core electrons

          Coeff         R^n       Exponent                                       

 Local part

        -21.09377605      2         7.54000000                                   
         -3.08069427      2         3.77000000                                   

 L = 0

        150.26759106      2         8.20000000                                   
         18.97621650      2         4.08972780                                   
         21.09377605      2         7.54000000                                   
          3.08069427      2         3.77000000                                   

 L = 1

         99.62212372      2         7.11000000                                   
         14.16873329      2         3.59679800                                   
         21.09377605      2         7.54000000                                   
          3.08069427      2         3.77000000                                   

 L = 2

         35.04512355      2         5.35000000                                   
          6.11125948      2         2.49182150                                   
         21.09377605      2         7.54000000                                   
          3.08069427      2         3.77000000                                   

 ----------------------------------------------------------------------------
 Spherical harmonic basis contains 34 vectors
 Linear independence thresh: Eig(S) > 1.0E-006
 Computations will be carried out in the space of 34 MOs
 Threshold for J, K: |Rho(r,s)*(pq|rs)|,|Rho(q,s)*(pq|rs)| > 1.0E-011
 Convergence conditions
 ----------------------
 RhoDiff < 1.0E-006
 OrbGrad < 1.0E-006
 Max number of macroiters: 1024
 ------------------------------------------------------------------------------
 #           Energy        EDiff    RhoDiff  OrbGrad  OrbShift NStored Time     
 ------------------------------------------------------------------------------
 0           -6.0184341772                                        0    4.6E-002 
 1          -44.7806372532           1.7E+01                      0    2.7E-002 
 2          -46.2507837465 -1.5E+00  1.5E+00  6.5E-01  4.1E-01    1    3.0E-002 
 3          -46.3089631607 -5.8E-02  2.9E-01  4.8E-02  0.0E+00    2    2.8E-002 
 4          -46.3551266427 -4.6E-02  3.7E-01  4.6E-02  0.0E+00    3    2.9E-002 
 5          -46.3625637450 -7.4E-03  9.9E-02  3.6E-02  0.0E+00    4    2.9E-002 
 6          -46.3632900958 -7.3E-04  4.5E-02  7.3E-03  0.0E+00    5    2.9E-002 
 7          -46.3639321232 -6.4E-04  3.9E-02  4.0E-03  9.1E-02    6    3.5E-002 
 8          -46.3651541473 -1.2E-03  4.2E-02  7.0E-03  1.8E-01    7    3.8E-002 
 9          -46.3672034988 -2.0E-03  4.5E-02  1.0E-02  2.1E-01    8    3.8E-002 
 10         -46.3704820429 -3.3E-03  5.1E-02  1.4E-02  2.3E-01    8    4.0E-002 
 11         -46.3754904831 -5.0E-03  6.8E-02  1.9E-02  2.4E-01    8    4.0E-002 
 12         -46.3827667492 -7.3E-03  8.8E-02  2.4E-02  2.4E-01    8    4.0E-002 
 13         -46.3925995981 -9.8E-03  1.1E-01  2.8E-02  2.2E-01    8    4.1E-002 
 14         -46.4044880732 -1.2E-02  1.2E-01  3.0E-02  1.8E-01    8    3.9E-002 
 15         -46.4161654550 -1.2E-02  1.1E-01  2.8E-02  1.1E-01    8    4.1E-002 
 16         -46.4234158164 -7.3E-03  1.5E-01  2.0E-02  2.9E-02    8    3.9E-002 
 17         -46.4246547361 -1.2E-03  6.7E-02  5.3E-03  0.0E+00    8    3.0E-002 
 18         -46.4246710948 -1.6E-05  6.8E-03  1.3E-03  0.0E+00    8    2.9E-002 
 19         -46.4246721906 -1.1E-06  3.4E-03  4.0E-04  0.0E+00    8    2.9E-002 
 20         -46.4246722221 -3.1E-08  3.7E-04  6.0E-05  0.0E+00    8    2.9E-002 
 21         -46.4246722237 -1.7E-09  7.4E-05  1.2E-05  0.0E+00    8    2.9E-002 
 22         -46.4246722239 -1.9E-10  3.1E-05  3.8E-06  0.0E+00    8    2.9E-002 
 23         -46.4246722239 -1.6E-11  5.5E-06  9.0E-07  0.0E+00    8    3.0E-002 
 24         -46.4246722240 -6.7E-12  3.1E-06  6.9E-07  0.0E+00    8    2.9E-002 
 25         -46.4246722240 -7.2E-12  3.8E-06  6.5E-07  0.0E+00    8    2.9E-002 
 26         -46.4246722240 -3.2E-11  1.4E-05  5.8E-07  0.0E+00    8    2.9E-002 
 27         -46.4246722240 -8.0E-12  6.3E-06  5.3E-07  0.0E+00    8    2.9E-002 
 28         -46.4246722240 -1.3E-12  1.7E-06  2.5E-07  0.0E+00    8    2.9E-002 
 29         -46.4246722240 -9.8E-13  9.9E-07  1.7E-07  0.0E+00    8    2.9E-002 
 ------------------------------------------------------------------------------
 SCF converged
 Converged energy                        -46.424672224005    
 ------------------------------------------------------------------------------
 Ehomo(Alpha) [eV]                       -6.303122052657     
 Elumo(Alpha) [eV]                       0.597967248043      
 Ehomo(Beta) [eV]                        -5.439675926205     
 Elumo(Beta) [eV]                        0.721398970697      

 dipole moment (Debye)
        x              y              z       
      1.086E-013     2.305E-015    -9.667E-014

 traceless quadrupole moment (Debye*Angs)
                       x              y              z       
 x                   3.075E-001    -1.554E-004    -1.938E-007
 y                  -1.554E-004    -6.150E-001    -1.150E-003
 z                  -1.938E-007    -1.150E-003     3.075E-001

 ----------------------------------------------------------------------------
 Timings (seconds)
 * mean-field hamiltonian     8.1E-001
 * solver (setting up eqns)   1.4E-002
 * solver (energy estimate)   1.8E-002
 * solver (orthogonalization) 1.7E-003
 * solver (rotation matrix X) 1.2E-001
 * solver (exponential of X)  5.0E-003
 * solver (total)             1.6E-001
 * total SCF                  9.9E-001
 Atomic guess: ZR, ../../../../basis-sets/bse/def2-svpd.txt
 ----------------------------------------------------------
 E(HF) [a.u.]                            -4.6424672224E+001
 Tr(RhoAvg S), Cartesian AOs              1.2000000000E+001
 Tr(RhoAvg S), spherical AOs              1.2000000000E+001
 max|T RhoAvg T**T - RhoAvg_sao|                  4.44E-016
 max|c(RhoAvg) - c(Rho)|                          4.44E-016
 max|RhoAvg - Rho|                                4.80E-001
 Saved /mnt/storage_6/project_data/pl0415-03/marcin/beyond-rpa/guess/electron-densities/bse/def2-svpd/zr.txt
 ----------------------------------------------------------------------------
                             SCF for NB (2S+1=6)                             
 ----------------------------------------------------------------------------
 NUMBER OF ATOMS                         1
 CHARGE                                  0
 Prescreening (pq|pq) integrals for the Cholesky decomposition
 Shell pairs will be sorted according to their max elements
 Max diagonal integral MaxDrs=2.0E+000
 Applying Eq. 15 in J. Chem. Phys. 150, 194112 (2019); doi: 10.1063/1.5083802
 Schwarz inequality: Dpq<min(10**(-8),Tau)**2/MaxDrs=5.0E-017
 Trace of exact Coulomb matrix: 3.2E+001
 Trace of discarded integrals: 0.0E+000
 Discarded 0 out of 78 shell pairs
 (0 out of 595 orbital pairs)

 Step 1 of Cholesky decomposition: locating pivots
 -------------------------------------------------
 Dimensions of the Coulomb matrix: (595,595)
 Threshold for diagonal matrix elements: Dpq > 1.0E-007
 Max number of Cholesky vectors: 510
 Rk storage block size: 500
 Max dimension of 2e integrals buffer: (595,595)

 ----------------------------------------------------------------------------
 #    Dmax        Memory (MB)    NPivots     %    Time        
 ----------------------------------------------------------------------------
 1    1.9E-002    5.0E+000       33          6    9.4E-003    
 2    1.8E-004    4.9E+000       153         33   1.9E-002    
 3    1.5E-006    3.9E+000       230         91   1.1E-002    
 4    7.4E-008    8.5E-001       253         100  4.7E-003    

 Step 1 of the Cholesky decomposition completed
 Computed 253 pivots
 Largest residual Dpq: 7.4E-008
 NCholesky/NAO = 7.4E+000
 Step 1 of Cholesky decomposition completed in 4.4E-002 seconds
 Detailed timings in seconds
 Subtract prev contribs I (M-R**T*R)     3.5E-003
 Subtract prev contribs II (Rk)          3.9E-003
 Two-electron integrals                  3.3E-002
 Reallocation                            1.1E-003

 Step 2 of Cholesky decomposition completed in 4.2E-003 seconds
 Detailed timings in seconds
 Reduced-dimension matrix V    3.2E-003
 V=L*L**T                      4.0E-004
 L**(-1)                       6.2E-004

 Full-dimension Cholesky vectors of the Coulomb matrix will be stored in memory
 Cholesky vectors computed in 8.8E-003 seconds

 ┌─────────────────────────────────────────┐
 │          Self-consistent field          │
 └─────────────────────────────────────────┘

 Atomic orbital basis set
 . . . . . . . . . . . . . . . . . . . . . . . . . . . . . . . . . . . . . . 
 atomic centers                               1
 shell parameter sets                         12
 spherical AOs                                34
 max angular momentum                         3
 parameter set                                ../../../../basis-sets/bse/def2-svpd.txt
 . . . . . . . . . . . . . . . . . . . . . . . . . . . . . . . . . . . . . . 
 SCF guess: bare nuclei Hamiltonian
 Starting self-consistent field iterations (spin-unrestricted)
 Alpha electrons: 9
 Beta electrons: 4
 ----------------------------------------------------------------------------
 Exchange-correlation: Hartree-Fock
 ----------------------------------------------------------------------------
 Replicated-data parallel SCF
 ----------------------------
 Processes                               1
 Threads/process                         16
 Allocated 2.3E-004 GiB of scratch space for the KS matrix build
 ----------------------------------------------------------------------------
 Loaded pseudopotential parameters
 ----------------------------------------------------------------------------

 NIOBIUM     
 Parameters file: ../../../../basis-sets/bse/def2-svpd.txt
 ECP accounts for 28 core electrons

          Coeff         R^n       Exponent                                       

 Local part

        -22.92954996      2         8.49000000                                   
         -3.66630986      2         4.25000000                                   

 L = 0

        165.17914349      2         8.90000000                                   
         21.99297437      2         4.43000000                                   
         22.92954996      2         8.49000000                                   
          3.66630986      2         4.25000000                                   

 L = 1

        111.79441445      2         7.77000000                                   
         16.63348326      2         3.96000000                                   
         22.92954996      2         8.49000000                                   
          3.66630986      2         4.25000000                                   

 L = 2

         38.11224880      2         6.05000000                                   
          8.03916727      2         2.84000000                                   
         22.92954996      2         8.49000000                                   
          3.66630986      2         4.25000000                                   

 ----------------------------------------------------------------------------
 Spherical harmonic basis contains 34 vectors
 Linear independence thresh: Eig(S) > 1.0E-006
 Computations will be carried out in the space of 34 MOs
 Threshold for J, K: |Rho(r,s)*(pq|rs)|,|Rho(q,s)*(pq|rs)| > 1.0E-011
 Convergence conditions
 ----------------------
 RhoDiff < 1.0E-006
 OrbGrad < 1.0E-006
 Max number of macroiters: 1024
 ------------------------------------------------------------------------------
 #           Energy        EDiff    RhoDiff  OrbGrad  OrbShift NStored Time     
 ------------------------------------------------------------------------------
 0           -3.8796770370                                        0    4.6E-002 
 1          -54.7699432919           2.5E+01                      0    2.8E-002 
 2          -56.2351053840 -1.5E+00  1.3E+00  6.4E-01  3.1E-01    1    3.0E-002 
 3          -56.2476597972 -1.3E-02  8.9E-02  7.1E-02  0.0E+00    2    2.9E-002 
 4          -56.2491107645 -1.5E-03  2.3E-02  1.3E-02  0.0E+00    3    2.9E-002 
 5          -56.2491710590 -6.0E-05  6.4E-03  4.1E-03  0.0E+00    4    3.0E-002 
 6          -56.2491715869 -5.3E-07  3.7E-04  3.0E-04  0.0E+00    5    2.9E-002 
 7          -56.2491715887 -1.8E-09  1.9E-05  1.4E-05  0.0E+00    6    2.9E-002 
 8          -56.2491715888 -8.4E-11  5.3E-06  3.7E-06  0.0E+00    7    2.9E-002 
 9          -56.2491715888 -5.3E-12  1.6E-06  1.0E-06  0.0E+00    8    2.9E-002 
 10         -56.2491715888 -3.3E-13  4.4E-07  2.7E-07  0.0E+00    8    2.9E-002 
 ------------------------------------------------------------------------------
 SCF converged
 Converged energy                        -56.249171588767    
 ------------------------------------------------------------------------------
 Ehomo(Alpha) [eV]                       -5.613365832971     
 Elumo(Alpha) [eV]                       -0.034609998171     
 Ehomo(Beta) [eV]                        -37.358530976340    
 Elumo(Beta) [eV]                        1.081608644127      

 dipole moment (Debye)
        x              y              z       
      1.779E-015    -4.332E-015    -9.518E-016

 traceless quadrupole moment (Debye*Angs)
                       x              y              z       
 x                  -2.519E-006    -2.657E-014     1.314E-013
 y                  -2.657E-014     4.251E-006    -4.055E-014
 z                   1.314E-013    -4.055E-014    -1.732E-006

 ----------------------------------------------------------------------------
 Timings (seconds)
 * mean-field hamiltonian     3.0E-001
 * solver (setting up eqns)   3.7E-003
 * solver (energy estimate)   3.5E-003
 * solver (orthogonalization) 5.8E-004
 * solver (rotation matrix X) 5.2E-003
 * solver (exponential of X)  1.4E-003
 * solver (total)             1.5E-002
 * total SCF                  3.4E-001
 Atomic guess: NB, ../../../../basis-sets/bse/def2-svpd.txt
 ----------------------------------------------------------
 E(HF) [a.u.]                            -5.6249171589E+001
 Tr(RhoAvg S), Cartesian AOs              1.3000000000E+001
 Tr(RhoAvg S), spherical AOs              1.3000000000E+001
 max|T RhoAvg T**T - RhoAvg_sao|                  6.66E-016
 max|c(RhoAvg) - c(Rho)|                          1.11E-016
 max|RhoAvg - Rho|                                2.36E-007
 Saved /mnt/storage_6/project_data/pl0415-03/marcin/beyond-rpa/guess/electron-densities/bse/def2-svpd/nb.txt
 ----------------------------------------------------------------------------
                             SCF for MO (2S+1=7)                             
 ----------------------------------------------------------------------------
 NUMBER OF ATOMS                         1
 CHARGE                                  0
 Prescreening (pq|pq) integrals for the Cholesky decomposition
 Shell pairs will be sorted according to their max elements
 Max diagonal integral MaxDrs=2.0E+000
 Applying Eq. 15 in J. Chem. Phys. 150, 194112 (2019); doi: 10.1063/1.5083802
 Schwarz inequality: Dpq<min(10**(-8),Tau)**2/MaxDrs=4.9E-017
 Trace of exact Coulomb matrix: 3.4E+001
 Trace of discarded integrals: 0.0E+000
 Discarded 0 out of 78 shell pairs
 (0 out of 595 orbital pairs)

 Step 1 of Cholesky decomposition: locating pivots
 -------------------------------------------------
 Dimensions of the Coulomb matrix: (595,595)
 Threshold for diagonal matrix elements: Dpq > 1.0E-007
 Max number of Cholesky vectors: 510
 Rk storage block size: 500
 Max dimension of 2e integrals buffer: (595,595)

 ----------------------------------------------------------------------------
 #    Dmax        Memory (MB)    NPivots     %    Time        
 ----------------------------------------------------------------------------
 1    2.0E-002    5.0E+000       35          6    1.1E-002    
 2    1.9E-004    4.9E+000       158         33   2.4E-002    
 3    8.4E-007    4.1E+000       231         88   1.9E-002    
 4    6.9E-008    8.1E-001       256         100  3.7E-003    

 Step 1 of the Cholesky decomposition completed
 Computed 256 pivots
 Largest residual Dpq: 6.9E-008
 NCholesky/NAO = 7.5E+000
 Step 1 of Cholesky decomposition completed in 5.9E-002 seconds
 Detailed timings in seconds
 Subtract prev contribs I (M-R**T*R)     1.3E-002
 Subtract prev contribs II (Rk)          4.3E-003
 Two-electron integrals                  3.8E-002
 Reallocation                            4.8E-004

 Step 2 of Cholesky decomposition completed in 4.2E-003 seconds
 Detailed timings in seconds
 Reduced-dimension matrix V    3.2E-003
 V=L*L**T                      4.1E-004
 L**(-1)                       5.2E-004

 Full-dimension Cholesky vectors of the Coulomb matrix will be stored in memory
 Cholesky vectors computed in 7.8E-003 seconds

 ┌─────────────────────────────────────────┐
 │          Self-consistent field          │
 └─────────────────────────────────────────┘

 Atomic orbital basis set
 . . . . . . . . . . . . . . . . . . . . . . . . . . . . . . . . . . . . . . 
 atomic centers                               1
 shell parameter sets                         12
 spherical AOs                                34
 max angular momentum                         3
 parameter set                                ../../../../basis-sets/bse/def2-svpd.txt
 . . . . . . . . . . . . . . . . . . . . . . . . . . . . . . . . . . . . . . 
 SCF guess: bare nuclei Hamiltonian
 Starting self-consistent field iterations (spin-unrestricted)
 Alpha electrons: 10
 Beta electrons: 4
 ----------------------------------------------------------------------------
 Exchange-correlation: Hartree-Fock
 ----------------------------------------------------------------------------
 Replicated-data parallel SCF
 ----------------------------
 Processes                               1
 Threads/process                         16
 Allocated 2.3E-004 GiB of scratch space for the KS matrix build
 ----------------------------------------------------------------------------
 Loaded pseudopotential parameters
 ----------------------------------------------------------------------------

 MOLYBDENUM  
 Parameters file: ../../../../basis-sets/bse/def2-svpd.txt
 ECP accounts for 28 core electrons

          Coeff         R^n       Exponent                                       

 Local part

        -24.80517707      2         9.45000000                                   
         -4.15378155      2         4.72000000                                   

 L = 0

        180.10310850      2         9.71459380                                   
         24.99722791      2         4.68050040                                   
         24.80517707      2         9.45000000                                   
          4.15378155      2         4.72000000                                   

 L = 1

        123.77275231      2         8.14213660                                   
         19.53022800      2         4.62598630                                   
         24.80517707      2         9.45000000                                   
          4.15378155      2         4.72000000                                   

 L = 2

         48.37502229      2         6.61841480                                   
          8.89205274      2         3.24875160                                   
         24.80517707      2         9.45000000                                   
          4.15378155      2         4.72000000                                   

 ----------------------------------------------------------------------------
 Spherical harmonic basis contains 34 vectors
 Linear independence thresh: Eig(S) > 1.0E-006
 Computations will be carried out in the space of 34 MOs
 Threshold for J, K: |Rho(r,s)*(pq|rs)|,|Rho(q,s)*(pq|rs)| > 1.0E-011
 Convergence conditions
 ----------------------
 RhoDiff < 1.0E-006
 OrbGrad < 1.0E-006
 Max number of macroiters: 1024
 ------------------------------------------------------------------------------
 #           Energy        EDiff    RhoDiff  OrbGrad  OrbShift NStored Time     
 ------------------------------------------------------------------------------
 0           -7.1484769600                                        0    4.6E-002 
 1          -65.4222751889           3.1E+01                      0    2.7E-002 
 2          -67.0028893405 -1.6E+00  6.8E+00  8.9E-01  1.5E+00    1    3.0E-002 
 3          -67.5184456996 -5.2E-01  1.6E+00  4.3E-01  1.3E-01    2    3.0E-002 
 4          -67.5448936811 -2.6E-02  1.9E-01  9.3E-02  0.0E+00    3    2.9E-002 
 5          -67.5456320429 -7.4E-04  4.0E-02  1.3E-02  0.0E+00    4    2.9E-002 
 6          -67.5456568055 -2.5E-05  1.0E-02  2.0E-03  0.0E+00    5    2.9E-002 
 7          -67.5456585378 -1.7E-06  4.8E-03  6.7E-04  0.0E+00    6    2.9E-002 
 8          -67.5456585687 -3.1E-08  2.5E-04  8.1E-05  0.0E+00    7    3.0E-002 
 9          -67.5456585692 -4.4E-10  1.8E-05  1.3E-05  0.0E+00    8    3.0E-002 
 10         -67.5456585693 -6.9E-11  1.0E-05  2.6E-06  0.0E+00    8    3.0E-002 
 11         -67.5456585693 -1.3E-11  4.6E-06  1.0E-06  0.0E+00    8    3.0E-002 
 12         -67.5456585693 -3.1E-12  3.2E-06  4.8E-07  0.0E+00    8    3.0E-002 
 13         -67.5456585693 -8.5E-14  4.5E-07  3.0E-07  0.0E+00    8    3.0E-002 
 ------------------------------------------------------------------------------
 SCF converged
 Converged energy                        -67.545658569275    
 ------------------------------------------------------------------------------
 Ehomo(Alpha) [eV]                       -6.510712448916     
 Elumo(Alpha) [eV]                       0.855790871713      
 Ehomo(Beta) [eV]                        -44.024845189608    
 Elumo(Beta) [eV]                        0.883986889762      

 dipole moment (Debye)
        x              y              z       
     -9.045E-015     3.197E-015     9.323E-015

 traceless quadrupole moment (Debye*Angs)
                       x              y              z       
 x                  -1.231E-004     1.357E-008    -1.382E-009
 y                   1.357E-008     3.963E-004     6.450E-010
 z                  -1.382E-009     6.450E-010    -2.732E-004

 ----------------------------------------------------------------------------
 Timings (seconds)
 * mean-field hamiltonian     3.9E-001
 * solver (setting up eqns)   5.5E-003
 * solver (energy estimate)   5.8E-003
 * solver (orthogonalization) 7.4E-004
 * solver (rotation matrix X) 1.1E-002
 * solver (exponential of X)  1.8E-003
 * solver (total)             2.5E-002
 * total SCF                  4.3E-001
 Atomic guess: MO, ../../../../basis-sets/bse/def2-svpd.txt
 ----------------------------------------------------------
 E(HF) [a.u.]                            -6.7545658569E+001
 Tr(RhoAvg S), Cartesian AOs              1.4000000000E+001
 Tr(RhoAvg S), spherical AOs              1.4000000000E+001
 max|T RhoAvg T**T - RhoAvg_sao|                  8.88E-016
 max|c(RhoAvg) - c(Rho)|                          2.22E-016
 max|RhoAvg - Rho|                                4.48E-005
 Saved /mnt/storage_6/project_data/pl0415-03/marcin/beyond-rpa/guess/electron-densities/bse/def2-svpd/mo.txt
 ----------------------------------------------------------------------------
                             SCF for TC (2S+1=6)                             
 ----------------------------------------------------------------------------
 NUMBER OF ATOMS                         1
 CHARGE                                  0
 Prescreening (pq|pq) integrals for the Cholesky decomposition
 Shell pairs will be sorted according to their max elements
 Max diagonal integral MaxDrs=2.1E+000
 Applying Eq. 15 in J. Chem. Phys. 150, 194112 (2019); doi: 10.1063/1.5083802
 Schwarz inequality: Dpq<min(10**(-8),Tau)**2/MaxDrs=4.7E-017
 Trace of exact Coulomb matrix: 3.6E+001
 Trace of discarded integrals: 0.0E+000
 Discarded 0 out of 78 shell pairs
 (0 out of 595 orbital pairs)

 Step 1 of Cholesky decomposition: locating pivots
 -------------------------------------------------
 Dimensions of the Coulomb matrix: (595,595)
 Threshold for diagonal matrix elements: Dpq > 1.0E-007
 Max number of Cholesky vectors: 510
 Rk storage block size: 500
 Max dimension of 2e integrals buffer: (595,595)

 ----------------------------------------------------------------------------
 #    Dmax        Memory (MB)    NPivots     %    Time        
 ----------------------------------------------------------------------------
 1    2.0E-002    5.0E+000       40          7    1.1E-002    
 2    1.8E-004    4.9E+000       158         33   1.8E-002    
 3    1.4E-006    4.1E+000       230         87   1.3E-002    
 4    6.8E-008    7.7E-001       254         100  3.4E-003    

 Step 1 of the Cholesky decomposition completed
 Computed 254 pivots
 Largest residual Dpq: 6.8E-008
 NCholesky/NAO = 7.5E+000
 Step 1 of Cholesky decomposition completed in 4.6E-002 seconds
 Detailed timings in seconds
 Subtract prev contribs I (M-R**T*R)     2.9E-003
 Subtract prev contribs II (Rk)          3.8E-003
 Two-electron integrals                  3.6E-002
 Reallocation                            4.6E-004

 Step 2 of Cholesky decomposition completed in 4.3E-003 seconds
 Detailed timings in seconds
 Reduced-dimension matrix V    3.2E-003
 V=L*L**T                      4.5E-004
 L**(-1)                       6.2E-004

 Full-dimension Cholesky vectors of the Coulomb matrix will be stored in memory
 Cholesky vectors computed in 7.5E-003 seconds

 ┌─────────────────────────────────────────┐
 │          Self-consistent field          │
 └─────────────────────────────────────────┘

 Atomic orbital basis set
 . . . . . . . . . . . . . . . . . . . . . . . . . . . . . . . . . . . . . . 
 atomic centers                               1
 shell parameter sets                         12
 spherical AOs                                34
 max angular momentum                         3
 parameter set                                ../../../../basis-sets/bse/def2-svpd.txt
 . . . . . . . . . . . . . . . . . . . . . . . . . . . . . . . . . . . . . . 
 SCF guess: bare nuclei Hamiltonian
 Starting self-consistent field iterations (spin-unrestricted)
 Alpha electrons: 10
 Beta electrons: 5
 ----------------------------------------------------------------------------
 Exchange-correlation: Hartree-Fock
 ----------------------------------------------------------------------------
 Replicated-data parallel SCF
 ----------------------------
 Processes                               1
 Threads/process                         16
 Allocated 2.3E-004 GiB of scratch space for the KS matrix build
 ----------------------------------------------------------------------------
 Loaded pseudopotential parameters
 ----------------------------------------------------------------------------

 TECHNETIUM  
 Parameters file: ../../../../basis-sets/bse/def2-svpd.txt
 ECP accounts for 28 core electrons

          Coeff         R^n       Exponent                                       

 Local part

        -26.56244747      2        10.40000000                                   
         -4.58568054      2         5.20000000                                   

 L = 0

        195.15916591      2        10.42234620                                   
         28.09260333      2         5.03651600                                   
         26.56244747      2        10.40000000                                   
          4.58568054      2         5.20000000                                   

 L = 1

        135.28456622      2         8.95044940                                   
         21.80650430      2         4.85443940                                   
         26.56244747      2        10.40000000                                   
          4.58568054      2         5.20000000                                   

 L = 2

         54.32972942      2         6.94569680                                   
         11.15506795      2         3.97058490                                   
         26.56244747      2        10.40000000                                   
          4.58568054      2         5.20000000                                   

 ----------------------------------------------------------------------------
 Spherical harmonic basis contains 34 vectors
 Linear independence thresh: Eig(S) > 1.0E-006
 Computations will be carried out in the space of 34 MOs
 Threshold for J, K: |Rho(r,s)*(pq|rs)|,|Rho(q,s)*(pq|rs)| > 1.0E-011
 Convergence conditions
 ----------------------
 RhoDiff < 1.0E-006
 OrbGrad < 1.0E-006
 Max number of macroiters: 1024
 ------------------------------------------------------------------------------
 #           Energy        EDiff    RhoDiff  OrbGrad  OrbShift NStored Time     
 ------------------------------------------------------------------------------
 0           -9.4091796282                                        0    4.6E-002 
 1          -77.4985739339           2.5E+01                      0    2.7E-002 
 2          -79.3779232225 -1.9E+00  6.8E+00  9.7E-01  1.7E+00    1    3.0E-002 
 3          -80.0031512255 -6.3E-01  1.6E+00  4.7E-01  1.8E-01    2    2.9E-002 
 4          -80.0595794320 -5.6E-02  2.3E-01  1.2E-01  0.0E+00    3    2.8E-002 
 5          -80.0609894138 -1.4E-03  8.0E-02  1.8E-02  0.0E+00    4    2.8E-002 
 6          -80.0610679008 -7.8E-05  8.4E-03  4.8E-03  0.0E+00    5    2.9E-002 
 7          -80.0610936946 -2.6E-05  4.1E-03  1.2E-03  0.0E+00    6    2.9E-002 
 8          -80.0611643812 -7.1E-05  1.5E-02  1.1E-03  1.3E-02    7    3.8E-002 
 9          -80.0612375684 -7.3E-05  1.8E-02  1.2E-03  1.3E-02    8    4.0E-002 
 10         -80.0612953410 -5.8E-05  2.0E-02  6.4E-04  7.9E-03    8    4.2E-002 
 11         -80.0613497405 -5.4E-05  2.1E-02  4.5E-04  4.9E-03    8    4.2E-002 
 12         -80.0614465892 -9.7E-05  2.3E-02  4.3E-04  8.6E-03    8    4.2E-002 
 13         -80.0617198835 -2.7E-04  2.5E-02  7.8E-04  2.0E-02    8    4.1E-002 
 14         -80.0624730464 -7.5E-04  3.4E-02  1.9E-03  3.9E-02    8    4.1E-002 
 15         -80.0642787087 -1.8E-03  4.5E-02  4.3E-03  6.4E-02    8    4.0E-002 
 16         -80.0679990569 -3.7E-03  6.8E-02  8.3E-03  9.0E-02    8    4.0E-002 
 17         -80.0744313236 -6.4E-03  9.5E-02  1.3E-02  1.1E-01    8    3.9E-002 
 18         -80.0831321591 -8.7E-03  1.2E-01  1.8E-02  9.7E-02    8    3.9E-002 
 19         -80.0903494719 -7.2E-03  1.3E-01  1.8E-02  4.6E-02    8    3.9E-002 
 20         -80.0913338579 -9.8E-04  4.7E-02  7.6E-03  0.0E+00    8    3.0E-002 
 21         -80.0913732891 -3.9E-05  2.1E-02  2.1E-03  0.0E+00    8    3.0E-002 
 22         -80.0913788361 -5.5E-06  6.7E-03  6.9E-04  0.0E+00    8    3.0E-002 
 23         -80.0913789622 -1.3E-07  1.1E-03  1.3E-04  0.0E+00    8    3.0E-002 
 24         -80.0913789652 -2.9E-09  1.8E-04  2.6E-05  0.0E+00    8    3.0E-002 
 25         -80.0913789654 -2.8E-10  4.7E-05  6.9E-06  0.0E+00    8    3.0E-002 
 26         -80.0913789655 -5.7E-11  6.2E-06  1.6E-06  0.0E+00    8    3.0E-002 
 27         -80.0913789655 -4.2E-11  7.1E-06  1.4E-06  0.0E+00    8    3.0E-002 
 28         -80.0913789656 -3.2E-11  9.6E-06  8.7E-07  0.0E+00    8    3.0E-002 
 29         -80.0913789656 -1.7E-12  1.2E-06  3.3E-07  0.0E+00    8    3.0E-002 
 30         -80.0913789656 -1.6E-13  3.2E-07  7.7E-08  0.0E+00    8    3.0E-002 
 ------------------------------------------------------------------------------
 SCF converged
 Converged energy                        -80.091378965567    
 ------------------------------------------------------------------------------
 Ehomo(Alpha) [eV]                       -7.645395363950     
 Elumo(Alpha) [eV]                       0.856127405626      
 Ehomo(Beta) [eV]                        -5.676913462693     
 Elumo(Beta) [eV]                        1.095725196761      

 dipole moment (Debye)
        x              y              z       
      4.411E-013    -1.493E-012     1.103E-012

 traceless quadrupole moment (Debye*Angs)
                       x              y              z       
 x                   9.519E-006     1.979E-007     1.378E-007
 y                   1.979E-007    -1.442E-005     1.759E-008
 z                   1.378E-007     1.759E-008     4.899E-006

 ----------------------------------------------------------------------------
 Timings (seconds)
 * mean-field hamiltonian     8.5E-001
 * solver (setting up eqns)   1.3E-002
 * solver (energy estimate)   1.8E-002
 * solver (orthogonalization) 1.7E-003
 * solver (rotation matrix X) 1.5E-001
 * solver (exponential of X)  4.6E-003
 * solver (total)             1.9E-001
 * total SCF                  1.1E+000
 Atomic guess: TC, ../../../../basis-sets/bse/def2-svpd.txt
 ----------------------------------------------------------
 E(HF) [a.u.]                            -8.0091378966E+001
 Tr(RhoAvg S), Cartesian AOs              1.5000000000E+001
 Tr(RhoAvg S), spherical AOs              1.5000000000E+001
 max|T RhoAvg T**T - RhoAvg_sao|                  1.11E-015
 max|c(RhoAvg) - c(Rho)|                          2.22E-016
 max|RhoAvg - Rho|                                1.13E-005
 Saved /mnt/storage_6/project_data/pl0415-03/marcin/beyond-rpa/guess/electron-densities/bse/def2-svpd/tc.txt
 ----------------------------------------------------------------------------
                             SCF for RU (2S+1=5)                             
 ----------------------------------------------------------------------------
 NUMBER OF ATOMS                         1
 CHARGE                                  0
 Prescreening (pq|pq) integrals for the Cholesky decomposition
 Shell pairs will be sorted according to their max elements
 Max diagonal integral MaxDrs=2.2E+000
 Applying Eq. 15 in J. Chem. Phys. 150, 194112 (2019); doi: 10.1063/1.5083802
 Schwarz inequality: Dpq<min(10**(-8),Tau)**2/MaxDrs=4.5E-017
 Trace of exact Coulomb matrix: 3.7E+001
 Trace of discarded integrals: 0.0E+000
 Discarded 0 out of 78 shell pairs
 (0 out of 595 orbital pairs)

 Step 1 of Cholesky decomposition: locating pivots
 -------------------------------------------------
 Dimensions of the Coulomb matrix: (595,595)
 Threshold for diagonal matrix elements: Dpq > 1.0E-007
 Max number of Cholesky vectors: 510
 Rk storage block size: 500
 Max dimension of 2e integrals buffer: (595,595)

 ----------------------------------------------------------------------------
 #    Dmax        Memory (MB)    NPivots     %    Time        
 ----------------------------------------------------------------------------
 1    2.1E-002    5.0E+000       36          6    1.4E-002    
 2    2.1E-004    4.9E+000       159         32   1.8E-002    
 3    1.5E-006    4.0E+000       235         88   1.4E-002    
 4    9.8E-008    7.9E-001       255         100  4.2E-003    

 Step 1 of the Cholesky decomposition completed
 Computed 255 pivots
 Largest residual Dpq: 9.8E-008
 NCholesky/NAO = 7.5E+000
 Step 1 of Cholesky decomposition completed in 5.0E-002 seconds
 Detailed timings in seconds
 Subtract prev contribs I (M-R**T*R)     2.8E-003
 Subtract prev contribs II (Rk)          3.8E-003
 Two-electron integrals                  4.0E-002
 Reallocation                            4.4E-004

 Step 2 of Cholesky decomposition completed in 4.4E-003 seconds
 Detailed timings in seconds
 Reduced-dimension matrix V    3.3E-003
 V=L*L**T                      4.5E-004
 L**(-1)                       7.1E-004

 Full-dimension Cholesky vectors of the Coulomb matrix will be stored in memory
 Cholesky vectors computed in 6.4E-003 seconds

 ┌─────────────────────────────────────────┐
 │          Self-consistent field          │
 └─────────────────────────────────────────┘

 Atomic orbital basis set
 . . . . . . . . . . . . . . . . . . . . . . . . . . . . . . . . . . . . . . 
 atomic centers                               1
 shell parameter sets                         12
 spherical AOs                                34
 max angular momentum                         3
 parameter set                                ../../../../basis-sets/bse/def2-svpd.txt
 . . . . . . . . . . . . . . . . . . . . . . . . . . . . . . . . . . . . . . 
 SCF guess: bare nuclei Hamiltonian
 Starting self-consistent field iterations (spin-unrestricted)
 Alpha electrons: 10
 Beta electrons: 6
 ----------------------------------------------------------------------------
 Exchange-correlation: Hartree-Fock
 ----------------------------------------------------------------------------
 Replicated-data parallel SCF
 ----------------------------
 Processes                               1
 Threads/process                         16
 Allocated 2.3E-004 GiB of scratch space for the KS matrix build
 ----------------------------------------------------------------------------
 Loaded pseudopotential parameters
 ----------------------------------------------------------------------------

 RUTHENIUM   
 Parameters file: ../../../../basis-sets/bse/def2-svpd.txt
 ECP accounts for 28 core electrons

          Coeff         R^n       Exponent                                       

 Local part

        -28.34061627      2        11.36000000                                   
         -4.94462923      2         5.68000000                                   

 L = 0

        209.82297122      2        11.10526930                                   
         30.65472642      2         5.41474540                                   
         28.34061627      2        11.36000000                                   
          4.94462923      2         5.68000000                                   

 L = 1

        146.33618228      2         9.77127070                                   
         24.12787723      2         5.07399080                                   
         28.34061627      2        11.36000000                                   
          4.94462923      2         5.68000000                                   

 L = 2

         67.51589667      2         7.67142310                                   
          9.87010415      2         4.13656470                                   
         28.34061627      2        11.36000000                                   
          4.94462923      2         5.68000000                                   

 ----------------------------------------------------------------------------
 Spherical harmonic basis contains 34 vectors
 Linear independence thresh: Eig(S) > 1.0E-006
 Computations will be carried out in the space of 34 MOs
 Threshold for J, K: |Rho(r,s)*(pq|rs)|,|Rho(q,s)*(pq|rs)| > 1.0E-011
 Convergence conditions
 ----------------------
 RhoDiff < 1.0E-006
 OrbGrad < 1.0E-006
 Max number of macroiters: 1024
 ------------------------------------------------------------------------------
 #           Energy        EDiff    RhoDiff  OrbGrad  OrbShift NStored Time     
 ------------------------------------------------------------------------------
 0          -16.9227858898                                        0    4.7E-002 
 1          -91.1207177185           2.3E+01                      0    2.8E-002 
 2          -93.2521040032 -2.1E+00  6.5E+00  9.9E-01  1.9E+00    1    3.1E-002 
 3          -93.9769382608 -7.2E-01  1.7E+00  5.4E-01  2.4E-01    2    3.0E-002 
 4          -94.0590162727 -8.2E-02  2.5E-01  1.4E-01  0.0E+00    3    2.9E-002 
 5          -94.0624295380 -3.4E-03  1.3E-01  2.2E-02  0.0E+00    4    2.9E-002 
 6          -94.0672974436 -4.9E-03  6.7E-02  1.4E-02  0.0E+00    5    3.0E-002 
 7          -94.0851057048 -1.8E-02  2.4E-01  1.4E-02  4.8E-02    6    3.8E-002 
 8          -94.0949631034 -9.9E-03  2.7E-01  1.8E-02  3.3E-03    7    3.9E-002 
 9          -94.0963629978 -1.4E-03  1.5E-02  1.6E-02  0.0E+00    8    3.0E-002 
 10         -94.0970054709 -6.4E-04  1.3E-02  6.0E-03  1.0E-01    8    3.9E-002 
 11         -94.0976850903 -6.8E-04  2.2E-02  5.7E-03  1.2E-01    8    3.9E-002 
 12         -94.0983008490 -6.2E-04  2.6E-02  4.2E-03  8.1E-02    8    4.0E-002 
 13         -94.0987249615 -4.2E-04  3.0E-02  3.4E-03  2.7E-02    8    4.1E-002 
 14         -94.0988156535 -9.1E-05  1.9E-02  1.6E-03  0.0E+00    8    3.0E-002 
 15         -94.0988237633 -8.1E-06  3.5E-03  4.9E-04  0.0E+00    8    3.0E-002 
 16         -94.0988247427 -9.8E-07  1.5E-03  1.8E-04  0.0E+00    8    3.0E-002 
 17         -94.0988248426 -1.0E-07  2.6E-04  1.2E-04  0.0E+00    8    3.1E-002 
 18         -94.0988248731 -3.1E-08  1.6E-04  6.9E-05  0.0E+00    8    3.0E-002 
 19         -94.0988248961 -2.3E-08  1.4E-04  3.8E-05  0.0E+00    8    3.0E-002 
 20         -94.0988249216 -2.5E-08  3.2E-04  2.3E-05  0.0E+00    8    3.0E-002 
 21         -94.0988249250 -3.4E-09  8.0E-05  1.4E-05  0.0E+00    8    3.0E-002 
 22         -94.0988249255 -5.6E-10  2.5E-05  4.7E-06  0.0E+00    8    3.0E-002 
 23         -94.0988249258 -2.8E-10  1.7E-05  2.7E-06  0.0E+00    8    3.0E-002 
 24         -94.0988249262 -3.9E-10  2.7E-05  3.0E-06  0.0E+00    8    3.0E-002 
 25         -94.0988249276 -1.4E-09  8.0E-05  3.3E-06  0.0E+00    8    3.0E-002 
 26         -94.0988249325 -4.8E-09  2.7E-04  3.1E-06  0.0E+00    8    3.1E-002 
 27         -94.0988249423 -9.8E-09  5.9E-04  8.0E-06  0.0E+00    8    3.0E-002 
 28         -94.0988249803 -3.8E-08  2.3E-03  1.2E-05  0.0E+00    8    3.0E-002 
 29         -94.0988250629 -8.3E-08  4.5E-03  3.4E-05  0.0E+00    8    3.0E-002 
 30         -94.0988251766 -1.1E-07  5.6E-03  2.5E-05  1.2E-04    8    4.7E-002 
 31         -94.0988253321 -1.6E-07  6.9E-03  2.8E-05  2.0E-04    8    4.7E-002 
 32         -94.0988255105 -1.8E-07  8.3E-03  2.7E-05  1.7E-04    8    4.7E-002 
 33         -94.0988257041 -1.9E-07  1.0E-02  4.8E-05  9.0E-05    8    4.7E-002 
 34         -94.0988259261 -2.2E-07  1.2E-02  6.8E-05  3.6E-05    8    4.8E-002 
 35         -94.0988261929 -2.7E-07  1.5E-02  1.1E-04  3.9E-05    8    4.9E-002 
 36         -94.0988265053 -3.1E-07  1.8E-02  1.5E-04  8.7E-05    8    4.8E-002 
 37         -94.0988267809 -2.8E-07  2.1E-02  1.8E-04  4.7E-05    8    4.8E-002 
 38         -94.0988270717 -2.9E-07  1.7E-02  2.3E-04  0.0E+00    8    3.0E-002 
 39         -94.0988272004 -1.3E-07  2.9E-02  1.8E-04  2.1E-05    8    4.8E-002 
 40         -94.0988273641 -1.6E-07  2.6E-02  5.4E-04  0.0E+00    8    3.0E-002 
 41         -94.0988276087 -2.4E-07  2.1E-02  6.0E-04  0.0E+00    8    3.1E-002 
 42         -94.0988279048 -3.0E-07  7.3E-04  3.7E-04  0.0E+00    8    3.1E-002 
 43         -94.0988277586  1.5E-07  2.2E-02  8.0E-05  6.9E-05    8    4.7E-002 
 43*        -94.0988279281 -2.3E-08  1.6E-02  8.0E-05  1.3E-04    8    4.5E-002 
 44         -94.0988281267 -2.0E-07  1.6E-02  1.6E-04  3.2E-04    8    4.7E-002 
 45         -94.0988282605 -1.3E-07  1.6E-02  2.0E-04  1.1E-04    8    4.7E-002 
 46         -94.0988283336 -7.3E-08  4.3E-03  2.0E-04  0.0E+00    8    3.0E-002 
 47         -94.0988284178 -8.4E-08  1.4E-02  2.4E-05  3.6E-05    8    5.0E-002 
 48         -94.0988284833 -6.5E-08  1.4E-02  9.8E-05  1.8E-04    8    4.7E-002 
 49         -94.0988285251 -4.2E-08  1.5E-02  1.1E-04  1.5E-04    8    4.7E-002 
 50         -94.0988285595 -3.4E-08  1.1E-02  1.2E-04  0.0E+00    8    3.1E-002 
 51         -94.0988285758 -1.6E-08  5.5E-03  7.7E-05  0.0E+00    8    3.0E-002 
 52         -94.0988285858 -1.0E-08  6.4E-03  1.8E-05  0.0E+00    8    3.0E-002 
 53         -94.0988285858  9.2E-12  8.1E-03  1.9E-05  0.0E+00    8    3.0E-002 
 53*        -94.0988285890 -3.2E-09  5.7E-03  1.9E-05  9.8E-05    8    4.5E-002 
 54         -94.0988285847  4.2E-09  5.7E-03  1.6E-05  3.2E-05    8    4.8E-002 
 54*        -94.0988285905 -1.6E-09  1.2E-04  1.6E-05  0.0E+00    8    3.0E-002 
 55         -94.0988285913 -7.5E-10  3.3E-03  7.7E-06  5.1E-05    8    5.0E-002 
 56         -94.0988285909  3.5E-10  2.9E-03  1.0E-05  0.0E+00    8    3.0E-002 
 56*        -94.0988285912  5.9E-11  2.3E-03  1.0E-05  9.1E-06    8    4.8E-002 
 56*        -94.0988285915 -2.6E-10  1.6E-03  1.0E-05  1.3E-05    8    4.9E-002 
 57         -94.0988285928 -1.3E-09  1.6E-03  5.2E-06  2.1E-04    8    4.6E-002 
 58         -94.0988285926  2.8E-10  1.6E-03  2.9E-06  3.8E-05    8    4.9E-002 
 58*        -94.0988285934 -5.9E-10  1.2E-03  2.9E-06  3.4E-05    8    4.6E-002 
 59         -94.0988285933  1.2E-10  1.4E-03  2.5E-06  8.6E-05    8    4.7E-002 
 59*        -94.0988285938 -3.5E-10  9.7E-04  2.5E-06  1.1E-05    8    4.7E-002 
 60         -94.0988285937  2.7E-11  1.2E-03  2.9E-06  6.9E-05    8    4.8E-002 
 60*        -94.0988285938 -4.6E-11  8.1E-04  2.9E-06  1.7E-04    8    4.4E-002 
 61         -94.0988285937  1.2E-10  8.1E-04  2.0E-06  1.4E-05    8    4.8E-002 
 61*        -94.0988285938  5.5E-11  5.6E-04  2.0E-06  1.3E-05    8    4.7E-002 
 61*        -94.0988285938  6.4E-12  3.9E-04  2.0E-06  2.4E-05    8    4.6E-002 
 61*        -94.0988285938 -2.6E-11  2.8E-04  2.0E-06  3.9E-05    8    4.6E-002 
 62         -94.0988285942 -3.1E-10  2.9E-04  2.1E-06  1.1E-03    8    4.5E-002 
 63         -94.0988285949 -7.0E-10  3.5E-04  2.4E-06  1.3E-03    8    4.5E-002 
 64         -94.0988285963 -1.4E-09  4.1E-04  5.0E-06  2.4E-03    8    4.4E-002 
 65         -94.0988285981 -1.8E-09  3.0E-04  4.1E-06  2.0E-03    8    4.4E-002 
 66         -94.0988286031 -5.0E-09  3.1E-04  4.8E-06  2.6E-03    8    4.4E-002 
 67         -94.0988286089 -5.8E-09  4.1E-04  4.0E-06  2.7E-03    8    4.4E-002 
 68         -94.0988286154 -6.5E-09  5.3E-04  2.1E-06  2.4E-03    8    4.4E-002 
 69         -94.0988286231 -7.7E-09  5.6E-04  2.2E-06  2.0E-03    8    4.4E-002 
 70         -94.0988286323 -9.2E-09  8.3E-04  2.2E-06  1.7E-03    8    4.4E-002 
 71         -94.0988286433 -1.1E-08  9.7E-04  1.9E-06  1.4E-03    8    4.4E-002 
 72         -94.0988286565 -1.3E-08  1.1E-03  1.7E-06  1.1E-03    8    4.5E-002 
 73         -94.0988286722 -1.6E-08  1.2E-03  2.0E-06  9.3E-04    8    4.5E-002 
 74         -94.0988286884 -1.6E-08  2.0E-03  2.2E-06  9.0E-04    8    4.5E-002 
 75         -94.0988287095 -2.1E-08  2.4E-03  5.8E-06  6.9E-04    8    4.5E-002 
 76         -94.0988287363 -2.7E-08  2.4E-03  2.8E-06  5.3E-04    8    4.5E-002 
 77         -94.0988287665 -3.0E-08  2.3E-03  2.3E-06  4.4E-04    8    4.6E-002 
 78         -94.0988288037 -3.7E-08  3.1E-03  3.9E-06  3.5E-04    8    4.6E-002 
 79         -94.0988288473 -4.4E-08  4.3E-03  5.6E-06  2.8E-04    8    4.6E-002 
 80         -94.0988288974 -5.0E-08  5.2E-03  7.3E-06  2.2E-04    8    4.7E-002 
 81         -94.0988289556 -5.8E-08  5.8E-03  1.0E-05  1.7E-04    8    4.6E-002 
 82         -94.0988290217 -6.6E-08  5.8E-03  1.8E-05  1.4E-04    8    4.7E-002 
 83         -94.0988290944 -7.3E-08  7.0E-03  2.6E-05  1.0E-04    8    4.7E-002 
 84         -94.0988291696 -7.5E-08  9.4E-03  3.6E-05  6.4E-05    8    4.8E-002 
 85         -94.0988292394 -7.0E-08  1.1E-02  5.1E-05  2.2E-05    8    4.8E-002 
 86         -94.0988292946 -5.5E-08  9.9E-03  7.1E-05  0.0E+00    8    3.0E-002 
 87         -94.0988293495 -5.5E-08  9.4E-03  6.7E-05  0.0E+00    8    3.0E-002 
 88         -94.0988293829 -3.3E-08  1.4E-03  7.1E-05  0.0E+00    8    3.0E-002 
 89         -94.0988294554 -7.3E-08  8.6E-03  4.5E-05  0.0E+00    8    3.0E-002 
 90         -94.0988295160 -6.1E-08  1.5E-02  4.0E-05  0.0E+00    8    3.0E-002 
 91         -94.0988295515 -3.5E-08  8.0E-04  1.3E-04  0.0E+00    8    3.0E-002 
 92         -94.0988295777 -2.6E-08  8.9E-03  2.6E-05  0.0E+00    8    3.0E-002 
 93         -94.0988295845 -6.8E-09  1.5E-02  3.5E-05  0.0E+00    8    3.0E-002 
 94         -94.0988295487  3.6E-08  1.7E-02  1.2E-04  0.0E+00    8    3.0E-002 
 94*        -94.0988295885 -4.1E-09  1.4E-02  1.2E-04  1.4E-05    8    4.7E-002 
 95         -94.0988295619  2.7E-08  1.3E-02  1.4E-04  0.0E+00    8    3.0E-002 
 95*        -94.0988295871  1.5E-09  9.6E-03  1.4E-04  1.1E-05    8    4.6E-002 
 95*        -94.0988296000 -1.2E-08  6.7E-03  1.4E-04  2.7E-05    8    4.6E-002 
 96         -94.0988296131 -1.3E-08  3.8E-03  3.4E-05  0.0E+00    8    3.0E-002 
 97         -94.0988296189 -5.8E-09  7.8E-03  1.3E-05  2.9E-05    8    4.8E-002 
 98         -94.0988296148  4.1E-09  8.2E-03  3.3E-05  1.4E-05    8    4.9E-002 
 98*        -94.0988296188  3.7E-11  5.7E-03  3.3E-05  1.8E-05    8    4.6E-002 
 98*        -94.0988296210 -2.1E-09  4.0E-03  3.3E-05  7.4E-05    8    4.5E-002 
 99         -94.0988296167  4.3E-09  4.0E-03  8.0E-06  3.6E-05    8    4.7E-002 
 99*        -94.0988296252 -4.3E-09  2.7E-03  8.0E-06  6.4E-05    8    4.6E-002 
 100        -94.0988296284 -3.2E-09  2.7E-03  6.8E-06  7.4E-05    8    5.0E-002 
 101        -94.0988296304 -2.0E-09  2.8E-03  1.0E-05  9.4E-06    8    5.0E-002 
 102        -94.0988296299  4.8E-10  3.3E-03  7.3E-06  3.4E-05    8    4.9E-002 
 102*       -94.0988296301  2.9E-10  2.3E-03  7.3E-06  3.7E-05    8    4.6E-002 
 102*       -94.0988296305 -1.5E-10  1.6E-03  7.3E-06  5.5E-05    8    4.6E-002 
 103        -94.0988296313 -8.3E-10  1.6E-03  2.9E-06  2.1E-05    8    4.9E-002 
 104        -94.0988296329 -1.5E-09  1.8E-03  2.5E-06  7.9E-05    8    4.8E-002 
 105        -94.0988296339 -9.8E-10  1.8E-03  3.2E-06  2.7E-05    8    4.8E-002 
 106        -94.0988296387 -4.8E-09  2.4E-03  3.9E-06  3.4E-05    8    4.8E-002 
 107        -94.0988296481 -9.5E-09  3.0E-03  6.9E-06  1.8E-04    8    4.7E-002 
 108        -94.0988296619 -1.4E-08  3.1E-03  1.3E-05  1.6E-04    8    4.6E-002 
 109        -94.0988296830 -2.1E-08  3.9E-03  1.2E-05  1.7E-04    8    4.7E-002 
 110        -94.0988297037 -2.1E-08  4.8E-03  8.0E-06  1.3E-04    8    4.7E-002 
 111        -94.0988297300 -2.6E-08  5.3E-03  1.2E-05  4.8E-05    8    4.7E-002 
 112        -94.0988297637 -3.4E-08  5.5E-03  1.9E-05  7.2E-06    8    4.8E-002 
 113        -94.0988298015 -3.8E-08  6.8E-03  2.5E-05  1.3E-05    8    4.8E-002 
 114        -94.0988298243 -2.3E-08  5.5E-03  2.6E-05  0.0E+00    8    3.0E-002 
 115        -94.0988298648 -4.0E-08  1.1E-02  1.9E-05  2.7E-05    8    4.9E-002 
 116        -94.0988298911 -2.6E-08  7.7E-03  4.7E-05  0.0E+00    8    3.0E-002 
 117        -94.0988299194 -2.8E-08  1.5E-02  3.6E-05  7.6E-06    8    5.9E-002 
 118        -94.0988299430 -2.4E-08  6.8E-03  9.9E-05  0.0E+00    8    3.0E-002 
 119        -94.0988299528 -9.9E-09  1.4E-02  2.5E-05  2.3E-05    8    4.8E-002 
 120        -94.0988299496  3.2E-09  1.4E-02  8.2E-05  1.7E-05    8    4.9E-002 
 120*       -94.0988299621 -9.3E-09  9.7E-03  8.2E-05  4.3E-05    8    4.7E-002 
 121        -94.0988299576  4.6E-09  9.8E-03  5.0E-05  1.6E-05    8    4.9E-002 
 121*       -94.0988299625 -3.3E-10  6.9E-03  5.0E-05  4.4E-05    8    4.7E-002 
 122        -94.0988299667 -4.3E-09  1.7E-03  2.4E-05  0.0E+00    8    3.0E-002 
 123        -94.0988299692 -2.4E-09  5.6E-03  6.6E-06  0.0E+00    8    3.0E-002 
 124        -94.0988299700 -8.7E-10  3.3E-05  1.5E-05  0.0E+00    8    3.0E-002 
 125        -94.0988299712 -1.1E-09  1.9E-03  4.1E-06  0.0E+00    8    3.0E-002 
 126        -94.0988299713 -1.2E-10  1.6E-04  2.8E-06  0.0E+00    8    3.0E-002 
 127        -94.0988299713 -3.6E-11  1.8E-04  1.6E-06  0.0E+00    8    3.0E-002 
 128        -94.0988299713 -2.5E-11  6.4E-04  4.8E-07  0.0E+00    8    3.0E-002 
 129        -94.0988299713  9.9E-12  6.4E-04  4.7E-07  0.0E+00    8    3.0E-002 
 129*       -94.0988299713  1.4E-12  4.5E-04  4.7E-07  2.7E-06    8    4.8E-002 
 129*       -94.0988299713 -2.8E-12  3.1E-04  4.7E-07  9.4E-06    8    4.7E-002 
 130        -94.0988299714 -1.8E-11  3.1E-04  5.2E-07  3.0E-05    8    4.8E-002 
 131        -94.0988299714 -1.1E-11  3.2E-04  5.3E-07  1.3E-06    8    5.2E-002 
 132        -94.0988299714 -1.5E-11  3.7E-04  4.5E-07  4.1E-06    8    5.6E-002 
 133        -94.0988299714 -3.1E-11  4.6E-04  3.9E-07  5.5E-06    8    5.0E-002 
 134        -94.0988299716 -1.9E-10  4.8E-04  7.3E-07  2.7E-05    8    4.8E-002 
 135        -94.0988299720 -3.9E-10  7.3E-04  2.6E-06  2.1E-05    8    4.9E-002 
 136        -94.0988299728 -7.6E-10  9.7E-04  2.7E-06  1.1E-04    8    4.7E-002 
 137        -94.0988299736 -8.2E-10  9.5E-04  5.6E-06  4.4E-05    8    4.8E-002 
 138        -94.0988299747 -1.1E-09  8.0E-04  3.7E-06  2.7E-05    8    4.7E-002 
 139        -94.0988299766 -1.9E-09  1.2E-03  4.8E-06  1.0E-04    8    4.8E-002 
 140        -94.0988299790 -2.4E-09  1.2E-03  3.2E-06  5.7E-05    8    4.7E-002 
 141        -94.0988299812 -2.2E-09  2.0E-03  3.0E-06  5.2E-05    8    4.7E-002 
 142        -94.0988299836 -2.3E-09  2.3E-03  2.8E-06  3.5E-05    8    4.9E-002 
 143        -94.0988299859 -2.3E-09  2.3E-03  2.7E-06  2.3E-05    8    4.8E-002 
 144        -94.0988299881 -2.2E-09  2.4E-03  5.4E-06  1.7E-05    8    4.9E-002 
 145        -94.0988299897 -1.6E-09  2.4E-03  6.7E-06  0.0E+00    8    3.0E-002 
 146        -94.0988299900 -3.0E-10  3.3E-04  5.1E-06  0.0E+00    8    3.0E-002 
 147        -94.0988299902 -2.5E-10  8.0E-04  1.4E-06  0.0E+00    8    3.0E-002 
 148        -94.0988299905 -2.4E-10  7.1E-04  1.8E-06  0.0E+00    8    3.0E-002 
 149        -94.0988299907 -2.0E-10  1.2E-03  1.5E-06  0.0E+00    8    3.0E-002 
 150        -94.0988299907 -6.5E-11  5.8E-04  1.7E-06  0.0E+00    8    3.0E-002 
 151        -94.0988299908 -8.3E-11  1.0E-03  1.9E-06  0.0E+00    8    3.0E-002 
 152        -94.0988299909 -1.1E-10  3.0E-04  1.3E-06  0.0E+00    8    3.0E-002 
 153        -94.0988299909 -2.7E-11  3.7E-05  8.9E-07  0.0E+00    8    3.0E-002 
 154        -94.0988299910 -3.8E-11  5.0E-04  5.6E-07  0.0E+00    8    3.0E-002 
 155        -94.0988299910 -7.3E-11  8.5E-04  1.3E-06  0.0E+00    8    3.0E-002 
 156        -94.0988299911 -2.7E-11  1.6E-04  1.1E-06  0.0E+00    8    3.0E-002 
 157        -94.0988299911 -2.0E-11  2.5E-04  1.1E-06  0.0E+00    8    3.0E-002 
 158        -94.0988299911 -5.3E-11  6.1E-04  1.2E-06  0.0E+00    8    3.0E-002 
 159        -94.0988299912 -7.1E-11  9.4E-04  1.0E-06  0.0E+00    8    3.0E-002 
 160        -94.0988299912 -2.9E-11  2.3E-04  1.1E-06  0.0E+00    8    3.0E-002 
 161        -94.0988299913 -2.8E-11  2.6E-04  6.6E-07  0.0E+00    8    3.0E-002 
 162        -94.0988299913 -2.8E-11  4.3E-04  6.1E-07  0.0E+00    8    3.0E-002 
 163        -94.0988299913 -2.0E-11  1.6E-04  5.5E-07  0.0E+00    8    3.0E-002 
 164        -94.0988299913 -1.7E-11  1.8E-04  4.7E-07  0.0E+00    8    3.0E-002 
 165        -94.0988299914 -1.4E-11  2.3E-04  4.7E-07  0.0E+00    8    3.0E-002 
 166        -94.0988299914 -1.1E-11  3.8E-04  3.9E-07  0.0E+00    8    3.0E-002 
 167        -94.0988299914 -8.2E-12  5.8E-05  4.3E-07  0.0E+00    8    3.0E-002 
 168        -94.0988299914 -1.3E-11  5.9E-05  4.2E-07  0.0E+00    8    3.0E-002 
 169        -94.0988299914 -4.5E-11  4.4E-04  5.4E-07  0.0E+00    8    3.0E-002 
 170        -94.0988299915 -3.9E-11  2.0E-04  6.8E-07  0.0E+00    8    3.0E-002 
 171        -94.0988299915 -3.8E-11  2.2E-04  7.8E-07  0.0E+00    8    3.0E-002 
 172        -94.0988299916 -5.9E-11  2.1E-04  1.1E-06  0.0E+00    8    3.0E-002 
 173        -94.0988299917 -1.3E-10  4.9E-04  1.2E-06  2.7E-05    8    4.9E-002 
 174        -94.0988299918 -1.2E-10  5.8E-04  1.1E-06  2.4E-05    8    4.9E-002 
 175        -94.0988299920 -1.8E-10  6.9E-04  1.3E-06  2.0E-05    8    4.8E-002 
 176        -94.0988299922 -2.1E-10  8.1E-04  1.3E-06  8.9E-06    8    4.9E-002 
 177        -94.0988299924 -1.7E-10  6.8E-04  1.3E-06  0.0E+00    8    3.0E-002 
 178        -94.0988299926 -2.2E-10  6.1E-04  1.5E-06  0.0E+00    8    3.0E-002 
 179        -94.0988299929 -3.4E-10  6.6E-04  2.1E-06  0.0E+00    8    3.0E-002 
 180        -94.0988299938 -8.2E-10  1.4E-03  3.8E-06  4.6E-06    8    4.9E-002 
 181        -94.0988299944 -6.3E-10  1.5E-03  3.6E-06  0.0E+00    8    3.0E-002 
 182        -94.0988299949 -5.4E-10  1.5E-03  2.2E-06  0.0E+00    8    3.0E-002 
 183        -94.0988299955 -5.4E-10  2.2E-03  2.9E-06  0.0E+00    8    3.0E-002 
 184        -94.0988299957 -2.6E-10  1.0E-03  2.8E-06  0.0E+00    8    3.0E-002 
 185        -94.0988299960 -2.3E-10  8.4E-04  2.5E-06  0.0E+00    8    3.0E-002 
 186        -94.0988299961 -1.5E-10  4.5E-04  2.4E-06  0.0E+00    8    3.0E-002 
 187        -94.0988299965 -4.0E-10  5.3E-04  2.2E-06  0.0E+00    8    3.0E-002 
 188        -94.0988299966 -1.2E-10  2.0E-04  1.3E-06  0.0E+00    8    3.0E-002 
 189        -94.0988299968 -2.0E-10  5.7E-04  1.5E-06  0.0E+00    8    3.0E-002 
 190        -94.0988299970 -1.1E-10  2.2E-04  1.4E-06  0.0E+00    8    3.0E-002 
 191        -94.0988299972 -2.4E-10  3.9E-04  1.6E-06  0.0E+00    8    3.0E-002 
 192        -94.0988299977 -4.7E-10  6.0E-04  2.5E-06  0.0E+00    8    3.0E-002 
 193        -94.0988299984 -7.6E-10  1.2E-03  1.7E-06  1.8E-05    8    4.8E-002 
 194        -94.0988299992 -7.3E-10  1.5E-03  3.0E-06  1.5E-05    8    4.8E-002 
 195        -94.0988299999 -7.5E-10  1.8E-03  4.5E-06  1.1E-06    8    4.9E-002 
 196        -94.0988300008 -9.1E-10  2.1E-03  4.5E-06  3.0E-06    8    4.9E-002 
 197        -94.0988300013 -4.9E-10  1.9E-03  2.1E-06  0.0E+00    8    3.0E-002 
 198        -94.0988300016 -2.7E-10  2.8E-03  2.0E-06  1.1E-06    8    5.7E-002 
 199        -94.0988300019 -2.8E-10  1.4E-04  2.9E-06  0.0E+00    8    3.0E-002 
 200        -94.0988300020 -1.4E-10  1.2E-04  2.6E-06  0.0E+00    8    3.0E-002 
 201        -94.0988300023 -2.8E-10  4.1E-04  2.2E-06  0.0E+00    8    3.0E-002 
 202        -94.0988300027 -4.1E-10  1.3E-03  2.0E-06  0.0E+00    8    3.0E-002 
 203        -94.0988300031 -3.8E-10  6.5E-04  2.3E-06  0.0E+00    8    3.0E-002 
 204        -94.0988300034 -3.7E-10  9.5E-04  2.3E-06  0.0E+00    8    3.0E-002 
 205        -94.0988300037 -2.2E-10  6.1E-04  2.3E-06  0.0E+00    8    3.0E-002 
 206        -94.0988300042 -5.8E-10  1.4E-03  2.5E-06  0.0E+00    8    3.0E-002 
 207        -94.0988300046 -3.6E-10  8.1E-04  2.7E-06  0.0E+00    8    3.0E-002 
 208        -94.0988300051 -4.8E-10  1.0E-03  2.7E-06  0.0E+00    8    3.0E-002 
 209        -94.0988300056 -5.2E-10  8.4E-04  4.1E-06  0.0E+00    8    3.0E-002 
 210        -94.0988300060 -3.8E-10  5.7E-04  2.3E-06  0.0E+00    8    3.0E-002 
 211        -94.0988300065 -4.7E-10  9.9E-04  2.3E-06  0.0E+00    8    3.0E-002 
 212        -94.0988300073 -8.9E-10  1.7E-03  3.4E-06  1.6E-06    8    4.9E-002 
 213        -94.0988300084 -1.1E-09  2.0E-03  5.9E-06  5.0E-06    8    4.9E-002 
 214        -94.0988300091 -6.3E-10  1.8E-03  2.8E-06  0.0E+00    8    3.0E-002 
 215        -94.0988300093 -2.2E-10  6.9E-04  2.0E-06  0.0E+00    8    3.0E-002 
 216        -94.0988300095 -1.6E-10  7.5E-04  1.4E-06  0.0E+00    8    3.0E-002 
 217        -94.0988300095 -8.8E-11  4.6E-04  1.5E-06  0.0E+00    8    3.0E-002 
 218        -94.0988300097 -1.8E-10  9.3E-04  1.4E-06  0.0E+00    8    3.0E-002 
 219        -94.0988300099 -1.5E-10  7.5E-04  1.8E-06  0.0E+00    8    3.0E-002 
 220        -94.0988300100 -1.1E-10  5.0E-04  1.5E-06  0.0E+00    8    3.0E-002 
 221        -94.0988300102 -2.5E-10  1.1E-03  1.4E-06  0.0E+00    8    3.0E-002 
 222        -94.0988300103 -7.1E-11  4.2E-04  1.6E-06  0.0E+00    8    3.0E-002 
 223        -94.0988300104 -6.8E-11  5.0E-04  1.6E-06  0.0E+00    8    3.0E-002 
 224        -94.0988300104 -2.3E-11  9.8E-05  1.4E-06  0.0E+00    8    3.0E-002 
 225        -94.0988300104 -5.1E-11  1.0E-04  1.2E-06  0.0E+00    8    3.0E-002 
 226        -94.0988300105 -3.9E-11  5.4E-05  6.7E-07  0.0E+00    8    3.0E-002 
 227        -94.0988300105 -5.4E-11  2.8E-04  5.3E-07  0.0E+00    8    3.0E-002 
 228        -94.0988300106 -4.1E-11  2.6E-04  1.0E-06  0.0E+00    8    3.0E-002 
 229        -94.0988300106 -5.8E-11  4.8E-04  5.1E-07  1.5E-06    8    5.0E-002 
 230        -94.0988300107 -3.8E-11  3.8E-04  1.1E-06  0.0E+00    8    3.0E-002 
 231        -94.0988300107 -3.6E-11  3.7E-04  7.2E-07  0.0E+00    8    3.0E-002 
 232        -94.0988300108 -4.6E-11  8.1E-04  8.6E-07  6.9E-07    8    5.1E-002 
 233        -94.0988300108 -9.0E-12  1.0E-04  4.2E-07  0.0E+00    8    3.0E-002 
 234        -94.0988300108 -2.9E-11  6.9E-05  3.8E-07  0.0E+00    8    3.0E-002 
 235        -94.0988300108 -4.4E-11  7.8E-05  5.0E-07  0.0E+00    8    3.0E-002 
 236        -94.0988300110 -1.5E-10  4.9E-04  6.1E-07  0.0E+00    8    3.0E-002 
 237        -94.0988300111 -1.1E-10  3.8E-04  1.1E-06  0.0E+00    8    3.0E-002 
 238        -94.0988300112 -1.1E-10  2.7E-04  1.1E-06  0.0E+00    8    3.0E-002 
 239        -94.0988300113 -1.4E-10  5.3E-04  1.5E-06  4.1E-06    8    4.9E-002 
 240        -94.0988300118 -4.1E-10  5.2E-04  2.0E-06  5.2E-05    8    4.9E-002 
 241        -94.0988300121 -3.1E-10  6.4E-04  1.6E-06  3.6E-05    8    4.8E-002 
 242        -94.0988300124 -3.0E-10  8.6E-04  9.6E-07  2.3E-05    8    4.8E-002 
 243        -94.0988300127 -3.1E-10  1.0E-03  1.4E-06  1.4E-05    8    4.9E-002 
 244        -94.0988300129 -2.4E-10  1.3E-03  1.0E-06  9.1E-06    8    5.1E-002 
 245        -94.0988300130 -7.2E-11  8.6E-04  1.2E-06  0.0E+00    8    3.0E-002 
 246        -94.0988300130 -2.9E-11  2.3E-04  1.2E-06  0.0E+00    8    3.0E-002 
 247        -94.0988300130 -2.9E-11  2.3E-04  1.0E-06  0.0E+00    8    3.0E-002 
 248        -94.0988300131 -2.3E-11  3.3E-04  8.1E-07  0.0E+00    8    3.0E-002 
 249        -94.0988300131 -5.7E-12  6.1E-05  6.2E-07  0.0E+00    8    3.0E-002 
 250        -94.0988300131 -3.7E-12  5.1E-05  5.1E-07  0.0E+00    8    3.0E-002 
 251        -94.0988300131 -5.3E-12  2.9E-05  3.8E-07  0.0E+00    8    3.0E-002 
 252        -94.0988300131 -1.6E-12  4.5E-05  2.4E-07  0.0E+00    8    3.0E-002 
 253        -94.0988300131 -8.7E-13  3.6E-05  1.3E-07  0.0E+00    8    3.0E-002 
 254        -94.0988300131  7.1E-13  5.6E-05  1.3E-07  0.0E+00    8    3.0E-002 
 254*       -94.0988300131 -5.7E-13  5.2E-05  1.3E-07  6.6E-06    8    4.7E-002 
 255        -94.0988300131 -4.4E-13  1.5E-05  1.5E-07  0.0E+00    8    3.0E-002 
 256        -94.0988300131 -2.6E-13  2.7E-07  1.4E-07  0.0E+00    8    5.0E-002 
 ------------------------------------------------------------------------------
 SCF converged
 Converged energy                        -94.098830013080    
 ------------------------------------------------------------------------------
 Ehomo(Alpha) [eV]                       -6.482930345231     
 Elumo(Alpha) [eV]                       1.136508773211      
 Ehomo(Beta) [eV]                        -8.887447783155     
 Elumo(Beta) [eV]                        0.675257525321      

 dipole moment (Debye)
        x              y              z       
      1.444E-006    -1.000E-006    -1.212E-007

 traceless quadrupole moment (Debye*Angs)
                       x              y              z       
 x                   5.217E-005     2.455E-005     1.063E-006
 y                   2.455E-005     6.347E-005     1.076E-006
 z                   1.063E-006     1.076E-006    -1.156E-004

 ----------------------------------------------------------------------------
 Timings (seconds)
 * mean-field hamiltonian     7.8E+000
 * solver (setting up eqns)   1.3E-001
 * solver (energy estimate)   1.9E-001
 * solver (orthogonalization) 1.6E-002
 * solver (rotation matrix X) 2.5E+000
 * solver (exponential of X)  4.1E-002
 * solver (total)             2.9E+000
 * total SCF                  1.1E+001
 Atomic guess: RU, ../../../../basis-sets/bse/def2-svpd.txt
 ----------------------------------------------------------
 E(HF) [a.u.]                            -9.4098830013E+001
 Tr(RhoAvg S), Cartesian AOs              1.6000000000E+001
 Tr(RhoAvg S), spherical AOs              1.6000000000E+001
 max|T RhoAvg T**T - RhoAvg_sao|                  1.33E-015
 max|c(RhoAvg) - c(Rho)|                          1.11E-016
 max|RhoAvg - Rho|                                3.59E-001
 Saved /mnt/storage_6/project_data/pl0415-03/marcin/beyond-rpa/guess/electron-densities/bse/def2-svpd/ru.txt
 ----------------------------------------------------------------------------
                             SCF for RH (2S+1=4)                             
 ----------------------------------------------------------------------------
 NUMBER OF ATOMS                         1
 CHARGE                                  0
 Prescreening (pq|pq) integrals for the Cholesky decomposition
 Shell pairs will be sorted according to their max elements
 Max diagonal integral MaxDrs=2.2E+000
 Applying Eq. 15 in J. Chem. Phys. 150, 194112 (2019); doi: 10.1063/1.5083802
 Schwarz inequality: Dpq<min(10**(-8),Tau)**2/MaxDrs=4.5E-017
 Trace of exact Coulomb matrix: 3.8E+001
 Trace of discarded integrals: 0.0E+000
 Discarded 0 out of 78 shell pairs
 (0 out of 595 orbital pairs)

 Step 1 of Cholesky decomposition: locating pivots
 -------------------------------------------------
 Dimensions of the Coulomb matrix: (595,595)
 Threshold for diagonal matrix elements: Dpq > 1.0E-007
 Max number of Cholesky vectors: 510
 Rk storage block size: 500
 Max dimension of 2e integrals buffer: (595,595)

 ----------------------------------------------------------------------------
 #    Dmax        Memory (MB)    NPivots     %    Time        
 ----------------------------------------------------------------------------
 1    2.1E-002    5.0E+000       37          6    1.2E-002    
 2    2.0E-004    4.9E+000       160         34   1.6E-002    
 3    1.5E-006    4.0E+000       239         87   1.1E-002    
 4    9.3E-008    1.1E+000       261         100  4.6E-003    

 Step 1 of the Cholesky decomposition completed
 Computed 261 pivots
 Largest residual Dpq: 9.3E-008
 NCholesky/NAO = 7.7E+000
 Step 1 of Cholesky decomposition completed in 4.5E-002 seconds
 Detailed timings in seconds
 Subtract prev contribs I (M-R**T*R)     3.1E-003
 Subtract prev contribs II (Rk)          4.3E-003
 Two-electron integrals                  3.3E-002
 Reallocation                            1.0E-003

 Step 2 of Cholesky decomposition completed in 3.7E-003 seconds
 Detailed timings in seconds
 Reduced-dimension matrix V    2.6E-003
 V=L*L**T                      4.4E-004
 L**(-1)                       5.9E-004

 Full-dimension Cholesky vectors of the Coulomb matrix will be stored in memory
 Cholesky vectors computed in 6.3E-003 seconds

 ┌─────────────────────────────────────────┐
 │          Self-consistent field          │
 └─────────────────────────────────────────┘

 Atomic orbital basis set
 . . . . . . . . . . . . . . . . . . . . . . . . . . . . . . . . . . . . . . 
 atomic centers                               1
 shell parameter sets                         12
 spherical AOs                                34
 max angular momentum                         3
 parameter set                                ../../../../basis-sets/bse/def2-svpd.txt
 . . . . . . . . . . . . . . . . . . . . . . . . . . . . . . . . . . . . . . 
 SCF guess: bare nuclei Hamiltonian
 Starting self-consistent field iterations (spin-unrestricted)
 Alpha electrons: 10
 Beta electrons: 7
 ----------------------------------------------------------------------------
 Exchange-correlation: Hartree-Fock
 ----------------------------------------------------------------------------
 Replicated-data parallel SCF
 ----------------------------
 Processes                               1
 Threads/process                         16
 Allocated 2.3E-004 GiB of scratch space for the KS matrix build
 ----------------------------------------------------------------------------
 Loaded pseudopotential parameters
 ----------------------------------------------------------------------------

 RHODIUM     
 Parameters file: ../../../../basis-sets/bse/def2-svpd.txt
 ECP accounts for 28 core electrons

          Coeff         R^n       Exponent                                       

 Local part

        -30.09345572      2        12.31000000                                   
         -5.21848192      2         6.16000000                                   

 L = 0

        225.34775353      2        11.72000000                                   
         32.82318898      2         5.82000000                                   
         30.09345572      2        12.31000000                                   
          5.21848192      2         6.16000000                                   

 L = 1

        158.70941159      2        10.42000000                                   
         26.44410049      2         5.45000000                                   
         30.09345572      2        12.31000000                                   
          5.21848192      2         6.16000000                                   

 L = 2

         62.75862572      2         8.82000000                                   
         10.97871947      2         3.87000000                                   
         30.09345572      2        12.31000000                                   
          5.21848192      2         6.16000000                                   

 ----------------------------------------------------------------------------
 Spherical harmonic basis contains 34 vectors
 Linear independence thresh: Eig(S) > 1.0E-006
 Computations will be carried out in the space of 34 MOs
 Threshold for J, K: |Rho(r,s)*(pq|rs)|,|Rho(q,s)*(pq|rs)| > 1.0E-011
 Convergence conditions
 ----------------------
 RhoDiff < 1.0E-006
 OrbGrad < 1.0E-006
 Max number of macroiters: 1024
 ------------------------------------------------------------------------------
 #           Energy        EDiff    RhoDiff  OrbGrad  OrbShift NStored Time     
 ------------------------------------------------------------------------------
 0          -20.7610690851                                        0    4.8E-002 
 1         -106.6642225239           1.9E+01                      0    2.8E-002 
 2         -108.7642174047 -2.1E+00  6.7E+00  1.1E+00  2.3E+00    1    3.0E-002 
 3         -109.6399113371 -8.8E-01  2.2E+00  7.1E-01  3.2E-01    2    3.0E-002 
 4         -109.6803905732 -4.0E-02  2.2E-01  1.3E-01  0.0E+00    3    2.9E-002 
 5         -109.6838467671 -3.5E-03  1.3E-01  1.6E-02  0.0E+00    4    2.9E-002 
 6         -109.6882014163 -4.4E-03  7.3E-02  2.0E-02  1.3E-01    5    3.4E-002 
 7         -109.6935435872 -5.3E-03  8.4E-02  2.1E-02  2.1E-01    6    3.6E-002 
 8         -109.6998793740 -6.3E-03  8.5E-02  2.3E-02  1.8E-01    7    3.8E-002 
 9         -109.7067571543 -6.9E-03  1.1E-01  2.2E-02  1.3E-01    8    3.7E-002 
 10        -109.7130625213 -6.3E-03  1.5E-01  1.9E-02  7.2E-02    8    3.9E-002 
 11        -109.7166666777 -3.6E-03  1.9E-01  1.2E-02  1.4E-02    8    4.0E-002 
 12        -109.7168611405 -1.9E-04  4.1E-02  5.1E-03  0.0E+00    8    3.0E-002 
 13        -109.7168728763 -1.2E-05  3.2E-03  9.3E-04  0.0E+00    8    3.0E-002 
 14        -109.7168785063 -5.6E-06  2.3E-03  5.7E-04  0.0E+00    8    3.0E-002 
 15        -109.7168836521 -5.1E-06  3.1E-03  4.3E-04  0.0E+00    8    3.0E-002 
 16        -109.7168852406 -1.6E-06  2.0E-03  2.1E-04  0.0E+00    8    3.0E-002 
 17        -109.7168856704 -4.3E-07  8.8E-04  1.3E-04  0.0E+00    8    3.0E-002 
 18        -109.7168857715 -1.0E-07  3.7E-04  1.0E-04  0.0E+00    8    3.0E-002 
 19        -109.7168857854 -1.4E-08  1.2E-04  2.7E-05  0.0E+00    8    3.0E-002 
 20        -109.7168857932 -7.8E-09  8.9E-05  1.6E-05  0.0E+00    8    3.0E-002 
 21        -109.7168857991 -5.8E-09  8.7E-05  1.2E-05  0.0E+00    8    3.0E-002 
 22        -109.7168858014 -2.3E-09  5.9E-05  7.1E-06  0.0E+00    8    3.0E-002 
 23        -109.7168858026 -1.2E-09  5.7E-05  5.8E-06  0.0E+00    8    3.0E-002 
 24        -109.7168858032 -5.4E-10  2.5E-05  4.9E-06  0.0E+00    8    3.0E-002 
 25        -109.7168858042 -1.0E-09  5.6E-05  4.8E-06  0.0E+00    8    3.0E-002 
 26        -109.7168858130 -8.8E-09  4.4E-04  4.9E-06  0.0E+00    8    3.0E-002 
 27        -109.7168858691 -5.6E-08  3.1E-03  1.1E-05  0.0E+00    8    3.0E-002 
 28        -109.7168860565 -1.9E-07  9.2E-03  3.6E-05  0.0E+00    8    3.0E-002 
 29        -109.7168863272 -2.7E-07  1.1E-02  8.1E-05  1.1E-04    8    4.6E-002 
 30        -109.7168866807 -3.5E-07  1.3E-02  6.5E-05  2.4E-04    8    4.7E-002 
 31        -109.7168871208 -4.4E-07  1.6E-02  4.4E-05  2.3E-04    8    4.6E-002 
 32        -109.7168876198 -5.0E-07  1.9E-02  7.1E-05  1.6E-04    8    4.6E-002 
 33        -109.7168881193 -5.0E-07  2.3E-02  1.3E-04  1.5E-04    8    4.6E-002 
 34        -109.7168887736 -6.5E-07  2.8E-02  2.2E-04  2.0E-04    8    4.7E-002 
 35        -109.7168895559 -7.8E-07  2.8E-02  2.6E-04  8.9E-05    8    4.6E-002 
 36        -109.7168900534 -5.0E-07  1.8E-02  2.6E-04  0.0E+00    8    3.0E-002 
 37        -109.7168906889 -6.4E-07  4.1E-02  1.5E-04  1.8E-04    8    4.8E-002 
 38        -109.7168911060 -4.2E-07  4.1E-02  3.4E-04  6.6E-05    8    4.7E-002 
 39        -109.7168917534 -6.5E-07  1.5E-02  5.1E-04  0.0E+00    8    3.0E-002 
 40        -109.7168921533 -4.0E-07  3.3E-02  1.8E-04  4.4E-05    8    4.7E-002 
 41        -109.7168923939 -2.4E-07  3.4E-02  2.4E-04  1.1E-04    8    4.7E-002 
 42        -109.7168925302 -1.4E-07  1.6E-02  3.2E-04  0.0E+00    8    3.0E-002 
 43        -109.7168927663 -2.4E-07  5.7E-03  9.5E-05  0.0E+00    8    3.0E-002 
 44        -109.7168929975 -2.3E-07  2.0E-02  6.8E-05  0.0E+00    8    3.0E-002 
 45        -109.7168930338 -3.6E-08  2.3E-02  5.8E-05  0.0E+00    8    3.0E-002 
 46        -109.7168930320  1.9E-09  9.0E-03  1.2E-04  0.0E+00    8    3.0E-002 
 46*       -109.7168930431 -9.3E-09  4.7E-03  1.2E-04  0.0E+00    8    3.0E-002 
 47        -109.7168930495 -6.3E-09  2.7E-03  8.9E-06  0.0E+00    8    3.0E-002 
 48        -109.7168930566 -7.2E-09  5.2E-03  5.4E-06  7.9E-05    8    4.7E-002 
 49        -109.7168930590 -2.4E-09  1.1E-03  9.5E-06  0.0E+00    8    3.0E-002 
 50        -109.7168930595 -4.8E-10  7.0E-06  5.7E-06  0.0E+00    8    3.0E-002 
 51        -109.7168930646 -5.1E-09  3.7E-03  6.1E-06  7.6E-05    8    4.7E-002 
 52        -109.7168930676 -3.0E-09  4.4E-03  3.2E-06  4.9E-05    8    4.7E-002 
 53        -109.7168930662  1.4E-09  3.7E-03  3.8E-06  0.0E+00    8    3.0E-002 
 53*       -109.7168930664  1.2E-09  3.1E-03  3.8E-06  1.5E-05    8    4.5E-002 
 53*       -109.7168930671  4.5E-10  2.2E-03  3.8E-06  5.0E-05    8    4.5E-002 
 53*       -109.7168930676  1.7E-11  1.5E-03  3.8E-06  1.0E-04    8    4.6E-002 
 53*       -109.7168930679 -2.6E-10  1.1E-03  3.8E-06  1.7E-04    8    4.3E-002 
 54        -109.7168930681 -2.8E-10  3.0E-04  2.0E-06  0.0E+00    8    3.0E-002 
 55        -109.7168930687 -5.6E-10  8.9E-04  1.7E-06  3.2E-04    8    4.6E-002 
 56        -109.7168930691 -3.7E-10  8.9E-04  1.9E-06  1.7E-04    8    4.6E-002 
 57        -109.7168930693 -2.6E-10  8.9E-04  6.0E-07  5.9E-06    8    4.7E-002 
 58        -109.7168930694 -5.9E-11  2.7E-04  3.9E-07  0.0E+00    8    3.0E-002 
 59        -109.7168930695 -1.4E-10  8.9E-04  3.8E-07  6.8E-05    8    4.8E-002 
 60        -109.7168930696 -4.8E-11  8.9E-04  6.9E-07  2.3E-05    8    4.7E-002 
 61        -109.7168930696 -3.7E-12  3.7E-05  5.9E-07  0.0E+00    8    3.0E-002 
 62        -109.7168930696 -8.0E-13  2.4E-04  5.3E-07  0.0E+00    8    3.0E-002 
 63        -109.7168930696 -2.4E-11  3.0E-04  4.5E-07  0.0E+00    8    3.0E-002 
 64        -109.7168930696 -5.3E-12  4.2E-06  5.6E-07  0.0E+00    8    3.0E-002 
 65        -109.7168930696 -1.6E-11  4.1E-04  5.3E-07  0.0E+00    8    3.0E-002 
 66        -109.7168930697 -4.1E-11  4.0E-04  1.4E-06  0.0E+00    8    3.0E-002 
 67        -109.7168930695  1.4E-10  7.5E-04  9.2E-07  4.2E-05    8    4.6E-002 
 67*       -109.7168930695  1.9E-10  5.2E-04  9.2E-07  9.1E-05    8    4.5E-002 
 67*       -109.7168930697 -8.9E-12  1.2E-06  9.2E-07  0.0E+00    8    4.4E-002 
 68        -109.7168930698 -1.5E-10  2.8E-04  8.8E-07  1.4E-04    8    4.7E-002 
 69        -109.7168930700 -2.1E-10  3.3E-04  3.3E-06  2.5E-04    8    4.6E-002 
 70        -109.7168930701 -6.9E-11  5.0E-06  2.3E-06  0.0E+00    8    3.0E-002 
 71        -109.7168930708 -7.2E-10  3.3E-04  1.7E-06  1.2E-03    8    4.4E-002 
 72        -109.7168930718 -9.4E-10  4.3E-04  3.7E-06  8.8E-04    8    4.5E-002 
 73        -109.7168930729 -1.1E-09  5.2E-04  7.5E-07  7.4E-04    8    4.5E-002 
 74        -109.7168930743 -1.4E-09  6.3E-04  1.2E-06  6.4E-04    8    4.5E-002 
 75        -109.7168930760 -1.7E-09  7.6E-04  7.4E-07  5.6E-04    8    4.5E-002 
 76        -109.7168930782 -2.2E-09  9.1E-04  6.3E-07  5.0E-04    8    4.5E-002 
 77        -109.7168930809 -2.7E-09  1.1E-03  6.6E-07  4.5E-04    8    4.6E-002 
 78        -109.7168930843 -3.5E-09  1.3E-03  7.1E-07  3.9E-04    8    4.5E-002 
 79        -109.7168930888 -4.4E-09  1.6E-03  7.7E-07  3.5E-04    8    4.5E-002 
 80        -109.7168930945 -5.7E-09  1.9E-03  8.2E-07  3.1E-04    8    4.6E-002 
 81        -109.7168931018 -7.4E-09  2.3E-03  1.3E-06  2.8E-04    8    4.5E-002 
 82        -109.7168931115 -9.6E-09  2.7E-03  1.7E-06  2.5E-04    8    4.6E-002 
 83        -109.7168931243 -1.3E-08  3.2E-03  2.3E-06  2.4E-04    8    4.6E-002 
 84        -109.7168931412 -1.7E-08  3.9E-03  2.7E-06  2.2E-04    8    4.6E-002 
 85        -109.7168931638 -2.3E-08  4.7E-03  3.7E-06  2.0E-04    8    4.6E-002 
 86        -109.7168931940 -3.0E-08  5.6E-03  5.1E-06  1.9E-04    8    4.6E-002 
 87        -109.7168932343 -4.0E-08  6.7E-03  8.2E-06  1.7E-04    8    4.7E-002 
 88        -109.7168932879 -5.4E-08  8.0E-03  1.2E-05  1.5E-04    8    4.6E-002 
 89        -109.7168933583 -7.0E-08  9.6E-03  1.8E-05  1.3E-04    8    4.7E-002 
 90        -109.7168934511 -9.3E-08  1.1E-02  2.6E-05  1.2E-04    8    4.7E-002 
 91        -109.7168935684 -1.2E-07  1.4E-02  3.5E-05  1.0E-04    8    4.7E-002 
 92        -109.7168937138 -1.5E-07  1.6E-02  5.0E-05  7.0E-05    8    4.7E-002 
 93        -109.7168938902 -1.8E-07  1.9E-02  7.3E-05  4.6E-05    8    4.8E-002 
 94        -109.7168940782 -1.9E-07  2.2E-02  1.1E-04  9.5E-06    8    4.7E-002 
 95        -109.7168942959 -2.2E-07  1.9E-02  1.7E-04  0.0E+00    8    3.0E-002 
 96        -109.7168945385 -2.4E-07  2.9E-02  1.5E-04  7.7E-06    8    4.8E-002 
 97        -109.7168949341 -4.0E-07  1.7E-02  3.0E-04  0.0E+00    8    3.0E-002 
 98        -109.7168952905 -3.6E-07  2.2E-02  1.5E-04  0.0E+00    8    3.0E-002 
 99        -109.7168955839 -2.9E-07  6.3E-03  1.9E-04  0.0E+00    8    3.0E-002 
 100       -109.7168967011 -1.1E-06  4.2E-03  1.6E-04  0.0E+00    8    3.0E-002 
 101       -109.7168972659 -5.6E-07  1.9E-02  1.5E-04  0.0E+00    8    3.0E-002 
 102       -109.7168973923 -1.3E-07  2.3E-03  1.7E-04  0.0E+00    8    3.0E-002 
 103       -109.7168976563 -2.6E-07  9.2E-03  5.7E-05  0.0E+00    8    3.0E-002 
 104       -109.7168982213 -5.7E-07  2.4E-02  6.9E-05  0.0E+00    8    3.0E-002 
 105       -109.7168987346 -5.1E-07  3.1E-02  3.1E-04  2.4E-04    8    4.7E-002 
 106       -109.7168992810 -5.5E-07  3.2E-02  5.0E-04  3.9E-04    8    4.7E-002 
 107       -109.7168997079 -4.3E-07  3.3E-02  4.6E-04  2.6E-04    8    4.5E-002 
 108       -109.7169001421 -4.3E-07  1.0E-02  4.9E-04  0.0E+00    8    3.0E-002 
 109       -109.7169003213 -1.8E-07  5.2E-03  1.1E-04  0.0E+00    8    3.0E-002 
 110       -109.7169003588 -3.8E-08  1.3E-03  4.3E-05  0.0E+00    8    3.0E-002 
 111       -109.7169004924 -1.3E-07  1.7E-02  1.8E-05  0.0E+00    8    3.0E-002 
 112       -109.7169005573 -6.5E-08  2.3E-02  1.7E-04  1.2E-04    8    4.7E-002 
 113       -109.7169006009 -4.4E-08  2.3E-02  2.8E-04  2.1E-04    8    4.6E-002 
 114       -109.7169005737  2.7E-08  2.2E-02  2.6E-04  1.5E-04    8    4.6E-002 
 114*      -109.7169006519 -5.1E-08  1.6E-02  2.6E-04  2.2E-04    8    4.4E-002 
 115       -109.7169006696 -1.8E-08  2.4E-03  1.1E-04  0.0E+00    8    3.0E-002 
 116       -109.7169006866 -1.7E-08  1.1E-02  1.7E-05  0.0E+00    8    3.0E-002 
 117       -109.7169006951 -8.5E-09  3.1E-03  7.2E-05  0.0E+00    8    3.0E-002 
 118       -109.7169006721  2.3E-08  1.3E-02  1.4E-05  1.3E-05    8    4.9E-002 
 118*      -109.7169007028 -7.7E-09  2.3E-03  1.4E-05  0.0E+00    8    3.0E-002 
 119       -109.7169007110 -8.2E-09  7.7E-03  1.4E-05  5.5E-05    8    5.3E-002 
 120       -109.7169007051  5.8E-09  7.8E-03  2.0E-05  1.5E-05    8    5.0E-002 
 120*      -109.7169007133 -2.3E-09  5.5E-03  2.0E-05  9.9E-05    8    4.5E-002 
 121       -109.7169007209 -7.6E-09  5.3E-03  2.1E-05  1.2E-05    8    5.0E-002 
 122       -109.7169007395 -1.9E-08  6.1E-03  1.3E-05  0.0E+00    8    3.0E-002 
 123       -109.7169007483 -8.8E-09  7.5E-03  2.0E-05  6.4E-05    8    4.6E-002 
 124       -109.7169007547 -6.4E-09  7.5E-03  3.4E-05  1.2E-05    8    5.0E-002 
 125       -109.7169007794 -2.5E-08  2.0E-03  4.7E-05  0.0E+00    8    3.0E-002 
 126       -109.7169008532 -7.4E-08  7.4E-03  3.2E-05  4.4E-05    8    4.7E-002 
 127       -109.7169009353 -8.2E-08  8.8E-03  3.7E-05  4.9E-05    8    4.8E-002 
 128       -109.7169011268 -1.9E-07  9.6E-03  8.9E-05  3.8E-05    8    4.7E-002 
 129       -109.7169014158 -2.9E-07  1.2E-02  8.5E-05  1.0E-04    8    4.6E-002 
 130       -109.7169017392 -3.2E-07  1.4E-02  6.2E-05  8.6E-05    8    4.7E-002 
 131       -109.7169020309 -2.9E-07  1.7E-02  9.2E-05  6.9E-06    8    4.7E-002 
 132       -109.7169023010 -2.7E-07  2.1E-02  1.6E-04  0.0E+00    8    3.0E-002 
 133       -109.7169024675 -1.7E-07  5.7E-03  2.3E-04  0.0E+00    8    3.0E-002 
 134       -109.7169026213 -1.5E-07  2.2E-02  5.4E-05  2.9E-05    8    4.7E-002 
 135       -109.7169026901 -6.9E-08  4.7E-03  1.6E-04  0.0E+00    8    3.0E-002 
 136       -109.7169027724 -8.2E-08  1.6E-02  4.3E-05  0.0E+00    8    3.0E-002 
 137       -109.7169028386 -6.6E-08  2.9E-03  7.0E-05  0.0E+00    8    3.0E-002 
 138       -109.7169028996 -6.1E-08  7.7E-03  2.7E-05  0.0E+00    8    3.0E-002 
 139       -109.7169029181 -1.8E-08  2.3E-03  2.1E-05  0.0E+00    8    3.0E-002 
 140       -109.7169029240 -6.0E-09  2.0E-03  5.6E-06  0.0E+00    8    3.0E-002 
 141       -109.7169029358 -1.2E-08  5.7E-03  4.9E-06  0.0E+00    8    3.0E-002 
 142       -109.7169029413 -5.5E-09  1.2E-02  2.5E-05  1.4E-05    8    5.2E-002 
 143       -109.7169029289  1.2E-08  1.2E-02  5.6E-05  2.8E-05    8    5.0E-002 
 143*      -109.7169029448 -3.5E-09  3.3E-03  5.6E-05  0.0E+00    8    3.0E-002 
 144       -109.7169029471 -2.4E-09  2.0E-03  1.1E-05  0.0E+00    8    3.0E-002 
 145       -109.7169029482 -1.0E-09  2.9E-03  6.8E-06  0.0E+00    8    3.0E-002 
 146       -109.7169029476  5.4E-10  7.0E-03  5.3E-06  1.8E-05    8    4.8E-002 
 146*      -109.7169029491 -9.5E-10  4.9E-03  5.3E-06  2.0E-05    8    4.5E-002 
 147       -109.7169029505 -1.3E-09  2.4E-03  8.4E-06  0.0E+00    8    3.0E-002 
 148       -109.7169029509 -4.6E-10  1.1E-03  3.5E-06  0.0E+00    8    3.0E-002 
 149       -109.7169029529 -2.0E-09  3.4E-03  3.3E-06  5.3E-05    8    4.7E-002 
 150       -109.7169029545 -1.5E-09  1.3E-03  6.5E-06  0.0E+00    8    3.0E-002 
 151       -109.7169029563 -1.9E-09  2.2E-03  8.5E-06  0.0E+00    8    3.0E-002 
 152       -109.7169029662 -9.9E-09  3.3E-03  9.4E-06  6.5E-05    8    4.6E-002 
 153       -109.7169030007 -3.4E-08  4.3E-03  1.2E-05  2.8E-05    8    4.6E-002 
 154       -109.7169030843 -8.4E-08  5.0E-03  2.0E-05  3.7E-04    8    4.5E-002 
 155       -109.7169031740 -9.0E-08  5.0E-03  2.0E-05  2.2E-04    8    4.6E-002 
 156       -109.7169032828 -1.1E-07  6.0E-03  3.5E-05  2.2E-04    8    4.5E-002 
 157       -109.7169034113 -1.3E-07  6.9E-03  2.4E-05  1.6E-04    8    4.6E-002 
 158       -109.7169035441 -1.3E-07  8.5E-03  2.0E-05  1.1E-04    8    4.6E-002 
 159       -109.7169036637 -1.2E-07  1.0E-02  4.1E-05  2.0E-05    8    4.7E-002 
 160       -109.7169037786 -1.1E-07  1.2E-02  6.9E-05  0.0E+00    8    3.0E-002 
 161       -109.7169038749 -9.6E-08  1.5E-02  7.2E-05  3.2E-05    8    4.9E-002 
 162       -109.7169039078 -3.3E-08  1.8E-02  1.0E-04  2.7E-05    8    4.9E-002 
 163       -109.7169039394 -3.2E-08  3.5E-03  1.7E-04  0.0E+00    8    3.0E-002 
 164       -109.7169039433 -3.9E-09  9.5E-03  2.7E-05  0.0E+00    8    3.0E-002 
 165       -109.7169039479 -4.5E-09  1.1E-04  2.8E-05  0.0E+00    8    3.0E-002 
 166       -109.7169039500 -2.1E-09  1.5E-03  9.1E-06  0.0E+00    8    3.0E-002 
 167       -109.7169039503 -3.2E-10  9.3E-04  5.6E-06  0.0E+00    8    3.0E-002 
 168       -109.7169039507 -3.6E-10  2.3E-04  3.0E-06  0.0E+00    8    3.0E-002 
 169       -109.7169039522 -1.6E-09  2.6E-03  2.4E-06  0.0E+00    8    3.0E-002 
 170       -109.7169039522  7.2E-11  2.5E-03  4.1E-06  0.0E+00    8    3.0E-002 
 170*      -109.7169039525 -2.3E-10  7.0E-04  4.1E-06  0.0E+00    8    3.0E-002 
 SCF solver: failed to solve ||X(shift)|| = trust_radius
 171       -109.7169039524  5.2E-11  1.5E-03  2.0E-06  3.9E-06    8    7.0E-002 
 171*      -109.7169039525 -5.6E-11  1.0E-03  2.0E-06  6.9E-06    8    5.2E-002 
 172       -109.7169039527 -1.8E-10  5.9E-04  2.0E-06  0.0E+00    8    3.0E-002 
 173       -109.7169039528 -1.5E-10  2.0E-04  1.6E-06  0.0E+00    8    3.0E-002 
 174       -109.7169039532 -3.2E-10  2.9E-04  2.1E-06  0.0E+00    8    3.0E-002 
 175       -109.7169039535 -3.4E-10  2.3E-04  2.5E-06  0.0E+00    8    3.0E-002 
 176       -109.7169039541 -6.2E-10  7.8E-04  2.6E-06  4.9E-05    8    4.8E-002 
 177       -109.7169039551 -9.5E-10  1.0E-03  3.7E-06  2.0E-05    8    4.7E-002 
 178       -109.7169038604  9.5E-08  9.7E-04  4.3E-06  2.7E-03    8    4.4E-002 
 178*      -109.7169039557 -6.0E-10  8.3E-04  4.3E-06  2.5E-05    8    4.5E-002 
 179       -109.7169039595 -3.9E-09  1.0E-03  4.4E-06  1.3E-04    8    4.6E-002 
 180       -109.7169039664 -6.9E-09  1.2E-03  9.2E-06  3.0E-04    8    4.5E-002 
 181       -109.7169039751 -8.7E-09  1.5E-03  8.4E-06  3.2E-04    8    4.6E-002 
 182       -109.7169039864 -1.1E-08  1.9E-03  7.5E-06  4.0E-04    8    4.5E-002 
 183       -109.7169039977 -1.1E-08  2.3E-03  4.2E-06  2.8E-04    8    4.6E-002 
 184       -109.7169040098 -1.2E-08  2.7E-03  3.3E-06  2.0E-04    8    4.6E-002 
 185       -109.7169040228 -1.3E-08  3.2E-03  6.2E-06  1.4E-04    8    4.6E-002 
 186       -109.7169040360 -1.3E-08  3.8E-03  5.9E-06  9.6E-05    8    4.7E-002 
 187       -109.7169040489 -1.3E-08  4.5E-03  5.4E-06  7.0E-05    8    4.7E-002 
 188       -109.7169040605 -1.2E-08  5.5E-03  7.8E-06  3.7E-05    8    4.7E-002 
 189       -109.7169040671 -6.6E-09  6.6E-03  1.1E-05  1.1E-06    8    4.8E-002 
 190       -109.7169040684 -1.3E-09  2.1E-03  1.9E-05  0.0E+00    8    3.0E-002 
 191       -109.7169040686 -1.7E-10  2.9E-03  4.9E-06  0.0E+00    8    3.0E-002 
 192       -109.7169040687 -1.5E-10  8.1E-04  4.6E-06  0.0E+00    8    3.0E-002 
 193       -109.7169040693 -6.0E-10  9.5E-04  4.5E-06  0.0E+00    8    3.0E-002 
 194       -109.7169040698 -5.3E-10  2.4E-03  4.0E-06  0.0E+00    8    3.0E-002 
 195       -109.7169040703 -4.4E-10  7.2E-04  4.2E-06  0.0E+00    8    3.0E-002 
 196       -109.7169040704 -8.9E-11  1.3E-04  2.4E-06  0.0E+00    8    3.0E-002 
 197       -109.7169040707 -3.2E-10  6.6E-04  2.3E-06  0.0E+00    8    3.0E-002 
 198       -109.7169040709 -2.5E-10  1.3E-04  1.6E-06  0.0E+00    8    3.0E-002 
 199       -109.7169040711 -1.6E-10  6.4E-04  2.1E-06  0.0E+00    8    3.0E-002 
 200       -109.7169040716 -5.1E-10  8.1E-04  2.9E-06  0.0E+00    8    3.0E-002 
 201       -109.7169040730 -1.4E-09  2.0E-03  4.2E-06  4.5E-06    8    4.8E-002 
 202       -109.7169040746 -1.5E-09  1.0E-03  7.7E-06  0.0E+00    8    3.0E-002 
 203       -109.7169040773 -2.8E-09  2.0E-03  7.3E-06  1.6E-06    8    4.7E-002 
 204       -109.7169040800 -2.6E-09  2.5E-03  4.7E-06  1.5E-05    8    4.8E-002 
 205       -109.7169040816 -1.6E-09  2.1E-03  3.4E-06  0.0E+00    8    3.0E-002 
 206       -109.7169040823 -7.4E-10  1.3E-03  3.5E-06  0.0E+00    8    3.0E-002 
 207       -109.7169040828 -5.2E-10  1.1E-03  3.2E-06  0.0E+00    8    3.0E-002 
 208       -109.7169040832 -3.5E-10  1.5E-03  2.2E-06  0.0E+00    8    3.0E-002 
 209       -109.7169040832 -5.5E-11  1.9E-04  1.5E-06  0.0E+00    8    3.0E-002 
 210       -109.7169040834 -1.5E-10  3.3E-04  1.1E-06  0.0E+00    8    3.0E-002 
 211       -109.7169040835 -8.4E-11  3.6E-04  1.7E-06  0.0E+00    8    3.0E-002 
 212       -109.7169040836 -1.7E-10  3.5E-04  2.0E-06  0.0E+00    8    3.0E-002 
 213       -109.7169040839 -2.7E-10  1.5E-04  3.5E-06  0.0E+00    8    3.0E-002 
 214       -109.7169040099  7.4E-08  1.4E-03  2.6E-06  6.4E-03    8    4.4E-002 
 214*      -109.7169040783  5.7E-09  8.4E-04  2.6E-06  3.1E-03    8    4.2E-002 
 214*      -109.7169040822  1.7E-09  6.0E-04  2.6E-06  3.6E-03    8    4.2E-002 
 214*      -109.7169040839  2.7E-11  4.3E-04  2.6E-06  4.3E-03    8    4.1E-002 
 214*      -109.7169040845 -5.9E-10  3.0E-04  2.6E-06  5.4E-03    8    4.1E-002 
 215       -109.7169040873 -2.8E-09  2.5E-04  2.5E-05  7.3E-04    8    4.4E-002 
 216       -109.7169040897 -2.5E-09  3.1E-04  5.9E-06  1.7E-03    8    4.4E-002 
 217       -109.7169040924 -2.6E-09  3.9E-04  4.2E-06  1.5E-03    8    4.4E-002 
 218       -109.7169040960 -3.7E-09  5.1E-04  4.5E-06  1.5E-03    8    4.3E-002 
 219       -109.7169041002 -4.2E-09  5.8E-04  4.6E-06  1.3E-03    8    4.3E-002 
 220       -109.7169041051 -4.9E-09  7.1E-04  3.4E-06  1.1E-03    8    4.4E-002 
 221       -109.7169041114 -6.3E-09  8.0E-04  3.7E-06  1.0E-03    8    4.4E-002 
 222       -109.7169041183 -6.8E-09  9.9E-04  2.8E-06  8.4E-04    8    4.4E-002 
 223       -109.7169041262 -7.9E-09  1.2E-03  1.6E-06  6.7E-04    8    4.5E-002 
 224       -109.7169041353 -9.2E-09  1.4E-03  1.9E-06  5.3E-04    8    4.5E-002 
 225       -109.7169041460 -1.1E-08  1.7E-03  1.6E-06  4.4E-04    8    4.6E-002 
 226       -109.7169041581 -1.2E-08  2.1E-03  1.4E-06  3.5E-04    8    4.6E-002 
 227       -109.7169041718 -1.4E-08  2.5E-03  1.4E-06  2.6E-04    8    4.5E-002 
 228       -109.7169041870 -1.5E-08  3.0E-03  3.4E-06  2.0E-04    8    4.6E-002 
 229       -109.7169042033 -1.6E-08  3.6E-03  4.3E-06  1.5E-04    8    4.6E-002 
 230       -109.7169042202 -1.7E-08  4.3E-03  5.9E-06  1.0E-04    8    4.7E-002 
 231       -109.7169042367 -1.6E-08  5.2E-03  7.8E-06  6.8E-05    8    4.6E-002 
 232       -109.7169042508 -1.4E-08  6.2E-03  9.8E-06  3.7E-05    8    4.8E-002 
 233       -109.7169042592 -8.4E-09  7.4E-03  1.5E-05  3.3E-06    8    4.9E-002 
 234       -109.7169042609 -1.6E-09  2.1E-03  2.5E-05  0.0E+00    8    3.0E-002 
 235       -109.7169042614 -5.3E-10  3.5E-03  6.3E-06  0.0E+00    8    3.0E-002 
 236       -109.7169042620 -5.6E-10  9.8E-04  3.4E-06  0.0E+00    8    3.0E-002 
 237       -109.7169042626 -6.4E-10  2.5E-03  3.2E-06  0.0E+00    8    3.0E-002 
 238       -109.7169042627 -1.1E-10  5.5E-04  4.5E-06  0.0E+00    8    3.0E-002 
 239       -109.7169042628 -4.8E-11  2.8E-04  1.1E-06  0.0E+00    8    3.0E-002 
 240       -109.7169042628 -2.1E-11  1.3E-04  1.2E-06  0.0E+00    8    3.0E-002 
 241       -109.7169042628 -4.5E-12  1.5E-04  8.6E-07  0.0E+00    8    3.0E-002 
 242       -109.7169042628 -5.0E-12  2.3E-05  2.8E-07  0.0E+00    8    3.0E-002 
 243       -109.7169042628 -5.9E-12  1.8E-04  8.6E-07  0.0E+00    8    3.0E-002 
 244       -109.7169042628 -3.7E-12  1.9E-05  4.0E-07  0.0E+00    8    3.0E-002 
 245       -109.7169042628 -1.6E-12  7.5E-07  4.2E-07  0.0E+00    8    3.0E-002 
 ------------------------------------------------------------------------------
 SCF converged
 Converged energy                        -109.716904262793   
 ------------------------------------------------------------------------------
 Ehomo(Alpha) [eV]                       -6.446063321742     
 Elumo(Alpha) [eV]                       1.155370309518      
 Ehomo(Beta) [eV]                        -10.585688613834    
 Elumo(Beta) [eV]                        0.527060936744      

 dipole moment (Debye)
        x              y              z       
     -1.403E-006    -4.274E-007    -6.508E-006

 traceless quadrupole moment (Debye*Angs)
                       x              y              z       
 x                  -9.670E-005     1.216E-004    -9.166E-007
 y                   1.216E-004    -1.246E-004    -3.733E-006
 z                  -9.166E-007    -3.733E-006     2.213E-004

 ----------------------------------------------------------------------------
 Timings (seconds)
 * mean-field hamiltonian     7.3E+000
 * solver (setting up eqns)   1.2E-001
 * solver (energy estimate)   1.7E-001
 * solver (orthogonalization) 1.5E-002
 * solver (rotation matrix X) 2.5E+000
 * solver (exponential of X)  3.6E-002
 * solver (total)             2.8E+000
 * total SCF                  1.0E+001
 Atomic guess: RH, ../../../../basis-sets/bse/def2-svpd.txt
 ----------------------------------------------------------
 E(HF) [a.u.]                            -1.0971690426E+002
 Tr(RhoAvg S), Cartesian AOs              1.7000000000E+001
 Tr(RhoAvg S), spherical AOs              1.7000000000E+001
 max|T RhoAvg T**T - RhoAvg_sao|                  2.00E-015
 max|c(RhoAvg) - c(Rho)|                          8.88E-016
 max|RhoAvg - Rho|                                4.09E-001
 Saved /mnt/storage_6/project_data/pl0415-03/marcin/beyond-rpa/guess/electron-densities/bse/def2-svpd/rh.txt
 ----------------------------------------------------------------------------
                                  SCF for PD                                 
 ----------------------------------------------------------------------------
 NUMBER OF ATOMS                         1
 CHARGE                                  0
 Prescreening (pq|pq) integrals for the Cholesky decomposition
 Shell pairs will be sorted according to their max elements
 Max diagonal integral MaxDrs=2.3E+000
 Applying Eq. 15 in J. Chem. Phys. 150, 194112 (2019); doi: 10.1063/1.5083802
 Schwarz inequality: Dpq<min(10**(-8),Tau)**2/MaxDrs=4.3E-017
 Trace of exact Coulomb matrix: 4.0E+001
 Trace of discarded integrals: 0.0E+000
 Discarded 0 out of 78 shell pairs
 (0 out of 595 orbital pairs)

 Step 1 of Cholesky decomposition: locating pivots
 -------------------------------------------------
 Dimensions of the Coulomb matrix: (595,595)
 Threshold for diagonal matrix elements: Dpq > 1.0E-007
 Max number of Cholesky vectors: 510
 Rk storage block size: 500
 Max dimension of 2e integrals buffer: (595,595)

 ----------------------------------------------------------------------------
 #    Dmax        Memory (MB)    NPivots     %    Time        
 ----------------------------------------------------------------------------
 1    2.3E-002    5.0E+000       44          8    1.0E-002    
 2    2.2E-004    4.9E+000       162         35   1.8E-002    
 3    1.9E-006    3.8E+000       238         84   1.3E-002    
 4    9.3E-008    1.1E+000       261         100  6.5E-003    

 Step 1 of the Cholesky decomposition completed
 Computed 261 pivots
 Largest residual Dpq: 9.3E-008
 NCholesky/NAO = 7.7E+000
 Step 1 of Cholesky decomposition completed in 4.9E-002 seconds
 Detailed timings in seconds
 Subtract prev contribs I (M-R**T*R)     2.8E-003
 Subtract prev contribs II (Rk)          3.9E-003
 Two-electron integrals                  3.9E-002
 Reallocation                            6.2E-004

 Step 2 of Cholesky decomposition completed in 4.8E-003 seconds
 Detailed timings in seconds
 Reduced-dimension matrix V    3.7E-003
 V=L*L**T                      4.4E-004
 L**(-1)                       6.6E-004

 Full-dimension Cholesky vectors of the Coulomb matrix will be stored in memory
 Cholesky vectors computed in 6.6E-003 seconds

 ┌─────────────────────────────────────────┐
 │          Self-consistent field          │
 └─────────────────────────────────────────┘

 Atomic orbital basis set
 . . . . . . . . . . . . . . . . . . . . . . . . . . . . . . . . . . . . . . 
 atomic centers                               1
 shell parameter sets                         12
 spherical AOs                                34
 max angular momentum                         3
 parameter set                                ../../../../basis-sets/bse/def2-svpd.txt
 . . . . . . . . . . . . . . . . . . . . . . . . . . . . . . . . . . . . . . 
 SCF guess: bare nuclei Hamiltonian
 Starting self-consistent field iterations (spin-restricted singlet)
 Alpha+beta electrons: 18
 ----------------------------------------------------------------------------
 Exchange-correlation: Hartree-Fock
 ----------------------------------------------------------------------------
 Replicated-data parallel SCF
 ----------------------------
 Processes                               1
 Threads/process                         16
 Allocated 1.3E-004 GiB of scratch space for the KS matrix build
 ----------------------------------------------------------------------------
 Loaded pseudopotential parameters
 ----------------------------------------------------------------------------

 PALLADIUM   
 Parameters file: ../../../../basis-sets/bse/def2-svpd.txt
 ECP accounts for 28 core electrons

          Coeff         R^n       Exponent                                       

 Local part

        -31.92955431      2        13.27000000                                   
         -5.39821694      2         6.63000000                                   

 L = 0

        240.22904033      2        12.43000000                                   
         35.17194347      2         6.17075940                                   
         31.92955431      2        13.27000000                                   
          5.39821694      2         6.63000000                                   

 L = 1

        170.41727605      2        11.08000000                                   
         28.47213287      2         5.82955410                                   
         31.92955431      2        13.27000000                                   
          5.39821694      2         6.63000000                                   

 L = 2

         69.01384488      2         9.51000000                                   
         11.75086158      2         4.13978110                                   
         31.92955431      2        13.27000000                                   
          5.39821694      2         6.63000000                                   

 ----------------------------------------------------------------------------
 Spherical harmonic basis contains 34 vectors
 Linear independence thresh: Eig(S) > 1.0E-006
 Computations will be carried out in the space of 34 MOs
 Threshold for J, K: |Rho(r,s)*(pq|rs)|,|Rho(q,s)*(pq|rs)| > 1.0E-011
 Convergence conditions
 ----------------------
 RhoDiff < 1.0E-006
 OrbGrad < 1.0E-006
 Max number of macroiters: 1024
 ------------------------------------------------------------------------------
 #           Energy        EDiff    RhoDiff  OrbGrad  OrbShift NStored Time     
 ------------------------------------------------------------------------------
 0          -14.4837229927                                        0    3.3E-002 
 1         -124.4687711797           3.0E+01                      0    1.4E-002 
 2         -126.7126843773 -2.2E+00  2.4E+00  9.0E-01  4.8E-01    1    1.5E-002 
 3         -126.8509790133 -1.4E-01  4.8E-01  2.2E-01  0.0E+00    2    1.5E-002 
 4         -126.9970419960 -1.5E-01  2.3E-01  1.4E-01  0.0E+00    3    1.5E-002 
 5         -127.0004192364 -3.4E-03  3.1E-02  2.3E-02  0.0E+00    4    1.5E-002 
 6         -127.0004264627 -7.2E-06  1.6E-03  1.0E-03  0.0E+00    5    1.5E-002 
 7         -127.0004264635 -7.8E-10  3.5E-05  1.4E-05  0.0E+00    6    1.5E-002 
 8         -127.0004264635 -8.0E-12  2.7E-06  1.1E-06  0.0E+00    7    1.5E-002 
 9         -127.0004264635 -2.6E-12  1.4E-06  4.4E-07  0.0E+00    8    1.5E-002 
 10        -127.0004264635 -1.5E-12  1.3E-06  3.3E-07  0.0E+00    8    1.5E-002 
 11        -127.0004264635 -8.5E-13  1.0E-06  2.5E-07  0.0E+00    8    1.5E-002 
 12        -127.0004264635 -5.8E-13  8.2E-07  1.9E-07  0.0E+00    8    1.5E-002 
 ------------------------------------------------------------------------------
 SCF converged
 Converged energy                        -127.000426463465   
 ------------------------------------------------------------------------------
 Ehomo [eV]                              -8.748826418667     
 Elumo [eV]                              0.795213156664      

 dipole moment (Debye)
        x              y              z       
      4.288E-015     1.212E-015    -6.357E-015

 traceless quadrupole moment (Debye*Angs)
                       x              y              z       
 x                  -5.667E-006     2.740E-015     1.684E-014
 y                   2.740E-015     1.302E-005     9.702E-015
 z                   1.684E-014     9.702E-015    -7.351E-006

 ----------------------------------------------------------------------------
 Timings (seconds)
 * mean-field hamiltonian     1.8E-001
 * solver (setting up eqns)   2.1E-003
 * solver (energy estimate)   2.3E-003
 * solver (orthogonalization) 3.4E-004
 * solver (rotation matrix X) 3.0E-003
 * solver (exponential of X)  8.8E-004
 * solver (total)             9.1E-003
 * total SCF                  2.2E-001
 Atomic guess: PD, ../../../../basis-sets/bse/def2-svpd.txt
 ----------------------------------------------------------
 E(HF) [a.u.]                            -1.2700042646E+002
 Tr(RhoAvg S), Cartesian AOs              1.8000000000E+001
 Tr(RhoAvg S), spherical AOs              1.8000000000E+001
 max|T RhoAvg T**T - RhoAvg_sao|                  2.22E-015
 max|c(RhoAvg) - c(Rho)|                          4.44E-016
 max|RhoAvg - Rho|                                2.27E-006
 Saved /mnt/storage_6/project_data/pl0415-03/marcin/beyond-rpa/guess/electron-densities/bse/def2-svpd/pd.txt
 ----------------------------------------------------------------------------
                             SCF for AG (2S+1=2)                             
 ----------------------------------------------------------------------------
 NUMBER OF ATOMS                         1
 CHARGE                                  0
 Prescreening (pq|pq) integrals for the Cholesky decomposition
 Shell pairs will be sorted according to their max elements
 Max diagonal integral MaxDrs=2.4E+000
 Applying Eq. 15 in J. Chem. Phys. 150, 194112 (2019); doi: 10.1063/1.5083802
 Schwarz inequality: Dpq<min(10**(-8),Tau)**2/MaxDrs=4.2E-017
 Trace of exact Coulomb matrix: 4.1E+001
 Trace of discarded integrals: 0.0E+000
 Discarded 0 out of 78 shell pairs
 (0 out of 595 orbital pairs)

 Step 1 of Cholesky decomposition: locating pivots
 -------------------------------------------------
 Dimensions of the Coulomb matrix: (595,595)
 Threshold for diagonal matrix elements: Dpq > 1.0E-007
 Max number of Cholesky vectors: 510
 Rk storage block size: 500
 Max dimension of 2e integrals buffer: (595,595)

 ----------------------------------------------------------------------------
 #    Dmax        Memory (MB)    NPivots     %    Time        
 ----------------------------------------------------------------------------
 1    2.3E-002    5.0E+000       44          8    9.0E-003    
 2    2.3E-004    4.8E+000       163         34   1.9E-002    
 3    1.8E-006    3.8E+000       239         85   1.5E-002    
 4    7.7E-008    1.3E+000       262         100  4.9E-003    

 Step 1 of the Cholesky decomposition completed
 Computed 262 pivots
 Largest residual Dpq: 7.7E-008
 NCholesky/NAO = 7.7E+000
 Step 1 of Cholesky decomposition completed in 4.9E-002 seconds
 Detailed timings in seconds
 Subtract prev contribs I (M-R**T*R)     2.8E-003
 Subtract prev contribs II (Rk)          3.9E-003
 Two-electron integrals                  3.8E-002
 Reallocation                            1.5E-003

 Step 2 of Cholesky decomposition completed in 3.9E-003 seconds
 Detailed timings in seconds
 Reduced-dimension matrix V    2.9E-003
 V=L*L**T                      4.3E-004
 L**(-1)                       5.9E-004

 Full-dimension Cholesky vectors of the Coulomb matrix will be stored in memory
 Cholesky vectors computed in 6.4E-003 seconds

 ┌─────────────────────────────────────────┐
 │          Self-consistent field          │
 └─────────────────────────────────────────┘

 Atomic orbital basis set
 . . . . . . . . . . . . . . . . . . . . . . . . . . . . . . . . . . . . . . 
 atomic centers                               1
 shell parameter sets                         12
 spherical AOs                                34
 max angular momentum                         3
 parameter set                                ../../../../basis-sets/bse/def2-svpd.txt
 . . . . . . . . . . . . . . . . . . . . . . . . . . . . . . . . . . . . . . 
 SCF guess: bare nuclei Hamiltonian
 Starting self-consistent field iterations (spin-unrestricted)
 Alpha electrons: 10
 Beta electrons: 9
 ----------------------------------------------------------------------------
 Exchange-correlation: Hartree-Fock
 ----------------------------------------------------------------------------
 Replicated-data parallel SCF
 ----------------------------
 Processes                               1
 Threads/process                         16
 Allocated 2.3E-004 GiB of scratch space for the KS matrix build
 ----------------------------------------------------------------------------
 Loaded pseudopotential parameters
 ----------------------------------------------------------------------------

 SILVER      
 Parameters file: ../../../../basis-sets/bse/def2-svpd.txt
 ECP accounts for 28 core electrons

          Coeff         R^n       Exponent                                       

 Local part

        -33.68992012      2        14.22000000                                   
         -5.53112021      2         7.11000000                                   

 L = 0

        255.13936452      2        13.13000000                                   
         36.86612154      2         6.51000000                                   
         33.68992012      2        14.22000000                                   
          5.53112021      2         7.11000000                                   

 L = 1

        182.18186871      2        11.74000000                                   
         30.35775148      2         6.20000000                                   
         33.68992012      2        14.22000000                                   
          5.53112021      2         7.11000000                                   

 L = 2

         73.71926087      2        10.21000000                                   
         12.50211712      2         4.38000000                                   
         33.68992012      2        14.22000000                                   
          5.53112021      2         7.11000000                                   

 ----------------------------------------------------------------------------
 Spherical harmonic basis contains 34 vectors
 Linear independence thresh: Eig(S) > 1.0E-006
 Computations will be carried out in the space of 34 MOs
 Threshold for J, K: |Rho(r,s)*(pq|rs)|,|Rho(q,s)*(pq|rs)| > 1.0E-011
 Convergence conditions
 ----------------------
 RhoDiff < 1.0E-006
 OrbGrad < 1.0E-006
 Max number of macroiters: 1024
 ------------------------------------------------------------------------------
 #           Energy        EDiff    RhoDiff  OrbGrad  OrbShift NStored Time     
 ------------------------------------------------------------------------------
 0          -21.7897042832                                        0    4.8E-002 
 1         -142.4442116949           1.5E+01                      0    2.9E-002 
 2         -144.9026748495 -2.5E+00  6.3E+00  1.2E+00  2.7E+00    1    3.2E-002 
 3         -146.0189443669 -1.1E+00  2.5E+00  8.6E-01  4.2E-01    2    3.2E-002 
 4         -146.0817285336 -6.3E-02  2.5E-01  1.7E-01  0.0E+00    3    3.0E-002 
 5         -146.0839983923 -2.3E-03  1.4E-01  2.0E-02  0.0E+00    4    3.0E-002 
 6         -146.0840985000 -1.0E-04  1.9E-02  4.2E-03  0.0E+00    5    3.0E-002 
 7         -146.0841007240 -2.2E-06  2.3E-03  6.2E-04  0.0E+00    6    3.1E-002 
 8         -146.0841007790 -5.5E-08  2.1E-04  5.7E-05  0.0E+00    7    3.1E-002 
 9         -146.0841007863 -7.3E-09  9.4E-05  3.6E-05  0.0E+00    8    3.1E-002 
 10        -146.0841007872 -9.0E-10  2.5E-05  1.2E-05  0.0E+00    8    3.1E-002 
 11        -146.0841007874 -2.0E-10  1.1E-05  4.8E-06  0.0E+00    8    3.1E-002 
 12        -146.0841007874 -3.5E-11  7.5E-06  2.2E-06  0.0E+00    8    3.1E-002 
 13        -146.0841007874 -6.8E-13  6.5E-07  4.4E-07  0.0E+00    8    3.1E-002 
 ------------------------------------------------------------------------------
 SCF converged
 Converged energy                        -146.084100787424   
 ------------------------------------------------------------------------------
 Ehomo(Alpha) [eV]                       -6.463484950513     
 Elumo(Alpha) [eV]                       1.259034786115      
 Ehomo(Beta) [eV]                        -13.852156633217    
 Elumo(Beta) [eV]                        0.360675633546      

 dipole moment (Debye)
        x              y              z       
     -2.506E-015     1.452E-015     5.221E-015

 traceless quadrupole moment (Debye*Angs)
                       x              y              z       
 x                   2.778E-007     6.517E-008    -6.014E-008
 y                   6.517E-008    -2.633E-008     1.191E-007
 z                  -6.014E-008     1.191E-007    -2.514E-007

 ----------------------------------------------------------------------------
 Timings (seconds)
 * mean-field hamiltonian     4.1E-001
 * solver (setting up eqns)   4.2E-003
 * solver (energy estimate)   5.1E-003
 * solver (orthogonalization) 6.8E-004
 * solver (rotation matrix X) 1.0E-002
 * solver (exponential of X)  1.7E-003
 * solver (total)             2.3E-002
 * total SCF                  4.5E-001
 Atomic guess: AG, ../../../../basis-sets/bse/def2-svpd.txt
 ----------------------------------------------------------
 E(HF) [a.u.]                            -1.4608410079E+002
 Tr(RhoAvg S), Cartesian AOs              1.9000000000E+001
 Tr(RhoAvg S), spherical AOs              1.9000000000E+001
 max|T RhoAvg T**T - RhoAvg_sao|                  2.22E-015
 max|c(RhoAvg) - c(Rho)|                          3.33E-016
 max|RhoAvg - Rho|                                1.33E-007
 Saved /mnt/storage_6/project_data/pl0415-03/marcin/beyond-rpa/guess/electron-densities/bse/def2-svpd/ag.txt
 ----------------------------------------------------------------------------
                                  SCF for CD                                 
 ----------------------------------------------------------------------------
 NUMBER OF ATOMS                         1
 CHARGE                                  0
 Prescreening (pq|pq) integrals for the Cholesky decomposition
 Shell pairs will be sorted according to their max elements
 Max diagonal integral MaxDrs=2.5E+000
 Applying Eq. 15 in J. Chem. Phys. 150, 194112 (2019); doi: 10.1063/1.5083802
 Schwarz inequality: Dpq<min(10**(-8),Tau)**2/MaxDrs=4.0E-017
 Trace of exact Coulomb matrix: 4.4E+001
 Trace of discarded integrals: 0.0E+000
 Discarded 0 out of 78 shell pairs
 (0 out of 595 orbital pairs)

 Step 1 of Cholesky decomposition: locating pivots
 -------------------------------------------------
 Dimensions of the Coulomb matrix: (595,595)
 Threshold for diagonal matrix elements: Dpq > 1.0E-007
 Max number of Cholesky vectors: 510
 Rk storage block size: 500
 Max dimension of 2e integrals buffer: (595,595)

 ----------------------------------------------------------------------------
 #    Dmax        Memory (MB)    NPivots     %    Time        
 ----------------------------------------------------------------------------
 1    2.5E-002    5.0E+000       40          7    9.8E-003    
 2    2.4E-004    4.8E+000       162         32   1.7E-002    
 3    2.1E-006    4.0E+000       236         86   1.0E-002    
 4    5.3E-008    1.3E+000       262         100  5.7E-003    

 Step 1 of the Cholesky decomposition completed
 Computed 262 pivots
 Largest residual Dpq: 5.3E-008
 NCholesky/NAO = 7.7E+000
 Step 1 of Cholesky decomposition completed in 4.4E-002 seconds
 Detailed timings in seconds
 Subtract prev contribs I (M-R**T*R)     6.5E-003
 Subtract prev contribs II (Rk)          4.1E-003
 Two-electron integrals                  3.0E-002
 Reallocation                            8.0E-004

 Step 2 of Cholesky decomposition completed in 3.8E-003 seconds
 Detailed timings in seconds
 Reduced-dimension matrix V    2.8E-003
 V=L*L**T                      4.4E-004
 L**(-1)                       5.7E-004

 Full-dimension Cholesky vectors of the Coulomb matrix will be stored in memory
 Cholesky vectors computed in 6.9E-003 seconds

 ┌─────────────────────────────────────────┐
 │          Self-consistent field          │
 └─────────────────────────────────────────┘

 Atomic orbital basis set
 . . . . . . . . . . . . . . . . . . . . . . . . . . . . . . . . . . . . . . 
 atomic centers                               1
 shell parameter sets                         12
 spherical AOs                                34
 max angular momentum                         3
 parameter set                                ../../../../basis-sets/bse/def2-svpd.txt
 . . . . . . . . . . . . . . . . . . . . . . . . . . . . . . . . . . . . . . 
 SCF guess: bare nuclei Hamiltonian
 Starting self-consistent field iterations (spin-restricted singlet)
 Alpha+beta electrons: 20
 ----------------------------------------------------------------------------
 Exchange-correlation: Hartree-Fock
 ----------------------------------------------------------------------------
 Replicated-data parallel SCF
 ----------------------------
 Processes                               1
 Threads/process                         16
 Allocated 1.3E-004 GiB of scratch space for the KS matrix build
 ----------------------------------------------------------------------------
 Loaded pseudopotential parameters
 ----------------------------------------------------------------------------

 CADMIUM     
 Parameters file: ../../../../basis-sets/bse/def2-svpd.txt
 ECP accounts for 28 core electrons

          Coeff         R^n       Exponent                                       

 Local part

        -35.47662555      2        15.18479570                                   
         -5.61767685      2         7.59239780                                   

 L = 0

        270.00948324      2        13.83586890                                   
         38.76730798      2         6.85727040                                   
         35.47662555      2        15.18479570                                   
          5.61767685      2         7.59239780                                   

 L = 1

        193.82962939      2        12.40497100                                   
         31.89652523      2         6.56779950                                   
         35.47662555      2        15.18479570                                   
          5.61767685      2         7.59239780                                   

 L = 2

         79.19364700      2        10.89692530                                   
         13.23082674      2         4.64116490                                   
         35.47662555      2        15.18479570                                   
          5.61767685      2         7.59239780                                   

 ----------------------------------------------------------------------------
 Spherical harmonic basis contains 34 vectors
 Linear independence thresh: Eig(S) > 1.0E-006
 Computations will be carried out in the space of 34 MOs
 Threshold for J, K: |Rho(r,s)*(pq|rs)|,|Rho(q,s)*(pq|rs)| > 1.0E-011
 Convergence conditions
 ----------------------
 RhoDiff < 1.0E-006
 OrbGrad < 1.0E-006
 Max number of macroiters: 1024
 ------------------------------------------------------------------------------
 #           Energy        EDiff    RhoDiff  OrbGrad  OrbShift NStored Time     
 ------------------------------------------------------------------------------
 0          -33.8685702071                                        0    3.4E-002 
 1         -161.5785198119           4.0E+01                      0    1.5E-002 
 2         -165.4869842460 -3.9E+00  1.3E+01  1.3E+00  2.8E+00    1    1.6E-002 
 3         -166.7185747024 -1.2E+00  3.9E+00  7.8E-01  3.8E-01    2    1.6E-002 
 4         -166.8430654257 -1.2E-01  5.4E-01  1.9E-01  0.0E+00    3    1.6E-002 
 5         -166.8464982612 -3.4E-03  2.0E-01  2.9E-02  0.0E+00    4    1.6E-002 
 6         -166.8465454106 -4.7E-05  7.5E-03  3.0E-03  0.0E+00    5    1.6E-002 
 7         -166.8465462840 -8.7E-07  1.8E-03  3.6E-04  0.0E+00    6    1.6E-002 
 8         -166.8465462853 -1.2E-09  1.8E-05  1.3E-05  0.0E+00    7    1.6E-002 
 9         -166.8465462854 -1.0E-10  5.4E-06  3.7E-06  0.0E+00    8    1.6E-002 
 10        -166.8465462854 -9.9E-12  1.7E-06  1.1E-06  0.0E+00    8    1.6E-002 
 11        -166.8465462854 -9.7E-13  5.3E-07  3.4E-07  0.0E+00    8    1.6E-002 
 ------------------------------------------------------------------------------
 SCF converged
 Converged energy                        -166.846546285377   
 ------------------------------------------------------------------------------
 Ehomo [eV]                              -7.640214716675     
 Elumo [eV]                              1.454879185166      

 dipole moment (Debye)
        x              y              z       
     -4.693E-015     1.844E-014     2.894E-015

 traceless quadrupole moment (Debye*Angs)
                       x              y              z       
 x                   1.586E-005     7.352E-008    -3.542E-008
 y                   7.352E-008     1.507E-005    -6.056E-008
 z                  -3.542E-008    -6.056E-008    -3.093E-005

 ----------------------------------------------------------------------------
 Timings (seconds)
 * mean-field hamiltonian     1.8E-001
 * solver (setting up eqns)   1.7E-003
 * solver (energy estimate)   1.9E-003
 * solver (orthogonalization) 3.0E-004
 * solver (rotation matrix X) 4.7E-003
 * solver (exponential of X)  7.6E-004
 * solver (total)             9.9E-003
 * total SCF                  2.1E-001
 Atomic guess: CD, ../../../../basis-sets/bse/def2-svpd.txt
 ----------------------------------------------------------
 E(HF) [a.u.]                            -1.6684654629E+002
 Tr(RhoAvg S), Cartesian AOs              2.0000000000E+001
 Tr(RhoAvg S), spherical AOs              2.0000000000E+001
 max|T RhoAvg T**T - RhoAvg_sao|                  2.66E-015
 max|c(RhoAvg) - c(Rho)|                          4.44E-016
 max|RhoAvg - Rho|                                1.33E-005
 Saved /mnt/storage_6/project_data/pl0415-03/marcin/beyond-rpa/guess/electron-densities/bse/def2-svpd/cd.txt
 ----------------------------------------------------------------------------
                             SCF for IN (2S+1=2)                             
 ----------------------------------------------------------------------------
 NUMBER OF ATOMS                         1
 CHARGE                                  0
 Prescreening (pq|pq) integrals for the Cholesky decomposition
 Shell pairs will be sorted according to their max elements
 Max diagonal integral MaxDrs=1.4E+000
 Applying Eq. 15 in J. Chem. Phys. 150, 194112 (2019); doi: 10.1063/1.5083802
 Schwarz inequality: Dpq<min(10**(-8),Tau)**2/MaxDrs=7.1E-017
 Trace of exact Coulomb matrix: 3.5E+001
 Trace of discarded integrals: 0.0E+000
 Discarded 0 out of 78 shell pairs
 (0 out of 528 orbital pairs)

 Step 1 of Cholesky decomposition: locating pivots
 -------------------------------------------------
 Dimensions of the Coulomb matrix: (528,528)
 Threshold for diagonal matrix elements: Dpq > 1.0E-007
 Max number of Cholesky vectors: 480
 Rk storage block size: 500
 Max dimension of 2e integrals buffer: (528,528)

 ----------------------------------------------------------------------------
 #    Dmax        Memory (MB)    NPivots     %    Time        
 ----------------------------------------------------------------------------
 1    1.3E-002    4.1E+000       54          15   2.4E-002    
 2    1.1E-004    3.7E+000       146         46   2.3E-002    
 3    1.0E-006    2.9E+000       186         85   1.5E-002    
 4    8.9E-008    8.4E-001       214         100  7.0E-003    

 Step 1 of the Cholesky decomposition completed
 Computed 214 pivots
 Largest residual Dpq: 8.9E-008
 NCholesky/NAO = 6.7E+000
 Step 1 of Cholesky decomposition completed in 7.0E-002 seconds
 Detailed timings in seconds
 Subtract prev contribs I (M-R**T*R)     1.3E-003
 Subtract prev contribs II (Rk)          2.5E-003
 Two-electron integrals                  6.4E-002
 Reallocation                            6.6E-004

 Step 2 of Cholesky decomposition completed in 8.0E-003 seconds
 Detailed timings in seconds
 Reduced-dimension matrix V    7.3E-003
 V=L*L**T                      3.4E-004
 L**(-1)                       3.5E-004

 Full-dimension Cholesky vectors of the Coulomb matrix will be stored in memory
 Cholesky vectors computed in 1.0E-002 seconds

 ┌─────────────────────────────────────────┐
 │          Self-consistent field          │
 └─────────────────────────────────────────┘

 Atomic orbital basis set
 . . . . . . . . . . . . . . . . . . . . . . . . . . . . . . . . . . . . . . 
 atomic centers                               1
 shell parameter sets                         12
 spherical AOs                                32
 max angular momentum                         2
 parameter set                                ../../../../basis-sets/bse/def2-svpd.txt
 . . . . . . . . . . . . . . . . . . . . . . . . . . . . . . . . . . . . . . 
 SCF guess: bare nuclei Hamiltonian
 Starting self-consistent field iterations (spin-unrestricted)
 Alpha electrons: 11
 Beta electrons: 10
 ----------------------------------------------------------------------------
 Exchange-correlation: Hartree-Fock
 ----------------------------------------------------------------------------
 Replicated-data parallel SCF
 ----------------------------
 Processes                               1
 Threads/process                         16
 Allocated 1.9E-004 GiB of scratch space for the KS matrix build
 ----------------------------------------------------------------------------
 Loaded pseudopotential parameters
 ----------------------------------------------------------------------------

 INDIUM      
 Parameters file: ../../../../basis-sets/bse/def2-svpd.txt
 ECP accounts for 28 core electrons

          Coeff         R^n       Exponent                                       

 Local part

        -13.72807800      2        12.53905600                                   
        -18.20686600      2        12.55256100                                   

 L = 0

        281.12235000      2        15.39282200                                   
         61.90147000      2         8.05586400                                   
         13.72807800      2        12.53905600                                   
         18.20686600      2        12.55256100                                   

 L = 1

         67.46215400      2        13.92867200                                   
        134.94925000      2        13.34723400                                   
         14.74614000      2         7.61413200                                   
         29.63926200      2         7.31836500                                   
         13.72807800      2        12.53905600                                   
         18.20686600      2        12.55256100                                   

 L = 2

         35.49325400      2        14.03471500                                   
         53.17877300      2        14.51161600                                   
          9.17728100      2         5.55055000                                   
         12.39241000      2         5.05941500                                   
         13.72807800      2        12.53905600                                   
         18.20686600      2        12.55256100                                   

 ----------------------------------------------------------------------------
 Spherical harmonic basis contains 32 vectors
 Linear independence thresh: Eig(S) > 1.0E-006
 Computations will be carried out in the space of 32 MOs
 Threshold for J, K: |Rho(r,s)*(pq|rs)|,|Rho(q,s)*(pq|rs)| > 1.0E-011
 Convergence conditions
 ----------------------
 RhoDiff < 1.0E-006
 OrbGrad < 1.0E-006
 Max number of macroiters: 1024
 ------------------------------------------------------------------------------
 #           Energy        EDiff    RhoDiff  OrbGrad  OrbShift NStored Time     
 ------------------------------------------------------------------------------
 0           79.3956099787                                        0    2.6E-002 
 1         -188.0702440598           1.6E+01                      0    9.2E-003 
 2         -189.1641886916 -1.1E+00  3.4E+00  8.5E-01  2.3E-01    1    9.9E-003 
 3         -189.2021798605 -3.8E-02  2.9E-01  1.1E-01  0.0E+00    2    9.5E-003 
 4         -189.2065398347 -4.4E-03  1.4E-01  3.0E-02  0.0E+00    3    9.6E-003 
 5         -189.2067707964 -2.3E-04  3.9E-02  7.3E-03  0.0E+00    4    9.8E-003 
 6         -189.2068012477 -3.0E-05  1.4E-02  1.5E-03  0.0E+00    5    9.7E-003 
 7         -189.2068016376 -3.9E-07  1.2E-03  2.3E-04  0.0E+00    6    9.8E-003 
 8         -189.2068016451 -7.4E-09  2.3E-04  3.6E-05  0.0E+00    7    9.9E-003 
 9         -189.2068016452 -1.3E-10  2.0E-05  3.8E-06  0.0E+00    8    9.9E-003 
 10        -189.2068016452 -8.1E-12  4.4E-06  9.7E-07  0.0E+00    8    9.9E-003 
 11        -189.2068016452 -7.1E-13  1.6E-06  2.7E-07  0.0E+00    8    9.9E-003 
 12        -189.2068016452 -2.8E-14  2.8E-07  5.3E-08  0.0E+00    8    9.9E-003 
 ------------------------------------------------------------------------------
 SCF converged
 Converged energy                        -189.206801645216   
 ------------------------------------------------------------------------------
 Ehomo(Alpha) [eV]                       -5.460729722214     
 Elumo(Alpha) [eV]                       0.496959949493      
 Ehomo(Beta) [eV]                        -10.026842294000    
 Elumo(Beta) [eV]                        0.781014009172      

 dipole moment (Debye)
        x              y              z       
     -6.284E-016    -5.871E-015    -2.545E-015

 traceless quadrupole moment (Debye*Angs)
                       x              y              z       
 x                   4.451E+000    -1.158E-002     7.850E-002
 y                  -1.158E-002     4.168E+000     1.928E+000
 z                   7.850E-002     1.928E+000    -8.619E+000

 ----------------------------------------------------------------------------
 Timings (seconds)
 * mean-field hamiltonian     1.2E-001
 * solver (setting up eqns)   2.8E-003
 * solver (energy estimate)   1.0E-003
 * solver (orthogonalization) 2.0E-004
 * solver (rotation matrix X) 2.2E-003
 * solver (exponential of X)  7.1E-004
 * solver (total)             7.3E-003
 * total SCF                  1.5E-001
 Atomic guess: IN, ../../../../basis-sets/bse/def2-svpd.txt
 ----------------------------------------------------------
 E(HF) [a.u.]                            -1.8920680165E+002
 Tr(RhoAvg S), Cartesian AOs              2.1000000000E+001
 Tr(RhoAvg S), spherical AOs              2.1000000000E+001
 max|T RhoAvg T**T - RhoAvg_sao|                  3.11E-015
 max|c(RhoAvg) - c(Rho)|                          4.44E-016
 max|RhoAvg - Rho|                                2.48E-001
 Saved /mnt/storage_6/project_data/pl0415-03/marcin/beyond-rpa/guess/electron-densities/bse/def2-svpd/in.txt
 ----------------------------------------------------------------------------
                             SCF for SN (2S+1=3)                             
 ----------------------------------------------------------------------------
 NUMBER OF ATOMS                         1
 CHARGE                                  0
 Prescreening (pq|pq) integrals for the Cholesky decomposition
 Shell pairs will be sorted according to their max elements
 Max diagonal integral MaxDrs=1.5E+000
 Applying Eq. 15 in J. Chem. Phys. 150, 194112 (2019); doi: 10.1063/1.5083802
 Schwarz inequality: Dpq<min(10**(-8),Tau)**2/MaxDrs=6.9E-017
 Trace of exact Coulomb matrix: 3.8E+001
 Trace of discarded integrals: 0.0E+000
 Discarded 0 out of 78 shell pairs
 (0 out of 528 orbital pairs)

 Step 1 of Cholesky decomposition: locating pivots
 -------------------------------------------------
 Dimensions of the Coulomb matrix: (528,528)
 Threshold for diagonal matrix elements: Dpq > 1.0E-007
 Max number of Cholesky vectors: 480
 Rk storage block size: 500
 Max dimension of 2e integrals buffer: (528,528)

 ----------------------------------------------------------------------------
 #    Dmax        Memory (MB)    NPivots     %    Time        
 ----------------------------------------------------------------------------
 1    1.4E-002    4.1E+000       54          15   2.6E-002    
 2    1.4E-004    3.7E+000       145         48   1.9E-002    
 3    1.1E-006    2.8E+000       181         84   1.2E-002    
 4    9.7E-008    9.9E-001       215         100  7.0E-003    

 Step 1 of the Cholesky decomposition completed
 Computed 215 pivots
 Largest residual Dpq: 9.7E-008
 NCholesky/NAO = 6.7E+000
 Step 1 of Cholesky decomposition completed in 6.5E-002 seconds
 Detailed timings in seconds
 Subtract prev contribs I (M-R**T*R)     1.5E-003
 Subtract prev contribs II (Rk)          2.7E-003
 Two-electron integrals                  5.9E-002
 Reallocation                            6.8E-004

 Step 2 of Cholesky decomposition completed in 6.5E-003 seconds
 Detailed timings in seconds
 Reduced-dimension matrix V    5.7E-003
 V=L*L**T                      3.5E-004
 L**(-1)                       3.8E-004

 Full-dimension Cholesky vectors of the Coulomb matrix will be stored in memory
 Cholesky vectors computed in 1.1E-002 seconds

 ┌─────────────────────────────────────────┐
 │          Self-consistent field          │
 └─────────────────────────────────────────┘

 Atomic orbital basis set
 . . . . . . . . . . . . . . . . . . . . . . . . . . . . . . . . . . . . . . 
 atomic centers                               1
 shell parameter sets                         12
 spherical AOs                                32
 max angular momentum                         2
 parameter set                                ../../../../basis-sets/bse/def2-svpd.txt
 . . . . . . . . . . . . . . . . . . . . . . . . . . . . . . . . . . . . . . 
 SCF guess: bare nuclei Hamiltonian
 Starting self-consistent field iterations (spin-unrestricted)
 Alpha electrons: 12
 Beta electrons: 10
 ----------------------------------------------------------------------------
 Exchange-correlation: Hartree-Fock
 ----------------------------------------------------------------------------
 Replicated-data parallel SCF
 ----------------------------
 Processes                               1
 Threads/process                         16
 Allocated 1.9E-004 GiB of scratch space for the KS matrix build
 ----------------------------------------------------------------------------
 Loaded pseudopotential parameters
 ----------------------------------------------------------------------------

 TIN         
 Parameters file: ../../../../basis-sets/bse/def2-svpd.txt
 ECP accounts for 28 core electrons

          Coeff         R^n       Exponent                                       

 Local part

        -12.57633300      2        12.28234800                                   
        -16.59594400      2        12.27215000                                   

 L = 0

        279.98868200      2        17.42041400                                   
         62.37781000      2         7.63115500                                   
         12.57633300      2        12.28234800                                   
         16.59594400      2        12.27215000                                   

 L = 1

         66.16252300      2        16.13102400                                   
        132.17439600      2        15.62807700                                   
         16.33941700      2         7.32560800                                   
         32.48895900      2         6.94251900                                   
         12.57633300      2        12.28234800                                   
         16.59594400      2        12.27215000                                   

 L = 2

         36.38744100      2        15.51497600                                   
         54.50784100      2        15.18816000                                   
          8.69682300      2         5.45602400                                   
         12.84020800      2         5.36310500                                   
         12.57633300      2        12.28234800                                   
         16.59594400      2        12.27215000                                   

 ----------------------------------------------------------------------------
 Spherical harmonic basis contains 32 vectors
 Linear independence thresh: Eig(S) > 1.0E-006
 Computations will be carried out in the space of 32 MOs
 Threshold for J, K: |Rho(r,s)*(pq|rs)|,|Rho(q,s)*(pq|rs)| > 1.0E-011
 Convergence conditions
 ----------------------
 RhoDiff < 1.0E-006
 OrbGrad < 1.0E-006
 Max number of macroiters: 1024
 ------------------------------------------------------------------------------
 #           Energy        EDiff    RhoDiff  OrbGrad  OrbShift NStored Time     
 ------------------------------------------------------------------------------
 0           40.9934356430                                        0    2.7E-002 
 1         -211.7930570100           2.7E+01                      0    9.4E-003 
 2         -213.2677663036 -1.5E+00  3.7E+00  9.2E-01  3.2E-01    1    1.0E-002 
 3         -213.3314677349 -6.4E-02  4.3E-01  1.1E-01  0.0E+00    2    9.7E-003 
 4         -213.3362737712 -4.8E-03  1.3E-01  2.0E-02  0.0E+00    3    1.0E-002 
 5         -213.3364741534 -2.0E-04  5.2E-02  7.1E-03  0.0E+00    4    9.9E-003 
 6         -213.3364888443 -1.5E-05  7.3E-03  1.2E-03  0.0E+00    5    1.0E-002 
 7         -213.3364890553 -2.1E-07  7.4E-04  2.0E-04  0.0E+00    6    1.0E-002 
 8         -213.3364890576 -2.3E-09  3.7E-05  1.8E-05  0.0E+00    7    1.0E-002 
 9         -213.3364890576 -5.3E-11  7.8E-06  3.0E-06  0.0E+00    8    1.0E-002 
 10        -213.3364890576 -3.7E-12  1.3E-06  9.6E-07  0.0E+00    8    1.0E-002 
 11        -213.3364890576 -4.3E-13  2.5E-07  3.0E-07  0.0E+00    8    1.0E-002 
 ------------------------------------------------------------------------------
 SCF converged
 Converged energy                        -213.336489057617   
 ------------------------------------------------------------------------------
 Ehomo(Alpha) [eV]                       -7.240724940613     
 Elumo(Alpha) [eV]                       -0.312617496667     
 Ehomo(Beta) [eV]                        -12.007104201646    
 Elumo(Beta) [eV]                        0.359898220888      

 dipole moment (Debye)
        x              y              z       
     -1.985E-015     2.896E-016     1.477E-014

 traceless quadrupole moment (Debye*Angs)
                       x              y              z       
 x                  -4.111E-001    -2.819E+000     3.347E+000
 y                  -2.819E+000    -3.755E-001    -3.368E+000
 z                   3.347E+000    -3.368E+000     7.865E-001

 ----------------------------------------------------------------------------
 Timings (seconds)
 * mean-field hamiltonian     1.1E-001
 * solver (setting up eqns)   2.4E-003
 * solver (energy estimate)   9.2E-004
 * solver (orthogonalization) 1.8E-004
 * solver (rotation matrix X) 1.9E-003
 * solver (exponential of X)  6.4E-004
 * solver (total)             6.4E-003
 * total SCF                  1.4E-001
 Atomic guess: SN, ../../../../basis-sets/bse/def2-svpd.txt
 ----------------------------------------------------------
 E(HF) [a.u.]                            -2.1333648906E+002
 Tr(RhoAvg S), Cartesian AOs              2.2000000000E+001
 Tr(RhoAvg S), spherical AOs              2.2000000000E+001
 max|T RhoAvg T**T - RhoAvg_sao|                  2.66E-015
 max|c(RhoAvg) - c(Rho)|                          8.88E-016
 max|RhoAvg - Rho|                                1.21E-001
 Saved /mnt/storage_6/project_data/pl0415-03/marcin/beyond-rpa/guess/electron-densities/bse/def2-svpd/sn.txt
 ----------------------------------------------------------------------------
                             SCF for SB (2S+1=4)                             
 ----------------------------------------------------------------------------
 NUMBER OF ATOMS                         1
 CHARGE                                  0
 Prescreening (pq|pq) integrals for the Cholesky decomposition
 Shell pairs will be sorted according to their max elements
 Max diagonal integral MaxDrs=1.5E+000
 Applying Eq. 15 in J. Chem. Phys. 150, 194112 (2019); doi: 10.1063/1.5083802
 Schwarz inequality: Dpq<min(10**(-8),Tau)**2/MaxDrs=6.7E-017
 Trace of exact Coulomb matrix: 4.1E+001
 Trace of discarded integrals: 0.0E+000
 Discarded 0 out of 78 shell pairs
 (0 out of 528 orbital pairs)

 Step 1 of Cholesky decomposition: locating pivots
 -------------------------------------------------
 Dimensions of the Coulomb matrix: (528,528)
 Threshold for diagonal matrix elements: Dpq > 1.0E-007
 Max number of Cholesky vectors: 480
 Rk storage block size: 500
 Max dimension of 2e integrals buffer: (528,528)

 ----------------------------------------------------------------------------
 #    Dmax        Memory (MB)    NPivots     %    Time        
 ----------------------------------------------------------------------------
 1    1.4E-002    4.1E+000       53          14   2.7E-002    
 2    1.3E-004    3.9E+000       145         45   2.0E-002    
 3    1.0E-006    2.9E+000       184         86   1.8E-002    
 4    7.9E-008    9.3E-001       217         100  6.8E-003    

 Step 1 of the Cholesky decomposition completed
 Computed 217 pivots
 Largest residual Dpq: 7.9E-008
 NCholesky/NAO = 6.8E+000
 Step 1 of Cholesky decomposition completed in 7.2E-002 seconds
 Detailed timings in seconds
 Subtract prev contribs I (M-R**T*R)     1.4E-003
 Subtract prev contribs II (Rk)          1.7E-003
 Two-electron integrals                  6.7E-002
 Reallocation                            7.8E-004

 Step 2 of Cholesky decomposition completed in 6.9E-003 seconds
 Detailed timings in seconds
 Reduced-dimension matrix V    6.2E-003
 V=L*L**T                      3.5E-004
 L**(-1)                       3.7E-004

 Full-dimension Cholesky vectors of the Coulomb matrix will be stored in memory
 Cholesky vectors computed in 1.1E-002 seconds

 ┌─────────────────────────────────────────┐
 │          Self-consistent field          │
 └─────────────────────────────────────────┘

 Atomic orbital basis set
 . . . . . . . . . . . . . . . . . . . . . . . . . . . . . . . . . . . . . . 
 atomic centers                               1
 shell parameter sets                         12
 spherical AOs                                32
 max angular momentum                         2
 parameter set                                ../../../../basis-sets/bse/def2-svpd.txt
 . . . . . . . . . . . . . . . . . . . . . . . . . . . . . . . . . . . . . . 
 SCF guess: bare nuclei Hamiltonian
 Starting self-consistent field iterations (spin-unrestricted)
 Alpha electrons: 13
 Beta electrons: 10
 ----------------------------------------------------------------------------
 Exchange-correlation: Hartree-Fock
 ----------------------------------------------------------------------------
 Replicated-data parallel SCF
 ----------------------------
 Processes                               1
 Threads/process                         16
 Allocated 1.9E-004 GiB of scratch space for the KS matrix build
 ----------------------------------------------------------------------------
 Loaded pseudopotential parameters
 ----------------------------------------------------------------------------

 ANTIMONY    
 Parameters file: ../../../../basis-sets/bse/def2-svpd.txt
 ECP accounts for 28 core electrons

          Coeff         R^n       Exponent                                       

 Local part

        -15.36680100      2        14.44497800                                   
        -20.29613800      2        14.44929500                                   

 L = 0

        281.07158100      2        16.33086500                                   
         61.71660400      2         8.55654200                                   
         15.36680100      2        14.44497800                                   
         20.29613800      2        14.44929500                                   

 L = 1

         67.45738000      2        14.47033700                                   
        134.93350300      2        13.81619400                                   
         14.71634400      2         8.42492400                                   
         29.51851200      2         8.09272800                                   
         15.36680100      2        14.44497800                                   
         20.29613800      2        14.44929500                                   

 L = 2

         35.44781500      2        14.88633100                                   
         53.14346600      2        15.14631900                                   
          9.17922300      2         5.90826700                                   
         13.24025300      2         5.59432200                                   
         15.36680100      2        14.44497800                                   
         20.29613800      2        14.44929500                                   

 ----------------------------------------------------------------------------
 Spherical harmonic basis contains 32 vectors
 Linear independence thresh: Eig(S) > 1.0E-006
 Computations will be carried out in the space of 32 MOs
 Threshold for J, K: |Rho(r,s)*(pq|rs)|,|Rho(q,s)*(pq|rs)| > 1.0E-011
 Convergence conditions
 ----------------------
 RhoDiff < 1.0E-006
 OrbGrad < 1.0E-006
 Max number of macroiters: 1024
 ------------------------------------------------------------------------------
 #           Energy        EDiff    RhoDiff  OrbGrad  OrbShift NStored Time     
 ------------------------------------------------------------------------------
 0           27.1356151067                                        0    2.6E-002 
 1         -236.9487664013           3.2E+01                      0    9.8E-003 
 2         -239.1525706391 -2.2E+00  3.9E+00  1.5E+00  4.6E-01    1    1.1E-002 
 3         -239.2672497919 -1.1E-01  6.4E-01  1.6E-01  0.0E+00    2    1.0E-002 
 4         -239.2731857930 -5.9E-03  1.0E-01  2.3E-02  0.0E+00    3    1.1E-002 
 5         -239.2735153507 -3.3E-04  4.5E-02  6.1E-03  0.0E+00    4    1.0E-002 
 6         -239.2735268043 -1.1E-05  1.2E-02  1.9E-03  0.0E+00    5    1.0E-002 
 7         -239.2735270246 -2.2E-07  3.9E-04  2.0E-04  0.0E+00    6    1.0E-002 
 8         -239.2735270269 -2.3E-09  1.1E-04  2.2E-05  0.0E+00    7    1.0E-002 
 9         -239.2735270269 -4.1E-11  8.0E-06  3.3E-06  0.0E+00    8    1.1E-002 
 10        -239.2735270269 -4.1E-12  2.0E-06  1.1E-06  0.0E+00    8    1.1E-002 
 11        -239.2735270269 -6.8E-13  7.3E-07  4.2E-07  0.0E+00    8    1.0E-002 
 ------------------------------------------------------------------------------
 SCF converged
 Converged energy                        -239.273527026915   
 ------------------------------------------------------------------------------
 Ehomo(Alpha) [eV]                       -9.072630390302     
 Elumo(Alpha) [eV]                       2.228730490757      
 Ehomo(Beta) [eV]                        -13.791450019597    
 Elumo(Beta) [eV]                        1.052812495015      

 dipole moment (Debye)
        x              y              z       
      1.623E-015    -2.564E-015    -1.155E-015

 traceless quadrupole moment (Debye*Angs)
                       x              y              z       
 x                   1.335E-006    -8.475E-009     1.770E-008
 y                  -8.475E-009     1.882E-007    -1.350E-006
 z                   1.770E-008    -1.350E-006    -1.523E-006

 ----------------------------------------------------------------------------
 Timings (seconds)
 * mean-field hamiltonian     1.2E-001
 * solver (setting up eqns)   2.4E-003
 * solver (energy estimate)   9.0E-004
 * solver (orthogonalization) 1.8E-004
 * solver (rotation matrix X) 2.0E-003
 * solver (exponential of X)  6.3E-004
 * solver (total)             6.4E-003
 * total SCF                  1.4E-001
 Atomic guess: SB, ../../../../basis-sets/bse/def2-svpd.txt
 ----------------------------------------------------------
 E(HF) [a.u.]                            -2.3927352703E+002
 Tr(RhoAvg S), Cartesian AOs              2.3000000000E+001
 Tr(RhoAvg S), spherical AOs              2.3000000000E+001
 max|T RhoAvg T**T - RhoAvg_sao|                  2.66E-015
 max|c(RhoAvg) - c(Rho)|                          3.33E-016
 max|RhoAvg - Rho|                                1.93E-007
 Saved /mnt/storage_6/project_data/pl0415-03/marcin/beyond-rpa/guess/electron-densities/bse/def2-svpd/sb.txt
 ----------------------------------------------------------------------------
                             SCF for TE (2S+1=3)                             
 ----------------------------------------------------------------------------
 NUMBER OF ATOMS                         1
 CHARGE                                  0
 Prescreening (pq|pq) integrals for the Cholesky decomposition
 Shell pairs will be sorted according to their max elements
 Max diagonal integral MaxDrs=1.5E+000
 Applying Eq. 15 in J. Chem. Phys. 150, 194112 (2019); doi: 10.1063/1.5083802
 Schwarz inequality: Dpq<min(10**(-8),Tau)**2/MaxDrs=6.5E-017
 Trace of exact Coulomb matrix: 4.4E+001
 Trace of discarded integrals: 0.0E+000
 Discarded 0 out of 91 shell pairs
 (0 out of 630 orbital pairs)

 Step 1 of Cholesky decomposition: locating pivots
 -------------------------------------------------
 Dimensions of the Coulomb matrix: (630,630)
 Threshold for diagonal matrix elements: Dpq > 1.0E-007
 Max number of Cholesky vectors: 525
 Rk storage block size: 500
 Max dimension of 2e integrals buffer: (630,630)

 ----------------------------------------------------------------------------
 #    Dmax        Memory (MB)    NPivots     %    Time        
 ----------------------------------------------------------------------------
 1    1.5E-002    5.4E+000       51          11   3.1E-002    
 2    1.5E-004    5.2E+000       157         48   2.6E-002    
 3    1.5E-006    3.6E+000       198         85   1.4E-002    
 4    8.3E-008    8.3E-001       234         100  8.2E-003    

 Step 1 of the Cholesky decomposition completed
 Computed 234 pivots
 Largest residual Dpq: 8.3E-008
 NCholesky/NAO = 6.7E+000
 Step 1 of Cholesky decomposition completed in 8.0E-002 seconds
 Detailed timings in seconds
 Subtract prev contribs I (M-R**T*R)     1.6E-003
 Subtract prev contribs II (Rk)          3.4E-003
 Two-electron integrals                  7.3E-002
 Reallocation                            4.6E-004

 Step 2 of Cholesky decomposition completed in 7.4E-003 seconds
 Detailed timings in seconds
 Reduced-dimension matrix V    6.6E-003
 V=L*L**T                      3.9E-004
 L**(-1)                       4.4E-004

 Full-dimension Cholesky vectors of the Coulomb matrix will be stored in memory
 Cholesky vectors computed in 1.1E-002 seconds

 ┌─────────────────────────────────────────┐
 │          Self-consistent field          │
 └─────────────────────────────────────────┘

 Atomic orbital basis set
 . . . . . . . . . . . . . . . . . . . . . . . . . . . . . . . . . . . . . . 
 atomic centers                               1
 shell parameter sets                         13
 spherical AOs                                35
 max angular momentum                         2
 parameter set                                ../../../../basis-sets/bse/def2-svpd.txt
 . . . . . . . . . . . . . . . . . . . . . . . . . . . . . . . . . . . . . . 
 SCF guess: bare nuclei Hamiltonian
 Starting self-consistent field iterations (spin-unrestricted)
 Alpha electrons: 13
 Beta electrons: 11
 ----------------------------------------------------------------------------
 Exchange-correlation: Hartree-Fock
 ----------------------------------------------------------------------------
 Replicated-data parallel SCF
 ----------------------------
 Processes                               1
 Threads/process                         16
 Allocated 2.2E-004 GiB of scratch space for the KS matrix build
 ----------------------------------------------------------------------------
 Loaded pseudopotential parameters
 ----------------------------------------------------------------------------

 TELLURIUM   
 Parameters file: ../../../../basis-sets/bse/def2-svpd.txt
 ECP accounts for 28 core electrons

          Coeff         R^n       Exponent                                       

 Local part

        -15.74545000      2        15.20616800                                   
        -20.74244800      2        15.20170200                                   

 L = 0

        281.04584300      2        16.81447300                                   
         61.62065600      2         8.79352600                                   
         15.74545000      2        15.20616800                                   
         20.74244800      2        15.20170200                                   

 L = 1

         67.44946400      2        14.87780100                                   
        134.90430400      2        14.26973100                                   
         14.68954700      2         8.72443500                                   
         29.41506300      2         8.29151500                                   
         15.74545000      2        15.20616800                                   
         20.74244800      2        15.20170200                                   

 L = 2

         35.43205700      2        15.20500800                                   
         53.13568700      2        15.22584800                                   
          9.06980200      2         6.07176900                                   
         13.12230400      2         5.80476000                                   
         15.74545000      2        15.20616800                                   
         20.74244800      2        15.20170200                                   

 ----------------------------------------------------------------------------
 Spherical harmonic basis contains 35 vectors
 Linear independence thresh: Eig(S) > 1.0E-006
 Computations will be carried out in the space of 35 MOs
 Threshold for J, K: |Rho(r,s)*(pq|rs)|,|Rho(q,s)*(pq|rs)| > 1.0E-011
 Convergence conditions
 ----------------------
 RhoDiff < 1.0E-006
 OrbGrad < 1.0E-006
 Max number of macroiters: 1024
 ------------------------------------------------------------------------------
 #           Energy        EDiff    RhoDiff  OrbGrad  OrbShift NStored Time     
 ------------------------------------------------------------------------------
 0           34.5244651715                                        0    2.9E-002 
 1         -264.5399177166           1.7E+01                      0    1.2E-002 
 2         -266.8602341120 -2.3E+00  3.3E+00  1.1E+00  5.4E-01    1    1.3E-002 
 3         -266.9938465842 -1.3E-01  6.4E-01  1.4E-01  0.0E+00    2    1.3E-002 
 4         -266.9974937652 -3.6E-03  5.4E-02  2.7E-02  0.0E+00    3    1.3E-002 
 5         -266.9977434732 -2.5E-04  3.6E-02  7.3E-03  0.0E+00    4    1.3E-002 
 6         -266.9977765018 -3.3E-05  1.2E-02  2.7E-03  0.0E+00    5    1.3E-002 
 7         -266.9977777273 -1.2E-06  1.2E-03  4.4E-04  0.0E+00    6    1.3E-002 
 8         -266.9977777677 -4.0E-08  2.7E-04  6.0E-05  0.0E+00    7    1.3E-002 
 9         -266.9977777686 -8.7E-10  2.9E-05  1.0E-05  0.0E+00    8    1.3E-002 
 10        -266.9977777687 -6.7E-11  1.2E-05  3.7E-06  0.0E+00    8    1.3E-002 
 11        -266.9977777687 -6.3E-12  4.5E-06  1.1E-06  0.0E+00    8    1.3E-002 
 12        -266.9977777687 -2.3E-13  7.2E-07  2.1E-07  0.0E+00    8    1.3E-002 
 ------------------------------------------------------------------------------
 SCF converged
 Converged energy                        -266.997777768691   
 ------------------------------------------------------------------------------
 Ehomo(Alpha) [eV]                       -9.356497825696     
 Elumo(Alpha) [eV]                       2.029839413257      
 Ehomo(Beta) [eV]                        -8.359389415473     
 Elumo(Beta) [eV]                        -0.448709031765     

 dipole moment (Debye)
        x              y              z       
     -1.034E-014     1.192E-015     1.068E-015

 traceless quadrupole moment (Debye*Angs)
                       x              y              z       
 x                   1.507E+000    -6.509E-001    -2.525E+000
 y                  -6.509E-001     2.129E+000    -1.592E+000
 z                  -2.525E+000    -1.592E+000    -3.637E+000

 ----------------------------------------------------------------------------
 Timings (seconds)
 * mean-field hamiltonian     1.6E-001
 * solver (setting up eqns)   3.0E-003
 * solver (energy estimate)   1.0E-003
 * solver (orthogonalization) 2.4E-004
 * solver (rotation matrix X) 2.6E-003
 * solver (exponential of X)  9.1E-004
 * solver (total)             8.1E-003
 * total SCF                  1.9E-001
 Atomic guess: TE, ../../../../basis-sets/bse/def2-svpd.txt
 ----------------------------------------------------------
 E(HF) [a.u.]                            -2.6699777777E+002
 Tr(RhoAvg S), Cartesian AOs              2.4000000000E+001
 Tr(RhoAvg S), spherical AOs              2.4000000000E+001
 max|T RhoAvg T**T - RhoAvg_sao|                  3.33E-015
 max|c(RhoAvg) - c(Rho)|                          8.88E-016
 max|RhoAvg - Rho|                                1.49E-001
 Saved /mnt/storage_6/project_data/pl0415-03/marcin/beyond-rpa/guess/electron-densities/bse/def2-svpd/te.txt
 ----------------------------------------------------------------------------
                              SCF for I (2S+1=2)                             
 ----------------------------------------------------------------------------
 NUMBER OF ATOMS                         1
 CHARGE                                  0
 Prescreening (pq|pq) integrals for the Cholesky decomposition
 Shell pairs will be sorted according to their max elements
 Max diagonal integral MaxDrs=1.6E+000
 Applying Eq. 15 in J. Chem. Phys. 150, 194112 (2019); doi: 10.1063/1.5083802
 Schwarz inequality: Dpq<min(10**(-8),Tau)**2/MaxDrs=6.2E-017
 Trace of exact Coulomb matrix: 4.7E+001
 Trace of discarded integrals: 0.0E+000
 Discarded 0 out of 91 shell pairs
 (0 out of 630 orbital pairs)

 Step 1 of Cholesky decomposition: locating pivots
 -------------------------------------------------
 Dimensions of the Coulomb matrix: (630,630)
 Threshold for diagonal matrix elements: Dpq > 1.0E-007
 Max number of Cholesky vectors: 525
 Rk storage block size: 500
 Max dimension of 2e integrals buffer: (630,630)

 ----------------------------------------------------------------------------
 #    Dmax        Memory (MB)    NPivots     %    Time        
 ----------------------------------------------------------------------------
 1    1.6E-002    5.4E+000       52          10   2.8E-002    
 2    1.5E-004    5.2E+000       159         47   2.6E-002    
 3    1.3E-006    4.0E+000       200         87   2.1E-002    
 4    8.6E-008    9.9E-001       234         100  7.9E-003    

 Step 1 of the Cholesky decomposition completed
 Computed 234 pivots
 Largest residual Dpq: 8.6E-008
 NCholesky/NAO = 6.7E+000
 Step 1 of Cholesky decomposition completed in 8.3E-002 seconds
 Detailed timings in seconds
 Subtract prev contribs I (M-R**T*R)     1.6E-003
 Subtract prev contribs II (Rk)          2.7E-003
 Two-electron integrals                  7.6E-002
 Reallocation                            1.3E-003

 Step 2 of Cholesky decomposition completed in 7.6E-003 seconds
 Detailed timings in seconds
 Reduced-dimension matrix V    6.8E-003
 V=L*L**T                      3.7E-004
 L**(-1)                       4.4E-004

 Full-dimension Cholesky vectors of the Coulomb matrix will be stored in memory
 Cholesky vectors computed in 1.0E-002 seconds

 ┌─────────────────────────────────────────┐
 │          Self-consistent field          │
 └─────────────────────────────────────────┘

 Atomic orbital basis set
 . . . . . . . . . . . . . . . . . . . . . . . . . . . . . . . . . . . . . . 
 atomic centers                               1
 shell parameter sets                         13
 spherical AOs                                35
 max angular momentum                         2
 parameter set                                ../../../../basis-sets/bse/def2-svpd.txt
 . . . . . . . . . . . . . . . . . . . . . . . . . . . . . . . . . . . . . . 
 SCF guess: bare nuclei Hamiltonian
 Starting self-consistent field iterations (spin-unrestricted)
 Alpha electrons: 13
 Beta electrons: 12
 ----------------------------------------------------------------------------
 Exchange-correlation: Hartree-Fock
 ----------------------------------------------------------------------------
 Replicated-data parallel SCF
 ----------------------------
 Processes                               1
 Threads/process                         16
 Allocated 2.2E-004 GiB of scratch space for the KS matrix build
 ----------------------------------------------------------------------------
 Loaded pseudopotential parameters
 ----------------------------------------------------------------------------

 IODINE      
 Parameters file: ../../../../basis-sets/bse/def2-svpd.txt
 ECP accounts for 28 core electrons

          Coeff         R^n       Exponent                                       

 Local part

        -21.84204000      2        19.45860900                                   
        -28.46819100      2        19.34926000                                   
         -0.24371300      2         4.82376700                                   
         -0.32080400      2         4.88431500                                   

 L = 0

         49.99429300      2        40.01583500                                   
        281.02531700      2        17.42974700                                   
         61.57332600      2         9.00548400                                   
         21.84204000      2        19.45860900                                   
         28.46819100      2        19.34926000                                   
          0.24371300      2         4.82376700                                   
          0.32080400      2         4.88431500                                   

 L = 1

         67.44284100      2        15.35546600                                   
        134.88113700      2        14.97183300                                   
         14.67505100      2         8.96016400                                   
         29.37566600      2         8.25909600                                   
         21.84204000      2        19.45860900                                   
         28.46819100      2        19.34926000                                   
          0.24371300      2         4.82376700                                   
          0.32080400      2         4.88431500                                   

 L = 2

         35.43952900      2        15.06890800                                   
         53.17605700      2        14.55532200                                   
          9.06719500      2         6.71864700                                   
         13.20693700      2         6.45639300                                   
          0.08933500      2         1.19177900                                   
          0.05238000      2         1.29115700                                   
         21.84204000      2        19.45860900                                   
         28.46819100      2        19.34926000                                   
          0.24371300      2         4.82376700                                   
          0.32080400      2         4.88431500                                   

 ----------------------------------------------------------------------------
 Spherical harmonic basis contains 35 vectors
 Linear independence thresh: Eig(S) > 1.0E-006
 Computations will be carried out in the space of 35 MOs
 Threshold for J, K: |Rho(r,s)*(pq|rs)|,|Rho(q,s)*(pq|rs)| > 1.0E-011
 Convergence conditions
 ----------------------
 RhoDiff < 1.0E-006
 OrbGrad < 1.0E-006
 Max number of macroiters: 1024
 ------------------------------------------------------------------------------
 #           Energy        EDiff    RhoDiff  OrbGrad  OrbShift NStored Time     
 ------------------------------------------------------------------------------
 0           19.5928307893                                        0    3.0E-002 
 1         -293.4965309024           1.8E+01                      0    1.3E-002 
 2         -296.5593749821 -3.1E+00  3.4E+00  1.2E+00  5.8E-01    1    1.4E-002 
 3         -296.6490949238 -9.0E-02  4.3E-01  1.8E-01  0.0E+00    2    1.3E-002 
 4         -296.6504988293 -1.4E-03  5.5E-02  1.6E-02  0.0E+00    3    1.3E-002 
 5         -296.6505724931 -7.4E-05  1.9E-02  3.7E-03  0.0E+00    4    1.3E-002 
 6         -296.6505788273 -6.3E-06  3.8E-03  8.2E-04  0.0E+00    5    1.3E-002 
 7         -296.6505790765 -2.5E-07  5.7E-04  1.6E-04  0.0E+00    6    1.3E-002 
 8         -296.6505790875 -1.1E-08  1.5E-04  4.4E-05  0.0E+00    7    1.3E-002 
 9         -296.6505790877 -1.9E-10  1.4E-05  4.9E-06  0.0E+00    8    1.3E-002 
 10        -296.6505790877 -1.3E-11  3.8E-06  1.2E-06  0.0E+00    8    1.4E-002 
 11        -296.6505790877 -1.4E-12  1.5E-06  3.9E-07  0.0E+00    8    1.4E-002 
 Skipping trust radius update
 12        -296.6505790877  1.1E-13  1.1E-07  8.3E-08  0.0E+00    8    1.4E-002 
 ------------------------------------------------------------------------------
 SCF converged
 Converged energy                        -296.650579087667   
 ------------------------------------------------------------------------------
 Ehomo(Alpha) [eV]                       -10.908829093013    
 Elumo(Alpha) [eV]                       2.226739986303      
 Ehomo(Beta) [eV]                        -10.365511059236    
 Elumo(Beta) [eV]                        -1.602609589612     

 dipole moment (Debye)
        x              y              z       
     -6.901E-015     2.470E-015    -3.114E-016

 traceless quadrupole moment (Debye*Angs)
                       x              y              z       
 x                  -2.013E+000    -4.910E-001    -2.623E-001
 y                  -4.910E-001     2.713E+000     2.551E+000
 z                  -2.623E-001     2.551E+000    -7.006E-001

 ----------------------------------------------------------------------------
 Timings (seconds)
 * mean-field hamiltonian     1.6E-001
 * solver (setting up eqns)   3.2E-003
 * solver (energy estimate)   1.1E-003
 * solver (orthogonalization) 2.5E-004
 * solver (rotation matrix X) 2.6E-003
 * solver (exponential of X)  9.1E-004
 * solver (total)             8.4E-003
 * total SCF                  1.9E-001
 Atomic guess: I, ../../../../basis-sets/bse/def2-svpd.txt
 ---------------------------------------------------------
 E(HF) [a.u.]                            -2.9665057909E+002
 Tr(RhoAvg S), Cartesian AOs              2.5000000000E+001
 Tr(RhoAvg S), spherical AOs              2.5000000000E+001
 max|T RhoAvg T**T - RhoAvg_sao|                  2.89E-015
 max|c(RhoAvg) - c(Rho)|                          2.22E-016
 max|RhoAvg - Rho|                                1.51E-001
 Saved /mnt/storage_6/project_data/pl0415-03/marcin/beyond-rpa/guess/electron-densities/bse/def2-svpd/i.txt
 ----------------------------------------------------------------------------
                                  SCF for XE                                 
 ----------------------------------------------------------------------------
 NUMBER OF ATOMS                         1
 CHARGE                                  0
 Prescreening (pq|pq) integrals for the Cholesky decomposition
 Shell pairs will be sorted according to their max elements
 Max diagonal integral MaxDrs=4.6E+000
 Applying Eq. 15 in J. Chem. Phys. 150, 194112 (2019); doi: 10.1063/1.5083802
 Schwarz inequality: Dpq<min(10**(-8),Tau)**2/MaxDrs=2.2E-017
 Trace of exact Coulomb matrix: 1.1E+002
 Trace of discarded integrals: 0.0E+000
 Discarded 0 out of 190 shell pairs
 (0 out of 1770 orbital pairs)

 Step 1 of Cholesky decomposition: locating pivots
 -------------------------------------------------
 Dimensions of the Coulomb matrix: (1770,1770)
 Threshold for diagonal matrix elements: Dpq > 1.0E-007
 Max number of Cholesky vectors: 885
 Rk storage block size: 500
 Max dimension of 2e integrals buffer: (1770,1000)

 ----------------------------------------------------------------------------
 #    Dmax        Memory (MB)    NPivots     %    Time        
 ----------------------------------------------------------------------------
 1    4.3E-002    2.0E+001       40          4    5.2E-002    
 2    4.0E-004    2.0E+001       263         36   9.2E-002    
 3    4.0E-006    1.6E+001       375         84   6.3E-002    
 4    9.2E-008    7.7E+000       446         100  3.4E-002    

 Step 1 of the Cholesky decomposition completed
 Computed 446 pivots
 Largest residual Dpq: 9.2E-008
 NCholesky/NAO = 7.6E+000
 Step 1 of Cholesky decomposition completed in 2.4E-001 seconds
 Detailed timings in seconds
 Subtract prev contribs I (M-R**T*R)     8.0E-003
 Subtract prev contribs II (Rk)          1.3E-002
 Two-electron integrals                  2.1E-001
 Reallocation                            3.0E-003

 Step 2 of Cholesky decomposition completed in 2.5E-002 seconds
 Detailed timings in seconds
 Reduced-dimension matrix V    2.4E-002
 V=L*L**T                      6.7E-004
 L**(-1)                       1.0E-003

 Full-dimension Cholesky vectors of the Coulomb matrix will be stored in memory
 Cholesky vectors computed in 3.5E-002 seconds

 ┌─────────────────────────────────────────┐
 │          Self-consistent field          │
 └─────────────────────────────────────────┘

 Atomic orbital basis set
 . . . . . . . . . . . . . . . . . . . . . . . . . . . . . . . . . . . . . . 
 atomic centers                               1
 shell parameter sets                         19
 spherical AOs                                59
 max angular momentum                         3
 parameter set                                ../../../../basis-sets/bse/def2-svpd.txt
 . . . . . . . . . . . . . . . . . . . . . . . . . . . . . . . . . . . . . . 
 SCF guess: bare nuclei Hamiltonian
 Starting self-consistent field iterations (spin-restricted singlet)
 Alpha+beta electrons: 26
 ----------------------------------------------------------------------------
 Exchange-correlation: Hartree-Fock
 ----------------------------------------------------------------------------
 Replicated-data parallel SCF
 ----------------------------
 Processes                               1
 Threads/process                         16
 Allocated 3.9E-004 GiB of scratch space for the KS matrix build
 ----------------------------------------------------------------------------
 Loaded pseudopotential parameters
 ----------------------------------------------------------------------------

 XENON       
 Parameters file: ../../../../basis-sets/bse/def2-svpd.txt
 ECP accounts for 28 core electrons

          Coeff         R^n       Exponent                                       

 Local part

        -23.08929500      2        20.88155700                                   
        -30.07447500      2        20.78344300                                   
         -0.28822700      2         5.25338900                                   
         -0.38692400      2         5.36118800                                   

 L = 0

         49.99796200      2        40.00518400                                   
        281.01330300      2        17.81221400                                   
         61.53825500      2         9.30415000                                   
         23.08929500      2        20.88155700                                   
         30.07447500      2        20.78344300                                   
          0.28822700      2         5.25338900                                   
          0.38692400      2         5.36118800                                   

 L = 1

         67.43914200      2        15.70177200                                   
        134.87471100      2        15.25860800                                   
         14.66330000      2         9.29218400                                   
         29.35473000      2         8.55900300                                   
         23.08929500      2        20.88155700                                   
         30.07447500      2        20.78344300                                   
          0.28822700      2         5.25338900                                   
          0.38692400      2         5.36118800                                   

 L = 2

         35.43690800      2        15.18560000                                   
         53.19577200      2        14.28450000                                   
          9.04623200      2         7.12188900                                   
         13.22368100      2         6.99196300                                   
          0.08485300      2         0.62394600                                   
          0.04415500      2         0.64728400                                   
         23.08929500      2        20.88155700                                   
         30.07447500      2        20.78344300                                   
          0.28822700      2         5.25338900                                   
          0.38692400      2         5.36118800                                   

 ----------------------------------------------------------------------------
 Spherical harmonic basis contains 59 vectors
 Linear independence thresh: Eig(S) > 1.0E-006
 Computations will be carried out in the space of 59 MOs
 Threshold for J, K: |Rho(r,s)*(pq|rs)|,|Rho(q,s)*(pq|rs)| > 1.0E-011
 Convergence conditions
 ----------------------
 RhoDiff < 1.0E-006
 OrbGrad < 1.0E-006
 Max number of macroiters: 1024
 ------------------------------------------------------------------------------
 #           Energy        EDiff    RhoDiff  OrbGrad  OrbShift NStored Time     
 ------------------------------------------------------------------------------
 0           -9.4361054347                                        0    5.0E-002 
 1         -294.7679289039           1.1E+02                      0    2.8E-002 
 2         -315.8816973541 -2.1E+01  1.8E+01  3.1E+00  6.1E+00    1    3.0E-002 
 3         -320.8757389034 -5.0E+00  2.7E+00  1.5E+00  2.2E+00    2    3.0E-002 
 4         -323.7968064159 -2.9E+00  1.8E+00  2.9E-01  1.2E+00    3    3.1E-002 
 5         -325.9311975832 -2.1E+00  8.2E-01  2.7E-01  1.0E+00    4    3.2E-002 
 6         -327.8326248279 -1.9E+00  6.0E-01  3.1E-01  7.3E-01    5    3.2E-002 
 7         -328.2761492163 -4.4E-01  5.6E-01  2.1E-01  0.0E+00    6    3.0E-002 
 8         -328.2964473466 -2.0E-02  8.5E-02  4.0E-02  0.0E+00    7    3.0E-002 
 9         -328.2984237550 -2.0E-03  2.9E-02  1.1E-02  0.0E+00    8    3.0E-002 
 10        -328.2984404921 -1.7E-05  5.4E-03  1.6E-03  0.0E+00    8    2.9E-002 
 11        -328.2984410637 -5.7E-07  8.1E-04  3.3E-04  0.0E+00    8    2.9E-002 
 12        -328.2984410711 -7.4E-09  7.7E-05  3.5E-05  0.0E+00    8    2.9E-002 
 13        -328.2984410713 -1.4E-10  8.5E-06  5.1E-06  0.0E+00    8    2.9E-002 
 14        -328.2984410713 -6.8E-12  2.6E-06  8.4E-07  0.0E+00    8    2.9E-002 
 15        -328.2984410713 -2.3E-13  5.2E-07  2.0E-07  0.0E+00    8    3.0E-002 
 ------------------------------------------------------------------------------
 SCF converged
 Converged energy                        -328.298441071281   
 ------------------------------------------------------------------------------
 Ehomo [eV]                              -12.418135663965    
 Elumo [eV]                              1.731690393764      

 dipole moment (Debye)
        x              y              z       
      4.278E-016     2.209E-014    -5.251E-015

 traceless quadrupole moment (Debye*Angs)
                       x              y              z       
 x                   7.138E-007     8.017E-015     2.369E-007
 y                   8.017E-015    -1.179E-006     6.457E-015
 z                   2.369E-007     6.457E-015     4.655E-007

 ----------------------------------------------------------------------------
 Timings (seconds)
 * mean-field hamiltonian     4.5E-001
 * solver (setting up eqns)   5.4E-003
 * solver (energy estimate)   8.7E-004
 * solver (orthogonalization) 3.9E-004
 * solver (rotation matrix X) 7.2E-003
 * solver (exponential of X)  1.0E-002
 * solver (total)             2.5E-002
 * total SCF                  5.0E-001
 Atomic guess: XE, ../../../../basis-sets/bse/def2-svpd.txt
 ----------------------------------------------------------
 E(HF) [a.u.]                            -3.2829844107E+002
 Tr(RhoAvg S), Cartesian AOs              2.6000000000E+001
 Tr(RhoAvg S), spherical AOs              2.6000000000E+001
 max|T RhoAvg T**T - RhoAvg_sao|                  2.66E-015
 max|c(RhoAvg) - c(Rho)|                          8.88E-016
 max|RhoAvg - Rho|                                5.50E-007
 Saved /mnt/storage_6/project_data/pl0415-03/marcin/beyond-rpa/guess/electron-densities/bse/def2-svpd/xe.txt
 ----------------------------------------------------------------------------
                             SCF for CS (2S+1=2)                             
 ----------------------------------------------------------------------------
 NUMBER OF ATOMS                         1
 CHARGE                                  0
 Prescreening (pq|pq) integrals for the Cholesky decomposition
 Shell pairs will be sorted according to their max elements
 Max diagonal integral MaxDrs=1.3E+000
 Applying Eq. 15 in J. Chem. Phys. 150, 194112 (2019); doi: 10.1063/1.5083802
 Schwarz inequality: Dpq<min(10**(-8),Tau)**2/MaxDrs=7.7E-017
 Trace of exact Coulomb matrix: 1.4E+001
 Trace of discarded integrals: 0.0E+000
 Discarded 0 out of 66 shell pairs
 (0 out of 378 orbital pairs)

 Step 1 of Cholesky decomposition: locating pivots
 -------------------------------------------------
 Dimensions of the Coulomb matrix: (378,378)
 Threshold for diagonal matrix elements: Dpq > 1.0E-007
 Max number of Cholesky vectors: 378
 Rk storage block size: 500
 Max dimension of 2e integrals buffer: (378,378)

 ----------------------------------------------------------------------------
 #    Dmax        Memory (MB)    NPivots     %    Time        
 ----------------------------------------------------------------------------
 1    1.2E-002    2.5E+000       31          11   1.2E-003    
 2    1.0E-004    2.4E+000       111         52   1.8E-003    
 3    7.3E-007    1.4E+000       154         91   8.4E-004    
 4    4.5E-008    2.5E-001       170         100  2.1E-004    

 Step 1 of the Cholesky decomposition completed
 Computed 170 pivots
 Largest residual Dpq: 4.5E-008
 NCholesky/NAO = 6.3E+000
 Step 1 of Cholesky decomposition completed in 4.7E-003 seconds
 Detailed timings in seconds
 Subtract prev contribs I (M-R**T*R)     6.5E-004
 Subtract prev contribs II (Rk)          7.8E-004
 Two-electron integrals                  1.9E-003
 Reallocation                            2.7E-004

 Step 2 of Cholesky decomposition completed in 8.7E-004 seconds
 Detailed timings in seconds
 Reduced-dimension matrix V    3.6E-004
 V=L*L**T                      3.1E-004
 L**(-1)                       1.9E-004

 Full-dimension Cholesky vectors of the Coulomb matrix will be stored in memory
 Cholesky vectors computed in 1.0E-003 seconds

 ┌─────────────────────────────────────────┐
 │          Self-consistent field          │
 └─────────────────────────────────────────┘

 Atomic orbital basis set
 . . . . . . . . . . . . . . . . . . . . . . . . . . . . . . . . . . . . . . 
 atomic centers                               1
 shell parameter sets                         11
 spherical AOs                                27
 max angular momentum                         2
 parameter set                                ../../../../basis-sets/bse/def2-svpd.txt
 . . . . . . . . . . . . . . . . . . . . . . . . . . . . . . . . . . . . . . 
 SCF guess: bare nuclei Hamiltonian
 Starting self-consistent field iterations (spin-unrestricted)
 Alpha electrons: 5
 Beta electrons: 4
 ----------------------------------------------------------------------------
 Exchange-correlation: Hartree-Fock
 ----------------------------------------------------------------------------
 Replicated-data parallel SCF
 ----------------------------
 Processes                               1
 Threads/process                         16
 Allocated 1.3E-004 GiB of scratch space for the KS matrix build
 ----------------------------------------------------------------------------
 Loaded pseudopotential parameters
 ----------------------------------------------------------------------------

 CESIUM      
 Parameters file: ../../../../basis-sets/bse/def2-svpd.txt
 ECP accounts for 46 core electrons

          Coeff         R^n       Exponent                                       

 Local part

        -28.88430900      2         3.12326900                                   

 L = 0

         84.54773000      2         4.07975000                                   
         16.65417300      2         2.41740600                                   
         28.88430900      2         3.12326900                                   

 L = 1

        157.04905900      2         5.51408000                                   
         26.42330700      2         2.16031600                                   
         28.88430900      2         3.12326900                                   

 L = 2

         13.17275300      2         1.80741000                                   
          3.34283300      2         0.85818200                                   
         28.88430900      2         3.12326900                                   

 ----------------------------------------------------------------------------
 Spherical harmonic basis contains 27 vectors
 Linear independence thresh: Eig(S) > 1.0E-006
 Computations will be carried out in the space of 27 MOs
 Threshold for J, K: |Rho(r,s)*(pq|rs)|,|Rho(q,s)*(pq|rs)| > 1.0E-011
 Convergence conditions
 ----------------------
 RhoDiff < 1.0E-006
 OrbGrad < 1.0E-006
 Max number of macroiters: 1024
 ------------------------------------------------------------------------------
 #           Energy        EDiff    RhoDiff  OrbGrad  OrbShift NStored Time     
 ------------------------------------------------------------------------------
 0           -4.5869917949                                        0    2.1E-002 
 1          -19.0842597050           1.2E+01                      0    4.4E-003 
 2          -19.8160919736 -7.3E-01  6.8E+00  3.2E-01  3.7E-01    1    5.1E-003 
 3          -19.8518616883 -3.6E-02  1.0E+00  5.6E-02  0.0E+00    2    4.7E-003 
 4          -19.8550352709 -3.2E-03  8.5E-01  1.5E-02  0.0E+00    3    4.8E-003 
 5          -19.8551882116 -1.5E-04  9.6E-02  3.9E-03  0.0E+00    4    4.9E-003 
 6          -19.8551963742 -8.2E-06  1.2E-02  1.1E-03  0.0E+00    5    4.9E-003 
 7          -19.8551967420 -3.7E-07  1.0E-03  1.5E-04  0.0E+00    6    4.9E-003 
 8          -19.8551967643 -2.2E-08  2.1E-04  3.8E-05  0.0E+00    7    5.0E-003 
 9          -19.8551967653 -1.0E-09  4.3E-05  1.6E-05  0.0E+00    8    5.0E-003 
 10         -19.8551967654 -1.0E-10  1.1E-05  4.0E-06  0.0E+00    8    5.0E-003 
 11         -19.8551967654 -1.2E-11  4.4E-06  1.2E-06  0.0E+00    8    5.0E-003 
 12         -19.8551967654 -4.1E-13  1.1E-06  3.6E-07  0.0E+00    8    5.0E-003 
 13         -19.8551967654 -3.6E-14  3.8E-07  9.3E-08  0.0E+00    8    5.0E-003 
 ------------------------------------------------------------------------------
 SCF converged
 Converged energy                        -19.855196765413    
 ------------------------------------------------------------------------------
 Ehomo(Alpha) [eV]                       -3.507365983420     
 Elumo(Alpha) [eV]                       0.128990568582      
 Ehomo(Beta) [eV]                        -18.451154455457    
 Elumo(Beta) [eV]                        0.220462872239      

 dipole moment (Debye)
        x              y              z       
     -1.615E-014    -2.498E-015     8.162E-016

 traceless quadrupole moment (Debye*Angs)
                       x              y              z       
 x                  -5.801E-006    -5.566E-015     4.085E-007
 y                  -5.566E-015     1.219E-005    -1.080E-016
 z                   4.085E-007    -1.080E-016    -6.389E-006

 ----------------------------------------------------------------------------
 Timings (seconds)
 * mean-field hamiltonian     6.1E-002
 * solver (setting up eqns)   2.6E-003
 * solver (energy estimate)   1.2E-003
 * solver (orthogonalization) 2.3E-004
 * solver (rotation matrix X) 1.8E-003
 * solver (exponential of X)  6.7E-004
 * solver (total)             6.8E-003
 * total SCF                  8.7E-002
 Atomic guess: CS, ../../../../basis-sets/bse/def2-svpd.txt
 ----------------------------------------------------------
 E(HF) [a.u.]                            -1.9855196765E+001
 Tr(RhoAvg S), Cartesian AOs              9.0000000000E+000
 Tr(RhoAvg S), spherical AOs              9.0000000000E+000
 max|T RhoAvg T**T - RhoAvg_sao|                  2.78E-017
 max|c(RhoAvg) - c(Rho)|                          2.22E-016
 max|RhoAvg - Rho|                                1.87E-007
 Saved /mnt/storage_6/project_data/pl0415-03/marcin/beyond-rpa/guess/electron-densities/bse/def2-svpd/cs.txt
 ----------------------------------------------------------------------------
                                  SCF for BA                                 
 ----------------------------------------------------------------------------
 NUMBER OF ATOMS                         1
 CHARGE                                  0
 Prescreening (pq|pq) integrals for the Cholesky decomposition
 Shell pairs will be sorted according to their max elements
 Max diagonal integral MaxDrs=1.1E+000
 Applying Eq. 15 in J. Chem. Phys. 150, 194112 (2019); doi: 10.1063/1.5083802
 Schwarz inequality: Dpq<min(10**(-8),Tau)**2/MaxDrs=9.1E-017
 Trace of exact Coulomb matrix: 2.0E+001
 Trace of discarded integrals: 0.0E+000
 Discarded 0 out of 66 shell pairs
 (0 out of 561 orbital pairs)

 Step 1 of Cholesky decomposition: locating pivots
 -------------------------------------------------
 Dimensions of the Coulomb matrix: (561,561)
 Threshold for diagonal matrix elements: Dpq > 1.0E-007
 Max number of Cholesky vectors: 495
 Rk storage block size: 500
 Max dimension of 2e integrals buffer: (561,561)

 ----------------------------------------------------------------------------
 #    Dmax        Memory (MB)    NPivots     %    Time        
 ----------------------------------------------------------------------------
 1    1.1E-002    4.5E+000       60          12   5.9E-002    
 2    1.1E-004    4.3E+000       170         37   6.7E-002    
 3    9.2E-007    3.1E+000       250         87   1.6E-002    
 4    9.5E-008    1.1E+000       276         100  7.5E-003    

 Step 1 of the Cholesky decomposition completed
 Computed 276 pivots
 Largest residual Dpq: 9.5E-008
 NCholesky/NAO = 8.4E+000
 Step 1 of Cholesky decomposition completed in 1.5E-001 seconds
 Detailed timings in seconds
 Subtract prev contribs I (M-R**T*R)     2.5E-003
 Subtract prev contribs II (Rk)          3.7E-003
 Two-electron integrals                  1.4E-001
 Reallocation                            1.2E-003

 Step 2 of Cholesky decomposition completed in 2.1E-002 seconds
 Detailed timings in seconds
 Reduced-dimension matrix V    2.0E-002
 V=L*L**T                      4.2E-004
 L**(-1)                       4.5E-004

 Full-dimension Cholesky vectors of the Coulomb matrix will be stored in memory
 Cholesky vectors computed in 3.1E-002 seconds

 ┌─────────────────────────────────────────┐
 │          Self-consistent field          │
 └─────────────────────────────────────────┘

 Atomic orbital basis set
 . . . . . . . . . . . . . . . . . . . . . . . . . . . . . . . . . . . . . . 
 atomic centers                               1
 shell parameter sets                         11
 spherical AOs                                33
 max angular momentum                         3
 parameter set                                ../../../../basis-sets/bse/def2-svpd.txt
 . . . . . . . . . . . . . . . . . . . . . . . . . . . . . . . . . . . . . . 
 SCF guess: bare nuclei Hamiltonian
 Starting self-consistent field iterations (spin-restricted singlet)
 Alpha+beta electrons: 10
 ----------------------------------------------------------------------------
 Exchange-correlation: Hartree-Fock
 ----------------------------------------------------------------------------
 Replicated-data parallel SCF
 ----------------------------
 Processes                               1
 Threads/process                         16
 Allocated 1.2E-004 GiB of scratch space for the KS matrix build
 ----------------------------------------------------------------------------
 Loaded pseudopotential parameters
 ----------------------------------------------------------------------------

 BARIUM      
 Parameters file: ../../../../basis-sets/bse/def2-svpd.txt
 ECP accounts for 46 core electrons

          Coeff         R^n       Exponent                                       

 Local part

        -33.47317400      2         3.58946500                                   

 L = 0

        427.84581600      2         9.52698600                                   
        204.41753000      2         4.48751000                                   
         33.47317400      2         3.58946500                                   

 L = 1

        293.60586400      2         8.31593000                                   
        294.19331600      2         4.29221700                                   
         33.47317400      2         3.58946500                                   

 L = 2

        112.55040200      2         5.91610800                                   
        181.78262100      2         2.87484200                                   
         33.47317400      2         3.58946500                                   

 ----------------------------------------------------------------------------
 Spherical harmonic basis contains 33 vectors
 Linear independence thresh: Eig(S) > 1.0E-006
 Computations will be carried out in the space of 33 MOs
 Threshold for J, K: |Rho(r,s)*(pq|rs)|,|Rho(q,s)*(pq|rs)| > 1.0E-011
 Convergence conditions
 ----------------------
 RhoDiff < 1.0E-006
 OrbGrad < 1.0E-006
 Max number of macroiters: 1024
 ------------------------------------------------------------------------------
 #           Energy        EDiff    RhoDiff  OrbGrad  OrbShift NStored Time     
 ------------------------------------------------------------------------------
 0           -6.7976337887                                        0    2.4E-002 
 1          -23.3129329512           1.4E+01                      0    3.9E-003 
 2          -23.9498948059 -6.4E-01  8.5E-01  4.1E-01  7.5E-01    1    4.2E-003 
 3          -24.0355486958 -8.6E-02  2.4E-01  1.3E-01  5.8E-01    2    4.1E-003 
 4          -24.0509102024 -1.5E-02  7.6E-02  3.6E-02  5.1E-01    3    4.2E-003 
 5          -24.0601316964 -9.2E-03  1.4E-01  1.8E-02  4.8E-01    4    4.7E-003 
 6          -24.0857854972 -2.6E-02  1.6E-01  4.0E-02  9.6E-01    5    5.4E-003 
 7          -24.1397159307 -5.4E-02  1.7E-01  9.0E-02  1.3E+00    6    5.6E-003 
 8          -24.2311736689 -9.1E-02  2.1E-01  1.4E-01  1.4E+00    7    6.0E-003 
 9          -24.3639203991 -1.3E-01  2.9E-01  1.4E-01  1.4E+00    8    6.2E-003 
 10         -24.5293847052 -1.7E-01  3.3E-01  2.1E-01  1.1E+00    8    6.4E-003 
 11         -24.7012809671 -1.7E-01  2.6E-01  1.9E-01  7.2E-01    8    6.3E-003 
 12         -24.8405959364 -1.4E-01  3.1E-01  1.5E-01  3.5E-01    8    6.2E-003 
 13         -24.9106905576 -7.0E-02  7.2E-01  8.5E-02  8.6E-02    8    5.9E-003 
 14         -24.9149262405 -4.2E-03  4.1E-01  1.1E-02  0.0E+00    8    4.4E-003 
 15         -24.9149497576 -2.4E-05  2.7E-02  1.5E-03  0.0E+00    8    4.4E-003 
 16         -24.9149499985 -2.4E-07  1.1E-03  1.0E-04  0.0E+00    8    4.3E-003 
 17         -24.9149500111 -1.3E-08  4.1E-04  1.5E-05  0.0E+00    8    4.3E-003 
 18         -24.9149500122 -1.1E-09  1.1E-04  5.2E-06  0.0E+00    8    4.3E-003 
 19         -24.9149500127 -4.8E-10  3.9E-05  3.2E-06  0.0E+00    8    4.3E-003 
 20         -24.9149500210 -8.3E-09  2.6E-04  2.5E-06  0.0E+00    8    4.4E-003 
 21         -24.9149500848 -6.4E-08  5.8E-04  1.3E-05  0.0E+00    8    4.4E-003 
 22         -24.9149505854 -5.0E-07  1.6E-03  3.8E-05  0.0E+00    8    4.4E-003 
 23         -24.9149545359 -4.0E-06  4.6E-03  1.1E-04  0.0E+00    8    4.4E-003 
 24         -24.9149857110 -3.1E-05  1.3E-02  3.0E-04  0.0E+00    8    4.4E-003 
 25         -24.9151418221 -1.6E-04  2.7E-02  8.4E-04  1.4E-02    8    4.4E-003 
 26         -24.9155201500 -3.8E-04  3.9E-02  1.9E-03  1.9E-01    8    6.2E-003 
 27         -24.9162167004 -7.0E-04  4.6E-02  3.7E-03  2.3E-01    8    6.2E-003 
 28         -24.9174066240 -1.2E-03  5.3E-02  5.6E-03  2.7E-01    8    6.4E-003 
 29         -24.9193283650 -1.9E-03  6.0E-02  7.9E-03  2.9E-01    8    6.4E-003 
 30         -24.9223154200 -3.0E-03  6.8E-02  1.0E-02  3.1E-01    8    6.2E-003 
 31         -24.9268055153 -4.5E-03  7.6E-02  1.3E-02  3.2E-01    8    6.3E-003 
 32         -24.9333487383 -6.5E-03  8.3E-02  1.6E-02  3.2E-01    8    6.1E-003 
 33         -24.9425680957 -9.2E-03  1.2E-01  2.0E-02  3.1E-01    8    6.1E-003 
 34         -24.9550473798 -1.2E-02  1.6E-01  2.3E-02  2.9E-01    8    6.1E-003 
 35         -24.9711607739 -1.6E-02  2.0E-01  2.5E-02  2.5E-01    8    6.0E-003 
 36         -24.9909866410 -2.0E-02  2.2E-01  2.7E-02  2.1E-01    8    6.0E-003 
 37         -25.0144359097 -2.3E-02  2.1E-01  2.9E-02  1.7E-01    8    5.9E-003 
 38         -25.0408455285 -2.6E-02  2.0E-01  2.9E-02  1.4E-01    8    5.8E-003 
 39         -25.0648061297 -2.4E-02  2.4E-01  2.6E-02  8.0E-02    8    5.9E-003 
 40         -25.0706094788 -5.8E-03  1.4E-01  1.3E-02  0.0E+00    8    4.4E-003 
 41         -25.0708898036 -2.8E-04  5.6E-02  2.6E-03  0.0E+00    8    4.4E-003 
 42         -25.0708970321 -7.2E-06  1.4E-02  5.2E-04  0.0E+00    8    4.4E-003 
 43         -25.0708970609 -2.9E-08  1.2E-03  3.0E-05  0.0E+00    8    4.3E-003 
 44         -25.0708970613 -4.4E-10  1.6E-04  4.1E-06  0.0E+00    8    4.3E-003 
 45         -25.0708970614 -4.5E-11  4.1E-05  9.6E-07  0.0E+00    8    4.3E-003 
 46         -25.0708970614 -5.7E-12  7.0E-06  4.0E-07  0.0E+00    8    4.3E-003 
 47         -25.0708970614 -1.2E-12  1.8E-06  2.1E-07  0.0E+00    8    4.4E-003 
 48         -25.0708970614 -5.2E-13  1.1E-06  1.3E-07  0.0E+00    8    4.4E-003 
 49         -25.0708970614 -2.6E-13  1.2E-06  7.0E-08  0.0E+00    8    4.3E-003 
 50         -25.0708970614 -3.6E-15  3.7E-07  2.0E-08  0.0E+00    8    4.3E-003 
 ------------------------------------------------------------------------------
 SCF converged
 Converged energy                        -25.070897061379    
 ------------------------------------------------------------------------------
 Ehomo [eV]                              -4.408636761368     
 Elumo [eV]                              0.381234885351      

 dipole moment (Debye)
        x              y              z       
      5.198E-008    -1.927E-007     1.475E-007

 traceless quadrupole moment (Debye*Angs)
                       x              y              z       
 x                   1.294E-005     2.162E-007     8.319E-007
 y                   2.162E-007    -2.066E-005    -6.879E-007
 z                   8.319E-007    -6.879E-007     7.711E-006

 ----------------------------------------------------------------------------
 Timings (seconds)
 * mean-field hamiltonian     2.0E-001
 * solver (setting up eqns)   9.6E-003
 * solver (energy estimate)   3.5E-003
 * solver (orthogonalization) 6.2E-004
 * solver (rotation matrix X) 4.4E-002
 * solver (exponential of X)  2.3E-003
 * solver (total)             6.1E-002
 * total SCF                  2.8E-001
 Atomic guess: BA, ../../../../basis-sets/bse/def2-svpd.txt
 ----------------------------------------------------------
 E(HF) [a.u.]                            -2.5070897061E+001
 Tr(RhoAvg S), Cartesian AOs              1.0000000000E+001
 Tr(RhoAvg S), spherical AOs              1.0000000000E+001
 max|T RhoAvg T**T - RhoAvg_sao|                  6.66E-016
 max|c(RhoAvg) - c(Rho)|                          4.44E-016
 max|RhoAvg - Rho|                                3.31E-007
 Saved /mnt/storage_6/project_data/pl0415-03/marcin/beyond-rpa/guess/electron-densities/bse/def2-svpd/ba.txt
 ----------------------------------------------------------------------------
                             SCF for LA (2S+1=2)                             
 ----------------------------------------------------------------------------
 NUMBER OF ATOMS                         1
 CHARGE                                  0
 Prescreening (pq|pq) integrals for the Cholesky decomposition
 Shell pairs will be sorted according to their max elements
 Max diagonal integral MaxDrs=2.1E+000
 Applying Eq. 15 in J. Chem. Phys. 150, 194112 (2019); doi: 10.1063/1.5083802
 Schwarz inequality: Dpq<min(10**(-8),Tau)**2/MaxDrs=4.7E-017
 Trace of exact Coulomb matrix: 3.0E+001
 Trace of discarded integrals: 0.0E+000
 Discarded 0 out of 91 shell pairs
 (0 out of 630 orbital pairs)

 Step 1 of Cholesky decomposition: locating pivots
 -------------------------------------------------
 Dimensions of the Coulomb matrix: (630,630)
 Threshold for diagonal matrix elements: Dpq > 1.0E-007
 Max number of Cholesky vectors: 525
 Rk storage block size: 500
 Max dimension of 2e integrals buffer: (630,630)

 ----------------------------------------------------------------------------
 #    Dmax        Memory (MB)    NPivots     %    Time        
 ----------------------------------------------------------------------------
 1    2.1E-002    5.4E+000       27          4    1.6E-002    
 2    2.1E-004    5.3E+000       140         31   1.2E-002    
 3    2.0E-006    4.4E+000       215         76   1.4E-002    
 4    9.9E-008    2.3E+000       270         100  6.6E-003    

 Step 1 of the Cholesky decomposition completed
 Computed 270 pivots
 Largest residual Dpq: 9.9E-008
 NCholesky/NAO = 7.7E+000
 Step 1 of Cholesky decomposition completed in 5.0E-002 seconds
 Detailed timings in seconds
 Subtract prev contribs I (M-R**T*R)     2.9E-003
 Subtract prev contribs II (Rk)          3.7E-003
 Two-electron integrals                  3.9E-002
 Reallocation                            1.0E-003

 Step 2 of Cholesky decomposition completed in 4.1E-003 seconds
 Detailed timings in seconds
 Reduced-dimension matrix V    3.2E-003
 V=L*L**T                      4.1E-004
 L**(-1)                       4.6E-004

 Full-dimension Cholesky vectors of the Coulomb matrix will be stored in memory
 Cholesky vectors computed in 5.9E-003 seconds

 ┌─────────────────────────────────────────┐
 │          Self-consistent field          │
 └─────────────────────────────────────────┘

 Atomic orbital basis set
 . . . . . . . . . . . . . . . . . . . . . . . . . . . . . . . . . . . . . . 
 atomic centers                               1
 shell parameter sets                         13
 spherical AOs                                35
 max angular momentum                         3
 parameter set                                ../../../../basis-sets/bse/def2-svpd.txt
 . . . . . . . . . . . . . . . . . . . . . . . . . . . . . . . . . . . . . . 
 SCF guess: bare nuclei Hamiltonian
 Starting self-consistent field iterations (spin-unrestricted)
 Alpha electrons: 6
 Beta electrons: 5
 ----------------------------------------------------------------------------
 Exchange-correlation: Hartree-Fock
 ----------------------------------------------------------------------------
 Replicated-data parallel SCF
 ----------------------------
 Processes                               1
 Threads/process                         16
 Allocated 2.4E-004 GiB of scratch space for the KS matrix build
 ----------------------------------------------------------------------------
 Loaded pseudopotential parameters
 ----------------------------------------------------------------------------

 LANTHANUM   
 Parameters file: ../../../../basis-sets/bse/def2-svpd.txt
 ECP accounts for 46 core electrons

          Coeff         R^n       Exponent                                       

 Local part

        -36.01001600      2         4.02860000                                   

 L = 0

         91.93217700      2         3.30990000                                   
         -3.78876400      2         1.65500000                                   
         36.01001600      2         4.02860000                                   

 L = 1

         63.75948600      2         2.83680000                                   
         -0.64795800      2         1.41840000                                   
         36.01001600      2         4.02860000                                   

 L = 2

         36.11617300      2         2.02130000                                   
          0.21911400      2         1.01070000                                   
         36.01001600      2         4.02860000                                   

 ----------------------------------------------------------------------------
 Spherical harmonic basis contains 35 vectors
 Linear independence thresh: Eig(S) > 1.0E-006
 Computations will be carried out in the space of 35 MOs
 Threshold for J, K: |Rho(r,s)*(pq|rs)|,|Rho(q,s)*(pq|rs)| > 1.0E-011
 Convergence conditions
 ----------------------
 RhoDiff < 1.0E-006
 OrbGrad < 1.0E-006
 Max number of macroiters: 1024
 ------------------------------------------------------------------------------
 #           Energy        EDiff    RhoDiff  OrbGrad  OrbShift NStored Time     
 ------------------------------------------------------------------------------
 0           20.1322264633                                        0    2.9E-002 
 1          -30.4902591886           3.6E+01                      0    9.0E-003 
 2          -30.9904127125 -5.0E-01  9.1E-01  2.6E-01  1.4E-01    1    9.8E-003 
 3          -30.9979838807 -7.6E-03  7.6E-02  2.4E-02  0.0E+00    2    9.4E-003 
 4          -31.0032148984 -5.2E-03  1.0E-01  1.0E-02  0.0E+00    3    9.5E-003 
 5          -31.0176199563 -1.4E-02  2.4E-01  1.3E-02  3.7E-02    4    1.1E-002 
 6          -31.0276455793 -1.0E-02  2.7E-01  1.2E-02  8.7E-03    5    1.1E-002 
 7          -31.0285066878 -8.6E-04  6.6E-02  9.1E-03  0.0E+00    6    9.5E-003 
 8          -31.0286323982 -1.3E-04  4.8E-02  2.7E-03  0.0E+00    7    9.6E-003 
 9          -31.0286518807 -1.9E-05  1.1E-02  1.1E-03  0.0E+00    8    9.6E-003 
 10         -31.0286540342 -2.2E-06  2.0E-03  3.8E-04  0.0E+00    8    9.8E-003 
 11         -31.0286543875 -3.5E-07  2.0E-03  1.6E-04  0.0E+00    8    9.7E-003 
 12         -31.0286544034 -1.6E-08  2.3E-04  3.2E-05  0.0E+00    8    9.7E-003 
 13         -31.0286544051 -1.7E-09  2.4E-05  6.6E-06  0.0E+00    8    9.7E-003 
 14         -31.0286544077 -2.7E-09  2.7E-05  9.1E-06  0.0E+00    8    9.7E-003 
 15         -31.0286544125 -4.7E-09  3.6E-05  1.2E-05  0.0E+00    8    9.7E-003 
 16         -31.0286544209 -8.4E-09  4.8E-05  1.6E-05  0.0E+00    8    9.7E-003 
 17         -31.0286544360 -1.5E-08  6.4E-05  2.2E-05  0.0E+00    8    9.8E-003 
 18         -31.0286544629 -2.7E-08  8.5E-05  2.9E-05  0.0E+00    8    9.7E-003 
 19         -31.0286545112 -4.8E-08  1.1E-04  3.9E-05  0.0E+00    8    9.8E-003 
 20         -31.0286545975 -8.6E-08  1.5E-04  5.2E-05  0.0E+00    8    9.8E-003 
 21         -31.0286550040 -4.1E-07  5.3E-04  7.0E-05  1.6E-01    8    1.3E-002 
 22         -31.0286557868 -7.8E-07  6.6E-04  1.3E-04  2.2E-01    8    1.3E-002 
 23         -31.0286571493 -1.4E-06  7.2E-04  2.0E-04  2.6E-01    8    1.3E-002 
 24         -31.0286593953 -2.2E-06  8.4E-04  2.8E-04  2.9E-01    8    1.3E-002 
 25         -31.0286629745 -3.6E-06  9.9E-04  3.8E-04  3.1E-01    8    1.3E-002 
 26         -31.0286685387 -5.6E-06  1.2E-03  5.1E-04  3.4E-01    8    1.3E-002 
 27         -31.0286770477 -8.5E-06  1.4E-03  6.5E-04  3.5E-01    8    1.3E-002 
 28         -31.0286898793 -1.3E-05  1.7E-03  8.3E-04  3.7E-01    8    1.3E-002 
 29         -31.0287090733 -1.9E-05  2.1E-03  1.0E-03  3.8E-01    8    1.3E-002 
 30         -31.0287375522 -2.8E-05  2.5E-03  1.3E-03  3.9E-01    8    1.3E-002 
 31         -31.0287795894 -4.2E-05  3.0E-03  1.6E-03  4.0E-01    8    1.3E-002 
 32         -31.0288413028 -6.2E-05  3.7E-03  1.9E-03  4.1E-01    8    1.3E-002 
 33         -31.0289315138 -9.0E-05  4.4E-03  2.4E-03  4.2E-01    8    1.3E-002 
 34         -31.0290629219 -1.3E-04  5.4E-03  2.9E-03  4.2E-01    8    1.3E-002 
 35         -31.0292539633 -1.9E-04  6.5E-03  3.5E-03  4.2E-01    8    1.3E-002 
 36         -31.0295306122 -2.8E-04  7.9E-03  4.2E-03  4.2E-01    8    1.3E-002 
 37         -31.0299301072 -4.0E-04  9.6E-03  5.1E-03  4.3E-01    8    1.3E-002 
 38         -31.0305046285 -5.7E-04  1.2E-02  6.1E-03  4.2E-01    8    1.4E-002 
 39         -31.0313271664 -8.2E-04  1.4E-02  7.3E-03  4.2E-01    8    1.3E-002 
 40         -31.0324992081 -1.2E-03  1.7E-02  8.7E-03  4.2E-01    8    1.3E-002 
 41         -31.0341558430 -1.7E-03  2.1E-02  1.0E-02  4.1E-01    8    1.3E-002 
 42         -31.0364726758 -2.3E-03  2.6E-02  1.2E-02  3.9E-01    8    1.3E-002 
 43         -31.0396643811 -3.2E-03  3.1E-02  1.3E-02  3.7E-01    8    1.3E-002 
 44         -31.0439599758 -4.3E-03  3.8E-02  1.4E-02  3.5E-01    8    1.3E-002 
 45         -31.0495542263 -5.6E-03  4.5E-02  1.4E-02  3.1E-01    8    1.3E-002 
 46         -31.0564793946 -6.9E-03  5.2E-02  1.5E-02  2.6E-01    8    1.3E-002 
 47         -31.0644158220 -7.9E-03  6.2E-02  1.6E-02  2.0E-01    8    1.3E-002 
 48         -31.0724515682 -8.0E-03  8.2E-02  1.5E-02  1.3E-01    8    1.3E-002 
 49         -31.0791152377 -6.7E-03  1.0E-01  1.2E-02  6.5E-02    8    1.2E-002 
 50         -31.0829534449 -3.8E-03  1.4E-01  8.2E-03  1.5E-02    8    1.3E-002 
 51         -31.0834158666 -4.6E-04  6.4E-02  3.4E-03  0.0E+00    8    9.8E-003 
 52         -31.0834330359 -1.7E-05  9.3E-03  6.7E-04  0.0E+00    8    9.7E-003 
 53         -31.0834362228 -3.2E-06  2.9E-03  3.6E-04  0.0E+00    8    9.7E-003 
 54         -31.0834388952 -2.7E-06  5.1E-03  2.7E-04  0.0E+00    8    9.7E-003 
 55         -31.0834394769 -5.8E-07  1.9E-03  1.1E-04  0.0E+00    8    9.7E-003 
 56         -31.0834395278 -5.1E-08  4.3E-04  3.7E-05  0.0E+00    8    9.7E-003 
 57         -31.0834395500 -2.2E-08  1.9E-04  2.2E-05  0.0E+00    8    9.7E-003 
 58         -31.0834395548 -4.8E-09  1.6E-04  1.3E-05  0.0E+00    8    9.7E-003 
 59         -31.0834395553 -4.6E-10  3.7E-05  3.0E-06  0.0E+00    8    9.7E-003 
 60         -31.0834395553 -4.0E-11  9.0E-06  1.4E-06  0.0E+00    8    9.7E-003 
 61         -31.0834395553 -6.0E-12  4.9E-06  5.4E-07  0.0E+00    8    9.6E-003 
 62         -31.0834395553 -2.0E-13  1.0E-06  1.1E-07  0.0E+00    8    9.7E-003 
 63         -31.0834395553  3.6E-15  1.9E-07  2.0E-08  0.0E+00    8    9.7E-003 
 63*        -31.0834395553 -1.4E-14  1.4E-07  2.0E-08  8.9E-02    8    1.2E-002 
 ------------------------------------------------------------------------------
 SCF converged
 Converged energy                        -31.083439555302    
 ------------------------------------------------------------------------------
 Ehomo(Alpha) [eV]                       -5.111271017653     
 Elumo(Alpha) [eV]                       0.482568573450      
 Ehomo(Beta) [eV]                        -5.028475325994     
 Elumo(Beta) [eV]                        0.445837282718      

 dipole moment (Debye)
        x              y              z       
     -2.687E-014     3.638E-015     2.652E-013

 traceless quadrupole moment (Debye*Angs)
                       x              y              z       
 x                  -9.875E-001     1.573E-009    -1.991E-006
 y                   1.573E-009     4.937E-001    -1.507E-009
 z                  -1.991E-006    -1.507E-009     4.937E-001

 ----------------------------------------------------------------------------
 Timings (seconds)
 * mean-field hamiltonian     5.7E-001
 * solver (setting up eqns)   2.4E-002
 * solver (energy estimate)   8.9E-003
 * solver (orthogonalization) 1.5E-003
 * solver (rotation matrix X) 1.2E-001
 * solver (exponential of X)  5.4E-003
 * solver (total)             1.6E-001
 * total SCF                  7.6E-001
 Atomic guess: LA, ../../../../basis-sets/bse/def2-svpd.txt
 ----------------------------------------------------------
 E(HF) [a.u.]                            -3.1083439555E+001
 Tr(RhoAvg S), Cartesian AOs              1.1000000000E+001
 Tr(RhoAvg S), spherical AOs              1.1000000000E+001
 max|T RhoAvg T**T - RhoAvg_sao|                  2.22E-016
 max|c(RhoAvg) - c(Rho)|                          8.33E-017
 max|RhoAvg - Rho|                                4.27E-001
 Saved /mnt/storage_6/project_data/pl0415-03/marcin/beyond-rpa/guess/electron-densities/bse/def2-svpd/la.txt
 ----------------------------------------------------------------------------
                             SCF for HF (2S+1=3)                             
 ----------------------------------------------------------------------------
 NUMBER OF ATOMS                         1
 CHARGE                                  0
 Prescreening (pq|pq) integrals for the Cholesky decomposition
 Shell pairs will be sorted according to their max elements
 Max diagonal integral MaxDrs=3.4E+000
 Applying Eq. 15 in J. Chem. Phys. 150, 194112 (2019); doi: 10.1063/1.5083802
 Schwarz inequality: Dpq<min(10**(-8),Tau)**2/MaxDrs=3.0E-017
 Trace of exact Coulomb matrix: 3.7E+001
 Trace of discarded integrals: 0.0E+000
 Discarded 0 out of 91 shell pairs
 (0 out of 630 orbital pairs)

 Step 1 of Cholesky decomposition: locating pivots
 -------------------------------------------------
 Dimensions of the Coulomb matrix: (630,630)
 Threshold for diagonal matrix elements: Dpq > 1.0E-007
 Max number of Cholesky vectors: 525
 Rk storage block size: 500
 Max dimension of 2e integrals buffer: (630,630)

 ----------------------------------------------------------------------------
 #    Dmax        Memory (MB)    NPivots     %    Time        
 ----------------------------------------------------------------------------
 1    3.1E-002    5.4E+000       19          3    8.6E-003    
 2    3.1E-004    5.3E+000       144         31   1.1E-002    
 3    2.6E-006    4.6E+000       223         71   7.4E-003    
 4    9.7E-008    2.6E+000       274         100  3.2E-003    

 Step 1 of the Cholesky decomposition completed
 Computed 274 pivots
 Largest residual Dpq: 9.7E-008
 NCholesky/NAO = 7.8E+000
 Step 1 of Cholesky decomposition completed in 3.0E-002 seconds
 Detailed timings in seconds
 Subtract prev contribs I (M-R**T*R)     2.7E-003
 Subtract prev contribs II (Rk)          3.1E-003
 Two-electron integrals                  2.2E-002
 Reallocation                            4.4E-004

 Step 2 of Cholesky decomposition completed in 4.1E-003 seconds
 Detailed timings in seconds
 Reduced-dimension matrix V    3.2E-003
 V=L*L**T                      4.1E-004
 L**(-1)                       4.6E-004

 Full-dimension Cholesky vectors of the Coulomb matrix will be stored in memory
 Cholesky vectors computed in 6.3E-003 seconds

 ┌─────────────────────────────────────────┐
 │          Self-consistent field          │
 └─────────────────────────────────────────┘

 Atomic orbital basis set
 . . . . . . . . . . . . . . . . . . . . . . . . . . . . . . . . . . . . . . 
 atomic centers                               1
 shell parameter sets                         13
 spherical AOs                                35
 max angular momentum                         3
 parameter set                                ../../../../basis-sets/bse/def2-svpd.txt
 . . . . . . . . . . . . . . . . . . . . . . . . . . . . . . . . . . . . . . 
 SCF guess: bare nuclei Hamiltonian
 Starting self-consistent field iterations (spin-unrestricted)
 Alpha electrons: 7
 Beta electrons: 5
 ----------------------------------------------------------------------------
 Exchange-correlation: Hartree-Fock
 ----------------------------------------------------------------------------
 Replicated-data parallel SCF
 ----------------------------
 Processes                               1
 Threads/process                         16
 Allocated 2.4E-004 GiB of scratch space for the KS matrix build
 ----------------------------------------------------------------------------
 Loaded pseudopotential parameters
 ----------------------------------------------------------------------------

 HAFNIUM     
 Parameters file: ../../../../basis-sets/bse/def2-svpd.txt
 ECP accounts for 60 core electrons

          Coeff         R^n       Exponent                                       

 Local part

         10.04672251      2         1.78576984                                   

 L = 0

       1499.28471073      2        14.76995900                                   
         40.28210136      2         7.38497940                                   
        -10.04672251      2         1.78576984                                   

 L = 1

        397.73300533      2         9.84948950                                   
         19.31640586      2         4.92474450                                   
        -10.04672251      2         1.78576984                                   

 L = 2

        101.32980526      2         6.09675640                                   
          5.87343821      2         3.04837820                                   
        -10.04672251      2         1.78576984                                   

 ----------------------------------------------------------------------------
 Spherical harmonic basis contains 35 vectors
 Linear independence thresh: Eig(S) > 1.0E-006
 Computations will be carried out in the space of 35 MOs
 Threshold for J, K: |Rho(r,s)*(pq|rs)|,|Rho(q,s)*(pq|rs)| > 1.0E-011
 Convergence conditions
 ----------------------
 RhoDiff < 1.0E-006
 OrbGrad < 1.0E-006
 Max number of macroiters: 1024
 ------------------------------------------------------------------------------
 #           Energy        EDiff    RhoDiff  OrbGrad  OrbShift NStored Time     
 ------------------------------------------------------------------------------
 0          454.6889171337                                        0    2.9E-002 
 1          -46.2435236168           2.1E+01                      0    9.3E-003 
 2          -47.0915360785 -8.5E-01  6.7E-01  3.8E-01  3.2E-01    1    1.0E-002 
 3          -47.1377875050 -4.6E-02  1.6E-01  5.2E-02  0.0E+00    2    9.8E-003 
 4          -47.2144533290 -7.7E-02  2.8E-01  4.4E-02  1.1E-01    3    1.1E-002 
 5          -47.2843067469 -7.0E-02  2.5E-01  5.1E-02  4.0E-02    4    1.1E-002 
 6          -47.3211324167 -3.7E-02  2.1E-01  3.8E-02  0.0E+00    5    1.0E-002 
 7          -47.3438936299 -2.3E-02  3.7E-01  3.9E-02  0.0E+00    6    1.0E-002 
 8          -47.3558313349 -1.2E-02  1.3E-01  2.6E-02  0.0E+00    7    1.0E-002 
 9          -47.3562902698 -4.6E-04  2.7E-02  4.7E-03  0.0E+00    8    1.0E-002 
 10         -47.3563664163 -7.6E-05  1.0E-02  1.7E-03  0.0E+00    8    1.0E-002 
 11         -47.3563866362 -2.0E-05  5.1E-03  6.2E-04  0.0E+00    8    1.0E-002 
 12         -47.3564154588 -2.9E-05  6.7E-03  5.0E-04  0.0E+00    8    1.0E-002 
 13         -47.3564544744 -3.9E-05  1.1E-02  6.4E-04  0.0E+00    8    1.0E-002 
 14         -47.3566292254 -1.7E-04  2.5E-02  8.7E-04  1.3E-02    8    1.3E-002 
 15         -47.3570103653 -3.8E-04  2.9E-02  1.5E-03  5.0E-02    8    1.3E-002 
 16         -47.3576118080 -6.0E-04  3.4E-02  2.2E-03  5.9E-02    8    1.3E-002 
 17         -47.3584982050 -8.9E-04  3.8E-02  3.0E-03  6.0E-02    8    1.3E-002 
 18         -47.3596891194 -1.2E-03  4.1E-02  3.6E-03  5.4E-02    8    1.3E-002 
 19         -47.3610644750 -1.4E-03  5.1E-02  3.7E-03  4.1E-02    8    1.3E-002 
 20         -47.3622445568 -1.2E-03  7.1E-02  3.2E-03  2.1E-02    8    1.3E-002 
 21         -47.3625923601 -3.5E-04  7.2E-02  1.9E-03  0.0E+00    8    1.0E-002 
 22         -47.3626381874 -4.6E-05  1.1E-02  1.1E-03  0.0E+00    8    1.0E-002 
 23         -47.3626400736 -1.9E-06  1.8E-03  2.5E-04  0.0E+00    8    1.0E-002 
 24         -47.3626415339 -1.5E-06  1.7E-03  1.7E-04  0.0E+00    8    1.0E-002 
 25         -47.3626427979 -1.3E-06  2.0E-03  1.5E-04  0.0E+00    8    1.0E-002 
 26         -47.3626434573 -6.6E-07  1.9E-03  1.0E-04  0.0E+00    8    1.0E-002 
 27         -47.3626436641 -2.1E-07  7.1E-04  5.8E-05  0.0E+00    8    1.0E-002 
 28         -47.3626436990 -3.5E-08  3.4E-04  3.2E-05  0.0E+00    8    1.0E-002 
 29         -47.3626437032 -4.2E-09  8.5E-05  1.4E-05  0.0E+00    8    1.0E-002 
 30         -47.3626437042 -9.2E-10  4.7E-05  6.1E-06  0.0E+00    8    1.0E-002 
 31         -47.3626437042 -4.9E-11  8.5E-06  1.9E-06  0.0E+00    8    1.0E-002 
 32         -47.3626437042 -5.5E-12  5.3E-06  4.9E-07  0.0E+00    8    1.0E-002 
 33         -47.3626437042 -3.5E-13  1.4E-06  1.2E-07  0.0E+00    8    1.0E-002 
 34         -47.3626437042 -7.1E-15  6.6E-07  4.4E-08  0.0E+00    8    1.0E-002 
 ------------------------------------------------------------------------------
 SCF converged
 Converged energy                        -47.362643704217    
 ------------------------------------------------------------------------------
 Ehomo(Alpha) [eV]                       -7.015824815056     
 Elumo(Alpha) [eV]                       0.871734055476      
 Ehomo(Beta) [eV]                        -5.807901279465     
 Elumo(Beta) [eV]                        1.075420329609      

 dipole moment (Debye)
        x              y              z       
     -2.372E-010    -1.456E-009     7.513E-010

 traceless quadrupole moment (Debye*Angs)
                       x              y              z       
 x                   5.215E-007    -7.381E-007     2.297E-007
 y                  -7.381E-007     6.802E-008    -7.646E-008
 z                   2.297E-007    -7.646E-008    -5.896E-007

 ----------------------------------------------------------------------------
 Timings (seconds)
 * mean-field hamiltonian     3.2E-001
 * solver (setting up eqns)   1.2E-002
 * solver (energy estimate)   4.1E-003
 * solver (orthogonalization) 7.7E-004
 * solver (rotation matrix X) 3.1E-002
 * solver (exponential of X)  2.9E-003
 * solver (total)             5.2E-002
 * total SCF                  4.0E-001
 Atomic guess: HF, ../../../../basis-sets/bse/def2-svpd.txt
 ----------------------------------------------------------
 E(HF) [a.u.]                            -4.7362643704E+001
 Tr(RhoAvg S), Cartesian AOs              1.2000000000E+001
 Tr(RhoAvg S), spherical AOs              1.2000000000E+001
 max|T RhoAvg T**T - RhoAvg_sao|                  4.44E-016
 max|c(RhoAvg) - c(Rho)|                          4.44E-016
 max|RhoAvg - Rho|                                3.17E-001
 Saved /mnt/storage_6/project_data/pl0415-03/marcin/beyond-rpa/guess/electron-densities/bse/def2-svpd/hf.txt
 ----------------------------------------------------------------------------
                             SCF for TA (2S+1=4)                             
 ----------------------------------------------------------------------------
 NUMBER OF ATOMS                         1
 CHARGE                                  0
 Prescreening (pq|pq) integrals for the Cholesky decomposition
 Shell pairs will be sorted according to their max elements
 Max diagonal integral MaxDrs=3.4E+000
 Applying Eq. 15 in J. Chem. Phys. 150, 194112 (2019); doi: 10.1063/1.5083802
 Schwarz inequality: Dpq<min(10**(-8),Tau)**2/MaxDrs=2.9E-017
 Trace of exact Coulomb matrix: 3.9E+001
 Trace of discarded integrals: 0.0E+000
 Discarded 0 out of 91 shell pairs
 (0 out of 630 orbital pairs)

 Step 1 of Cholesky decomposition: locating pivots
 -------------------------------------------------
 Dimensions of the Coulomb matrix: (630,630)
 Threshold for diagonal matrix elements: Dpq > 1.0E-007
 Max number of Cholesky vectors: 525
 Rk storage block size: 500
 Max dimension of 2e integrals buffer: (630,630)

 ----------------------------------------------------------------------------
 #    Dmax        Memory (MB)    NPivots     %    Time        
 ----------------------------------------------------------------------------
 1    3.3E-002    5.4E+000       19          3    8.3E-003    
 2    3.0E-004    5.3E+000       143         31   1.5E-002    
 3    2.9E-006    4.6E+000       222         71   7.8E-003    
 4    5.5E-008    2.5E+000       281         100  3.4E-003    

 Step 1 of the Cholesky decomposition completed
 Computed 281 pivots
 Largest residual Dpq: 5.5E-008
 NCholesky/NAO = 8.0E+000
 Step 1 of Cholesky decomposition completed in 3.5E-002 seconds
 Detailed timings in seconds
 Subtract prev contribs I (M-R**T*R)     2.6E-003
 Subtract prev contribs II (Rk)          3.0E-003
 Two-electron integrals                  2.7E-002
 Reallocation                            6.6E-004

 Step 2 of Cholesky decomposition completed in 4.1E-003 seconds
 Detailed timings in seconds
 Reduced-dimension matrix V    3.3E-003
 V=L*L**T                      4.2E-004
 L**(-1)                       4.5E-004

 Full-dimension Cholesky vectors of the Coulomb matrix will be stored in memory
 Cholesky vectors computed in 6.7E-003 seconds

 ┌─────────────────────────────────────────┐
 │          Self-consistent field          │
 └─────────────────────────────────────────┘

 Atomic orbital basis set
 . . . . . . . . . . . . . . . . . . . . . . . . . . . . . . . . . . . . . . 
 atomic centers                               1
 shell parameter sets                         13
 spherical AOs                                35
 max angular momentum                         3
 parameter set                                ../../../../basis-sets/bse/def2-svpd.txt
 . . . . . . . . . . . . . . . . . . . . . . . . . . . . . . . . . . . . . . 
 SCF guess: bare nuclei Hamiltonian
 Starting self-consistent field iterations (spin-unrestricted)
 Alpha electrons: 8
 Beta electrons: 5
 ----------------------------------------------------------------------------
 Exchange-correlation: Hartree-Fock
 ----------------------------------------------------------------------------
 Replicated-data parallel SCF
 ----------------------------
 Processes                               1
 Threads/process                         16
 Allocated 2.4E-004 GiB of scratch space for the KS matrix build
 ----------------------------------------------------------------------------
 Loaded pseudopotential parameters
 ----------------------------------------------------------------------------

 TANTALUM    
 Parameters file: ../../../../basis-sets/bse/def2-svpd.txt
 ECP accounts for 60 core electrons

          Coeff         R^n       Exponent                                       

 Local part

         12.01796094      2         2.01788111                                   

 L = 0

       1345.88064703      2        14.54640770                                   
         36.76680620      2         7.27320380                                   
        -12.01796094      2         2.01788111                                   

 L = 1

        378.42530145      2         9.93556529                                   
         22.29309086      2         4.96778243                                   
        -12.01796094      2         2.01788111                                   

 L = 2

        104.88395571      2         6.34737691                                   
          8.75584805      2         3.17368846                                   
        -12.01796094      2         2.01788111                                   

 ----------------------------------------------------------------------------
 Spherical harmonic basis contains 35 vectors
 Linear independence thresh: Eig(S) > 1.0E-006
 Computations will be carried out in the space of 35 MOs
 Threshold for J, K: |Rho(r,s)*(pq|rs)|,|Rho(q,s)*(pq|rs)| > 1.0E-011
 Convergence conditions
 ----------------------
 RhoDiff < 1.0E-006
 OrbGrad < 1.0E-006
 Max number of macroiters: 1024
 ------------------------------------------------------------------------------
 #           Energy        EDiff    RhoDiff  OrbGrad  OrbShift NStored Time     
 ------------------------------------------------------------------------------
 0          410.0062364648                                        0    3.0E-002 
 1          -54.9756410031           2.2E+01                      0    1.0E-002 
 2          -56.0692376862 -1.1E+00  7.9E-01  4.4E-01  3.4E-01    1    1.1E-002 
 3          -56.1127088593 -4.3E-02  1.7E-01  6.8E-02  0.0E+00    2    1.0E-002 
 4          -56.1881121367 -7.5E-02  2.2E-01  5.3E-02  1.3E-01    3    1.2E-002 
 5          -56.2209169119 -3.3E-02  2.2E-01  4.0E-02  0.0E+00    4    1.1E-002 
 6          -56.2700682388 -4.9E-02  3.8E-01  2.9E-02  2.9E-03    5    1.3E-002 
 7          -56.2846523572 -1.5E-02  1.2E-01  3.4E-02  0.0E+00    6    1.1E-002 
 8          -56.2855994352 -9.5E-04  3.8E-02  6.2E-03  0.0E+00    7    1.1E-002 
 9          -56.2857888649 -1.9E-04  1.9E-02  2.4E-03  0.0E+00    8    1.1E-002 
 10         -56.2858192843 -3.0E-05  7.2E-03  1.3E-03  0.0E+00    8    1.1E-002 
 11         -56.2858205491 -1.3E-06  3.0E-03  3.6E-04  0.0E+00    8    1.1E-002 
 12         -56.2858206253 -7.6E-08  5.2E-04  8.6E-05  0.0E+00    8    1.1E-002 
 13         -56.2858206290 -3.7E-09  1.8E-04  2.0E-05  0.0E+00    8    1.1E-002 
 14         -56.2858206293 -2.9E-10  5.9E-05  7.1E-06  0.0E+00    8    1.1E-002 
 15         -56.2858206293 -5.2E-11  2.7E-05  2.4E-06  0.0E+00    8    1.1E-002 
 16         -56.2858206293 -3.4E-12  2.9E-06  6.8E-07  0.0E+00    8    1.1E-002 
 17         -56.2858206293 -3.5E-13  1.1E-06  2.1E-07  0.0E+00    8    1.1E-002 
 18         -56.2858206293  1.4E-14  2.0E-07  7.4E-08  0.0E+00    8    1.1E-002 
 18*        -56.2858206293 -1.4E-14  1.5E-07  7.4E-08  2.1E-01    8    1.3E-002 
 ------------------------------------------------------------------------------
 SCF converged
 Converged energy                        -56.285820629343    
 ------------------------------------------------------------------------------
 Ehomo(Alpha) [eV]                       -7.676312082719     
 Elumo(Alpha) [eV]                       1.071696864098      
 Ehomo(Beta) [eV]                        -5.921725614894     
 Elumo(Beta) [eV]                        1.371507270528      

 dipole moment (Debye)
        x              y              z       
     -5.180E-014     6.478E-014    -2.020E-013

 traceless quadrupole moment (Debye*Angs)
                       x              y              z       
 x                  -8.034E-007     1.044E-006     9.863E-008
 y                   1.044E-006     1.506E-006     2.922E-007
 z                   9.863E-008     2.922E-007    -7.026E-007

 ----------------------------------------------------------------------------
 Timings (seconds)
 * mean-field hamiltonian     2.0E-001
 * solver (setting up eqns)   6.6E-003
 * solver (energy estimate)   2.1E-003
 * solver (orthogonalization) 4.2E-004
 * solver (rotation matrix X) 9.5E-003
 * solver (exponential of X)  1.6E-003
 * solver (total)             2.1E-002
 * total SCF                  2.4E-001
 Atomic guess: TA, ../../../../basis-sets/bse/def2-svpd.txt
 ----------------------------------------------------------
 E(HF) [a.u.]                            -5.6285820629E+001
 Tr(RhoAvg S), Cartesian AOs              1.3000000000E+001
 Tr(RhoAvg S), spherical AOs              1.3000000000E+001
 max|T RhoAvg T**T - RhoAvg_sao|                  6.66E-016
 max|c(RhoAvg) - c(Rho)|                          2.22E-016
 max|RhoAvg - Rho|                                3.95E-001
 Saved /mnt/storage_6/project_data/pl0415-03/marcin/beyond-rpa/guess/electron-densities/bse/def2-svpd/ta.txt
 ----------------------------------------------------------------------------
                              SCF for W (2S+1=5)                             
 ----------------------------------------------------------------------------
 NUMBER OF ATOMS                         1
 CHARGE                                  0
 Prescreening (pq|pq) integrals for the Cholesky decomposition
 Shell pairs will be sorted according to their max elements
 Max diagonal integral MaxDrs=3.4E+000
 Applying Eq. 15 in J. Chem. Phys. 150, 194112 (2019); doi: 10.1063/1.5083802
 Schwarz inequality: Dpq<min(10**(-8),Tau)**2/MaxDrs=2.9E-017
 Trace of exact Coulomb matrix: 4.1E+001
 Trace of discarded integrals: 0.0E+000
 Discarded 0 out of 91 shell pairs
 (0 out of 630 orbital pairs)

 Step 1 of Cholesky decomposition: locating pivots
 -------------------------------------------------
 Dimensions of the Coulomb matrix: (630,630)
 Threshold for diagonal matrix elements: Dpq > 1.0E-007
 Max number of Cholesky vectors: 525
 Rk storage block size: 500
 Max dimension of 2e integrals buffer: (630,630)

 ----------------------------------------------------------------------------
 #    Dmax        Memory (MB)    NPivots     %    Time        
 ----------------------------------------------------------------------------
 1    3.4E-002    5.4E+000       19          3    8.2E-003    
 2    3.4E-004    5.3E+000       143         30   1.6E-002    
 3    3.4E-006    4.6E+000       216         66   4.9E-003    
 4    1.0E-007    3.2E+000       275         100  3.8E-003    

 Step 1 of the Cholesky decomposition completed
 Computed 275 pivots
 Largest residual Dpq: 1.0E-007
 NCholesky/NAO = 7.9E+000
 Step 1 of Cholesky decomposition completed in 3.4E-002 seconds
 Detailed timings in seconds
 Subtract prev contribs I (M-R**T*R)     3.2E-003
 Subtract prev contribs II (Rk)          3.0E-003
 Two-electron integrals                  2.4E-002
 Reallocation                            4.9E-004

 Step 2 of Cholesky decomposition completed in 4.2E-003 seconds
 Detailed timings in seconds
 Reduced-dimension matrix V    3.3E-003
 V=L*L**T                      4.6E-004
 L**(-1)                       4.7E-004

 Full-dimension Cholesky vectors of the Coulomb matrix will be stored in memory
 Cholesky vectors computed in 5.9E-003 seconds

 ┌─────────────────────────────────────────┐
 │          Self-consistent field          │
 └─────────────────────────────────────────┘

 Atomic orbital basis set
 . . . . . . . . . . . . . . . . . . . . . . . . . . . . . . . . . . . . . . 
 atomic centers                               1
 shell parameter sets                         13
 spherical AOs                                35
 max angular momentum                         3
 parameter set                                ../../../../basis-sets/bse/def2-svpd.txt
 . . . . . . . . . . . . . . . . . . . . . . . . . . . . . . . . . . . . . . 
 SCF guess: bare nuclei Hamiltonian
 Starting self-consistent field iterations (spin-unrestricted)
 Alpha electrons: 9
 Beta electrons: 5
 ----------------------------------------------------------------------------
 Exchange-correlation: Hartree-Fock
 ----------------------------------------------------------------------------
 Replicated-data parallel SCF
 ----------------------------
 Processes                               1
 Threads/process                         16
 Allocated 2.4E-004 GiB of scratch space for the KS matrix build
 ----------------------------------------------------------------------------
 Loaded pseudopotential parameters
 ----------------------------------------------------------------------------

 TUNGSTEN    
 Parameters file: ../../../../basis-sets/bse/def2-svpd.txt
 ECP accounts for 60 core electrons

          Coeff         R^n       Exponent                                       

 Local part

         14.15257947      2         2.25888846                                   

 L = 0

       1192.39588226      2        14.32285640                                   
         32.52293315      2         7.16142810                                   
        -14.15257947      2         2.25888846                                   

 L = 1

        359.03196711      2        10.02164110                                   
         24.03038019      2         5.01082040                                   
        -14.15257947      2         2.25888846                                   

 L = 2

        108.30134897      2         6.59799743                                   
         10.98252827      2         3.29899871                                   
        -14.15257947      2         2.25888846                                   

 ----------------------------------------------------------------------------
 Spherical harmonic basis contains 35 vectors
 Linear independence thresh: Eig(S) > 1.0E-006
 Computations will be carried out in the space of 35 MOs
 Threshold for J, K: |Rho(r,s)*(pq|rs)|,|Rho(q,s)*(pq|rs)| > 1.0E-011
 Convergence conditions
 ----------------------
 RhoDiff < 1.0E-006
 OrbGrad < 1.0E-006
 Max number of macroiters: 1024
 ------------------------------------------------------------------------------
 #           Energy        EDiff    RhoDiff  OrbGrad  OrbShift NStored Time     
 ------------------------------------------------------------------------------
 0          364.6091511757                                        0    3.0E-002 
 1          -64.8223590432           2.2E+01                      0    1.0E-002 
 2          -66.1327487687 -1.3E+00  8.3E-01  5.0E-01  4.2E-01    1    1.1E-002 
 3          -66.1550158551 -2.2E-02  9.0E-02  6.2E-02  0.0E+00    2    1.1E-002 
 4          -66.1612121439 -6.2E-03  7.1E-02  2.6E-02  0.0E+00    3    1.1E-002 
 5          -66.1847480967 -2.4E-02  2.5E-01  2.1E-02  8.2E-02    4    1.2E-002 
 6          -66.2155299482 -3.1E-02  3.1E-01  2.6E-02  3.6E-02    5    1.2E-002 
 7          -66.2211241380 -5.6E-03  1.4E-01  1.7E-02  0.0E+00    6    1.1E-002 
 8          -66.2213009271 -1.8E-04  4.3E-02  5.0E-03  0.0E+00    7    1.1E-002 
 9          -66.2213130887 -1.2E-05  1.1E-02  1.6E-03  0.0E+00    8    1.1E-002 
 10         -66.2213137207 -6.3E-07  1.1E-03  2.7E-04  0.0E+00    8    1.1E-002 
 11         -66.2213137782 -5.8E-08  4.9E-04  7.0E-05  0.0E+00    8    1.1E-002 
 12         -66.2213137794 -1.3E-09  5.2E-05  1.3E-05  0.0E+00    8    1.1E-002 
 13         -66.2213137795 -7.2E-11  5.1E-06  3.2E-06  0.0E+00    8    1.1E-002 
 14         -66.2213137795 -1.2E-11  2.1E-06  1.4E-06  0.0E+00    8    1.1E-002 
 15         -66.2213137795 -2.2E-12  1.2E-06  6.0E-07  0.0E+00    8    1.1E-002 
 16         -66.2213137795 -2.6E-13  8.6E-07  1.3E-07  0.0E+00    8    1.1E-002 
 ------------------------------------------------------------------------------
 SCF converged
 Converged energy                        -66.221313779516    
 ------------------------------------------------------------------------------
 Ehomo(Alpha) [eV]                       -6.736840677319     
 Elumo(Alpha) [eV]                       0.796466853305      
 Ehomo(Beta) [eV]                        -4.889738216996     
 Elumo(Beta) [eV]                        0.475858269656      

 dipole moment (Debye)
        x              y              z       
      3.936E-015    -3.023E-015     4.762E-015

 traceless quadrupole moment (Debye*Angs)
                       x              y              z       
 x                   2.604E+000    -1.750E-008    -8.020E-010
 y                  -1.750E-008    -1.302E+000    -3.424E-006
 z                  -8.020E-010    -3.424E-006    -1.302E+000

 ----------------------------------------------------------------------------
 Timings (seconds)
 * mean-field hamiltonian     1.7E-001
 * solver (setting up eqns)   5.5E-003
 * solver (energy estimate)   1.6E-003
 * solver (orthogonalization) 3.5E-004
 * solver (rotation matrix X) 6.5E-003
 * solver (exponential of X)  1.3E-003
 * solver (total)             1.6E-002
 * total SCF                  2.1E-001
 Atomic guess: W, ../../../../basis-sets/bse/def2-svpd.txt
 ---------------------------------------------------------
 E(HF) [a.u.]                            -6.6221313780E+001
 Tr(RhoAvg S), Cartesian AOs              1.4000000000E+001
 Tr(RhoAvg S), spherical AOs              1.4000000000E+001
 max|T RhoAvg T**T - RhoAvg_sao|                  8.88E-016
 max|c(RhoAvg) - c(Rho)|                          4.44E-016
 max|RhoAvg - Rho|                                6.98E-001
 Saved /mnt/storage_6/project_data/pl0415-03/marcin/beyond-rpa/guess/electron-densities/bse/def2-svpd/w.txt
 ----------------------------------------------------------------------------
                             SCF for RE (2S+1=6)                             
 ----------------------------------------------------------------------------
 NUMBER OF ATOMS                         1
 CHARGE                                  0
 Prescreening (pq|pq) integrals for the Cholesky decomposition
 Shell pairs will be sorted according to their max elements
 Max diagonal integral MaxDrs=3.5E+000
 Applying Eq. 15 in J. Chem. Phys. 150, 194112 (2019); doi: 10.1063/1.5083802
 Schwarz inequality: Dpq<min(10**(-8),Tau)**2/MaxDrs=2.9E-017
 Trace of exact Coulomb matrix: 4.3E+001
 Trace of discarded integrals: 0.0E+000
 Discarded 0 out of 91 shell pairs
 (0 out of 630 orbital pairs)

 Step 1 of Cholesky decomposition: locating pivots
 -------------------------------------------------
 Dimensions of the Coulomb matrix: (630,630)
 Threshold for diagonal matrix elements: Dpq > 1.0E-007
 Max number of Cholesky vectors: 525
 Rk storage block size: 500
 Max dimension of 2e integrals buffer: (630,630)

 ----------------------------------------------------------------------------
 #    Dmax        Memory (MB)    NPivots     %    Time        
 ----------------------------------------------------------------------------
 1    3.3E-002    5.4E+000       21          3    8.2E-003    
 2    3.1E-004    5.3E+000       149         33   1.5E-002    
 3    3.0E-006    4.1E+000       218         69   5.1E-003    
 4    1.0E-007    2.4E+000       268         100  2.6E-003    

 Step 1 of the Cholesky decomposition completed
 Computed 268 pivots
 Largest residual Dpq: 1.0E-007
 NCholesky/NAO = 7.7E+000
 Step 1 of Cholesky decomposition completed in 3.2E-002 seconds
 Detailed timings in seconds
 Subtract prev contribs I (M-R**T*R)     1.6E-003
 Subtract prev contribs II (Rk)          2.8E-003
 Two-electron integrals                  2.5E-002
 Reallocation                            4.6E-004

 Step 2 of Cholesky decomposition completed in 4.1E-003 seconds
 Detailed timings in seconds
 Reduced-dimension matrix V    3.3E-003
 V=L*L**T                      3.9E-004
 L**(-1)                       4.1E-004

 Full-dimension Cholesky vectors of the Coulomb matrix will be stored in memory
 Cholesky vectors computed in 6.5E-003 seconds

 ┌─────────────────────────────────────────┐
 │          Self-consistent field          │
 └─────────────────────────────────────────┘

 Atomic orbital basis set
 . . . . . . . . . . . . . . . . . . . . . . . . . . . . . . . . . . . . . . 
 atomic centers                               1
 shell parameter sets                         13
 spherical AOs                                35
 max angular momentum                         3
 parameter set                                ../../../../basis-sets/bse/def2-svpd.txt
 . . . . . . . . . . . . . . . . . . . . . . . . . . . . . . . . . . . . . . 
 SCF guess: bare nuclei Hamiltonian
 Starting self-consistent field iterations (spin-unrestricted)
 Alpha electrons: 10
 Beta electrons: 5
 ----------------------------------------------------------------------------
 Exchange-correlation: Hartree-Fock
 ----------------------------------------------------------------------------
 Replicated-data parallel SCF
 ----------------------------
 Processes                               1
 Threads/process                         16
 Allocated 2.4E-004 GiB of scratch space for the KS matrix build
 ----------------------------------------------------------------------------
 Loaded pseudopotential parameters
 ----------------------------------------------------------------------------

 RHENIUM     
 Parameters file: ../../../../basis-sets/bse/def2-svpd.txt
 ECP accounts for 60 core electrons

          Coeff         R^n       Exponent                                       

 Local part

         16.44985227      2         2.50865059                                   

 L = 0

       1038.95157226      2        14.09930510                                   
         29.56173830      2         7.04965250                                   
        -16.44985227      2         2.50865059                                   

 L = 1

        339.54350965      2        10.10771690                                   
         24.91369646      2         5.05385830                                   
        -16.44985227      2         2.50865059                                   

 L = 2

        111.69965275      2         6.84861794                                   
         12.62432927      2         3.42430897                                   
        -16.44985227      2         2.50865059                                   

 ----------------------------------------------------------------------------
 Spherical harmonic basis contains 35 vectors
 Linear independence thresh: Eig(S) > 1.0E-006
 Computations will be carried out in the space of 35 MOs
 Threshold for J, K: |Rho(r,s)*(pq|rs)|,|Rho(q,s)*(pq|rs)| > 1.0E-011
 Convergence conditions
 ----------------------
 RhoDiff < 1.0E-006
 OrbGrad < 1.0E-006
 Max number of macroiters: 1024
 ------------------------------------------------------------------------------
 #           Energy        EDiff    RhoDiff  OrbGrad  OrbShift NStored Time     
 ------------------------------------------------------------------------------
 0          317.2221075601                                        0    3.1E-002 
 1          -75.6047519015           2.2E+01                      0    1.1E-002 
 2          -77.3312090371 -1.7E+00  5.5E+00  8.4E-01  7.7E-01    1    1.2E-002 
 3          -77.4472514681 -1.2E-01  9.2E-01  1.1E-01  0.0E+00    2    1.1E-002 
 4          -77.4602193209 -1.3E-02  1.3E-01  5.7E-02  0.0E+00    3    1.1E-002 
 5          -77.4608050636 -5.9E-04  3.3E-02  1.2E-02  0.0E+00    4    1.1E-002 
 6          -77.4618713680 -1.1E-03  3.2E-02  3.9E-03  3.4E-02    5    1.3E-002 
 7          -77.4645155832 -2.6E-03  3.2E-02  7.4E-03  1.1E-01    6    1.3E-002 
 8          -77.4692032378 -4.7E-03  3.3E-02  1.2E-02  1.4E-01    7    1.4E-002 
 9          -77.4770002233 -7.8E-03  5.8E-02  1.8E-02  1.7E-01    8    1.5E-002 
 10         -77.4891211550 -1.2E-02  9.7E-02  2.5E-02  1.7E-01    8    1.5E-002 
 11         -77.5056706348 -1.7E-02  1.4E-01  3.1E-02  1.6E-01    8    1.5E-002 
 12         -77.5228051243 -1.7E-02  1.7E-01  3.3E-02  1.0E-01    8    1.5E-002 
 13         -77.5292165306 -6.4E-03  1.2E-01  2.3E-02  0.0E+00    8    1.2E-002 
 14         -77.5298230383 -6.1E-04  2.4E-02  6.4E-03  0.0E+00    8    1.2E-002 
 15         -77.5298323889 -9.4E-06  8.4E-03  9.6E-04  0.0E+00    8    1.2E-002 
 16         -77.5298331725 -7.8E-07  3.3E-03  3.6E-04  0.0E+00    8    1.2E-002 
 17         -77.5298331812 -8.6E-09  1.1E-04  3.1E-05  0.0E+00    8    1.2E-002 
 18         -77.5298331815 -3.5E-10  2.5E-05  7.0E-06  0.0E+00    8    1.2E-002 
 19         -77.5298331816 -5.1E-11  5.3E-06  2.0E-06  0.0E+00    8    1.2E-002 
 20         -77.5298331816 -2.3E-11  2.9E-06  1.5E-06  0.0E+00    8    1.2E-002 
 21         -77.5298331816 -1.6E-11  3.4E-06  1.1E-06  0.0E+00    8    1.2E-002 
 22         -77.5298331816 -1.2E-11  5.0E-06  7.6E-07  0.0E+00    8    1.2E-002 
 23         -77.5298331816 -1.1E-12  1.5E-06  2.3E-07  0.0E+00    8    1.2E-002 
 24         -77.5298331816  1.1E-13  1.5E-07  9.1E-08  0.0E+00    8    1.2E-002 
 24*        -77.5298331816  2.8E-14  1.4E-07  9.1E-08  1.3E-01    8    1.3E-002 
 24*        -77.5298331816  2.8E-14  9.5E-08  9.1E-08  4.7E-01    8    1.4E-002 
 24*        -77.5298331816 -4.3E-14  6.1E-08  9.1E-08  1.1E+00    8    1.4E-002 
 ------------------------------------------------------------------------------
 SCF converged
 Converged energy                        -77.529833181604    
 ------------------------------------------------------------------------------
 Ehomo(Alpha) [eV]                       -8.820139597501     
 Elumo(Alpha) [eV]                       1.099368463977      
 Ehomo(Beta) [eV]                        -6.070116086135     
 Elumo(Beta) [eV]                        1.427536681958      

 dipole moment (Debye)
        x              y              z       
      3.910E-015     1.746E-015    -2.133E-015

 traceless quadrupole moment (Debye*Angs)
                       x              y              z       
 x                   6.922E-007     6.903E-008    -7.522E-007
 y                   6.903E-008    -8.048E-007     3.161E-007
 z                  -7.522E-007     3.161E-007     1.126E-007

 ----------------------------------------------------------------------------
 Timings (seconds)
 * mean-field hamiltonian     3.0E-001
 * solver (setting up eqns)   9.3E-003
 * solver (energy estimate)   3.3E-003
 * solver (orthogonalization) 6.3E-004
 * solver (rotation matrix X) 3.2E-002
 * solver (exponential of X)  2.2E-003
 * solver (total)             4.8E-002
 * total SCF                  3.7E-001
 Atomic guess: RE, ../../../../basis-sets/bse/def2-svpd.txt
 ----------------------------------------------------------
 E(HF) [a.u.]                            -7.7529833182E+001
 Tr(RhoAvg S), Cartesian AOs              1.5000000000E+001
 Tr(RhoAvg S), spherical AOs              1.5000000000E+001
 max|T RhoAvg T**T - RhoAvg_sao|                  1.22E-015
 max|c(RhoAvg) - c(Rho)|                          2.22E-016
 max|RhoAvg - Rho|                                9.62E-008
 Saved /mnt/storage_6/project_data/pl0415-03/marcin/beyond-rpa/guess/electron-densities/bse/def2-svpd/re.txt
 ----------------------------------------------------------------------------
                             SCF for OS (2S+1=5)                             
 ----------------------------------------------------------------------------
 NUMBER OF ATOMS                         1
 CHARGE                                  0
 Prescreening (pq|pq) integrals for the Cholesky decomposition
 Shell pairs will be sorted according to their max elements
 Max diagonal integral MaxDrs=3.5E+000
 Applying Eq. 15 in J. Chem. Phys. 150, 194112 (2019); doi: 10.1063/1.5083802
 Schwarz inequality: Dpq<min(10**(-8),Tau)**2/MaxDrs=2.8E-017
 Trace of exact Coulomb matrix: 4.5E+001
 Trace of discarded integrals: 0.0E+000
 Discarded 0 out of 91 shell pairs
 (0 out of 630 orbital pairs)

 Step 1 of Cholesky decomposition: locating pivots
 -------------------------------------------------
 Dimensions of the Coulomb matrix: (630,630)
 Threshold for diagonal matrix elements: Dpq > 1.0E-007
 Max number of Cholesky vectors: 525
 Rk storage block size: 500
 Max dimension of 2e integrals buffer: (630,630)

 ----------------------------------------------------------------------------
 #    Dmax        Memory (MB)    NPivots     %    Time        
 ----------------------------------------------------------------------------
 1    3.5E-002    5.4E+000       19          3    1.0E-002    
 2    3.0E-004    5.4E+000       144         34   1.6E-002    
 3    2.7E-006    4.5E+000       217         68   1.3E-002    
 4    8.6E-008    2.9E+000       264         100  7.8E-003    

 Step 1 of the Cholesky decomposition completed
 Computed 264 pivots
 Largest residual Dpq: 8.6E-008
 NCholesky/NAO = 7.5E+000
 Step 1 of Cholesky decomposition completed in 4.8E-002 seconds
 Detailed timings in seconds
 Subtract prev contribs I (M-R**T*R)     2.5E-003
 Subtract prev contribs II (Rk)          2.9E-003
 Two-electron integrals                  3.9E-002
 Reallocation                            1.2E-003

 Step 2 of Cholesky decomposition completed in 4.1E-003 seconds
 Detailed timings in seconds
 Reduced-dimension matrix V    3.3E-003
 V=L*L**T                      3.9E-004
 L**(-1)                       4.0E-004

 Full-dimension Cholesky vectors of the Coulomb matrix will be stored in memory
 Cholesky vectors computed in 5.7E-003 seconds

 ┌─────────────────────────────────────────┐
 │          Self-consistent field          │
 └─────────────────────────────────────────┘

 Atomic orbital basis set
 . . . . . . . . . . . . . . . . . . . . . . . . . . . . . . . . . . . . . . 
 atomic centers                               1
 shell parameter sets                         13
 spherical AOs                                35
 max angular momentum                         3
 parameter set                                ../../../../basis-sets/bse/def2-svpd.txt
 . . . . . . . . . . . . . . . . . . . . . . . . . . . . . . . . . . . . . . 
 SCF guess: bare nuclei Hamiltonian
 Starting self-consistent field iterations (spin-unrestricted)
 Alpha electrons: 10
 Beta electrons: 6
 ----------------------------------------------------------------------------
 Exchange-correlation: Hartree-Fock
 ----------------------------------------------------------------------------
 Replicated-data parallel SCF
 ----------------------------
 Processes                               1
 Threads/process                         16
 Allocated 2.4E-004 GiB of scratch space for the KS matrix build
 ----------------------------------------------------------------------------
 Loaded pseudopotential parameters
 ----------------------------------------------------------------------------

 OSMIUM      
 Parameters file: ../../../../basis-sets/bse/def2-svpd.txt
 ECP accounts for 60 core electrons

          Coeff         R^n       Exponent                                       

 Local part

         18.90945701      2         2.76707510                                   

 L = 0

        885.40571914      2        13.87575390                                   
         25.96704014      2         6.93787690                                   
        -18.90945701      2         2.76707510                                   

 L = 1

        320.08390185      2        10.19379260                                   
         26.14876493      2         5.09689620                                   
        -18.90945701      2         2.76707510                                   

 L = 2

        115.04484313      2         7.09923846                                   
         13.62257457      2         3.54961923                                   
        -18.90945701      2         2.76707510                                   

 ----------------------------------------------------------------------------
 Spherical harmonic basis contains 35 vectors
 Linear independence thresh: Eig(S) > 1.0E-006
 Computations will be carried out in the space of 35 MOs
 Threshold for J, K: |Rho(r,s)*(pq|rs)|,|Rho(q,s)*(pq|rs)| > 1.0E-011
 Convergence conditions
 ----------------------
 RhoDiff < 1.0E-006
 OrbGrad < 1.0E-006
 Max number of macroiters: 1024
 ------------------------------------------------------------------------------
 #           Energy        EDiff    RhoDiff  OrbGrad  OrbShift NStored Time     
 ------------------------------------------------------------------------------
 0          293.7916117770                                        0    3.1E-002 
 1          -87.4935772727           2.3E+01                      0    1.1E-002 
 2          -89.6471366625 -2.2E+00  5.7E+00  9.2E-01  8.9E-01    1    1.2E-002 
 3          -89.7589906321 -1.1E-01  9.7E-01  1.3E-01  0.0E+00    2    1.1E-002 
 4          -89.7784226796 -1.9E-02  1.4E-01  6.3E-02  0.0E+00    3    1.1E-002 
 5          -89.7817437209 -3.3E-03  7.4E-02  1.6E-02  0.0E+00    4    1.1E-002 
 6          -89.7884337292 -6.7E-03  7.6E-02  1.7E-02  1.0E-01    5    1.3E-002 
 7          -89.7960501574 -7.6E-03  7.9E-02  1.8E-02  9.4E-02    6    1.3E-002 
 8          -89.8031817029 -7.1E-03  1.1E-01  1.7E-02  5.2E-02    7    1.4E-002 
 9          -89.8071399667 -4.0E-03  1.4E-01  1.1E-02  9.1E-03    8    1.4E-002 
 10         -89.8073144960 -1.7E-04  1.8E-02  5.1E-03  0.0E+00    8    1.2E-002 
 11         -89.8073310207 -1.7E-05  6.1E-03  1.0E-03  0.0E+00    8    1.2E-002 
 12         -89.8073458947 -1.5E-05  5.2E-03  5.4E-04  0.0E+00    8    1.2E-002 
 13         -89.8073513328 -5.4E-06  1.5E-03  7.6E-04  0.0E+00    8    1.2E-002 
 14         -89.8073557193 -4.4E-06  1.2E-03  7.5E-04  0.0E+00    8    1.2E-002 
 15         -89.8073601801 -4.5E-06  1.0E-03  7.4E-04  0.0E+00    8    1.2E-002 
 16         -89.8073649019 -4.7E-06  9.9E-04  7.6E-04  0.0E+00    8    1.2E-002 
 17         -89.8075607608 -2.0E-04  2.3E-02  7.8E-04  2.3E-02    8    1.5E-002 
 18         -89.8080226165 -4.6E-04  2.7E-02  1.7E-03  3.8E-02    8    1.5E-002 
 19         -89.8090092791 -9.9E-04  3.8E-02  3.3E-03  5.6E-02    8    1.5E-002 
 20         -89.8109391183 -1.9E-03  5.1E-02  5.7E-03  7.5E-02    8    1.5E-002 
 21         -89.8143522796 -3.4E-03  6.9E-02  9.1E-03  9.2E-02    8    1.5E-002 
 22         -89.8196224764 -5.3E-03  9.0E-02  1.3E-02  9.6E-02    8    1.5E-002 
 23         -89.8261670097 -6.5E-03  1.1E-01  1.6E-02  7.8E-02    8    1.5E-002 
 24         -89.8311498444 -5.0E-03  1.0E-01  1.4E-02  3.0E-02    8    1.5E-002 
 25         -89.8317570581 -6.1E-04  3.9E-02  5.1E-03  0.0E+00    8    1.2E-002 
 26         -89.8317793346 -2.2E-05  9.3E-03  1.2E-03  0.0E+00    8    1.2E-002 
 27         -89.8317798231 -4.9E-07  2.4E-03  2.3E-04  0.0E+00    8    1.2E-002 
 28         -89.8317798511 -2.8E-08  3.5E-04  4.9E-05  0.0E+00    8    1.2E-002 
 29         -89.8317798527 -1.7E-09  2.9E-05  1.5E-05  0.0E+00    8    1.2E-002 
 30         -89.8317798539 -1.1E-09  2.7E-05  1.2E-05  0.0E+00    8    1.1E-002 
 31         -89.8317798543 -4.1E-10  1.8E-05  6.1E-06  0.0E+00    8    1.2E-002 
 32         -89.8317798544 -1.4E-10  9.8E-06  2.6E-06  0.0E+00    8    1.2E-002 
 33         -89.8317798544 -3.7E-12  1.0E-06  8.2E-07  0.0E+00    8    1.2E-002 
 34         -89.8317798544 -5.1E-13  9.3E-07  3.0E-07  0.0E+00    8    1.2E-002 
 ------------------------------------------------------------------------------
 SCF converged
 Converged energy                        -89.831779854443    
 ------------------------------------------------------------------------------
 Ehomo(Alpha) [eV]                       -8.818550158467     
 Elumo(Alpha) [eV]                       1.183131249340      
 Ehomo(Beta) [eV]                        -6.719496770215     
 Elumo(Beta) [eV]                        1.549529045911      

 dipole moment (Debye)
        x              y              z       
     -1.371E-010    -9.703E-011    -1.897E-010

 traceless quadrupole moment (Debye*Angs)
                       x              y              z       
 x                  -7.128E-001     1.102E-001    -7.328E-002
 y                   1.102E-001     7.727E-001    -9.936E-001
 z                  -7.328E-002    -9.936E-001    -5.993E-002

 ----------------------------------------------------------------------------
 Timings (seconds)
 * mean-field hamiltonian     3.7E-001
 * solver (setting up eqns)   1.2E-002
 * solver (energy estimate)   4.4E-003
 * solver (orthogonalization) 7.5E-004
 * solver (rotation matrix X) 4.5E-002
 * solver (exponential of X)  2.9E-003
 * solver (total)             6.5E-002
 * total SCF                  4.6E-001
 Atomic guess: OS, ../../../../basis-sets/bse/def2-svpd.txt
 ----------------------------------------------------------
 E(HF) [a.u.]                            -8.9831779854E+001
 Tr(RhoAvg S), Cartesian AOs              1.6000000000E+001
 Tr(RhoAvg S), spherical AOs              1.6000000000E+001
 max|T RhoAvg T**T - RhoAvg_sao|                  9.99E-016
 max|c(RhoAvg) - c(Rho)|                          1.11E-016
 max|RhoAvg - Rho|                                2.23E-001
 Saved /mnt/storage_6/project_data/pl0415-03/marcin/beyond-rpa/guess/electron-densities/bse/def2-svpd/os.txt
 ----------------------------------------------------------------------------
                             SCF for IR (2S+1=4)                             
 ----------------------------------------------------------------------------
 NUMBER OF ATOMS                         1
 CHARGE                                  0
 Prescreening (pq|pq) integrals for the Cholesky decomposition
 Shell pairs will be sorted according to their max elements
 Max diagonal integral MaxDrs=3.6E+000
 Applying Eq. 15 in J. Chem. Phys. 150, 194112 (2019); doi: 10.1063/1.5083802
 Schwarz inequality: Dpq<min(10**(-8),Tau)**2/MaxDrs=2.8E-017
 Trace of exact Coulomb matrix: 4.7E+001
 Trace of discarded integrals: 0.0E+000
 Discarded 0 out of 91 shell pairs
 (0 out of 630 orbital pairs)

 Step 1 of Cholesky decomposition: locating pivots
 -------------------------------------------------
 Dimensions of the Coulomb matrix: (630,630)
 Threshold for diagonal matrix elements: Dpq > 1.0E-007
 Max number of Cholesky vectors: 525
 Rk storage block size: 500
 Max dimension of 2e integrals buffer: (630,630)

 ----------------------------------------------------------------------------
 #    Dmax        Memory (MB)    NPivots     %    Time        
 ----------------------------------------------------------------------------
 1    3.5E-002    5.4E+000       21          3    1.2E-002    
 2    3.3E-004    5.4E+000       148         37   1.6E-002    
 3    2.9E-006    4.3E+000       216         68   1.1E-002    
 4    9.4E-008    2.8E+000       263         100  6.6E-003    

 Step 1 of the Cholesky decomposition completed
 Computed 263 pivots
 Largest residual Dpq: 9.4E-008
 NCholesky/NAO = 7.5E+000
 Step 1 of Cholesky decomposition completed in 4.6E-002 seconds
 Detailed timings in seconds
 Subtract prev contribs I (M-R**T*R)     2.8E-003
 Subtract prev contribs II (Rk)          3.2E-003
 Two-electron integrals                  3.8E-002
 Reallocation                            4.8E-004

 Step 2 of Cholesky decomposition completed in 4.0E-003 seconds
 Detailed timings in seconds
 Reduced-dimension matrix V    3.2E-003
 V=L*L**T                      4.1E-004
 L**(-1)                       3.7E-004

 Full-dimension Cholesky vectors of the Coulomb matrix will be stored in memory
 Cholesky vectors computed in 6.1E-003 seconds

 ┌─────────────────────────────────────────┐
 │          Self-consistent field          │
 └─────────────────────────────────────────┘

 Atomic orbital basis set
 . . . . . . . . . . . . . . . . . . . . . . . . . . . . . . . . . . . . . . 
 atomic centers                               1
 shell parameter sets                         13
 spherical AOs                                35
 max angular momentum                         3
 parameter set                                ../../../../basis-sets/bse/def2-svpd.txt
 . . . . . . . . . . . . . . . . . . . . . . . . . . . . . . . . . . . . . . 
 SCF guess: bare nuclei Hamiltonian
 Starting self-consistent field iterations (spin-unrestricted)
 Alpha electrons: 10
 Beta electrons: 7
 ----------------------------------------------------------------------------
 Exchange-correlation: Hartree-Fock
 ----------------------------------------------------------------------------
 Replicated-data parallel SCF
 ----------------------------
 Processes                               1
 Threads/process                         16
 Allocated 2.4E-004 GiB of scratch space for the KS matrix build
 ----------------------------------------------------------------------------
 Loaded pseudopotential parameters
 ----------------------------------------------------------------------------

 IRIDIUM     
 Parameters file: ../../../../basis-sets/bse/def2-svpd.txt
 ECP accounts for 60 core electrons

          Coeff         R^n       Exponent                                       

 Local part

         21.53103107      2         3.03407192                                   

 L = 0

        732.26919978      2        13.65220260                                   
         26.48472087      2         6.82610130                                   
        -21.53103107      2         3.03407192                                   

 L = 1

        299.48947357      2        10.27986840                                   
         26.46623354      2         5.13993410                                   
        -21.53103107      2         3.03407192                                   

 L = 2

        124.45759451      2         7.34985897                                   
         14.03599518      2         3.67492949                                   
        -21.53103107      2         3.03407192                                   

 ----------------------------------------------------------------------------
 Spherical harmonic basis contains 35 vectors
 Linear independence thresh: Eig(S) > 1.0E-006
 Computations will be carried out in the space of 35 MOs
 Threshold for J, K: |Rho(r,s)*(pq|rs)|,|Rho(q,s)*(pq|rs)| > 1.0E-011
 Convergence conditions
 ----------------------
 RhoDiff < 1.0E-006
 OrbGrad < 1.0E-006
 Max number of macroiters: 1024
 ------------------------------------------------------------------------------
 #           Energy        EDiff    RhoDiff  OrbGrad  OrbShift NStored Time     
 ------------------------------------------------------------------------------
 0          234.5008434762                                        0    3.1E-002 
 1         -100.7443730547           2.3E+01                      0    1.1E-002 
 2         -103.2113848876 -2.5E+00  6.1E+00  1.0E+00  1.1E+00    1    1.2E-002 
 3         -103.3577151153 -1.5E-01  1.2E+00  1.6E-01  0.0E+00    2    1.2E-002 
 4         -103.4009674052 -4.3E-02  1.6E-01  8.3E-02  0.0E+00    3    1.2E-002 
 5         -103.4048069328 -3.8E-03  1.1E-01  1.6E-02  0.0E+00    4    1.2E-002 
 6         -103.4181608928 -1.3E-02  1.9E-01  1.8E-02  4.0E-02    5    1.4E-002 
 7         -103.4289663459 -1.1E-02  1.8E-01  1.7E-02  2.3E-02    6    1.4E-002 
 8         -103.4305293214 -1.6E-03  6.6E-02  1.1E-02  0.0E+00    7    1.2E-002 
 9         -103.4307357713 -2.1E-04  1.8E-02  2.4E-03  0.0E+00    8    1.2E-002 
 10        -103.4309064730 -1.7E-04  1.1E-02  2.4E-03  0.0E+00    8    1.2E-002 
 11        -103.4310128761 -1.1E-04  1.2E-02  1.4E-03  0.0E+00    8    1.2E-002 
 12        -103.4310189120 -6.0E-06  2.5E-03  5.9E-04  0.0E+00    8    1.2E-002 
 13        -103.4310191017 -1.9E-07  3.1E-04  8.3E-05  0.0E+00    8    1.2E-002 
 14        -103.4310192273 -1.3E-07  2.7E-04  6.0E-05  0.0E+00    8    1.2E-002 
 15        -103.4310194147 -1.9E-07  6.4E-04  5.1E-05  0.0E+00    8    1.2E-002 
 16        -103.4310194634 -4.9E-08  3.1E-04  6.4E-05  0.0E+00    8    1.2E-002 
 17        -103.4310194657 -2.3E-09  5.4E-05  1.9E-05  0.0E+00    8    1.2E-002 
 18        -103.4310194659 -1.5E-10  1.1E-05  2.6E-06  0.0E+00    8    1.2E-002 
 19        -103.4310194660 -1.4E-10  1.8E-05  1.7E-06  0.0E+00    8    1.2E-002 
 20        -103.4310194661 -1.0E-10  2.4E-05  1.6E-06  0.0E+00    8    1.2E-002 
 21        -103.4310194661 -1.4E-11  4.9E-06  1.1E-06  0.0E+00    8    1.2E-002 
 22        -103.4310194661 -2.1E-12  1.5E-06  4.2E-07  0.0E+00    8    1.2E-002 
 23        -103.4310194661 -8.0E-13  9.6E-07  2.8E-07  0.0E+00    8    1.2E-002 
 ------------------------------------------------------------------------------
 SCF converged
 Converged energy                        -103.431019466124   
 ------------------------------------------------------------------------------
 Ehomo(Alpha) [eV]                       -7.879154693309     
 Elumo(Alpha) [eV]                       1.678929985972      
 Ehomo(Beta) [eV]                        -9.112860015432     
 Elumo(Beta) [eV]                        0.301551735533      

 dipole moment (Debye)
        x              y              z       
     -8.616E-013    -1.126E-013    -1.965E-012

 traceless quadrupole moment (Debye*Angs)
                       x              y              z       
 x                   1.796E-006    -1.489E-006    -5.672E-007
 y                  -1.489E-006    -1.319E-006    -7.218E-007
 z                  -5.672E-007    -7.218E-007    -4.765E-007

 ----------------------------------------------------------------------------
 Timings (seconds)
 * mean-field hamiltonian     2.7E-001
 * solver (setting up eqns)   7.6E-003
 * solver (energy estimate)   3.0E-003
 * solver (orthogonalization) 5.3E-004
 * solver (rotation matrix X) 1.0E-002
 * solver (exponential of X)  2.0E-003
 * solver (total)             2.4E-002
 * total SCF                  3.2E-001
 Atomic guess: IR, ../../../../basis-sets/bse/def2-svpd.txt
 ----------------------------------------------------------
 E(HF) [a.u.]                            -1.0343101947E+002
 Tr(RhoAvg S), Cartesian AOs              1.7000000000E+001
 Tr(RhoAvg S), spherical AOs              1.7000000000E+001
 max|T RhoAvg T**T - RhoAvg_sao|                  1.33E-015
 max|c(RhoAvg) - c(Rho)|                          4.44E-016
 max|RhoAvg - Rho|                                3.51E-001
 Saved /mnt/storage_6/project_data/pl0415-03/marcin/beyond-rpa/guess/electron-densities/bse/def2-svpd/ir.txt
 ----------------------------------------------------------------------------
                             SCF for PT (2S+1=3)                             
 ----------------------------------------------------------------------------
 NUMBER OF ATOMS                         1
 CHARGE                                  0
 Prescreening (pq|pq) integrals for the Cholesky decomposition
 Shell pairs will be sorted according to their max elements
 Max diagonal integral MaxDrs=3.7E+000
 Applying Eq. 15 in J. Chem. Phys. 150, 194112 (2019); doi: 10.1063/1.5083802
 Schwarz inequality: Dpq<min(10**(-8),Tau)**2/MaxDrs=2.7E-017
 Trace of exact Coulomb matrix: 4.6E+001
 Trace of discarded integrals: 0.0E+000
 Discarded 0 out of 91 shell pairs
 (0 out of 630 orbital pairs)

 Step 1 of Cholesky decomposition: locating pivots
 -------------------------------------------------
 Dimensions of the Coulomb matrix: (630,630)
 Threshold for diagonal matrix elements: Dpq > 1.0E-007
 Max number of Cholesky vectors: 525
 Rk storage block size: 500
 Max dimension of 2e integrals buffer: (630,630)

 ----------------------------------------------------------------------------
 #    Dmax        Memory (MB)    NPivots     %    Time        
 ----------------------------------------------------------------------------
 1    3.7E-002    5.4E+000       19          3    8.3E-003    
 2    3.5E-004    5.3E+000       151         34   1.5E-002    
 3    3.2E-006    4.5E+000       238         86   1.3E-002    
 4    9.8E-008    1.8E+000       272         100  5.6E-003    

 Step 1 of the Cholesky decomposition completed
 Computed 272 pivots
 Largest residual Dpq: 9.8E-008
 NCholesky/NAO = 7.8E+000
 Step 1 of Cholesky decomposition completed in 4.3E-002 seconds
 Detailed timings in seconds
 Subtract prev contribs I (M-R**T*R)     2.4E-003
 Subtract prev contribs II (Rk)          3.1E-003
 Two-electron integrals                  3.5E-002
 Reallocation                            4.1E-004

 Step 2 of Cholesky decomposition completed in 3.9E-003 seconds
 Detailed timings in seconds
 Reduced-dimension matrix V    3.2E-003
 V=L*L**T                      3.9E-004
 L**(-1)                       3.7E-004

 Full-dimension Cholesky vectors of the Coulomb matrix will be stored in memory
 Cholesky vectors computed in 6.4E-003 seconds

 ┌─────────────────────────────────────────┐
 │          Self-consistent field          │
 └─────────────────────────────────────────┘

 Atomic orbital basis set
 . . . . . . . . . . . . . . . . . . . . . . . . . . . . . . . . . . . . . . 
 atomic centers                               1
 shell parameter sets                         13
 spherical AOs                                35
 max angular momentum                         3
 parameter set                                ../../../../basis-sets/bse/def2-svpd.txt
 . . . . . . . . . . . . . . . . . . . . . . . . . . . . . . . . . . . . . . 
 SCF guess: bare nuclei Hamiltonian
 Starting self-consistent field iterations (spin-unrestricted)
 Alpha electrons: 10
 Beta electrons: 8
 ----------------------------------------------------------------------------
 Exchange-correlation: Hartree-Fock
 ----------------------------------------------------------------------------
 Replicated-data parallel SCF
 ----------------------------
 Processes                               1
 Threads/process                         16
 Allocated 2.4E-004 GiB of scratch space for the KS matrix build
 ----------------------------------------------------------------------------
 Loaded pseudopotential parameters
 ----------------------------------------------------------------------------

 PLATINUM    
 Parameters file: ../../../../basis-sets/bse/def2-svpd.txt
 ECP accounts for 60 core electrons

          Coeff         R^n       Exponent                                       

 Local part

         24.31437573      2         3.30956857                                   

 L = 0

        579.22386092      2        13.42865130                                   
         29.66949062      2         6.71432560                                   
        -24.31437573      2         3.30956857                                   

 L = 1

        280.86077422      2        10.36594420                                   
         26.74538204      2         5.18297210                                   
        -24.31437573      2         3.30956857                                   

 L = 2

        120.39644429      2         7.60047949                                   
         15.81092058      2         3.80023974                                   
        -24.31437573      2         3.30956857                                   

 ----------------------------------------------------------------------------
 Spherical harmonic basis contains 35 vectors
 Linear independence thresh: Eig(S) > 1.0E-006
 Computations will be carried out in the space of 35 MOs
 Threshold for J, K: |Rho(r,s)*(pq|rs)|,|Rho(q,s)*(pq|rs)| > 1.0E-011
 Convergence conditions
 ----------------------
 RhoDiff < 1.0E-006
 OrbGrad < 1.0E-006
 Max number of macroiters: 1024
 ------------------------------------------------------------------------------
 #           Energy        EDiff    RhoDiff  OrbGrad  OrbShift NStored Time     
 ------------------------------------------------------------------------------
 0          170.1901339944                                        0    3.2E-002 
 1         -115.9027410773           2.1E+01                      0    1.1E-002 
 2         -118.0874555127 -2.2E+00  6.3E+00  1.1E+00  1.2E+00    1    1.2E-002 
 3         -118.2987617172 -2.1E-01  1.5E+00  1.6E-01  0.0E+00    2    1.2E-002 
 4         -118.3920377633 -9.3E-02  1.9E-01  1.2E-01  0.0E+00    3    1.2E-002 
 5         -118.3933803199 -1.3E-03  1.1E-01  1.8E-02  0.0E+00    4    1.2E-002 
 6         -118.3934964409 -1.2E-04  2.1E-02  3.9E-03  0.0E+00    5    1.2E-002 
 7         -118.3935012641 -4.8E-06  1.4E-03  5.9E-04  0.0E+00    6    1.2E-002 
 8         -118.3935061904 -4.9E-06  3.1E-03  4.2E-04  0.0E+00    7    1.2E-002 
 9         -118.3935069276 -7.4E-07  1.1E-03  1.8E-04  0.0E+00    8    1.2E-002 
 10        -118.3935070427 -1.2E-07  2.0E-04  1.1E-04  0.0E+00    8    1.2E-002 
 11        -118.3935080685 -1.0E-06  2.3E-03  1.1E-04  0.0E+00    8    1.2E-002 
 12        -118.3935089155 -8.5E-07  2.4E-03  1.4E-04  0.0E+00    8    1.2E-002 
 13        -118.3935115315 -2.6E-06  7.2E-03  1.1E-04  0.0E+00    8    1.2E-002 
 14        -118.3935161384 -4.6E-06  8.7E-03  2.4E-04  3.9E-03    8    1.7E-002 
 15        -118.3935199677 -3.8E-06  1.1E-02  1.0E-04  2.1E-03    8    1.7E-002 
 16        -118.3935238698 -3.9E-06  1.3E-02  1.5E-04  1.8E-03    8    1.7E-002 
 17        -118.3935269058 -3.0E-06  1.5E-02  1.1E-04  7.3E-04    8    1.7E-002 
 18        -118.3935276625 -7.6E-07  1.1E-02  1.2E-04  0.0E+00    8    1.2E-002 
 19        -118.3935277491 -8.7E-08  4.3E-04  5.6E-05  0.0E+00    8    1.2E-002 
 20        -118.3935277772 -2.8E-08  1.7E-03  2.5E-05  0.0E+00    8    1.2E-002 
 21        -118.3935277826 -5.5E-09  7.0E-04  1.4E-05  0.0E+00    8    1.2E-002 
 22        -118.3935277836 -9.2E-10  1.5E-04  7.9E-06  0.0E+00    8    1.2E-002 
 23        -118.3935277849 -1.3E-09  8.9E-05  6.5E-06  0.0E+00    8    1.2E-002 
 24        -118.3935277853 -3.8E-10  7.5E-05  3.6E-06  0.0E+00    8    1.3E-002 
 25        -118.3935277853 -3.7E-11  1.1E-05  1.6E-06  0.0E+00    8    1.2E-002 
 26        -118.3935277853 -3.6E-12  6.9E-06  6.4E-07  0.0E+00    8    1.2E-002 
 27        -118.3935277853 -1.4E-13  1.6E-06  1.4E-07  0.0E+00    8    1.2E-002 
 28        -118.3935277853  7.1E-14  2.5E-07  3.6E-08  0.0E+00    8    1.2E-002 
 28*       -118.3935277853 -2.8E-14  2.8E-07  3.6E-08  0.0E+00    8    1.2E-002 
 ------------------------------------------------------------------------------
 SCF converged
 Converged energy                        -118.393527785303   
 ------------------------------------------------------------------------------
 Ehomo(Alpha) [eV]                       -7.884843523949     
 Elumo(Alpha) [eV]                       1.519282053634      
 Ehomo(Beta) [eV]                        -10.055485974631    
 Elumo(Beta) [eV]                        0.039921900727      

 dipole moment (Debye)
        x              y              z       
      2.496E-012     5.110E-013     2.712E-012

 traceless quadrupole moment (Debye*Angs)
                       x              y              z       
 x                   2.840E-001     2.930E-001     8.370E-001
 y                   2.930E-001     5.422E-001    -5.458E-001
 z                   8.370E-001    -5.458E-001    -8.262E-001

 ----------------------------------------------------------------------------
 Timings (seconds)
 * mean-field hamiltonian     3.4E-001
 * solver (setting up eqns)   1.0E-002
 * solver (energy estimate)   3.6E-003
 * solver (orthogonalization) 6.4E-004
 * solver (rotation matrix X) 2.6E-002
 * solver (exponential of X)  2.2E-003
 * solver (total)             4.3E-002
 * total SCF                  4.1E-001
 Atomic guess: PT, ../../../../basis-sets/bse/def2-svpd.txt
 ----------------------------------------------------------
 E(HF) [a.u.]                            -1.1839352779E+002
 Tr(RhoAvg S), Cartesian AOs              1.8000000000E+001
 Tr(RhoAvg S), spherical AOs              1.8000000000E+001
 max|T RhoAvg T**T - RhoAvg_sao|                  1.78E-015
 max|c(RhoAvg) - c(Rho)|                          1.78E-015
 max|RhoAvg - Rho|                                3.35E-001
 Saved /mnt/storage_6/project_data/pl0415-03/marcin/beyond-rpa/guess/electron-densities/bse/def2-svpd/pt.txt
 ----------------------------------------------------------------------------
                             SCF for AU (2S+1=2)                             
 ----------------------------------------------------------------------------
 NUMBER OF ATOMS                         1
 CHARGE                                  0
 Prescreening (pq|pq) integrals for the Cholesky decomposition
 Shell pairs will be sorted according to their max elements
 Max diagonal integral MaxDrs=3.7E+000
 Applying Eq. 15 in J. Chem. Phys. 150, 194112 (2019); doi: 10.1063/1.5083802
 Schwarz inequality: Dpq<min(10**(-8),Tau)**2/MaxDrs=2.7E-017
 Trace of exact Coulomb matrix: 4.8E+001
 Trace of discarded integrals: 0.0E+000
 Discarded 0 out of 91 shell pairs
 (0 out of 630 orbital pairs)

 Step 1 of Cholesky decomposition: locating pivots
 -------------------------------------------------
 Dimensions of the Coulomb matrix: (630,630)
 Threshold for diagonal matrix elements: Dpq > 1.0E-007
 Max number of Cholesky vectors: 525
 Rk storage block size: 500
 Max dimension of 2e integrals buffer: (630,630)

 ----------------------------------------------------------------------------
 #    Dmax        Memory (MB)    NPivots     %    Time        
 ----------------------------------------------------------------------------
 1    3.5E-002    5.4E+000       22          4    1.1E-002    
 2    3.2E-004    5.3E+000       148         37   1.7E-002    
 3    3.0E-006    4.7E+000       227         80   1.6E-002    
 4    8.8E-008    1.7E+000       256         100  3.8E-003    

 Step 1 of the Cholesky decomposition completed
 Computed 256 pivots
 Largest residual Dpq: 8.8E-008
 NCholesky/NAO = 7.3E+000
 Step 1 of Cholesky decomposition completed in 4.9E-002 seconds
 Detailed timings in seconds
 Subtract prev contribs I (M-R**T*R)     2.7E-003
 Subtract prev contribs II (Rk)          2.7E-003
 Two-electron integrals                  4.1E-002
 Reallocation                            7.5E-004

 Step 2 of Cholesky decomposition completed in 3.5E-003 seconds
 Detailed timings in seconds
 Reduced-dimension matrix V    2.6E-003
 V=L*L**T                      4.2E-004
 L**(-1)                       4.8E-004

 Full-dimension Cholesky vectors of the Coulomb matrix will be stored in memory
 Cholesky vectors computed in 6.5E-003 seconds

 ┌─────────────────────────────────────────┐
 │          Self-consistent field          │
 └─────────────────────────────────────────┘

 Atomic orbital basis set
 . . . . . . . . . . . . . . . . . . . . . . . . . . . . . . . . . . . . . . 
 atomic centers                               1
 shell parameter sets                         13
 spherical AOs                                35
 max angular momentum                         3
 parameter set                                ../../../../basis-sets/bse/def2-svpd.txt
 . . . . . . . . . . . . . . . . . . . . . . . . . . . . . . . . . . . . . . 
 SCF guess: bare nuclei Hamiltonian
 Starting self-consistent field iterations (spin-unrestricted)
 Alpha electrons: 10
 Beta electrons: 9
 ----------------------------------------------------------------------------
 Exchange-correlation: Hartree-Fock
 ----------------------------------------------------------------------------
 Replicated-data parallel SCF
 ----------------------------
 Processes                               1
 Threads/process                         16
 Allocated 2.4E-004 GiB of scratch space for the KS matrix build
 ----------------------------------------------------------------------------
 Loaded pseudopotential parameters
 ----------------------------------------------------------------------------

 GOLD        
 Parameters file: ../../../../basis-sets/bse/def2-svpd.txt
 ECP accounts for 60 core electrons

          Coeff         R^n       Exponent                                       

 Local part

         30.49008890      2         4.78982000                                   
          5.17107381      2         2.39491000                                   

 L = 0

        426.84667920      2        13.20510000                                   
         37.00708285      2         6.60255000                                   
        -30.49008890      2         4.78982000                                   
         -5.17107381      2         2.39491000                                   

 L = 1

        261.19958038      2        10.45202000                                   
         26.96249604      2         5.22601000                                   
        -30.49008890      2         4.78982000                                   
         -5.17107381      2         2.39491000                                   

 L = 2

        124.79066561      2         7.85110000                                   
         16.30072573      2         3.92555000                                   
        -30.49008890      2         4.78982000                                   
         -5.17107381      2         2.39491000                                   

 ----------------------------------------------------------------------------
 Spherical harmonic basis contains 35 vectors
 Linear independence thresh: Eig(S) > 1.0E-006
 Computations will be carried out in the space of 35 MOs
 Threshold for J, K: |Rho(r,s)*(pq|rs)|,|Rho(q,s)*(pq|rs)| > 1.0E-011
 Convergence conditions
 ----------------------
 RhoDiff < 1.0E-006
 OrbGrad < 1.0E-006
 Max number of macroiters: 1024
 ------------------------------------------------------------------------------
 #           Energy        EDiff    RhoDiff  OrbGrad  OrbShift NStored Time     
 ------------------------------------------------------------------------------
 0          107.1872476787                                        0    3.1E-002 
 1         -131.5722824264           2.3E+01                      0    1.1E-002 
 2         -134.2994987520 -2.7E+00  6.5E+00  1.1E+00  1.6E+00    1    1.2E-002 
 3         -134.5607275832 -2.6E-01  1.8E+00  3.1E-01  1.9E-02    2    1.2E-002 
 4         -134.7825361957 -2.2E-01  3.7E-01  1.9E-01  0.0E+00    3    1.2E-002 
 5         -134.7850628015 -2.5E-03  9.3E-02  3.5E-02  0.0E+00    4    1.2E-002 
 6         -134.7851664638 -1.0E-04  2.3E-02  5.0E-03  0.0E+00    5    1.2E-002 
 7         -134.7851729275 -6.5E-06  2.0E-03  6.5E-04  0.0E+00    6    1.2E-002 
 8         -134.7851763614 -3.4E-06  2.8E-03  3.9E-04  0.0E+00    7    1.2E-002 
 9         -134.7851765025 -1.4E-07  2.2E-04  1.4E-04  0.0E+00    8    1.2E-002 
 10        -134.7851765086 -6.1E-09  1.5E-04  2.3E-05  0.0E+00    8    1.2E-002 
 11        -134.7851765088 -1.9E-10  2.6E-05  5.3E-06  0.0E+00    8    1.2E-002 
 12        -134.7851765088 -9.4E-12  1.7E-06  2.4E-06  0.0E+00    8    1.2E-002 
 13        -134.7851765088 -1.3E-12  1.1E-06  7.1E-07  0.0E+00    8    1.2E-002 
 14        -134.7851765088 -2.8E-14  3.3E-07  1.3E-07  0.0E+00    8    1.2E-002 
 ------------------------------------------------------------------------------
 SCF converged
 Converged energy                        -134.785176508803   
 ------------------------------------------------------------------------------
 Ehomo(Alpha) [eV]                       -7.922026563225     
 Elumo(Alpha) [eV]                       1.772161440363      
 Ehomo(Beta) [eV]                        -12.182477542270    
 Elumo(Beta) [eV]                        -0.121513276070     

 dipole moment (Debye)
        x              y              z       
      2.453E-015     2.173E-015    -1.423E-015

 traceless quadrupole moment (Debye*Angs)
                       x              y              z       
 x                  -1.525E-007    -2.685E-007     2.603E-007
 y                  -2.685E-007     1.455E-006     8.224E-008
 z                   2.603E-007     8.224E-008    -1.303E-006

 ----------------------------------------------------------------------------
 Timings (seconds)
 * mean-field hamiltonian     1.7E-001
 * solver (setting up eqns)   4.3E-003
 * solver (energy estimate)   1.2E-003
 * solver (orthogonalization) 3.1E-004
 * solver (rotation matrix X) 3.1E-003
 * solver (exponential of X)  1.0E-003
 * solver (total)             1.0E-002
 * total SCF                  2.0E-001
 Atomic guess: AU, ../../../../basis-sets/bse/def2-svpd.txt
 ----------------------------------------------------------
 E(HF) [a.u.]                            -1.3478517651E+002
 Tr(RhoAvg S), Cartesian AOs              1.9000000000E+001
 Tr(RhoAvg S), spherical AOs              1.9000000000E+001
 max|T RhoAvg T**T - RhoAvg_sao|                  2.22E-015
 max|c(RhoAvg) - c(Rho)|                          5.55E-016
 max|RhoAvg - Rho|                                2.80E-007
 Saved /mnt/storage_6/project_data/pl0415-03/marcin/beyond-rpa/guess/electron-densities/bse/def2-svpd/au.txt
 ----------------------------------------------------------------------------
                                  SCF for HG                                 
 ----------------------------------------------------------------------------
 NUMBER OF ATOMS                         1
 CHARGE                                  0
 Prescreening (pq|pq) integrals for the Cholesky decomposition
 Shell pairs will be sorted according to their max elements
 Max diagonal integral MaxDrs=3.6E+000
 Applying Eq. 15 in J. Chem. Phys. 150, 194112 (2019); doi: 10.1063/1.5083802
 Schwarz inequality: Dpq<min(10**(-8),Tau)**2/MaxDrs=2.8E-017
 Trace of exact Coulomb matrix: 5.1E+001
 Trace of discarded integrals: 0.0E+000
 Discarded 0 out of 91 shell pairs
 (0 out of 630 orbital pairs)

 Step 1 of Cholesky decomposition: locating pivots
 -------------------------------------------------
 Dimensions of the Coulomb matrix: (630,630)
 Threshold for diagonal matrix elements: Dpq > 1.0E-007
 Max number of Cholesky vectors: 525
 Rk storage block size: 500
 Max dimension of 2e integrals buffer: (630,630)

 ----------------------------------------------------------------------------
 #    Dmax        Memory (MB)    NPivots     %    Time        
 ----------------------------------------------------------------------------
 1    3.5E-002    5.4E+000       24          4    1.0E-002    
 2    3.4E-004    5.4E+000       145         33   1.6E-002    
 3    3.3E-006    4.8E+000       220         74   1.7E-002    
 4    7.4E-008    1.9E+000       256         100  4.3E-003    

 Step 1 of the Cholesky decomposition completed
 Computed 256 pivots
 Largest residual Dpq: 7.4E-008
 NCholesky/NAO = 7.3E+000
 Step 1 of Cholesky decomposition completed in 4.9E-002 seconds
 Detailed timings in seconds
 Subtract prev contribs I (M-R**T*R)     2.4E-003
 Subtract prev contribs II (Rk)          2.7E-003
 Two-electron integrals                  4.0E-002
 Reallocation                            1.0E-003

 Step 2 of Cholesky decomposition completed in 3.4E-003 seconds
 Detailed timings in seconds
 Reduced-dimension matrix V    2.5E-003
 V=L*L**T                      3.8E-004
 L**(-1)                       5.0E-004

 Full-dimension Cholesky vectors of the Coulomb matrix will be stored in memory
 Cholesky vectors computed in 6.5E-003 seconds

 ┌─────────────────────────────────────────┐
 │          Self-consistent field          │
 └─────────────────────────────────────────┘

 Atomic orbital basis set
 . . . . . . . . . . . . . . . . . . . . . . . . . . . . . . . . . . . . . . 
 atomic centers                               1
 shell parameter sets                         13
 spherical AOs                                35
 max angular momentum                         3
 parameter set                                ../../../../basis-sets/bse/def2-svpd.txt
 . . . . . . . . . . . . . . . . . . . . . . . . . . . . . . . . . . . . . . 
 SCF guess: bare nuclei Hamiltonian
 Starting self-consistent field iterations (spin-restricted singlet)
 Alpha+beta electrons: 20
 ----------------------------------------------------------------------------
 Exchange-correlation: Hartree-Fock
 ----------------------------------------------------------------------------
 Replicated-data parallel SCF
 ----------------------------
 Processes                               1
 Threads/process                         16
 Allocated 1.4E-004 GiB of scratch space for the KS matrix build
 ----------------------------------------------------------------------------
 Loaded pseudopotential parameters
 ----------------------------------------------------------------------------

 MERCURY     
 Parameters file: ../../../../basis-sets/bse/def2-svpd.txt
 ECP accounts for 60 core electrons

          Coeff         R^n       Exponent                                       

 Local part

         30.36499643      2         3.88579112                                   

 L = 0

        275.73721174      2        12.98154870                                   
         49.08921249      2         6.49077440                                   
        -30.36499643      2         3.88579112                                   

 L = 1

        241.54007398      2        10.53809580                                   
         27.39659081      2         5.26904790                                   
        -30.36499643      2         3.88579112                                   

 L = 2

        127.86700761      2         8.10172051                                   
         16.60831151      2         4.05086026                                   
        -30.36499643      2         3.88579112                                   

 ----------------------------------------------------------------------------
 Spherical harmonic basis contains 35 vectors
 Linear independence thresh: Eig(S) > 1.0E-006
 Computations will be carried out in the space of 35 MOs
 Threshold for J, K: |Rho(r,s)*(pq|rs)|,|Rho(q,s)*(pq|rs)| > 1.0E-011
 Convergence conditions
 ----------------------
 RhoDiff < 1.0E-006
 OrbGrad < 1.0E-006
 Max number of macroiters: 1024
 ------------------------------------------------------------------------------
 #           Energy        EDiff    RhoDiff  OrbGrad  OrbShift NStored Time     
 ------------------------------------------------------------------------------
 0           40.9269834703                                        0    2.6E-002 
 1         -148.3524894862           7.5E+01                      0    5.8E-003 
 2         -152.1185729051 -3.8E+00  1.4E+01  1.2E+00  1.6E+00    1    6.2E-003 
 3         -152.4125066417 -2.9E-01  3.3E+00  2.4E-01  0.0E+00    2    6.0E-003 
 4         -152.5481171023 -1.4E-01  5.6E-01  1.5E-01  0.0E+00    3    6.1E-003 
 5         -152.5503355787 -2.2E-03  1.3E-01  2.6E-02  0.0E+00    4    6.1E-003 
 6         -152.5503674085 -3.2E-05  1.8E-02  2.6E-03  0.0E+00    5    6.1E-003 
 7         -152.5503675920 -1.8E-07  4.8E-04  1.8E-04  0.0E+00    6    6.1E-003 
 8         -152.5503675934 -1.4E-09  7.7E-05  1.1E-05  0.0E+00    7    6.1E-003 
 9         -152.5503675935 -8.4E-11  1.0E-05  3.1E-06  0.0E+00    8    6.2E-003 
 10        -152.5503675935 -6.6E-12  2.4E-06  8.9E-07  0.0E+00    8    6.2E-003 
 11        -152.5503675935 -5.7E-13  1.0E-06  2.5E-07  0.0E+00    8    6.2E-003 
 12        -152.5503675935  5.7E-14  2.3E-07  6.5E-08  0.0E+00    8    6.2E-003 
 12*       -152.5503675935  2.8E-14  2.0E-07  6.5E-08  7.5E-01    8    7.8E-003 
 Skipping trust radius update
 12*       -152.5503675935 -8.5E-14  1.5E-07  6.5E-08  1.6E+00    8    8.0E-003 
 ------------------------------------------------------------------------------
 SCF converged
 Converged energy                        -152.550367593459   
 ------------------------------------------------------------------------------
 Ehomo [eV]                              -8.885746993529     
 Elumo [eV]                              2.193325397749      

 dipole moment (Debye)
        x              y              z       
      3.089E-015     3.044E-015    -1.648E-015

 traceless quadrupole moment (Debye*Angs)
                       x              y              z       
 x                   1.540E-005     4.928E-009     6.979E-009
 y                   4.928E-009     1.579E-005     2.129E-008
 z                   6.979E-009     2.129E-008    -3.119E-005

 ----------------------------------------------------------------------------
 Timings (seconds)
 * mean-field hamiltonian     8.6E-002
 * solver (setting up eqns)   2.1E-003
 * solver (energy estimate)   5.8E-004
 * solver (orthogonalization) 1.6E-004
 * solver (rotation matrix X) 4.6E-003
 * solver (exponential of X)  5.4E-004
 * solver (total)             8.2E-003
 * total SCF                  1.2E-001
 Atomic guess: HG, ../../../../basis-sets/bse/def2-svpd.txt
 ----------------------------------------------------------
 E(HF) [a.u.]                            -1.5255036759E+002
 Tr(RhoAvg S), Cartesian AOs              2.0000000000E+001
 Tr(RhoAvg S), spherical AOs              2.0000000000E+001
 max|T RhoAvg T**T - RhoAvg_sao|                  1.33E-015
 max|c(RhoAvg) - c(Rho)|                          2.22E-016
 max|RhoAvg - Rho|                                1.13E-005
 Saved /mnt/storage_6/project_data/pl0415-03/marcin/beyond-rpa/guess/electron-densities/bse/def2-svpd/hg.txt
 ----------------------------------------------------------------------------
                             SCF for TL (2S+1=2)                             
 ----------------------------------------------------------------------------
 NUMBER OF ATOMS                         1
 CHARGE                                  0
 Prescreening (pq|pq) integrals for the Cholesky decomposition
 Shell pairs will be sorted according to their max elements
 Max diagonal integral MaxDrs=1.3E+000
 Applying Eq. 15 in J. Chem. Phys. 150, 194112 (2019); doi: 10.1063/1.5083802
 Schwarz inequality: Dpq<min(10**(-8),Tau)**2/MaxDrs=7.7E-017
 Trace of exact Coulomb matrix: 3.3E+001
 Trace of discarded integrals: 0.0E+000
 Discarded 0 out of 78 shell pairs
 (0 out of 528 orbital pairs)

 Step 1 of Cholesky decomposition: locating pivots
 -------------------------------------------------
 Dimensions of the Coulomb matrix: (528,528)
 Threshold for diagonal matrix elements: Dpq > 1.0E-007
 Max number of Cholesky vectors: 480
 Rk storage block size: 500
 Max dimension of 2e integrals buffer: (528,528)

 ----------------------------------------------------------------------------
 #    Dmax        Memory (MB)    NPivots     %    Time        
 ----------------------------------------------------------------------------
 1    1.2E-002    4.1E+000       55          16   1.6E-002    
 2    1.2E-004    3.6E+000       144         51   1.9E-002    
 3    1.1E-006    3.0E+000       184         89   1.9E-002    
 4    5.8E-008    5.9E-001       211         100  9.1E-004    

 Step 1 of the Cholesky decomposition completed
 Computed 211 pivots
 Largest residual Dpq: 5.8E-008
 NCholesky/NAO = 6.6E+000
 Step 1 of Cholesky decomposition completed in 5.6E-002 seconds
 Detailed timings in seconds
 Subtract prev contribs I (M-R**T*R)     1.3E-003
 Subtract prev contribs II (Rk)          2.6E-003
 Two-electron integrals                  4.9E-002
 Reallocation                            1.3E-003

 Step 2 of Cholesky decomposition completed in 8.0E-003 seconds
 Detailed timings in seconds
 Reduced-dimension matrix V    7.2E-003
 V=L*L**T                      3.5E-004
 L**(-1)                       3.7E-004

 Full-dimension Cholesky vectors of the Coulomb matrix will be stored in memory
 Cholesky vectors computed in 1.1E-002 seconds

 ┌─────────────────────────────────────────┐
 │          Self-consistent field          │
 └─────────────────────────────────────────┘

 Atomic orbital basis set
 . . . . . . . . . . . . . . . . . . . . . . . . . . . . . . . . . . . . . . 
 atomic centers                               1
 shell parameter sets                         12
 spherical AOs                                32
 max angular momentum                         2
 parameter set                                ../../../../basis-sets/bse/def2-svpd.txt
 . . . . . . . . . . . . . . . . . . . . . . . . . . . . . . . . . . . . . . 
 SCF guess: bare nuclei Hamiltonian
 Starting self-consistent field iterations (spin-unrestricted)
 Alpha electrons: 11
 Beta electrons: 10
 ----------------------------------------------------------------------------
 Exchange-correlation: Hartree-Fock
 ----------------------------------------------------------------------------
 Replicated-data parallel SCF
 ----------------------------
 Processes                               1
 Threads/process                         16
 Allocated 1.9E-004 GiB of scratch space for the KS matrix build
 ----------------------------------------------------------------------------
 Loaded pseudopotential parameters
 ----------------------------------------------------------------------------

 THALLIUM    
 Parameters file: ../../../../basis-sets/bse/def2-svpd.txt
 ECP accounts for 60 core electrons

          Coeff         R^n       Exponent                                       

 Local part

         15.82548800      2         5.62639900                                   
         21.10402100      2         5.54895200                                   
          2.91512700      2         2.87494600                                   
          3.89690300      2         2.82145100                                   

 L = 0

        281.28466300      2        12.16780500                                   
         62.43425100      2         8.29490900                                   
        -15.82548800      2         5.62639900                                   
        -21.10402100      2         5.54895200                                   
         -2.91512700      2         2.87494600                                   
         -3.89690300      2         2.82145100                                   

 L = 1

          4.63340800      2         7.15149200                                   
          9.34175600      2         5.17286500                                   
         72.29925300      2         9.89107200                                   
        144.55803700      2         9.00339100                                   
        -15.82548800      2         5.62639900                                   
        -21.10402100      2         5.54895200                                   
         -2.91512700      2         2.87494600                                   
         -3.89690300      2         2.82145100                                   

 L = 2

         35.94303900      2         7.13021800                                   
         53.90959300      2         6.92690600                                   
         10.38193900      2         5.41757000                                   
         15.58382200      2         5.13868100                                   
        -15.82548800      2         5.62639900                                   
        -21.10402100      2         5.54895200                                   
         -2.91512700      2         2.87494600                                   
         -3.89690300      2         2.82145100                                   

 ----------------------------------------------------------------------------
 Spherical harmonic basis contains 32 vectors
 Linear independence thresh: Eig(S) > 1.0E-006
 Computations will be carried out in the space of 32 MOs
 Threshold for J, K: |Rho(r,s)*(pq|rs)|,|Rho(q,s)*(pq|rs)| > 1.0E-011
 Convergence conditions
 ----------------------
 RhoDiff < 1.0E-006
 OrbGrad < 1.0E-006
 Max number of macroiters: 1024
 ------------------------------------------------------------------------------
 #           Energy        EDiff    RhoDiff  OrbGrad  OrbShift NStored Time     
 ------------------------------------------------------------------------------
 0           53.2523484449                                        0    2.7E-002 
 1         -170.0594178602           1.4E+01                      0    8.9E-003 
 2         -171.4850946710 -1.4E+00  3.3E+00  7.3E-01  2.4E-01    1    9.7E-003 
 3         -171.5099236952 -2.5E-02  1.2E-01  1.1E-01  0.0E+00    2    9.3E-003 
 4         -171.5134329643 -3.5E-03  7.2E-02  2.9E-02  0.0E+00    3    9.4E-003 
 5         -171.5135950240 -1.6E-04  3.2E-02  5.9E-03  0.0E+00    4    9.4E-003 
 6         -171.5136088346 -1.4E-05  7.2E-03  1.0E-03  0.0E+00    5    9.4E-003 
 7         -171.5136090489 -2.1E-07  1.3E-03  1.9E-04  0.0E+00    6    9.4E-003 
 8         -171.5136090520 -3.1E-09  1.3E-04  2.2E-05  0.0E+00    7    9.5E-003 
 9         -171.5136090521 -8.0E-11  2.0E-05  3.5E-06  0.0E+00    8    9.6E-003 
 10        -171.5136090521 -5.4E-12  5.7E-06  1.0E-06  0.0E+00    8    9.7E-003 
 11        -171.5136090521 -4.3E-13  2.1E-06  3.2E-07  0.0E+00    8    9.7E-003 
 Skipping trust radius update
 12        -171.5136090521 -1.1E-13  2.3E-07  4.5E-08  0.0E+00    8    9.7E-003 
 ------------------------------------------------------------------------------
 SCF converged
 Converged energy                        -171.513609052073   
 ------------------------------------------------------------------------------
 Ehomo(Alpha) [eV]                       -5.215958030699     
 Elumo(Alpha) [eV]                       0.570722592180      
 Ehomo(Beta) [eV]                        -11.504161830304    
 Elumo(Beta) [eV]                        0.902585025345      

 dipole moment (Debye)
        x              y              z       
      6.632E-015    -9.808E-015    -5.142E-015

 traceless quadrupole moment (Debye*Angs)
                       x              y              z       
 x                   2.922E+000     3.101E+000    -3.358E+000
 y                   3.101E+000    -9.767E-001     6.078E+000
 z                  -3.358E+000     6.078E+000    -1.946E+000

 ----------------------------------------------------------------------------
 Timings (seconds)
 * mean-field hamiltonian     1.2E-001
 * solver (setting up eqns)   2.8E-003
 * solver (energy estimate)   9.6E-004
 * solver (orthogonalization) 2.0E-004
 * solver (rotation matrix X) 2.1E-003
 * solver (exponential of X)  6.7E-004
 * solver (total)             7.1E-003
 * total SCF                  1.4E-001
 Atomic guess: TL, ../../../../basis-sets/bse/def2-svpd.txt
 ----------------------------------------------------------
 E(HF) [a.u.]                            -1.7151360905E+002
 Tr(RhoAvg S), Cartesian AOs              2.1000000000E+001
 Tr(RhoAvg S), spherical AOs              2.1000000000E+001
 max|T RhoAvg T**T - RhoAvg_sao|                  3.11E-015
 max|c(RhoAvg) - c(Rho)|                          1.78E-015
 max|RhoAvg - Rho|                                1.75E-001
 Saved /mnt/storage_6/project_data/pl0415-03/marcin/beyond-rpa/guess/electron-densities/bse/def2-svpd/tl.txt
 ----------------------------------------------------------------------------
                             SCF for PB (2S+1=3)                             
 ----------------------------------------------------------------------------
 NUMBER OF ATOMS                         1
 CHARGE                                  0
 Prescreening (pq|pq) integrals for the Cholesky decomposition
 Shell pairs will be sorted according to their max elements
 Max diagonal integral MaxDrs=1.3E+000
 Applying Eq. 15 in J. Chem. Phys. 150, 194112 (2019); doi: 10.1063/1.5083802
 Schwarz inequality: Dpq<min(10**(-8),Tau)**2/MaxDrs=7.4E-017
 Trace of exact Coulomb matrix: 3.6E+001
 Trace of discarded integrals: 0.0E+000
 Discarded 0 out of 78 shell pairs
 (0 out of 528 orbital pairs)

 Step 1 of Cholesky decomposition: locating pivots
 -------------------------------------------------
 Dimensions of the Coulomb matrix: (528,528)
 Threshold for diagonal matrix elements: Dpq > 1.0E-007
 Max number of Cholesky vectors: 480
 Rk storage block size: 500
 Max dimension of 2e integrals buffer: (528,528)

 ----------------------------------------------------------------------------
 #    Dmax        Memory (MB)    NPivots     %    Time        
 ----------------------------------------------------------------------------
 1    1.3E-002    4.1E+000       55          16   1.5E-002    
 2    1.2E-004    3.7E+000       144         50   1.9E-002    
 3    9.2E-007    2.7E+000       179         87   1.7E-002    
 4    9.3E-008    7.5E-001       211         100  1.0E-003    

 Step 1 of the Cholesky decomposition completed
 Computed 211 pivots
 Largest residual Dpq: 9.3E-008
 NCholesky/NAO = 6.6E+000
 Step 1 of Cholesky decomposition completed in 5.4E-002 seconds
 Detailed timings in seconds
 Subtract prev contribs I (M-R**T*R)     1.7E-003
 Subtract prev contribs II (Rk)          1.7E-003
 Two-electron integrals                  4.8E-002
 Reallocation                            7.6E-004

 Step 2 of Cholesky decomposition completed in 8.1E-003 seconds
 Detailed timings in seconds
 Reduced-dimension matrix V    7.3E-003
 V=L*L**T                      3.6E-004
 L**(-1)                       3.6E-004

 Full-dimension Cholesky vectors of the Coulomb matrix will be stored in memory
 Cholesky vectors computed in 1.1E-002 seconds

 ┌─────────────────────────────────────────┐
 │          Self-consistent field          │
 └─────────────────────────────────────────┘

 Atomic orbital basis set
 . . . . . . . . . . . . . . . . . . . . . . . . . . . . . . . . . . . . . . 
 atomic centers                               1
 shell parameter sets                         12
 spherical AOs                                32
 max angular momentum                         2
 parameter set                                ../../../../basis-sets/bse/def2-svpd.txt
 . . . . . . . . . . . . . . . . . . . . . . . . . . . . . . . . . . . . . . 
 SCF guess: bare nuclei Hamiltonian
 Starting self-consistent field iterations (spin-unrestricted)
 Alpha electrons: 12
 Beta electrons: 10
 ----------------------------------------------------------------------------
 Exchange-correlation: Hartree-Fock
 ----------------------------------------------------------------------------
 Replicated-data parallel SCF
 ----------------------------
 Processes                               1
 Threads/process                         16
 Allocated 1.9E-004 GiB of scratch space for the KS matrix build
 ----------------------------------------------------------------------------
 Loaded pseudopotential parameters
 ----------------------------------------------------------------------------

 LEAD        
 Parameters file: ../../../../basis-sets/bse/def2-svpd.txt
 ECP accounts for 60 core electrons

          Coeff         R^n       Exponent                                       

 Local part

         12.20989200      2         3.88751200                                   
         16.19029100      2         3.81196300                                   

 L = 0

        281.28549900      2        12.29630300                                   
         62.52021700      2         8.63263400                                   
        -12.20989200      2         3.88751200                                   
        -16.19029100      2         3.81196300                                   

 L = 1

         72.27689700      2        10.24179000                                   
        144.59108300      2         8.92417600                                   
          4.75869300      2         6.58134200                                   
          9.94062100      2         6.25540300                                   
        -12.20989200      2         3.88751200                                   
        -16.19029100      2         3.81196300                                   

 L = 2

         35.84850700      2         7.75433600                                   
         53.72434200      2         7.72028100                                   
         10.11525600      2         4.97026400                                   
         14.83373100      2         4.56378900                                   
        -12.20989200      2         3.88751200                                   
        -16.19029100      2         3.81196300                                   

 ----------------------------------------------------------------------------
 Spherical harmonic basis contains 32 vectors
 Linear independence thresh: Eig(S) > 1.0E-006
 Computations will be carried out in the space of 32 MOs
 Threshold for J, K: |Rho(r,s)*(pq|rs)|,|Rho(q,s)*(pq|rs)| > 1.0E-011
 Convergence conditions
 ----------------------
 RhoDiff < 1.0E-006
 OrbGrad < 1.0E-006
 Max number of macroiters: 1024
 ------------------------------------------------------------------------------
 #           Energy        EDiff    RhoDiff  OrbGrad  OrbShift NStored Time     
 ------------------------------------------------------------------------------
 0           44.9464352350                                        0    2.7E-002 
 1         -190.0274752068           1.9E+01                      0    9.3E-003 
 2         -191.7715190250 -1.7E+00  3.5E+00  1.1E+00  3.3E-01    1    9.9E-003 
 3         -191.8279702478 -5.6E-02  2.7E-01  1.2E-01  0.0E+00    2    9.4E-003 
 4         -191.8333445847 -5.4E-03  8.0E-02  2.5E-02  0.0E+00    3    9.6E-003 
 5         -191.8334906486 -1.5E-04  2.7E-02  3.7E-03  0.0E+00    4    9.6E-003 
 6         -191.8334956073 -5.0E-06  7.8E-03  1.2E-03  0.0E+00    5    9.7E-003 
 7         -191.8334957814 -1.7E-07  6.5E-04  1.5E-04  0.0E+00    6    9.8E-003 
 8         -191.8334957831 -1.7E-09  1.0E-04  1.4E-05  0.0E+00    7    9.8E-003 
 9         -191.8334957831 -4.2E-11  8.5E-06  2.2E-06  0.0E+00    8    9.9E-003 
 10        -191.8334957831 -3.7E-12  1.2E-06  7.4E-07  0.0E+00    8    9.9E-003 
 11        -191.8334957831 -4.5E-13  5.3E-07  2.9E-07  0.0E+00    8    1.0E-002 
 ------------------------------------------------------------------------------
 SCF converged
 Converged energy                        -191.833495783141   
 ------------------------------------------------------------------------------
 Ehomo(Alpha) [eV]                       -6.913528018848     
 Elumo(Alpha) [eV]                       -0.277023727466     
 Ehomo(Beta) [eV]                        -13.692545037440    
 Elumo(Beta) [eV]                        0.489702512385      

 dipole moment (Debye)
        x              y              z       
      8.202E-015     5.129E-016    -4.345E-015

 traceless quadrupole moment (Debye*Angs)
                       x              y              z       
 x                   1.262E+000    -3.120E+000     4.141E+000
 y                  -3.120E+000    -1.415E+000    -2.730E+000
 z                   4.141E+000    -2.730E+000     1.525E-001

 ----------------------------------------------------------------------------
 Timings (seconds)
 * mean-field hamiltonian     1.1E-001
 * solver (setting up eqns)   2.4E-003
 * solver (energy estimate)   8.5E-004
 * solver (orthogonalization) 1.8E-004
 * solver (rotation matrix X) 2.0E-003
 * solver (exponential of X)  6.1E-004
 * solver (total)             6.4E-003
 * total SCF                  1.4E-001
 Atomic guess: PB, ../../../../basis-sets/bse/def2-svpd.txt
 ----------------------------------------------------------
 E(HF) [a.u.]                            -1.9183349578E+002
 Tr(RhoAvg S), Cartesian AOs              2.2000000000E+001
 Tr(RhoAvg S), spherical AOs              2.2000000000E+001
 max|T RhoAvg T**T - RhoAvg_sao|                  3.33E-015
 max|c(RhoAvg) - c(Rho)|                          1.78E-015
 max|RhoAvg - Rho|                                1.39E-001
 Saved /mnt/storage_6/project_data/pl0415-03/marcin/beyond-rpa/guess/electron-densities/bse/def2-svpd/pb.txt
 ----------------------------------------------------------------------------
                             SCF for BI (2S+1=4)                             
 ----------------------------------------------------------------------------
 NUMBER OF ATOMS                         1
 CHARGE                                  0
 Prescreening (pq|pq) integrals for the Cholesky decomposition
 Shell pairs will be sorted according to their max elements
 Max diagonal integral MaxDrs=1.6E+000
 Applying Eq. 15 in J. Chem. Phys. 150, 194112 (2019); doi: 10.1063/1.5083802
 Schwarz inequality: Dpq<min(10**(-8),Tau)**2/MaxDrs=6.4E-017
 Trace of exact Coulomb matrix: 3.9E+001
 Trace of discarded integrals: 0.0E+000
 Discarded 0 out of 78 shell pairs
 (0 out of 528 orbital pairs)

 Step 1 of Cholesky decomposition: locating pivots
 -------------------------------------------------
 Dimensions of the Coulomb matrix: (528,528)
 Threshold for diagonal matrix elements: Dpq > 1.0E-007
 Max number of Cholesky vectors: 480
 Rk storage block size: 500
 Max dimension of 2e integrals buffer: (528,528)

 ----------------------------------------------------------------------------
 #    Dmax        Memory (MB)    NPivots     %    Time        
 ----------------------------------------------------------------------------
 1    1.4E-002    4.1E+000       54          13   1.8E-002    
 2    1.1E-004    3.9E+000       144         51   1.8E-002    
 3    1.1E-006    2.6E+000       178         86   1.5E-002    
 4    9.3E-008    5.3E-001       202         100  1.0E-003    

 Step 1 of the Cholesky decomposition completed
 Computed 202 pivots
 Largest residual Dpq: 9.3E-008
 NCholesky/NAO = 6.3E+000
 Step 1 of Cholesky decomposition completed in 5.2E-002 seconds
 Detailed timings in seconds
 Subtract prev contribs I (M-R**T*R)     1.1E-003
 Subtract prev contribs II (Rk)          1.6E-003
 Two-electron integrals                  4.8E-002
 Reallocation                            3.6E-004

 Step 2 of Cholesky decomposition completed in 8.0E-003 seconds
 Detailed timings in seconds
 Reduced-dimension matrix V    7.3E-003
 V=L*L**T                      3.5E-004
 L**(-1)                       3.1E-004

 Full-dimension Cholesky vectors of the Coulomb matrix will be stored in memory
 Cholesky vectors computed in 1.0E-002 seconds

 ┌─────────────────────────────────────────┐
 │          Self-consistent field          │
 └─────────────────────────────────────────┘

 Atomic orbital basis set
 . . . . . . . . . . . . . . . . . . . . . . . . . . . . . . . . . . . . . . 
 atomic centers                               1
 shell parameter sets                         12
 spherical AOs                                32
 max angular momentum                         2
 parameter set                                ../../../../basis-sets/bse/def2-svpd.txt
 . . . . . . . . . . . . . . . . . . . . . . . . . . . . . . . . . . . . . . 
 SCF guess: bare nuclei Hamiltonian
 Starting self-consistent field iterations (spin-unrestricted)
 Alpha electrons: 13
 Beta electrons: 10
 ----------------------------------------------------------------------------
 Exchange-correlation: Hartree-Fock
 ----------------------------------------------------------------------------
 Replicated-data parallel SCF
 ----------------------------
 Processes                               1
 Threads/process                         16
 Allocated 1.9E-004 GiB of scratch space for the KS matrix build
 ----------------------------------------------------------------------------
 Loaded pseudopotential parameters
 ----------------------------------------------------------------------------

 BISMUTH     
 Parameters file: ../../../../basis-sets/bse/def2-svpd.txt
 ECP accounts for 60 core electrons

          Coeff         R^n       Exponent                                       

 Local part

         13.71338300      2         4.21454600                                   
         18.19430800      2         4.13340000                                   

 L = 0

        283.26422700      2        13.04309000                                   
         62.47195900      2         8.22168200                                   
        -13.71338300      2         4.21454600                                   
        -18.19430800      2         4.13340000                                   

 L = 1

         72.00149900      2        10.46777700                                   
        144.00227700      2         9.11890100                                   
          5.00794500      2         6.75479100                                   
          9.99155000      2         6.25259200                                   
        -13.71338300      2         4.21454600                                   
        -18.19430800      2         4.13340000                                   

 L = 2

         36.39625900      2         8.08147400                                   
         54.59766400      2         7.89059500                                   
          9.98429400      2         4.95555600                                   
         14.98148500      2         4.70455900                                   
        -13.71338300      2         4.21454600                                   
        -18.19430800      2         4.13340000                                   

 ----------------------------------------------------------------------------
 Spherical harmonic basis contains 32 vectors
 Linear independence thresh: Eig(S) > 1.0E-006
 Computations will be carried out in the space of 32 MOs
 Threshold for J, K: |Rho(r,s)*(pq|rs)|,|Rho(q,s)*(pq|rs)| > 1.0E-011
 Convergence conditions
 ----------------------
 RhoDiff < 1.0E-006
 OrbGrad < 1.0E-006
 Max number of macroiters: 1024
 ------------------------------------------------------------------------------
 #           Energy        EDiff    RhoDiff  OrbGrad  OrbShift NStored Time     
 ------------------------------------------------------------------------------
 0           33.6681859228                                        0    2.7E-002 
 1         -211.4137204564           2.4E+01                      0    9.1E-003 
 2         -213.5130232544 -2.1E+00  3.8E+00  9.1E-01  3.8E-01    1    1.0E-002 
 3         -213.5851248511 -7.2E-02  3.2E-01  1.2E-01  0.0E+00    2    9.5E-003 
 4         -213.5910618603 -5.9E-03  1.1E-01  2.2E-02  0.0E+00    3    9.6E-003 
 5         -213.5912235236 -1.6E-04  3.5E-02  4.8E-03  0.0E+00    4    9.7E-003 
 6         -213.5912262977 -2.8E-06  5.0E-03  8.7E-04  0.0E+00    5    9.7E-003 
 7         -213.5912263678 -7.0E-08  3.0E-04  1.1E-04  0.0E+00    6    9.8E-003 
 8         -213.5912263684 -5.8E-10  6.3E-05  1.2E-05  0.0E+00    7    9.8E-003 
 9         -213.5912263684 -3.1E-11  1.2E-05  2.4E-06  0.0E+00    8    9.9E-003 
 10        -213.5912263684 -2.0E-12  2.3E-06  5.3E-07  0.0E+00    8    1.0E-002 
 11        -213.5912263684 -2.8E-13  5.6E-07  2.0E-07  0.0E+00    8    1.0E-002 
 ------------------------------------------------------------------------------
 SCF converged
 Converged energy                        -213.591226368408   
 ------------------------------------------------------------------------------
 Ehomo(Alpha) [eV]                       -8.657570586961     
 Elumo(Alpha) [eV]                       2.016079656781      
 Ehomo(Beta) [eV]                        -15.694330774832    
 Elumo(Beta) [eV]                        1.132809966841      

 dipole moment (Debye)
        x              y              z       
      1.047E-014     6.193E-016    -3.742E-015

 traceless quadrupole moment (Debye*Angs)
                       x              y              z       
 x                   4.432E-007     3.251E-010     4.031E-010
 y                   3.251E-010     3.959E-007     1.738E-007
 z                   4.031E-010     1.738E-007    -8.390E-007

 ----------------------------------------------------------------------------
 Timings (seconds)
 * mean-field hamiltonian     1.1E-001
 * solver (setting up eqns)   2.4E-003
 * solver (energy estimate)   8.5E-004
 * solver (orthogonalization) 1.9E-004
 * solver (rotation matrix X) 1.9E-003
 * solver (exponential of X)  6.3E-004
 * solver (total)             6.3E-003
 * total SCF                  1.4E-001
 Atomic guess: BI, ../../../../basis-sets/bse/def2-svpd.txt
 ----------------------------------------------------------
 E(HF) [a.u.]                            -2.1359122637E+002
 Tr(RhoAvg S), Cartesian AOs              2.3000000000E+001
 Tr(RhoAvg S), spherical AOs              2.3000000000E+001
 max|T RhoAvg T**T - RhoAvg_sao|                  2.66E-015
 max|c(RhoAvg) - c(Rho)|                          2.66E-015
 max|RhoAvg - Rho|                                1.19E-007
 Saved /mnt/storage_6/project_data/pl0415-03/marcin/beyond-rpa/guess/electron-densities/bse/def2-svpd/bi.txt
 ----------------------------------------------------------------------------
                             SCF for PO (2S+1=3)                             
 ----------------------------------------------------------------------------
 NUMBER OF ATOMS                         1
 CHARGE                                  0
 Prescreening (pq|pq) integrals for the Cholesky decomposition
 Shell pairs will be sorted according to their max elements
 Max diagonal integral MaxDrs=1.4E+000
 Applying Eq. 15 in J. Chem. Phys. 150, 194112 (2019); doi: 10.1063/1.5083802
 Schwarz inequality: Dpq<min(10**(-8),Tau)**2/MaxDrs=6.9E-017
 Trace of exact Coulomb matrix: 4.1E+001
 Trace of discarded integrals: 0.0E+000
 Discarded 0 out of 91 shell pairs
 (0 out of 630 orbital pairs)

 Step 1 of Cholesky decomposition: locating pivots
 -------------------------------------------------
 Dimensions of the Coulomb matrix: (630,630)
 Threshold for diagonal matrix elements: Dpq > 1.0E-007
 Max number of Cholesky vectors: 525
 Rk storage block size: 500
 Max dimension of 2e integrals buffer: (630,630)

 ----------------------------------------------------------------------------
 #    Dmax        Memory (MB)    NPivots     %    Time        
 ----------------------------------------------------------------------------
 1    1.4E-002    5.4E+000       56          14   2.8E-002    
 2    1.4E-004    4.8E+000       158         53   2.5E-002    
 3    1.3E-006    2.9E+000       191         81   1.4E-002    
 4    9.6E-008    1.3E+000       223         100  1.3E-003    

 Step 1 of the Cholesky decomposition completed
 Computed 223 pivots
 Largest residual Dpq: 9.6E-008
 NCholesky/NAO = 6.4E+000
 Step 1 of Cholesky decomposition completed in 6.8E-002 seconds
 Detailed timings in seconds
 Subtract prev contribs I (M-R**T*R)     1.1E-003
 Subtract prev contribs II (Rk)          2.7E-003
 Two-electron integrals                  6.2E-002
 Reallocation                            4.7E-004

 Step 2 of Cholesky decomposition completed in 8.1E-003 seconds
 Detailed timings in seconds
 Reduced-dimension matrix V    7.3E-003
 V=L*L**T                      3.7E-004
 L**(-1)                       4.4E-004

 Full-dimension Cholesky vectors of the Coulomb matrix will be stored in memory
 Cholesky vectors computed in 1.0E-002 seconds

 ┌─────────────────────────────────────────┐
 │          Self-consistent field          │
 └─────────────────────────────────────────┘

 Atomic orbital basis set
 . . . . . . . . . . . . . . . . . . . . . . . . . . . . . . . . . . . . . . 
 atomic centers                               1
 shell parameter sets                         13
 spherical AOs                                35
 max angular momentum                         2
 parameter set                                ../../../../basis-sets/bse/def2-svpd.txt
 . . . . . . . . . . . . . . . . . . . . . . . . . . . . . . . . . . . . . . 
 SCF guess: bare nuclei Hamiltonian
 Starting self-consistent field iterations (spin-unrestricted)
 Alpha electrons: 13
 Beta electrons: 11
 ----------------------------------------------------------------------------
 Exchange-correlation: Hartree-Fock
 ----------------------------------------------------------------------------
 Replicated-data parallel SCF
 ----------------------------
 Processes                               1
 Threads/process                         16
 Allocated 2.2E-004 GiB of scratch space for the KS matrix build
 ----------------------------------------------------------------------------
 Loaded pseudopotential parameters
 ----------------------------------------------------------------------------

 POLONIUM    
 Parameters file: ../../../../basis-sets/bse/def2-svpd.txt
 ECP accounts for 60 core electrons

          Coeff         R^n       Exponent                                       

 Local part

         17.42829500      2         5.01327000                                   
         23.38035300      2         4.98464000                                   
          0.16339200      2         1.32676000                                   
          0.32456600      2         1.52875800                                   

 L = 0

        283.24470600      2        13.27722700                                   
         62.39646100      2         8.39951800                                   
        -17.42829500      2         5.01327000                                   
        -23.38035300      2         4.98464000                                   
         -0.16339200      2         1.32676000                                   
         -0.32456600      2         1.52875800                                   

 L = 1

         71.99171600      2        10.66568200                                   
        143.97187100      2         9.28375300                                   
          4.94961500      2         6.87274900                                   
          9.74049900      2         6.32615000                                   
        -17.42829500      2         5.01327000                                   
        -23.38035300      2         4.98464000                                   
         -0.16339200      2         1.32676000                                   
         -0.32456600      2         1.52875800                                   

 L = 2

         36.37838300      2         8.21486600                                   
         54.56271500      2         8.00869600                                   
          9.88949900      2         5.05522700                                   
         14.69387700      2         4.78255300                                   
        -17.42829500      2         5.01327000                                   
        -23.38035300      2         4.98464000                                   
         -0.16339200      2         1.32676000                                   
         -0.32456600      2         1.52875800                                   

 ----------------------------------------------------------------------------
 Spherical harmonic basis contains 35 vectors
 Linear independence thresh: Eig(S) > 1.0E-006
 Computations will be carried out in the space of 35 MOs
 Threshold for J, K: |Rho(r,s)*(pq|rs)|,|Rho(q,s)*(pq|rs)| > 1.0E-011
 Convergence conditions
 ----------------------
 RhoDiff < 1.0E-006
 OrbGrad < 1.0E-006
 Max number of macroiters: 1024
 ------------------------------------------------------------------------------
 #           Energy        EDiff    RhoDiff  OrbGrad  OrbShift NStored Time     
 ------------------------------------------------------------------------------
 0           56.0350870823                                        0    3.0E-002 
 1         -234.4919305077           1.5E+01                      0    1.2E-002 
 2         -236.6302954418 -2.1E+00  3.3E+00  6.3E-01  4.6E-01    1    1.3E-002 
 3         -236.7165942569 -8.6E-02  3.7E-01  1.1E-01  0.0E+00    2    1.2E-002 
 4         -236.7200528138 -3.5E-03  6.3E-02  2.2E-02  0.0E+00    3    1.2E-002 
 5         -236.7202147070 -1.6E-04  2.5E-02  5.3E-03  0.0E+00    4    1.2E-002 
 6         -236.7202360573 -2.1E-05  9.2E-03  2.2E-03  0.0E+00    5    1.2E-002 
 7         -236.7202367715 -7.1E-07  9.4E-04  3.1E-04  0.0E+00    6    1.2E-002 
 8         -236.7202367997 -2.8E-08  2.7E-04  4.6E-05  0.0E+00    7    1.2E-002 
 9         -236.7202368001 -4.3E-10  2.4E-05  8.3E-06  0.0E+00    8    1.2E-002 
 10        -236.7202368002 -3.7E-11  1.0E-05  3.1E-06  0.0E+00    8    1.3E-002 
 11        -236.7202368002 -4.2E-12  3.9E-06  9.0E-07  0.0E+00    8    1.3E-002 
 12        -236.7202368002 -3.1E-13  1.3E-06  2.3E-07  0.0E+00    8    1.3E-002 
 Skipping trust radius update
 13        -236.7202368002 -2.8E-14  2.0E-07  4.4E-08  0.0E+00    8    1.3E-002 
 ------------------------------------------------------------------------------
 SCF converged
 Converged energy                        -236.720236800177   
 ------------------------------------------------------------------------------
 Ehomo(Alpha) [eV]                       -8.899489659965     
 Elumo(Alpha) [eV]                       1.804268945416      
 Ehomo(Beta) [eV]                        -7.833122070561     
 Elumo(Beta) [eV]                        -0.368992963391     

 dipole moment (Debye)
        x              y              z       
      6.006E-015     8.602E-016    -1.176E-014

 traceless quadrupole moment (Debye*Angs)
                       x              y              z       
 x                   2.427E+000    -1.654E+000    -6.828E-002
 y                  -1.654E+000    -5.185E+000    -3.284E-001
 z                  -6.828E-002    -3.284E-001     2.758E+000

 ----------------------------------------------------------------------------
 Timings (seconds)
 * mean-field hamiltonian     1.6E-001
 * solver (setting up eqns)   3.4E-003
 * solver (energy estimate)   1.1E-003
 * solver (orthogonalization) 2.6E-004
 * solver (rotation matrix X) 2.9E-003
 * solver (exponential of X)  9.2E-004
 * solver (total)             8.9E-003
 * total SCF                  1.9E-001
 Atomic guess: PO, ../../../../basis-sets/bse/def2-svpd.txt
 ----------------------------------------------------------
 E(HF) [a.u.]                            -2.3672023680E+002
 Tr(RhoAvg S), Cartesian AOs              2.4000000000E+001
 Tr(RhoAvg S), spherical AOs              2.4000000000E+001
 max|T RhoAvg T**T - RhoAvg_sao|                  2.66E-015
 max|c(RhoAvg) - c(Rho)|                          1.78E-015
 max|RhoAvg - Rho|                                1.97E-001
 Saved /mnt/storage_6/project_data/pl0415-03/marcin/beyond-rpa/guess/electron-densities/bse/def2-svpd/po.txt
 ----------------------------------------------------------------------------
                             SCF for AT (2S+1=2)                             
 ----------------------------------------------------------------------------
 NUMBER OF ATOMS                         1
 CHARGE                                  0
 Prescreening (pq|pq) integrals for the Cholesky decomposition
 Shell pairs will be sorted according to their max elements
 Max diagonal integral MaxDrs=1.5E+000
 Applying Eq. 15 in J. Chem. Phys. 150, 194112 (2019); doi: 10.1063/1.5083802
 Schwarz inequality: Dpq<min(10**(-8),Tau)**2/MaxDrs=6.9E-017
 Trace of exact Coulomb matrix: 4.3E+001
 Trace of discarded integrals: 0.0E+000
 Discarded 0 out of 91 shell pairs
 (0 out of 630 orbital pairs)

 Step 1 of Cholesky decomposition: locating pivots
 -------------------------------------------------
 Dimensions of the Coulomb matrix: (630,630)
 Threshold for diagonal matrix elements: Dpq > 1.0E-007
 Max number of Cholesky vectors: 525
 Rk storage block size: 500
 Max dimension of 2e integrals buffer: (630,630)

 ----------------------------------------------------------------------------
 #    Dmax        Memory (MB)    NPivots     %    Time        
 ----------------------------------------------------------------------------
 1    1.4E-002    5.4E+000       58          13   3.1E-002    
 2    1.4E-004    5.1E+000       158         50   2.0E-002    
 3    1.1E-006    2.7E+000       191         81   2.3E-003    
 4    9.9E-008    1.2E+000       219         100  9.6E-004    

 Step 1 of the Cholesky decomposition completed
 Computed 219 pivots
 Largest residual Dpq: 9.9E-008
 NCholesky/NAO = 6.3E+000
 Step 1 of Cholesky decomposition completed in 5.5E-002 seconds
 Detailed timings in seconds
 Subtract prev contribs I (M-R**T*R)     1.7E-003
 Subtract prev contribs II (Rk)          2.3E-003
 Two-electron integrals                  4.9E-002
 Reallocation                            3.2E-004

 Step 2 of Cholesky decomposition completed in 8.0E-003 seconds
 Detailed timings in seconds
 Reduced-dimension matrix V    7.2E-003
 V=L*L**T                      3.5E-004
 L**(-1)                       3.8E-004

 Full-dimension Cholesky vectors of the Coulomb matrix will be stored in memory
 Cholesky vectors computed in 9.9E-003 seconds

 ┌─────────────────────────────────────────┐
 │          Self-consistent field          │
 └─────────────────────────────────────────┘

 Atomic orbital basis set
 . . . . . . . . . . . . . . . . . . . . . . . . . . . . . . . . . . . . . . 
 atomic centers                               1
 shell parameter sets                         13
 spherical AOs                                35
 max angular momentum                         2
 parameter set                                ../../../../basis-sets/bse/def2-svpd.txt
 . . . . . . . . . . . . . . . . . . . . . . . . . . . . . . . . . . . . . . 
 SCF guess: bare nuclei Hamiltonian
 Starting self-consistent field iterations (spin-unrestricted)
 Alpha electrons: 13
 Beta electrons: 12
 ----------------------------------------------------------------------------
 Exchange-correlation: Hartree-Fock
 ----------------------------------------------------------------------------
 Replicated-data parallel SCF
 ----------------------------
 Processes                               1
 Threads/process                         16
 Allocated 2.2E-004 GiB of scratch space for the KS matrix build
 ----------------------------------------------------------------------------
 Loaded pseudopotential parameters
 ----------------------------------------------------------------------------

 ASTATINE    
 Parameters file: ../../../../basis-sets/bse/def2-svpd.txt
 ECP accounts for 60 core electrons

          Coeff         R^n       Exponent                                       

 Local part

         19.87019800      2         5.81216300                                   
         26.41645200      2         5.75371500                                   
          0.99497000      2         2.51347200                                   
          1.49070100      2         2.53626100                                   

 L = 0

         49.95715800      2        30.20083200                                   
        283.21037100      2        13.61230600                                   
         62.28105200      2         8.52934000                                   
        -19.87019800      2         5.81216300                                   
        -26.41645200      2         5.75371500                                   
         -0.99497000      2         2.51347200                                   
         -1.49070100      2         2.53626100                                   

 L = 1

         71.98237100      2        10.85406500                                   
        143.90353200      2         9.46822900                                   
          4.87175900      2         7.03111400                                   
          8.98305900      2         6.14385800                                   
        -19.87019800      2         5.81216300                                   
        -26.41645200      2         5.75371500                                   
         -0.99497000      2         2.51347200                                   
         -1.49070100      2         2.53626100                                   

 L = 2

         36.36323700      2         8.31351500                                   
         54.54897000      2         7.99896500                                   
          9.77628500      2         5.17996600                                   
         14.26475500      2         4.94222600                                   
        -19.87019800      2         5.81216300                                   
        -26.41645200      2         5.75371500                                   
         -0.99497000      2         2.51347200                                   
         -1.49070100      2         2.53626100                                   

 ----------------------------------------------------------------------------
 Spherical harmonic basis contains 35 vectors
 Linear independence thresh: Eig(S) > 1.0E-006
 Computations will be carried out in the space of 35 MOs
 Threshold for J, K: |Rho(r,s)*(pq|rs)|,|Rho(q,s)*(pq|rs)| > 1.0E-011
 Convergence conditions
 ----------------------
 RhoDiff < 1.0E-006
 OrbGrad < 1.0E-006
 Max number of macroiters: 1024
 ------------------------------------------------------------------------------
 #           Energy        EDiff    RhoDiff  OrbGrad  OrbShift NStored Time     
 ------------------------------------------------------------------------------
 0           50.2403399971                                        0    3.0E-002 
 1         -258.6597915409           1.7E+01                      0    1.2E-002 
 2         -261.2837018697 -2.6E+00  3.3E+00  6.5E-01  5.0E-01    1    1.3E-002 
 3         -261.3523595459 -6.9E-02  2.8E-01  1.1E-01  0.0E+00    2    1.2E-002 
 4         -261.3540676544 -1.7E-03  2.0E-02  1.8E-02  0.0E+00    3    1.2E-002 
 5         -261.3541225073 -5.5E-05  1.6E-02  3.2E-03  0.0E+00    4    1.2E-002 
 6         -261.3541293737 -6.9E-06  3.5E-03  1.1E-03  0.0E+00    5    1.3E-002 
 7         -261.3541296644 -2.9E-07  6.0E-04  1.9E-04  0.0E+00    6    1.3E-002 
 8         -261.3541296709 -6.5E-09  1.5E-04  3.2E-05  0.0E+00    7    1.3E-002 
 9         -261.3541296710 -1.0E-10  1.4E-05  5.2E-06  0.0E+00    8    1.3E-002 
 10        -261.3541296710 -6.5E-12  5.1E-06  1.6E-06  0.0E+00    8    1.3E-002 
 11        -261.3541296710 -4.0E-13  1.7E-06  4.5E-07  0.0E+00    8    1.3E-002 
 Skipping trust radius update
 12        -261.3541296710 -1.1E-13  2.5E-07  5.6E-08  0.0E+00    8    1.3E-002 
 ------------------------------------------------------------------------------
 SCF converged
 Converged energy                        -261.354129670983   
 ------------------------------------------------------------------------------
 Ehomo(Alpha) [eV]                       -10.289695687379    
 Elumo(Alpha) [eV]                       2.022202615603      
 Ehomo(Beta) [eV]                        -9.717018496375     
 Elumo(Beta) [eV]                        -1.498130287009     

 dipole moment (Debye)
        x              y              z       
      1.781E-015     3.737E-015     1.405E-014

 traceless quadrupole moment (Debye*Angs)
                       x              y              z       
 x                  -2.287E+000    -3.150E-003     2.575E-001
 y                  -3.150E-003    -2.296E+000    -8.414E-002
 z                   2.575E-001    -8.414E-002     4.583E+000

 ----------------------------------------------------------------------------
 Timings (seconds)
 * mean-field hamiltonian     1.5E-001
 * solver (setting up eqns)   3.1E-003
 * solver (energy estimate)   9.8E-004
 * solver (orthogonalization) 2.4E-004
 * solver (rotation matrix X) 2.5E-003
 * solver (exponential of X)  8.4E-004
 * solver (total)             8.0E-003
 * total SCF                  1.8E-001
 Atomic guess: AT, ../../../../basis-sets/bse/def2-svpd.txt
 ----------------------------------------------------------
 E(HF) [a.u.]                            -2.6135412967E+002
 Tr(RhoAvg S), Cartesian AOs              2.5000000000E+001
 Tr(RhoAvg S), spherical AOs              2.5000000000E+001
 max|T RhoAvg T**T - RhoAvg_sao|                  2.22E-015
 max|c(RhoAvg) - c(Rho)|                          4.44E-016
 max|RhoAvg - Rho|                                2.39E-001
 Saved /mnt/storage_6/project_data/pl0415-03/marcin/beyond-rpa/guess/electron-densities/bse/def2-svpd/at.txt
 ----------------------------------------------------------------------------
                                  SCF for RN                                 
 ----------------------------------------------------------------------------
 NUMBER OF ATOMS                         1
 CHARGE                                  0
 Prescreening (pq|pq) integrals for the Cholesky decomposition
 Shell pairs will be sorted according to their max elements
 Max diagonal integral MaxDrs=4.0E+000
 Applying Eq. 15 in J. Chem. Phys. 150, 194112 (2019); doi: 10.1063/1.5083802
 Schwarz inequality: Dpq<min(10**(-8),Tau)**2/MaxDrs=2.5E-017
 Trace of exact Coulomb matrix: 1.0E+002
 Trace of discarded integrals: 0.0E+000
 Discarded 0 out of 190 shell pairs
 (0 out of 1770 orbital pairs)

 Step 1 of Cholesky decomposition: locating pivots
 -------------------------------------------------
 Dimensions of the Coulomb matrix: (1770,1770)
 Threshold for diagonal matrix elements: Dpq > 1.0E-007
 Max number of Cholesky vectors: 885
 Rk storage block size: 500
 Max dimension of 2e integrals buffer: (1770,1000)

 ----------------------------------------------------------------------------
 #    Dmax        Memory (MB)    NPivots     %    Time        
 ----------------------------------------------------------------------------
 1    3.9E-002    2.0E+001       43          3    9.8E-002    
 2    4.1E-004    2.0E+001       242         27   8.8E-002    
 3    3.9E-006    1.8E+001       370         77   1.1E-001    
 4    9.7E-008    9.8E+000       441         100  5.6E-002    

 Step 1 of the Cholesky decomposition completed
 Computed 441 pivots
 Largest residual Dpq: 9.7E-008
 NCholesky/NAO = 7.5E+000
 Step 1 of Cholesky decomposition completed in 3.5E-001 seconds
 Detailed timings in seconds
 Subtract prev contribs I (M-R**T*R)     1.9E-002
 Subtract prev contribs II (Rk)          3.9E-002
 Two-electron integrals                  2.8E-001
 Reallocation                            1.2E-002

 Step 2 of Cholesky decomposition completed in 2.4E-002 seconds
 Detailed timings in seconds
 Reduced-dimension matrix V    2.1E-002
 V=L*L**T                      8.3E-004
 L**(-1)                       2.0E-003

 Full-dimension Cholesky vectors of the Coulomb matrix will be stored in memory
 Cholesky vectors computed in 3.6E-002 seconds

 ┌─────────────────────────────────────────┐
 │          Self-consistent field          │
 └─────────────────────────────────────────┘

 Atomic orbital basis set
 . . . . . . . . . . . . . . . . . . . . . . . . . . . . . . . . . . . . . . 
 atomic centers                               1
 shell parameter sets                         19
 spherical AOs                                59
 max angular momentum                         3
 parameter set                                ../../../../basis-sets/bse/def2-svpd.txt
 . . . . . . . . . . . . . . . . . . . . . . . . . . . . . . . . . . . . . . 
 SCF guess: bare nuclei Hamiltonian
 Starting self-consistent field iterations (spin-restricted singlet)
 Alpha+beta electrons: 26
 ----------------------------------------------------------------------------
 Exchange-correlation: Hartree-Fock
 ----------------------------------------------------------------------------
 Replicated-data parallel SCF
 ----------------------------
 Processes                               1
 Threads/process                         16
 Allocated 3.9E-004 GiB of scratch space for the KS matrix build
 ----------------------------------------------------------------------------
 Loaded pseudopotential parameters
 ----------------------------------------------------------------------------

 RADON       
 Parameters file: ../../../../basis-sets/bse/def2-svpd.txt
 ECP accounts for 60 core electrons

          Coeff         R^n       Exponent                                       

 Local part

         21.79729000      2         6.34857100                                   
         28.94680500      2         6.29594900                                   
          1.44736500      2         2.88211800                                   
          2.17796400      2         2.90804800                                   

 L = 0

         49.96555100      2        30.15124200                                   
        283.07000000      2        14.52124100                                   
         62.00287000      2         8.05203800                                   
        -21.79729000      2         6.34857100                                   
        -28.94680500      2         6.29594900                                   
         -1.44736500      2         2.88211800                                   
         -2.17796400      2         2.90804800                                   

 L = 1

         71.96911900      2        11.00994200                                   
        143.86055900      2         9.61762500                                   
          4.71476100      2         7.33600800                                   
          9.01306500      2         6.40625300                                   
        -21.79729000      2         6.34857100                                   
        -28.94680500      2         6.29594900                                   
         -1.44736500      2         2.88211800                                   
         -2.17796400      2         2.90804800                                   

 L = 2

         36.36836500      2         8.36922000                                   
         54.55176100      2         8.11697500                                   
          9.63448700      2         5.35365600                                   
         14.38790200      2         5.09721200                                   
        -21.79729000      2         6.34857100                                   
        -28.94680500      2         6.29594900                                   
         -1.44736500      2         2.88211800                                   
         -2.17796400      2         2.90804800                                   

 ----------------------------------------------------------------------------
 Spherical harmonic basis contains 59 vectors
 Linear independence thresh: Eig(S) > 1.0E-006
 Computations will be carried out in the space of 59 MOs
 Threshold for J, K: |Rho(r,s)*(pq|rs)|,|Rho(q,s)*(pq|rs)| > 1.0E-011
 Convergence conditions
 ----------------------
 RhoDiff < 1.0E-006
 OrbGrad < 1.0E-006
 Max number of macroiters: 1024
 ------------------------------------------------------------------------------
 #           Energy        EDiff    RhoDiff  OrbGrad  OrbShift NStored Time     
 ------------------------------------------------------------------------------
 0            4.9228038655                                        0    1.3E-001 
 1         -260.8674277747           1.4E+02                      0    8.7E-002 
 2         -279.3403619190 -1.8E+01  1.8E+01  2.3E+00  5.0E+00    1    9.2E-002 
 3         -283.3893368570 -4.0E+00  2.6E+00  9.5E-01  1.4E+00    2    9.1E-002 
 4         -286.6911114444 -3.3E+00  1.1E+00  2.9E-01  8.7E-01    3    9.8E-002 
 5         -287.4996627048 -8.1E-01  5.4E-01  2.9E-01  1.4E-01    4    9.6E-002 
 6         -287.5425963180 -4.3E-02  3.6E-01  8.9E-02  0.0E+00    5    9.0E-002 
 7         -287.5430881475 -4.9E-04  8.7E-02  1.0E-02  0.0E+00    6    1.6E-001 
 8         -287.5431073488 -1.9E-05  4.4E-03  1.2E-03  0.0E+00    7    1.6E-001 
 9         -287.5431081392 -7.9E-07  1.9E-03  3.2E-04  0.0E+00    8    8.6E-002 
 10        -287.5431081523 -1.3E-08  1.7E-04  3.5E-05  0.0E+00    8    9.0E-002 
 11        -287.5431081529 -5.2E-10  3.2E-05  5.9E-06  0.0E+00    8    9.0E-002 
 12        -287.5431081529 -2.6E-11  3.0E-06  1.3E-06  0.0E+00    8    9.0E-002 
 13        -287.5431081529 -1.6E-12  7.0E-07  2.7E-07  0.0E+00    8    9.0E-002 
 ------------------------------------------------------------------------------
 SCF converged
 Converged energy                        -287.543108152894   
 ------------------------------------------------------------------------------
 Ehomo [eV]                              -11.634081047118    
 Elumo [eV]                              1.632733770118      

 dipole moment (Debye)
        x              y              z       
     -2.767E-015    -2.863E-014     7.933E-015

 traceless quadrupole moment (Debye*Angs)
                       x              y              z       
 x                  -5.096E-005    -1.877E-014     1.060E-006
 y                  -1.877E-014     9.440E-005     4.502E-014
 z                   1.060E-006     4.502E-014    -4.345E-005

 ----------------------------------------------------------------------------
 Timings (seconds)
 * mean-field hamiltonian     1.3E+000
 * solver (setting up eqns)   1.1E-002
 * solver (energy estimate)   5.8E-003
 * solver (orthogonalization) 1.8E-003
 * solver (rotation matrix X) 2.5E-002
 * solver (exponential of X)  1.6E-002
 * solver (total)             6.2E-002
 * total SCF                  1.5E+000
 Atomic guess: RN, ../../../../basis-sets/bse/def2-svpd.txt
 ----------------------------------------------------------
 E(HF) [a.u.]                            -2.8754310815E+002
 Tr(RhoAvg S), Cartesian AOs              2.6000000000E+001
 Tr(RhoAvg S), spherical AOs              2.6000000000E+001
 max|T RhoAvg T**T - RhoAvg_sao|                  2.00E-015
 max|c(RhoAvg) - c(Rho)|                          8.88E-016
 max|RhoAvg - Rho|                                8.93E-005
 Saved /mnt/storage_6/project_data/pl0415-03/marcin/beyond-rpa/guess/electron-densities/bse/def2-svpd/rn.txt
0
% Job finished at Sat Oct 10 11:10:04 UTC 2026
% Total wall clock time [hours]: 0.019
