% Job started at Sat Oct 10 10:50:35 UTC 2026
% User                     modrzejewski
% Node name                e1221
% Executable               /mnt/storage_6/project_data/pl0415-03/marcin/beyond-rpa/bin/a
% Launcher                 
% Compiler command         ifort -qopenmp -O3 -xHost -no-prec-div -i8 -qmkl -coarray -warn all -I./obj/
% Source compiled at       Fri Oct 09 17:08:07 UTC 2026
% Process ID               675337
% Job identifier           20261010105035_675337
% Stack size (main thread) unlimited
% Stack size (other)       65536 kB
 ----------------------------------------------------------------------------
 LOADED INPUT FILE
 /mnt/storage_6/project_data/pl0415-03/marcin/beyond-rpa/guess/electron-densities/bse/def2-sv(p)/atomic_guess.inp
 ----------------------------------------------------------------------------
 > jobtype atomic_guess
 > basis file ../../../../basis-sets/bse/def2-sv(p).txt
 > scf
 > maxniters 1024 
 > end
 > xyz
 > 86
 > H        0.0000      0.0000      0.0000
 > He       0.0000      0.0000     20.0000
 > Li       0.0000      0.0000     40.0000
 > Be       0.0000      0.0000     60.0000
 > B        0.0000      0.0000     80.0000
 > C        0.0000      0.0000    100.0000
 > N        0.0000      0.0000    120.0000
 > O        0.0000      0.0000    140.0000
 > F        0.0000      0.0000    160.0000
 > Ne       0.0000      0.0000    180.0000
 > Na       0.0000      0.0000    200.0000
 > Mg       0.0000      0.0000    220.0000
 > Al       0.0000      0.0000    240.0000
 > Si       0.0000      0.0000    260.0000
 > P        0.0000      0.0000    280.0000
 > S        0.0000      0.0000    300.0000
 > Cl       0.0000      0.0000    320.0000
 > Ar       0.0000      0.0000    340.0000
 > K        0.0000      0.0000    360.0000
 > Ca       0.0000      0.0000    380.0000
 > Sc       0.0000      0.0000    400.0000
 > Ti       0.0000      0.0000    420.0000
 > V        0.0000      0.0000    440.0000
 > Cr       0.0000      0.0000    460.0000
 > Mn       0.0000      0.0000    480.0000
 > Fe       0.0000      0.0000    500.0000
 > Co       0.0000      0.0000    520.0000
 > Ni       0.0000      0.0000    540.0000
 > Cu       0.0000      0.0000    560.0000
 > Zn       0.0000      0.0000    580.0000
 > Ga       0.0000      0.0000    600.0000
 > Ge       0.0000      0.0000    620.0000
 > As       0.0000      0.0000    640.0000
 > Se       0.0000      0.0000    660.0000
 > Br       0.0000      0.0000    680.0000
 > Kr       0.0000      0.0000    700.0000
 > Rb       0.0000      0.0000    720.0000
 > Sr       0.0000      0.0000    740.0000
 > Y        0.0000      0.0000    760.0000
 > Zr       0.0000      0.0000    780.0000
 > Nb       0.0000      0.0000    800.0000
 > Mo       0.0000      0.0000    820.0000
 > Tc       0.0000      0.0000    840.0000
 > Ru       0.0000      0.0000    860.0000
 > Rh       0.0000      0.0000    880.0000
 > Pd       0.0000      0.0000    900.0000
 > Ag       0.0000      0.0000    920.0000
 > Cd       0.0000      0.0000    940.0000
 > In       0.0000      0.0000    960.0000
 > Sn       0.0000      0.0000    980.0000
 > Sb       0.0000      0.0000   1000.0000
 > Te       0.0000      0.0000   1020.0000
 > I        0.0000      0.0000   1040.0000
 > Xe       0.0000      0.0000   1060.0000
 > Cs       0.0000      0.0000   1080.0000
 > Ba       0.0000      0.0000   1100.0000
 > La       0.0000      0.0000   1120.0000
 > Ce       0.0000      0.0000   1140.0000
 > Pr       0.0000      0.0000   1160.0000
 > Nd       0.0000      0.0000   1180.0000
 > Pm       0.0000      0.0000   1200.0000
 > Sm       0.0000      0.0000   1220.0000
 > Eu       0.0000      0.0000   1240.0000
 > Gd       0.0000      0.0000   1260.0000
 > Tb       0.0000      0.0000   1280.0000
 > Dy       0.0000      0.0000   1300.0000
 > Ho       0.0000      0.0000   1320.0000
 > Er       0.0000      0.0000   1340.0000
 > Tm       0.0000      0.0000   1360.0000
 > Yb       0.0000      0.0000   1380.0000
 > Lu       0.0000      0.0000   1400.0000
 > Hf       0.0000      0.0000   1420.0000
 > Ta       0.0000      0.0000   1440.0000
 > W        0.0000      0.0000   1460.0000
 > Re       0.0000      0.0000   1480.0000
 > Os       0.0000      0.0000   1500.0000
 > Ir       0.0000      0.0000   1520.0000
 > Pt       0.0000      0.0000   1540.0000
 > Au       0.0000      0.0000   1560.0000
 > Hg       0.0000      0.0000   1580.0000
 > Tl       0.0000      0.0000   1600.0000
 > Pb       0.0000      0.0000   1620.0000
 > Bi       0.0000      0.0000   1640.0000
 > Po       0.0000      0.0000   1660.0000
 > At       0.0000      0.0000   1680.0000
 > Rn       0.0000      0.0000   1700.0000
 > end
 ----------------------------------------------------------------------------
                              SCF for H (2S+1=2)                             
 ----------------------------------------------------------------------------
 NUMBER OF ATOMS                         1
 CHARGE                                  0
 Prescreening (pq|pq) integrals for the Cholesky decomposition
 Shell pairs will be sorted according to their max elements
 Max diagonal integral MaxDrs=9.0E-001
 Applying Eq. 15 in J. Chem. Phys. 150, 194112 (2019); doi: 10.1063/1.5083802
 Schwarz inequality: Dpq<min(10**(-8),Tau)**2/MaxDrs=1.1E-016
 Trace of exact Coulomb matrix: 1.6E+000
 Trace of discarded integrals: 0.0E+000
 Discarded 0 out of 3 shell pairs
 (0 out of 3 orbital pairs)

 Step 1 of Cholesky decomposition: locating pivots
 -------------------------------------------------
 Dimensions of the Coulomb matrix: (3,3)
 Threshold for diagonal matrix elements: Dpq > 1.0E-007
 Max number of Cholesky vectors: 3
 Rk storage block size: 500
 Max dimension of 2e integrals buffer: (3,3)

 ----------------------------------------------------------------------------
 #    Dmax        Memory (MB)    NPivots     %    Time        
 ----------------------------------------------------------------------------
 1    2.2E-003    1.2E-002       2           67   5.2E-002    
 2    -5.3E-017   3.8E-003       3           100  3.4E-004    

 Step 1 of the Cholesky decomposition completed
 Computed 3 pivots
 Largest residual Dpq: -5.3E-017
 NCholesky/NAO = 1.5E+000
 Step 1 of Cholesky decomposition completed in 5.3E-002 seconds
 Detailed timings in seconds
 Subtract prev contribs I (M-R**T*R)     2.4E-005
 Subtract prev contribs II (Rk)          3.0E-003
 Two-electron integrals                  1.8E-004
 Reallocation                            4.9E-002

 Step 2 of Cholesky decomposition completed in 1.6E-003 seconds
 Detailed timings in seconds
 Reduced-dimension matrix V    9.2E-005
 V=L*L**T                      6.1E-005
 L**(-1)                       1.4E-003

 Full-dimension Cholesky vectors of the Coulomb matrix will be stored in memory
 Cholesky vectors computed in 2.5E-004 seconds

 ┌─────────────────────────────────────────┐
 │          Self-consistent field          │
 └─────────────────────────────────────────┘

 Atomic orbital basis set
 . . . . . . . . . . . . . . . . . . . . . . . . . . . . . . . . . . . . . . 
 atomic centers                               1
 shell parameter sets                         2
 spherical AOs                                2
 max angular momentum                         0
 parameter set                                ../../../../basis-sets/bse/def2-sv(p).txt
 . . . . . . . . . . . . . . . . . . . . . . . . . . . . . . . . . . . . . . 
 SCF guess: bare nuclei Hamiltonian
 Starting self-consistent field iterations (spin-unrestricted)
 Alpha electrons: 1
 Beta electrons: 0
 ----------------------------------------------------------------------------
 Exchange-correlation: Hartree-Fock
 ----------------------------------------------------------------------------
 Replicated-data parallel SCF
 ----------------------------
 Processes                               1
 Threads/process                         16
 Allocated 8.0E-007 GiB of scratch space for the KS matrix build
 ----------------------------------------------------------------------------
 Spherical harmonic basis contains 2 vectors
 Linear independence thresh: Eig(S) > 1.0E-006
 Computations will be carried out in the space of 2 MOs
 Threshold for J, K: |Rho(r,s)*(pq|rs)|,|Rho(q,s)*(pq|rs)| > 1.0E-011
 Convergence conditions
 ----------------------
 RhoDiff < 1.0E-006
 OrbGrad < 1.0E-006
 Max number of macroiters: 1024
 ------------------------------------------------------------------------------
 #           Energy        EDiff    RhoDiff  OrbGrad  OrbShift NStored Time     
 ------------------------------------------------------------------------------
 0            0.1808941166                                        0    8.2E-003 
 1           -0.4978424240           1.9E+00                      0    8.4E-004 
 2           -0.4990884436 -1.2E-03  4.5E-02  3.1E-02  0.0E+00    1    2.0E-003 
 3           -0.4992531920 -1.6E-04  1.6E-02  1.1E-02  0.0E+00    2    1.6E-003 
 4           -0.4992784057 -2.5E-05  8.9E-03  4.1E-03  0.0E+00    3    2.7E-003 
 5           -0.4992784057 -6.1E-14  4.4E-07  2.0E-07  0.0E+00    4    2.8E-003 
 ------------------------------------------------------------------------------
 SCF converged
 Converged energy                        -0.499278405714     
 ------------------------------------------------------------------------------
 Ehomo [eV]                              -13.586056350890    
 Elumo [eV]                              15.568745857039     

 dipole moment (Debye)
        x              y              z       
      0.000E+000     0.000E+000     0.000E+000

 traceless quadrupole moment (Debye*Angs)
                       x              y              z       
 x                  -7.466E-017     0.000E+000     0.000E+000
 y                   0.000E+000    -7.466E-017     0.000E+000
 z                   0.000E+000     0.000E+000    -7.466E-017

 ----------------------------------------------------------------------------
 Timings (seconds)
 * mean-field hamiltonian     5.3E-003
 * solver (setting up eqns)   8.5E-004
 * solver (energy estimate)   1.7E-003
 * solver (orthogonalization) 4.3E-004
 * solver (rotation matrix X) 1.6E-003
 * solver (exponential of X)  7.2E-004
 * solver (total)             5.7E-003
 * total SCF                  1.9E-002
 Atomic guess: H, ../../../../basis-sets/bse/def2-sv(p).txt
 ----------------------------------------------------------
 E(HF) [a.u.]                            -4.9927840571E-001
 Tr(RhoAvg S), Cartesian AOs              1.0000000000E+000
 Tr(RhoAvg S), spherical AOs              1.0000000000E+000
 max|T RhoAvg T**T - RhoAvg_sao|                  5.55E-017
 max|c(RhoAvg) - c(Rho)|                          2.22E-016
 max|RhoAvg - Rho|                                1.11E-016
 Saved /mnt/storage_6/project_data/pl0415-03/marcin/beyond-rpa/guess/electron-densities/bse/def2-sv(p)/h.txt
 ----------------------------------------------------------------------------
                                  SCF for HE                                 
 ----------------------------------------------------------------------------
 NUMBER OF ATOMS                         1
 CHARGE                                  0
 Prescreening (pq|pq) integrals for the Cholesky decomposition
 Shell pairs will be sorted according to their max elements
 Max diagonal integral MaxDrs=1.5E+000
 Applying Eq. 15 in J. Chem. Phys. 150, 194112 (2019); doi: 10.1063/1.5083802
 Schwarz inequality: Dpq<min(10**(-8),Tau)**2/MaxDrs=6.5E-017
 Trace of exact Coulomb matrix: 6.4E+000
 Trace of discarded integrals: 0.0E+000
 Discarded 0 out of 6 shell pairs
 (0 out of 15 orbital pairs)

 Step 1 of Cholesky decomposition: locating pivots
 -------------------------------------------------
 Dimensions of the Coulomb matrix: (15,15)
 Threshold for diagonal matrix elements: Dpq > 1.0E-007
 Max number of Cholesky vectors: 15
 Rk storage block size: 500
 Max dimension of 2e integrals buffer: (15,15)

 ----------------------------------------------------------------------------
 #    Dmax        Memory (MB)    NPivots     %    Time        
 ----------------------------------------------------------------------------
 1    3.3E-004    5.9E-002       14          93   3.2E-004    
 2    -6.0E-017   3.8E-003       15          100  3.1E-004    

 Step 1 of the Cholesky decomposition completed
 Computed 15 pivots
 Largest residual Dpq: -6.0E-017
 NCholesky/NAO = 3.0E+000
 Step 1 of Cholesky decomposition completed in 7.0E-004 seconds
 Detailed timings in seconds
 Subtract prev contribs I (M-R**T*R)     4.1E-006
 Subtract prev contribs II (Rk)          3.9E-005
 Two-electron integrals                  2.6E-004
 Reallocation                            2.9E-004

 Step 2 of Cholesky decomposition completed in 1.0E-004 seconds
 Detailed timings in seconds
 Reduced-dimension matrix V    8.3E-005
 V=L*L**T                      6.2E-006
 L**(-1)                       7.9E-006

 Full-dimension Cholesky vectors of the Coulomb matrix will be stored in memory
 Cholesky vectors computed in 1.1E-004 seconds

 ┌─────────────────────────────────────────┐
 │          Self-consistent field          │
 └─────────────────────────────────────────┘

 Atomic orbital basis set
 . . . . . . . . . . . . . . . . . . . . . . . . . . . . . . . . . . . . . . 
 atomic centers                               1
 shell parameter sets                         3
 spherical AOs                                5
 max angular momentum                         1
 parameter set                                ../../../../basis-sets/bse/def2-sv(p).txt
 . . . . . . . . . . . . . . . . . . . . . . . . . . . . . . . . . . . . . . 
 SCF guess: bare nuclei Hamiltonian
 Starting self-consistent field iterations (spin-restricted singlet)
 Alpha+beta electrons: 2
 ----------------------------------------------------------------------------
 Exchange-correlation: Hartree-Fock
 ----------------------------------------------------------------------------
 Replicated-data parallel SCF
 ----------------------------
 Processes                               1
 Threads/process                         16
 Allocated 2.7E-006 GiB of scratch space for the KS matrix build
 ----------------------------------------------------------------------------
 Spherical harmonic basis contains 5 vectors
 Linear independence thresh: Eig(S) > 1.0E-006
 Computations will be carried out in the space of 5 MOs
 Threshold for J, K: |Rho(r,s)*(pq|rs)|,|Rho(q,s)*(pq|rs)| > 1.0E-011
 Convergence conditions
 ----------------------
 RhoDiff < 1.0E-006
 OrbGrad < 1.0E-006
 Max number of macroiters: 1024
 ------------------------------------------------------------------------------
 #           Energy        EDiff    RhoDiff  OrbGrad  OrbShift NStored Time     
 ------------------------------------------------------------------------------
 0            0.5734824239                                        0    8.5E-003 
 1           -2.8401784319           3.3E+00                      0    2.0E-003 
 2           -2.8550784598 -1.5E-02  1.6E-01  1.3E-01  0.0E+00    1    3.1E-003 
 3           -2.8551600073 -8.2E-05  1.1E-02  9.4E-03  0.0E+00    2    3.1E-003 
 4           -2.8551604793 -4.7E-07  9.1E-04  7.1E-04  0.0E+00    3    3.8E-003 
 5           -2.8551604793 -4.4E-16  2.6E-08  2.0E-08  0.0E+00    4    3.8E-003 
 ------------------------------------------------------------------------------
 SCF converged
 Converged energy                        -2.855160479344     
 ------------------------------------------------------------------------------
 Ehomo [eV]                              -24.875306640797    
 Elumo [eV]                              38.023268120307     

 dipole moment (Debye)
        x              y              z       
      6.895E-019     1.924E-031     5.676E-034

 traceless quadrupole moment (Debye*Angs)
                       x              y              z       
 x                   0.000E+000    -9.336E-051    -2.754E-053
 y                  -9.336E-051     0.000E+000    -7.686E-066
 z                  -2.754E-053    -7.686E-066     0.000E+000

 ----------------------------------------------------------------------------
 Timings (seconds)
 * mean-field hamiltonian     1.2E-002
 * solver (setting up eqns)   8.7E-004
 * solver (energy estimate)   1.5E-003
 * solver (orthogonalization) 4.6E-004
 * solver (rotation matrix X) 1.6E-003
 * solver (exponential of X)  7.6E-004
 * solver (total)             6.0E-003
 * total SCF                  2.5E-002
 Atomic guess: HE, ../../../../basis-sets/bse/def2-sv(p).txt
 -----------------------------------------------------------
 E(HF) [a.u.]                            -2.8551604793E+000
 Tr(RhoAvg S), Cartesian AOs              2.0000000000E+000
 Tr(RhoAvg S), spherical AOs              2.0000000000E+000
 max|T RhoAvg T**T - RhoAvg_sao|                  0.00E+000
 max|c(RhoAvg) - c(Rho)|                          1.31E-054
 max|RhoAvg - Rho|                                1.53E-019
 Saved /mnt/storage_6/project_data/pl0415-03/marcin/beyond-rpa/guess/electron-densities/bse/def2-sv(p)/he.txt
 ----------------------------------------------------------------------------
                             SCF for LI (2S+1=2)                             
 ----------------------------------------------------------------------------
 NUMBER OF ATOMS                         1
 CHARGE                                  0
 Prescreening (pq|pq) integrals for the Cholesky decomposition
 Shell pairs will be sorted according to their max elements
 Max diagonal integral MaxDrs=1.7E+000
 Applying Eq. 15 in J. Chem. Phys. 150, 194112 (2019); doi: 10.1063/1.5083802
 Schwarz inequality: Dpq<min(10**(-8),Tau)**2/MaxDrs=6.0E-017
 Trace of exact Coulomb matrix: 6.0E+000
 Trace of discarded integrals: 0.0E+000
 Discarded 0 out of 15 shell pairs
 (0 out of 45 orbital pairs)

 Step 1 of Cholesky decomposition: locating pivots
 -------------------------------------------------
 Dimensions of the Coulomb matrix: (45,45)
 Threshold for diagonal matrix elements: Dpq > 1.0E-007
 Max number of Cholesky vectors: 45
 Rk storage block size: 500
 Max dimension of 2e integrals buffer: (45,45)

 ----------------------------------------------------------------------------
 #    Dmax        Memory (MB)    NPivots     %    Time        
 ----------------------------------------------------------------------------
 1    1.2E-002    1.9E-001       16          36   5.3E-004    
 2    3.2E-005    1.3E-001       33          82   1.1E-003    
 3    3.1E-007    3.1E-002       37          91   3.6E-004    
 4    2.1E-018    1.5E-002       41          100  3.1E-004    

 Step 1 of the Cholesky decomposition completed
 Computed 41 pivots
 Largest residual Dpq: 2.1E-018
 NCholesky/NAO = 4.6E+000
 Step 1 of Cholesky decomposition completed in 2.4E-003 seconds
 Detailed timings in seconds
 Subtract prev contribs I (M-R**T*R)     5.5E-004
 Subtract prev contribs II (Rk)          1.3E-004
 Two-electron integrals                  7.3E-004
 Reallocation                            7.3E-004

 Step 2 of Cholesky decomposition completed in 2.8E-004 seconds
 Detailed timings in seconds
 Reduced-dimension matrix V    2.2E-004
 V=L*L**T                      4.5E-005
 L**(-1)                       1.3E-005

 Full-dimension Cholesky vectors of the Coulomb matrix will be stored in memory
 Cholesky vectors computed in 2.6E-004 seconds

 ┌─────────────────────────────────────────┐
 │          Self-consistent field          │
 └─────────────────────────────────────────┘

 Atomic orbital basis set
 . . . . . . . . . . . . . . . . . . . . . . . . . . . . . . . . . . . . . . 
 atomic centers                               1
 shell parameter sets                         5
 spherical AOs                                9
 max angular momentum                         1
 parameter set                                ../../../../basis-sets/bse/def2-sv(p).txt
 . . . . . . . . . . . . . . . . . . . . . . . . . . . . . . . . . . . . . . 
 SCF guess: bare nuclei Hamiltonian
 Starting self-consistent field iterations (spin-unrestricted)
 Alpha electrons: 2
 Beta electrons: 1
 ----------------------------------------------------------------------------
 Exchange-correlation: Hartree-Fock
 ----------------------------------------------------------------------------
 Replicated-data parallel SCF
 ----------------------------
 Processes                               1
 Threads/process                         16
 Allocated 1.4E-005 GiB of scratch space for the KS matrix build
 ----------------------------------------------------------------------------
 Spherical harmonic basis contains 9 vectors
 Linear independence thresh: Eig(S) > 1.0E-006
 Computations will be carried out in the space of 9 MOs
 Threshold for J, K: |Rho(r,s)*(pq|rs)|,|Rho(q,s)*(pq|rs)| > 1.0E-011
 Convergence conditions
 ----------------------
 RhoDiff < 1.0E-006
 OrbGrad < 1.0E-006
 Max number of macroiters: 1024
 ------------------------------------------------------------------------------
 #           Energy        EDiff    RhoDiff  OrbGrad  OrbShift NStored Time     
 ------------------------------------------------------------------------------
 0           -1.1750284416                                        0    1.7E-002 
 1           -6.9439882018           3.8E+00                      0    9.9E-003 
 2           -7.2170007356 -2.7E-01  6.3E-01  2.4E-01  4.6E-01    1    2.1E-002 
 3           -7.3364996336 -1.2E-01  4.7E-01  2.3E-01  1.1E-02    2    1.2E-002 
 4           -7.3419738377 -5.5E-03  1.3E-01  5.3E-02  0.0E+00    3    1.4E-002 
 5           -7.3419757567 -1.9E-06  1.3E-03  1.4E-03  0.0E+00    4    1.4E-002 
 6           -7.3419757585 -1.7E-09  3.6E-05  4.0E-05  0.0E+00    5    1.4E-002 
 7           -7.3419757585 -6.6E-12  2.4E-06  2.7E-06  0.0E+00    6    1.5E-002 
 8           -7.3419757585 -4.0E-14  1.6E-07  2.1E-07  0.0E+00    7    1.6E-002 
 ------------------------------------------------------------------------------
 SCF converged
 Converged energy                        -7.341975758474     
 ------------------------------------------------------------------------------
 Ehomo(Alpha) [eV]                       -2.969792351530     
 Elumo(Alpha) [eV]                       -0.354689117436     
 Ehomo(Beta) [eV]                        -66.882348179569    
 Elumo(Beta) [eV]                        0.558192712534      

 dipole moment (Debye)
        x              y              z       
      1.332E-011    -2.712E-012    -3.043E-012

 traceless quadrupole moment (Debye*Angs)
                       x              y              z       
 x                  -6.455E+000     2.068E+000     2.320E+000
 y                   2.068E+000     3.282E+000    -4.722E-001
 z                   2.320E+000    -4.722E-001     3.173E+000

 ----------------------------------------------------------------------------
 Timings (seconds)
 * mean-field hamiltonian     8.8E-002
 * solver (setting up eqns)   3.1E-003
 * solver (energy estimate)   9.4E-003
 * solver (orthogonalization) 1.4E-003
 * solver (rotation matrix X) 1.8E-002
 * solver (exponential of X)  2.7E-003
 * solver (total)             3.8E-002
 * total SCF                  1.3E-001
 Atomic guess: LI, ../../../../basis-sets/bse/def2-sv(p).txt
 -----------------------------------------------------------
 E(HF) [a.u.]                            -7.3419757585E+000
 Tr(RhoAvg S), Cartesian AOs              3.0000000000E+000
 Tr(RhoAvg S), spherical AOs              3.0000000000E+000
 max|T RhoAvg T**T - RhoAvg_sao|                  0.00E+000
 max|c(RhoAvg) - c(Rho)|                          5.55E-017
 max|RhoAvg - Rho|                                4.89E-001
 Saved /mnt/storage_6/project_data/pl0415-03/marcin/beyond-rpa/guess/electron-densities/bse/def2-sv(p)/li.txt
 ----------------------------------------------------------------------------
                                  SCF for BE                                 
 ----------------------------------------------------------------------------
 NUMBER OF ATOMS                         1
 CHARGE                                  0
 Prescreening (pq|pq) integrals for the Cholesky decomposition
 Shell pairs will be sorted according to their max elements
 Max diagonal integral MaxDrs=2.3E+000
 Applying Eq. 15 in J. Chem. Phys. 150, 194112 (2019); doi: 10.1063/1.5083802
 Schwarz inequality: Dpq<min(10**(-8),Tau)**2/MaxDrs=4.4E-017
 Trace of exact Coulomb matrix: 6.6E+000
 Trace of discarded integrals: 0.0E+000
 Discarded 0 out of 15 shell pairs
 (0 out of 45 orbital pairs)

 Step 1 of Cholesky decomposition: locating pivots
 -------------------------------------------------
 Dimensions of the Coulomb matrix: (45,45)
 Threshold for diagonal matrix elements: Dpq > 1.0E-007
 Max number of Cholesky vectors: 45
 Rk storage block size: 500
 Max dimension of 2e integrals buffer: (45,45)

 ----------------------------------------------------------------------------
 #    Dmax        Memory (MB)    NPivots     %    Time        
 ----------------------------------------------------------------------------
 1    2.2E-002    1.9E-001       13          29   9.0E-004    
 2    4.5E-006    1.4E-001       32          78   1.1E-003    
 3    4.7E-008    3.9E-002       41          100  4.4E-004    

 Step 1 of the Cholesky decomposition completed
 Computed 41 pivots
 Largest residual Dpq: 4.7E-008
 NCholesky/NAO = 4.6E+000
 Step 1 of Cholesky decomposition completed in 2.5E-003 seconds
 Detailed timings in seconds
 Subtract prev contribs I (M-R**T*R)     3.7E-004
 Subtract prev contribs II (Rk)          1.8E-005
 Two-electron integrals                  1.3E-003
 Reallocation                            6.0E-004

 Step 2 of Cholesky decomposition completed in 3.1E-004 seconds
 Detailed timings in seconds
 Reduced-dimension matrix V    2.7E-004
 V=L*L**T                      2.4E-005
 L**(-1)                       1.0E-005

 Full-dimension Cholesky vectors of the Coulomb matrix will be stored in memory
 Cholesky vectors computed in 9.6E-004 seconds

 ┌─────────────────────────────────────────┐
 │          Self-consistent field          │
 └─────────────────────────────────────────┘

 Atomic orbital basis set
 . . . . . . . . . . . . . . . . . . . . . . . . . . . . . . . . . . . . . . 
 atomic centers                               1
 shell parameter sets                         5
 spherical AOs                                9
 max angular momentum                         1
 parameter set                                ../../../../basis-sets/bse/def2-sv(p).txt
 . . . . . . . . . . . . . . . . . . . . . . . . . . . . . . . . . . . . . . 
 SCF guess: bare nuclei Hamiltonian
 Starting self-consistent field iterations (spin-restricted singlet)
 Alpha+beta electrons: 4
 ----------------------------------------------------------------------------
 Exchange-correlation: Hartree-Fock
 ----------------------------------------------------------------------------
 Replicated-data parallel SCF
 ----------------------------
 Processes                               1
 Threads/process                         16
 Allocated 7.9E-006 GiB of scratch space for the KS matrix build
 ----------------------------------------------------------------------------
 Spherical harmonic basis contains 9 vectors
 Linear independence thresh: Eig(S) > 1.0E-006
 Computations will be carried out in the space of 9 MOs
 Threshold for J, K: |Rho(r,s)*(pq|rs)|,|Rho(q,s)*(pq|rs)| > 1.0E-011
 Convergence conditions
 ----------------------
 RhoDiff < 1.0E-006
 OrbGrad < 1.0E-006
 Max number of macroiters: 1024
 ------------------------------------------------------------------------------
 #           Energy        EDiff    RhoDiff  OrbGrad  OrbShift NStored Time     
 ------------------------------------------------------------------------------
 0           -2.9269731370                                        0    1.2E-002 
 1          -14.3695892662           4.8E+00                      0    4.9E-003 
 2          -14.5473849720 -1.8E-01  3.0E+00  1.3E-01  0.0E+00    1    6.1E-003 
 3          -14.5532354263 -5.9E-03  3.6E-01  3.3E-02  0.0E+00    2    6.2E-003 
 4          -14.5537268146 -4.9E-04  1.3E-01  9.3E-03  0.0E+00    3    7.1E-003 
 5          -14.5537268596 -4.5E-08  1.2E-03  8.9E-05  0.0E+00    4    6.9E-003 
 6          -14.5537268596 -7.3E-14  5.1E-07  3.9E-07  0.0E+00    5    7.3E-003 
 ------------------------------------------------------------------------------
 SCF converged
 Converged energy                        -14.553726859561    
 ------------------------------------------------------------------------------
 Ehomo [eV]                              -8.311194506001     
 Elumo [eV]                              1.505946402329      

 dipole moment (Debye)
        x              y              z       
      1.447E-015    -3.821E-016    -5.155E-016

 traceless quadrupole moment (Debye*Angs)
                       x              y              z       
 x                   0.000E+000     4.981E-031     1.720E-031
 y                   4.981E-031     0.000E+000     1.078E-031
 z                   1.720E-031     1.078E-031     0.000E+000

 ----------------------------------------------------------------------------
 Timings (seconds)
 * mean-field hamiltonian     3.5E-002
 * solver (setting up eqns)   1.1E-003
 * solver (energy estimate)   2.4E-003
 * solver (orthogonalization) 5.5E-004
 * solver (rotation matrix X) 2.4E-003
 * solver (exponential of X)  9.4E-004
 * solver (total)             8.5E-003
 * total SCF                  5.1E-002
 Atomic guess: BE, ../../../../basis-sets/bse/def2-sv(p).txt
 -----------------------------------------------------------
 E(HF) [a.u.]                            -1.4553726860E+001
 Tr(RhoAvg S), Cartesian AOs              4.0000000000E+000
 Tr(RhoAvg S), spherical AOs              4.0000000000E+000
 max|T RhoAvg T**T - RhoAvg_sao|                  1.09E-047
 max|c(RhoAvg) - c(Rho)|                          4.38E-047
 max|RhoAvg - Rho|                                3.81E-016
 Saved /mnt/storage_6/project_data/pl0415-03/marcin/beyond-rpa/guess/electron-densities/bse/def2-sv(p)/be.txt
 ----------------------------------------------------------------------------
                              SCF for B (2S+1=2)                             
 ----------------------------------------------------------------------------
 NUMBER OF ATOMS                         1
 CHARGE                                  0
 Prescreening (pq|pq) integrals for the Cholesky decomposition
 Shell pairs will be sorted according to their max elements
 Max diagonal integral MaxDrs=2.9E+000
 Applying Eq. 15 in J. Chem. Phys. 150, 194112 (2019); doi: 10.1063/1.5083802
 Schwarz inequality: Dpq<min(10**(-8),Tau)**2/MaxDrs=3.4E-017
 Trace of exact Coulomb matrix: 1.3E+001
 Trace of discarded integrals: 0.0E+000
 Discarded 0 out of 21 shell pairs
 (0 out of 105 orbital pairs)

 Step 1 of Cholesky decomposition: locating pivots
 -------------------------------------------------
 Dimensions of the Coulomb matrix: (105,105)
 Threshold for diagonal matrix elements: Dpq > 1.0E-007
 Max number of Cholesky vectors: 105
 Rk storage block size: 500
 Max dimension of 2e integrals buffer: (105,105)

 ----------------------------------------------------------------------------
 #    Dmax        Memory (MB)    NPivots     %    Time        
 ----------------------------------------------------------------------------
 1    2.5E-002    4.8E-001       20          19   1.4E-003    
 2    9.5E-005    4.5E-001       64          71   1.7E-003    
 3    3.6E-007    2.1E-001       78          88   6.7E-004    
 4    3.8E-008    7.1E-002       88          100  3.6E-004    

 Step 1 of the Cholesky decomposition completed
 Computed 88 pivots
 Largest residual Dpq: 3.8E-008
 NCholesky/NAO = 6.3E+000
 Step 1 of Cholesky decomposition completed in 4.3E-003 seconds
 Detailed timings in seconds
 Subtract prev contribs I (M-R**T*R)     6.1E-004
 Subtract prev contribs II (Rk)          3.1E-004
 Two-electron integrals                  2.2E-003
 Reallocation                            7.6E-004

 Step 2 of Cholesky decomposition completed in 7.2E-004 seconds
 Detailed timings in seconds
 Reduced-dimension matrix V    5.8E-004
 V=L*L**T                      8.4E-005
 L**(-1)                       3.4E-005

 Full-dimension Cholesky vectors of the Coulomb matrix will be stored in memory
 Cholesky vectors computed in 1.3E-003 seconds

 ┌─────────────────────────────────────────┐
 │          Self-consistent field          │
 └─────────────────────────────────────────┘

 Atomic orbital basis set
 . . . . . . . . . . . . . . . . . . . . . . . . . . . . . . . . . . . . . . 
 atomic centers                               1
 shell parameter sets                         6
 spherical AOs                                14
 max angular momentum                         2
 parameter set                                ../../../../basis-sets/bse/def2-sv(p).txt
 . . . . . . . . . . . . . . . . . . . . . . . . . . . . . . . . . . . . . . 
 SCF guess: bare nuclei Hamiltonian
 Starting self-consistent field iterations (spin-unrestricted)
 Alpha electrons: 3
 Beta electrons: 2
 ----------------------------------------------------------------------------
 Exchange-correlation: Hartree-Fock
 ----------------------------------------------------------------------------
 Replicated-data parallel SCF
 ----------------------------
 Processes                               1
 Threads/process                         16
 Allocated 3.8E-005 GiB of scratch space for the KS matrix build
 ----------------------------------------------------------------------------
 Spherical harmonic basis contains 14 vectors
 Linear independence thresh: Eig(S) > 1.0E-006
 Computations will be carried out in the space of 14 MOs
 Threshold for J, K: |Rho(r,s)*(pq|rs)|,|Rho(q,s)*(pq|rs)| > 1.0E-011
 Convergence conditions
 ----------------------
 RhoDiff < 1.0E-006
 OrbGrad < 1.0E-006
 Max number of macroiters: 1024
 ------------------------------------------------------------------------------
 #           Energy        EDiff    RhoDiff  OrbGrad  OrbShift NStored Time     
 ------------------------------------------------------------------------------
 0           -5.6382127838                                        0    2.2E-002 
 1          -23.9934854073           2.4E+00                      0    1.5E-002 
 2          -24.4691797819 -4.8E-01  1.4E+00  2.4E-01  1.5E-01    1    2.3E-002 
 3          -24.4988568186 -3.0E-02  2.6E-01  9.0E-02  0.0E+00    2    1.7E-002 
 4          -24.5003330048 -1.5E-03  5.0E-02  2.3E-02  0.0E+00    3    1.8E-002 
 5          -24.5005547195 -2.2E-04  3.8E-02  6.4E-03  0.0E+00    4    1.9E-002 
 6          -24.5005548056 -8.6E-08  2.7E-04  2.0E-04  0.0E+00    5    1.9E-002 
 7          -24.5005548153 -9.6E-09  2.4E-04  5.4E-05  0.0E+00    6    2.0E-002 
 8          -24.5005548153 -2.2E-11  4.8E-06  4.3E-06  0.0E+00    7    2.0E-002 
 9          -24.5005548153 -1.4E-12  7.8E-07  1.2E-06  0.0E+00    8    2.1E-002 
 10         -24.5005548153 -1.2E-13  2.0E-07  3.1E-07  0.0E+00    8    2.1E-002 
 ------------------------------------------------------------------------------
 SCF converged
 Converged energy                        -24.500554815309    
 ------------------------------------------------------------------------------
 Ehomo(Alpha) [eV]                       -8.719869884976     
 Elumo(Alpha) [eV]                       1.374291065658      
 Ehomo(Beta) [eV]                        -11.888471081427    
 Elumo(Beta) [eV]                        1.779717552564      

 dipole moment (Debye)
        x              y              z       
      3.615E-017    -5.930E-016    -7.833E-016

 traceless quadrupole moment (Debye*Angs)
                       x              y              z       
 x                  -1.627E+000     7.957E-001     2.073E+000
 y                   7.957E-001     1.384E+000    -5.140E-001
 z                   2.073E+000    -5.140E-001     2.428E-001

 ----------------------------------------------------------------------------
 Timings (seconds)
 * mean-field hamiltonian     1.7E-001
 * solver (setting up eqns)   3.7E-003
 * solver (energy estimate)   1.4E-002
 * solver (orthogonalization) 1.5E-003
 * solver (rotation matrix X) 1.8E-002
 * solver (exponential of X)  3.0E-003
 * solver (total)             4.2E-002
 * total SCF                  2.2E-001
 Atomic guess: B, ../../../../basis-sets/bse/def2-sv(p).txt
 ----------------------------------------------------------
 E(HF) [a.u.]                            -2.4500554815E+001
 Tr(RhoAvg S), Cartesian AOs              5.0000000000E+000
 Tr(RhoAvg S), spherical AOs              5.0000000000E+000
 max|T RhoAvg T**T - RhoAvg_sao|                  1.39E-017
 max|c(RhoAvg) - c(Rho)|                          1.39E-017
 max|RhoAvg - Rho|                                1.94E-001
 Saved /mnt/storage_6/project_data/pl0415-03/marcin/beyond-rpa/guess/electron-densities/bse/def2-sv(p)/b.txt
 ----------------------------------------------------------------------------
                              SCF for C (2S+1=3)                             
 ----------------------------------------------------------------------------
 NUMBER OF ATOMS                         1
 CHARGE                                  0
 Prescreening (pq|pq) integrals for the Cholesky decomposition
 Shell pairs will be sorted according to their max elements
 Max diagonal integral MaxDrs=3.5E+000
 Applying Eq. 15 in J. Chem. Phys. 150, 194112 (2019); doi: 10.1063/1.5083802
 Schwarz inequality: Dpq<min(10**(-8),Tau)**2/MaxDrs=2.8E-017
 Trace of exact Coulomb matrix: 1.7E+001
 Trace of discarded integrals: 0.0E+000
 Discarded 0 out of 21 shell pairs
 (0 out of 105 orbital pairs)

 Step 1 of Cholesky decomposition: locating pivots
 -------------------------------------------------
 Dimensions of the Coulomb matrix: (105,105)
 Threshold for diagonal matrix elements: Dpq > 1.0E-007
 Max number of Cholesky vectors: 105
 Rk storage block size: 500
 Max dimension of 2e integrals buffer: (105,105)

 ----------------------------------------------------------------------------
 #    Dmax        Memory (MB)    NPivots     %    Time        
 ----------------------------------------------------------------------------
 1    3.2E-002    4.8E-001       20          19   1.4E-003    
 2    1.3E-004    4.5E-001       64          71   1.5E-003    
 3    4.9E-007    2.1E-001       78          90   6.9E-004    
 4    3.3E-008    5.1E-002       86          100  3.2E-004    

 Step 1 of the Cholesky decomposition completed
 Computed 86 pivots
 Largest residual Dpq: 3.3E-008
 NCholesky/NAO = 6.1E+000
 Step 1 of Cholesky decomposition completed in 4.0E-003 seconds
 Detailed timings in seconds
 Subtract prev contribs I (M-R**T*R)     5.0E-004
 Subtract prev contribs II (Rk)          8.5E-005
 Two-electron integrals                  2.3E-003
 Reallocation                            6.9E-004

 Step 2 of Cholesky decomposition completed in 9.1E-004 seconds
 Detailed timings in seconds
 Reduced-dimension matrix V    7.8E-004
 V=L*L**T                      8.3E-005
 L**(-1)                       3.3E-005

 Full-dimension Cholesky vectors of the Coulomb matrix will be stored in memory
 Cholesky vectors computed in 1.5E-003 seconds

 ┌─────────────────────────────────────────┐
 │          Self-consistent field          │
 └─────────────────────────────────────────┘

 Atomic orbital basis set
 . . . . . . . . . . . . . . . . . . . . . . . . . . . . . . . . . . . . . . 
 atomic centers                               1
 shell parameter sets                         6
 spherical AOs                                14
 max angular momentum                         2
 parameter set                                ../../../../basis-sets/bse/def2-sv(p).txt
 . . . . . . . . . . . . . . . . . . . . . . . . . . . . . . . . . . . . . . 
 SCF guess: bare nuclei Hamiltonian
 Starting self-consistent field iterations (spin-unrestricted)
 Alpha electrons: 4
 Beta electrons: 2
 ----------------------------------------------------------------------------
 Exchange-correlation: Hartree-Fock
 ----------------------------------------------------------------------------
 Replicated-data parallel SCF
 ----------------------------
 Processes                               1
 Threads/process                         16
 Allocated 3.8E-005 GiB of scratch space for the KS matrix build
 ----------------------------------------------------------------------------
 Spherical harmonic basis contains 14 vectors
 Linear independence thresh: Eig(S) > 1.0E-006
 Computations will be carried out in the space of 14 MOs
 Threshold for J, K: |Rho(r,s)*(pq|rs)|,|Rho(q,s)*(pq|rs)| > 1.0E-011
 Convergence conditions
 ----------------------
 RhoDiff < 1.0E-006
 OrbGrad < 1.0E-006
 Max number of macroiters: 1024
 ------------------------------------------------------------------------------
 #           Energy        EDiff    RhoDiff  OrbGrad  OrbShift NStored Time     
 ------------------------------------------------------------------------------
 0           -9.4818265066                                        0    2.2E-002 
 1          -36.6323132928           2.4E+00                      0    1.5E-002 
 2          -37.6037200417 -9.7E-01  1.4E+00  3.8E-01  3.3E-01    1    2.3E-002 
 3          -37.6433898491 -4.0E-02  2.5E-01  1.2E-01  0.0E+00    2    1.7E-002 
 4          -37.6449128154 -1.5E-03  4.8E-02  2.5E-02  0.0E+00    3    1.9E-002 
 5          -37.6452291501 -3.2E-04  3.5E-02  1.0E-02  0.0E+00    4    1.9E-002 
 6          -37.6452298396 -6.9E-07  1.5E-03  6.7E-04  0.0E+00    5    1.9E-002 
 7          -37.6452298462 -6.6E-09  1.0E-04  1.0E-04  0.0E+00    6    2.0E-002 
 8          -37.6452298462 -1.8E-11  8.7E-07  4.8E-06  0.0E+00    7    2.0E-002 
 9          -37.6452298462 -1.0E-12  2.0E-07  1.1E-06  0.0E+00    8    2.1E-002 
 10         -37.6452298462 -5.7E-14  4.8E-08  2.6E-07  0.0E+00    8    2.1E-002 
 ------------------------------------------------------------------------------
 SCF converged
 Converged energy                        -37.645229846176    
 ------------------------------------------------------------------------------
 Ehomo(Alpha) [eV]                       -11.984692347018    
 Elumo(Alpha) [eV]                       1.056050519379      
 Ehomo(Beta) [eV]                        -15.497443368840    
 Elumo(Beta) [eV]                        2.206277435002      

 dipole moment (Debye)
        x              y              z       
      1.845E-015     4.131E-016     8.139E-016

 traceless quadrupole moment (Debye*Angs)
                       x              y              z       
 x                  -1.758E-001     1.204E+000     4.661E-001
 y                   1.204E+000     8.673E-001     7.099E-001
 z                   4.661E-001     7.099E-001    -6.915E-001

 ----------------------------------------------------------------------------
 Timings (seconds)
 * mean-field hamiltonian     1.7E-001
 * solver (setting up eqns)   3.7E-003
 * solver (energy estimate)   1.4E-002
 * solver (orthogonalization) 1.4E-003
 * solver (rotation matrix X) 1.9E-002
 * solver (exponential of X)  3.0E-003
 * solver (total)             4.3E-002
 * total SCF                  2.2E-001
 Atomic guess: C, ../../../../basis-sets/bse/def2-sv(p).txt
 ----------------------------------------------------------
 E(HF) [a.u.]                            -3.7645229846E+001
 Tr(RhoAvg S), Cartesian AOs              6.0000000000E+000
 Tr(RhoAvg S), spherical AOs              6.0000000000E+000
 max|T RhoAvg T**T - RhoAvg_sao|                  8.33E-017
 max|c(RhoAvg) - c(Rho)|                          1.11E-016
 max|RhoAvg - Rho|                                1.90E-001
 Saved /mnt/storage_6/project_data/pl0415-03/marcin/beyond-rpa/guess/electron-densities/bse/def2-sv(p)/c.txt
 ----------------------------------------------------------------------------
                              SCF for N (2S+1=4)                             
 ----------------------------------------------------------------------------
 NUMBER OF ATOMS                         1
 CHARGE                                  0
 Prescreening (pq|pq) integrals for the Cholesky decomposition
 Shell pairs will be sorted according to their max elements
 Max diagonal integral MaxDrs=4.2E+000
 Applying Eq. 15 in J. Chem. Phys. 150, 194112 (2019); doi: 10.1063/1.5083802
 Schwarz inequality: Dpq<min(10**(-8),Tau)**2/MaxDrs=2.4E-017
 Trace of exact Coulomb matrix: 1.9E+001
 Trace of discarded integrals: 0.0E+000
 Discarded 0 out of 21 shell pairs
 (0 out of 105 orbital pairs)

 Step 1 of Cholesky decomposition: locating pivots
 -------------------------------------------------
 Dimensions of the Coulomb matrix: (105,105)
 Threshold for diagonal matrix elements: Dpq > 1.0E-007
 Max number of Cholesky vectors: 105
 Rk storage block size: 500
 Max dimension of 2e integrals buffer: (105,105)

 ----------------------------------------------------------------------------
 #    Dmax        Memory (MB)    NPivots     %    Time        
 ----------------------------------------------------------------------------
 1    3.9E-002    4.8E-001       19          18   1.2E-003    
 2    3.3E-004    4.5E-001       61          68   1.5E-003    
 3    2.7E-006    2.2E-001       73          80   7.3E-004    
 4    3.6E-008    1.1E-001       87          100  4.4E-004    

 Step 1 of the Cholesky decomposition completed
 Computed 87 pivots
 Largest residual Dpq: 3.6E-008
 NCholesky/NAO = 6.2E+000
 Step 1 of Cholesky decomposition completed in 4.1E-003 seconds
 Detailed timings in seconds
 Subtract prev contribs I (M-R**T*R)     5.5E-004
 Subtract prev contribs II (Rk)          1.2E-004
 Two-electron integrals                  2.5E-003
 Reallocation                            5.5E-004

 Step 2 of Cholesky decomposition completed in 7.9E-004 seconds
 Detailed timings in seconds
 Reduced-dimension matrix V    6.6E-004
 V=L*L**T                      8.5E-005
 L**(-1)                       3.4E-005

 Full-dimension Cholesky vectors of the Coulomb matrix will be stored in memory
 Cholesky vectors computed in 1.7E-003 seconds

 ┌─────────────────────────────────────────┐
 │          Self-consistent field          │
 └─────────────────────────────────────────┘

 Atomic orbital basis set
 . . . . . . . . . . . . . . . . . . . . . . . . . . . . . . . . . . . . . . 
 atomic centers                               1
 shell parameter sets                         6
 spherical AOs                                14
 max angular momentum                         2
 parameter set                                ../../../../basis-sets/bse/def2-sv(p).txt
 . . . . . . . . . . . . . . . . . . . . . . . . . . . . . . . . . . . . . . 
 SCF guess: bare nuclei Hamiltonian
 Starting self-consistent field iterations (spin-unrestricted)
 Alpha electrons: 5
 Beta electrons: 2
 ----------------------------------------------------------------------------
 Exchange-correlation: Hartree-Fock
 ----------------------------------------------------------------------------
 Replicated-data parallel SCF
 ----------------------------
 Processes                               1
 Threads/process                         16
 Allocated 3.8E-005 GiB of scratch space for the KS matrix build
 ----------------------------------------------------------------------------
 Spherical harmonic basis contains 14 vectors
 Linear independence thresh: Eig(S) > 1.0E-006
 Computations will be carried out in the space of 14 MOs
 Threshold for J, K: |Rho(r,s)*(pq|rs)|,|Rho(q,s)*(pq|rs)| > 1.0E-011
 Convergence conditions
 ----------------------
 RhoDiff < 1.0E-006
 OrbGrad < 1.0E-006
 Max number of macroiters: 1024
 ------------------------------------------------------------------------------
 #           Energy        EDiff    RhoDiff  OrbGrad  OrbShift NStored Time     
 ------------------------------------------------------------------------------
 0          -28.9820601283                                        0    2.2E-002 
 1          -52.9956371653           2.6E+00                      0    1.3E-002 
 2          -54.3276258841 -1.3E+00  1.1E+00  5.2E-01  3.8E-01    1    1.9E-002 
 3          -54.3353455323 -7.7E-03  8.8E-02  8.8E-02  0.0E+00    2    1.5E-002 
 4          -54.3365101025 -1.2E-03  4.5E-02  2.3E-02  0.0E+00    3    1.5E-002 
 5          -54.3365323390 -2.2E-05  7.8E-03  4.2E-03  0.0E+00    4    1.6E-002 
 6          -54.3365329923 -6.5E-07  5.8E-04  4.4E-04  0.0E+00    5    1.7E-002 
 7          -54.3365329928 -5.3E-10  1.3E-05  6.1E-05  0.0E+00    6    1.7E-002 
 8          -54.3365329929 -1.5E-12  4.4E-07  1.5E-06  0.0E+00    7    1.7E-002 
 9          -54.3365329929 -1.5E-13  1.7E-07  2.9E-07  0.0E+00    8    1.8E-002 
 ------------------------------------------------------------------------------
 SCF converged
 Converged energy                        -54.336532992851    
 ------------------------------------------------------------------------------
 Ehomo(Alpha) [eV]                       -15.550203596661    
 Elumo(Alpha) [eV]                       18.862925091602     
 Ehomo(Beta) [eV]                        -19.239984246610    
 Elumo(Beta) [eV]                        4.463438012291      

 dipole moment (Debye)
        x              y              z       
     -1.482E-016    -3.641E-017     6.813E-016

 traceless quadrupole moment (Debye*Angs)
                       x              y              z       
 x                   4.301E-009    -6.420E-008    -1.516E-007
 y                  -6.420E-008    -8.092E-008     8.132E-008
 z                  -1.516E-007     8.132E-008     7.662E-008

 ----------------------------------------------------------------------------
 Timings (seconds)
 * mean-field hamiltonian     1.3E-001
 * solver (setting up eqns)   2.8E-003
 * solver (energy estimate)   9.8E-003
 * solver (orthogonalization) 1.0E-003
 * solver (rotation matrix X) 1.4E-002
 * solver (exponential of X)  2.4E-003
 * solver (total)             3.1E-002
 * total SCF                  1.7E-001
 Atomic guess: N, ../../../../basis-sets/bse/def2-sv(p).txt
 ----------------------------------------------------------
 E(HF) [a.u.]                            -5.4336532993E+001
 Tr(RhoAvg S), Cartesian AOs              7.0000000000E+000
 Tr(RhoAvg S), spherical AOs              7.0000000000E+000
 max|T RhoAvg T**T - RhoAvg_sao|                  5.55E-017
 max|c(RhoAvg) - c(Rho)|                          9.31E-027
 max|RhoAvg - Rho|                                5.05E-008
 Saved /mnt/storage_6/project_data/pl0415-03/marcin/beyond-rpa/guess/electron-densities/bse/def2-sv(p)/n.txt
 ----------------------------------------------------------------------------
                              SCF for O (2S+1=3)                             
 ----------------------------------------------------------------------------
 NUMBER OF ATOMS                         1
 CHARGE                                  0
 Prescreening (pq|pq) integrals for the Cholesky decomposition
 Shell pairs will be sorted according to their max elements
 Max diagonal integral MaxDrs=4.8E+000
 Applying Eq. 15 in J. Chem. Phys. 150, 194112 (2019); doi: 10.1063/1.5083802
 Schwarz inequality: Dpq<min(10**(-8),Tau)**2/MaxDrs=2.1E-017
 Trace of exact Coulomb matrix: 2.2E+001
 Trace of discarded integrals: 0.0E+000
 Discarded 0 out of 21 shell pairs
 (0 out of 105 orbital pairs)

 Step 1 of Cholesky decomposition: locating pivots
 -------------------------------------------------
 Dimensions of the Coulomb matrix: (105,105)
 Threshold for diagonal matrix elements: Dpq > 1.0E-007
 Max number of Cholesky vectors: 105
 Rk storage block size: 500
 Max dimension of 2e integrals buffer: (105,105)

 ----------------------------------------------------------------------------
 #    Dmax        Memory (MB)    NPivots     %    Time        
 ----------------------------------------------------------------------------
 1    4.5E-002    4.8E-001       19          18   8.8E-004    
 2    2.8E-004    4.5E-001       61          68   1.3E-003    
 3    2.1E-006    1.5E-001       71          85   3.5E-004    
 4    4.1E-008    9.2E-002       84          100  4.8E-004    

 Step 1 of the Cholesky decomposition completed
 Computed 84 pivots
 Largest residual Dpq: 4.1E-008
 NCholesky/NAO = 6.0E+000
 Step 1 of Cholesky decomposition completed in 3.2E-003 seconds
 Detailed timings in seconds
 Subtract prev contribs I (M-R**T*R)     2.5E-004
 Subtract prev contribs II (Rk)          9.9E-005
 Two-electron integrals                  1.7E-003
 Reallocation                            6.9E-004

 Step 2 of Cholesky decomposition completed in 5.4E-004 seconds
 Detailed timings in seconds
 Reduced-dimension matrix V    4.5E-004
 V=L*L**T                      5.4E-005
 L**(-1)                       3.1E-005

 Full-dimension Cholesky vectors of the Coulomb matrix will be stored in memory
 Cholesky vectors computed in 1.0E-003 seconds

 ┌─────────────────────────────────────────┐
 │          Self-consistent field          │
 └─────────────────────────────────────────┘

 Atomic orbital basis set
 . . . . . . . . . . . . . . . . . . . . . . . . . . . . . . . . . . . . . . 
 atomic centers                               1
 shell parameter sets                         6
 spherical AOs                                14
 max angular momentum                         2
 parameter set                                ../../../../basis-sets/bse/def2-sv(p).txt
 . . . . . . . . . . . . . . . . . . . . . . . . . . . . . . . . . . . . . . 
 SCF guess: bare nuclei Hamiltonian
 Starting self-consistent field iterations (spin-unrestricted)
 Alpha electrons: 5
 Beta electrons: 3
 ----------------------------------------------------------------------------
 Exchange-correlation: Hartree-Fock
 ----------------------------------------------------------------------------
 Replicated-data parallel SCF
 ----------------------------
 Processes                               1
 Threads/process                         16
 Allocated 3.8E-005 GiB of scratch space for the KS matrix build
 ----------------------------------------------------------------------------
 Spherical harmonic basis contains 14 vectors
 Linear independence thresh: Eig(S) > 1.0E-006
 Computations will be carried out in the space of 14 MOs
 Threshold for J, K: |Rho(r,s)*(pq|rs)|,|Rho(q,s)*(pq|rs)| > 1.0E-011
 Convergence conditions
 ----------------------
 RhoDiff < 1.0E-006
 OrbGrad < 1.0E-006
 Max number of macroiters: 1024
 ------------------------------------------------------------------------------
 #           Energy        EDiff    RhoDiff  OrbGrad  OrbShift NStored Time     
 ------------------------------------------------------------------------------
 0          -39.8627193406                                        0    2.0E-002 
 1          -72.6991029600           2.5E+00                      0    1.3E-002 
 2          -74.7037644528 -2.0E+00  8.9E-01  6.8E-01  8.3E-01    1    2.2E-002 
 3          -74.7188440701 -1.5E-02  1.0E-01  1.0E-01  0.0E+00    2    1.4E-002 
 4          -74.7199634471 -1.1E-03  2.4E-02  2.9E-02  0.0E+00    3    1.1E-002 
 5          -74.7200969102 -1.3E-04  1.0E-02  6.6E-03  0.0E+00    4    1.1E-002 
 6          -74.7201007775 -3.9E-06  1.7E-03  1.4E-03  0.0E+00    5    1.1E-002 
 7          -74.7201008659 -8.8E-08  2.9E-04  2.6E-04  0.0E+00    6    1.1E-002 
 8          -74.7201008688 -3.0E-09  3.4E-05  3.4E-05  0.0E+00    7    1.2E-002 
 9          -74.7201008689 -1.1E-10  6.7E-06  9.5E-06  0.0E+00    8    1.2E-002 
 10         -74.7201008689 -3.8E-12  1.2E-06  1.8E-06  0.0E+00    8    1.2E-002 
 11         -74.7201008689 -2.0E-13  3.0E-07  3.1E-07  0.0E+00    8    1.2E-002 
 ------------------------------------------------------------------------------
 SCF converged
 Converged energy                        -74.720100868939    
 ------------------------------------------------------------------------------
 Ehomo(Alpha) [eV]                       -16.495003895218    
 Elumo(Alpha) [eV]                       26.152343381412     
 Ehomo(Beta) [eV]                        -14.094933026556    
 Elumo(Beta) [eV]                        3.504064796471      

 dipole moment (Debye)
        x              y              z       
     -1.552E-015    -7.530E-016     4.919E-017

 traceless quadrupole moment (Debye*Angs)
                       x              y              z       
 x                  -1.153E+000    -3.693E-003     5.492E-015
 y                  -3.693E-003     5.765E-001     1.540E-016
 z                   5.492E-015     1.540E-016     5.765E-001

 ----------------------------------------------------------------------------
 Timings (seconds)
 * mean-field hamiltonian     1.2E-001
 * solver (setting up eqns)   2.7E-003
 * solver (energy estimate)   8.9E-003
 * solver (orthogonalization) 1.0E-003
 * solver (rotation matrix X) 1.5E-002
 * solver (exponential of X)  2.0E-003
 * solver (total)             3.1E-002
 * total SCF                  1.6E-001
 Atomic guess: O, ../../../../basis-sets/bse/def2-sv(p).txt
 ----------------------------------------------------------
 E(HF) [a.u.]                            -7.4720100869E+001
 Tr(RhoAvg S), Cartesian AOs              8.0000000000E+000
 Tr(RhoAvg S), spherical AOs              8.0000000000E+000
 max|T RhoAvg T**T - RhoAvg_sao|                  1.11E-016
 max|c(RhoAvg) - c(Rho)|                          2.22E-016
 max|RhoAvg - Rho|                                2.65E-001
 Saved /mnt/storage_6/project_data/pl0415-03/marcin/beyond-rpa/guess/electron-densities/bse/def2-sv(p)/o.txt
 ----------------------------------------------------------------------------
                              SCF for F (2S+1=2)                             
 ----------------------------------------------------------------------------
 NUMBER OF ATOMS                         1
 CHARGE                                  0
 Prescreening (pq|pq) integrals for the Cholesky decomposition
 Shell pairs will be sorted according to their max elements
 Max diagonal integral MaxDrs=5.4E+000
 Applying Eq. 15 in J. Chem. Phys. 150, 194112 (2019); doi: 10.1063/1.5083802
 Schwarz inequality: Dpq<min(10**(-8),Tau)**2/MaxDrs=1.9E-017
 Trace of exact Coulomb matrix: 2.4E+001
 Trace of discarded integrals: 0.0E+000
 Discarded 0 out of 21 shell pairs
 (0 out of 105 orbital pairs)

 Step 1 of Cholesky decomposition: locating pivots
 -------------------------------------------------
 Dimensions of the Coulomb matrix: (105,105)
 Threshold for diagonal matrix elements: Dpq > 1.0E-007
 Max number of Cholesky vectors: 105
 Rk storage block size: 500
 Max dimension of 2e integrals buffer: (105,105)

 ----------------------------------------------------------------------------
 #    Dmax        Memory (MB)    NPivots     %    Time        
 ----------------------------------------------------------------------------
 1    4.1E-002    4.8E-001       20          19   5.4E-004    
 2    2.6E-004    4.5E-001       63          70   7.5E-004    
 3    2.3E-006    1.3E-001       71          78   2.3E-004    
 4    4.6E-008    9.6E-002       82          100  2.6E-004    

 Step 1 of the Cholesky decomposition completed
 Computed 82 pivots
 Largest residual Dpq: 4.6E-008
 NCholesky/NAO = 5.9E+000
 Step 1 of Cholesky decomposition completed in 1.9E-003 seconds
 Detailed timings in seconds
 Subtract prev contribs I (M-R**T*R)     2.6E-004
 Subtract prev contribs II (Rk)          1.0E-004
 Two-electron integrals                  8.2E-004
 Reallocation                            3.9E-004

 Step 2 of Cholesky decomposition completed in 3.7E-004 seconds
 Detailed timings in seconds
 Reduced-dimension matrix V    2.8E-004
 V=L*L**T                      5.5E-005
 L**(-1)                       2.9E-005

 Full-dimension Cholesky vectors of the Coulomb matrix will be stored in memory
 Cholesky vectors computed in 6.0E-004 seconds

 ┌─────────────────────────────────────────┐
 │          Self-consistent field          │
 └─────────────────────────────────────────┘

 Atomic orbital basis set
 . . . . . . . . . . . . . . . . . . . . . . . . . . . . . . . . . . . . . . 
 atomic centers                               1
 shell parameter sets                         6
 spherical AOs                                14
 max angular momentum                         2
 parameter set                                ../../../../basis-sets/bse/def2-sv(p).txt
 . . . . . . . . . . . . . . . . . . . . . . . . . . . . . . . . . . . . . . 
 SCF guess: bare nuclei Hamiltonian
 Starting self-consistent field iterations (spin-unrestricted)
 Alpha electrons: 5
 Beta electrons: 4
 ----------------------------------------------------------------------------
 Exchange-correlation: Hartree-Fock
 ----------------------------------------------------------------------------
 Replicated-data parallel SCF
 ----------------------------
 Processes                               1
 Threads/process                         16
 Allocated 3.8E-005 GiB of scratch space for the KS matrix build
 ----------------------------------------------------------------------------
 Spherical harmonic basis contains 14 vectors
 Linear independence thresh: Eig(S) > 1.0E-006
 Computations will be carried out in the space of 14 MOs
 Threshold for J, K: |Rho(r,s)*(pq|rs)|,|Rho(q,s)*(pq|rs)| > 1.0E-011
 Convergence conditions
 ----------------------
 RhoDiff < 1.0E-006
 OrbGrad < 1.0E-006
 Max number of macroiters: 1024
 ------------------------------------------------------------------------------
 #           Energy        EDiff    RhoDiff  OrbGrad  OrbShift NStored Time     
 ------------------------------------------------------------------------------
 0          -53.0291204779                                        0    1.5E-002 
 1          -96.4301788645           2.5E+00                      0    8.8E-003 
 2          -99.2716859171 -2.8E+00  8.3E-01  8.5E-01  1.0E+00    1    1.5E-002 
 3          -99.2827077357 -1.1E-02  4.9E-02  1.4E-01  0.0E+00    2    1.0E-002 
 4          -99.2840098175 -1.3E-03  2.1E-02  3.2E-02  0.0E+00    3    1.1E-002 
 5          -99.2840481888 -3.8E-05  3.3E-03  5.0E-03  0.0E+00    4    1.1E-002 
 6          -99.2840511620 -3.0E-06  1.0E-03  9.0E-04  0.0E+00    5    1.1E-002 
 7          -99.2840511985 -3.7E-08  1.1E-04  1.3E-04  0.0E+00    6    1.1E-002 
 8          -99.2840512000 -1.5E-09  2.3E-05  3.4E-05  0.0E+00    7    1.2E-002 
 9          -99.2840512001 -6.6E-11  5.3E-06  7.7E-06  0.0E+00    8    1.2E-002 
 10         -99.2840512001 -2.9E-12  1.1E-06  1.6E-06  0.0E+00    8    1.2E-002 
 11         -99.2840512001 -1.4E-13  2.7E-07  3.2E-07  0.0E+00    8    1.2E-002 
 ------------------------------------------------------------------------------
 SCF converged
 Converged energy                        -99.284051200107    
 ------------------------------------------------------------------------------
 Ehomo(Alpha) [eV]                       -19.681382596459    
 Elumo(Alpha) [eV]                       34.688166837929     
 Ehomo(Beta) [eV]                        -18.297407899599    
 Elumo(Beta) [eV]                        2.278569393386      

 dipole moment (Debye)
        x              y              z       
      2.935E-016     2.088E-016     6.215E-016

 traceless quadrupole moment (Debye*Angs)
                       x              y              z       
 x                   8.538E-001    -4.608E-008    -6.953E-002
 y                  -4.608E-008    -4.288E-001     2.498E-009
 z                  -6.953E-002     2.498E-009    -4.250E-001

 ----------------------------------------------------------------------------
 Timings (seconds)
 * mean-field hamiltonian     1.1E-001
 * solver (setting up eqns)   2.5E-003
 * solver (energy estimate)   8.7E-003
 * solver (orthogonalization) 8.6E-004
 * solver (rotation matrix X) 1.3E-002
 * solver (exponential of X)  1.8E-003
 * solver (total)             2.8E-002
 * total SCF                  1.4E-001
 Atomic guess: F, ../../../../basis-sets/bse/def2-sv(p).txt
 ----------------------------------------------------------
 E(HF) [a.u.]                            -9.9284051200E+001
 Tr(RhoAvg S), Cartesian AOs              9.0000000000E+000
 Tr(RhoAvg S), spherical AOs              9.0000000000E+000
 max|T RhoAvg T**T - RhoAvg_sao|                  2.22E-016
 max|c(RhoAvg) - c(Rho)|                          6.66E-016
 max|RhoAvg - Rho|                                2.89E-001
 Saved /mnt/storage_6/project_data/pl0415-03/marcin/beyond-rpa/guess/electron-densities/bse/def2-sv(p)/f.txt
 ----------------------------------------------------------------------------
                                  SCF for NE                                 
 ----------------------------------------------------------------------------
 NUMBER OF ATOMS                         1
 CHARGE                                  0
 Prescreening (pq|pq) integrals for the Cholesky decomposition
 Shell pairs will be sorted according to their max elements
 Max diagonal integral MaxDrs=6.0E+000
 Applying Eq. 15 in J. Chem. Phys. 150, 194112 (2019); doi: 10.1063/1.5083802
 Schwarz inequality: Dpq<min(10**(-8),Tau)**2/MaxDrs=1.7E-017
 Trace of exact Coulomb matrix: 2.8E+001
 Trace of discarded integrals: 0.0E+000
 Discarded 0 out of 21 shell pairs
 (0 out of 105 orbital pairs)

 Step 1 of Cholesky decomposition: locating pivots
 -------------------------------------------------
 Dimensions of the Coulomb matrix: (105,105)
 Threshold for diagonal matrix elements: Dpq > 1.0E-007
 Max number of Cholesky vectors: 105
 Rk storage block size: 500
 Max dimension of 2e integrals buffer: (105,105)

 ----------------------------------------------------------------------------
 #    Dmax        Memory (MB)    NPivots     %    Time        
 ----------------------------------------------------------------------------
 1    5.9E-002    4.8E-001       19          18   5.9E-004    
 2    4.4E-004    4.5E-001       61          68   7.2E-004    
 3    2.1E-006    1.5E-001       71          85   2.8E-004    
 4    8.4E-008    9.2E-002       83          100  2.6E-004    

 Step 1 of the Cholesky decomposition completed
 Computed 83 pivots
 Largest residual Dpq: 8.4E-008
 NCholesky/NAO = 5.9E+000
 Step 1 of Cholesky decomposition completed in 2.0E-003 seconds
 Detailed timings in seconds
 Subtract prev contribs I (M-R**T*R)     1.9E-004
 Subtract prev contribs II (Rk)          8.7E-005
 Two-electron integrals                  9.3E-004
 Reallocation                            4.2E-004

 Step 2 of Cholesky decomposition completed in 3.3E-004 seconds
 Detailed timings in seconds
 Reduced-dimension matrix V    2.4E-004
 V=L*L**T                      5.0E-005
 L**(-1)                       3.0E-005

 Full-dimension Cholesky vectors of the Coulomb matrix will be stored in memory
 Cholesky vectors computed in 6.6E-004 seconds

 ┌─────────────────────────────────────────┐
 │          Self-consistent field          │
 └─────────────────────────────────────────┘

 Atomic orbital basis set
 . . . . . . . . . . . . . . . . . . . . . . . . . . . . . . . . . . . . . . 
 atomic centers                               1
 shell parameter sets                         6
 spherical AOs                                14
 max angular momentum                         2
 parameter set                                ../../../../basis-sets/bse/def2-sv(p).txt
 . . . . . . . . . . . . . . . . . . . . . . . . . . . . . . . . . . . . . . 
 SCF guess: bare nuclei Hamiltonian
 Starting self-consistent field iterations (spin-restricted singlet)
 Alpha+beta electrons: 10
 ----------------------------------------------------------------------------
 Exchange-correlation: Hartree-Fock
 ----------------------------------------------------------------------------
 Replicated-data parallel SCF
 ----------------------------
 Processes                               1
 Threads/process                         16
 Allocated 2.1E-005 GiB of scratch space for the KS matrix build
 ----------------------------------------------------------------------------
 Spherical harmonic basis contains 14 vectors
 Linear independence thresh: Eig(S) > 1.0E-006
 Computations will be carried out in the space of 14 MOs
 Threshold for J, K: |Rho(r,s)*(pq|rs)|,|Rho(q,s)*(pq|rs)| > 1.0E-011
 Convergence conditions
 ----------------------
 RhoDiff < 1.0E-006
 OrbGrad < 1.0E-006
 Max number of macroiters: 1024
 ------------------------------------------------------------------------------
 #           Energy        EDiff    RhoDiff  OrbGrad  OrbShift NStored Time     
 ------------------------------------------------------------------------------
 0          -93.9191981002                                        0    1.1E-002 
 1         -125.9799480685           5.2E+00                      0    4.6E-003 
 2         -127.6680376503 -1.7E+00  1.3E+00  9.0E-01  4.7E-01    1    6.2E-003 
 3         -128.1615223979 -4.9E-01  6.5E-01  6.3E-01  0.0E+00    2    5.0E-003 
 4         -128.3754713511 -2.1E-01  2.6E-01  3.3E-01  0.0E+00    3    5.5E-003 
 5         -128.3764067516 -9.4E-04  1.6E-02  2.3E-02  0.0E+00    4    5.7E-003 
 6         -128.3764067951 -4.4E-08  2.4E-04  1.3E-04  0.0E+00    5    5.6E-003 
 7         -128.3764067951 -3.5E-12  1.0E-06  6.5E-06  0.0E+00    6    5.5E-003 
 Skipping trust radius update
 8         -128.3764067951  0.0E+00  2.5E-08  1.7E-07  0.0E+00    7    5.9E-003 
 ------------------------------------------------------------------------------
 SCF converged
 Converged energy                        -128.376406795109   
 ------------------------------------------------------------------------------
 Ehomo [eV]                              -22.827427901908    
 Elumo [eV]                              44.487767734027     

 dipole moment (Debye)
        x              y              z       
      9.309E-017     3.586E-016    -1.182E-015

 traceless quadrupole moment (Debye*Angs)
                       x              y              z       
 x                   1.841E-008     4.711E-017     3.708E-016
 y                   4.711E-017     1.841E-008     4.505E-017
 z                   3.708E-016     4.505E-017    -3.682E-008

 ----------------------------------------------------------------------------
 Timings (seconds)
 * mean-field hamiltonian     4.0E-002
 * solver (setting up eqns)   8.4E-004
 * solver (energy estimate)   2.3E-003
 * solver (orthogonalization) 3.4E-004
 * solver (rotation matrix X) 3.4E-003
 * solver (exponential of X)  6.3E-004
 * solver (total)             8.2E-003
 * total SCF                  5.6E-002
 Atomic guess: NE, ../../../../basis-sets/bse/def2-sv(p).txt
 -----------------------------------------------------------
 E(HF) [a.u.]                            -1.2837640680E+002
 Tr(RhoAvg S), Cartesian AOs              1.0000000000E+001
 Tr(RhoAvg S), spherical AOs              1.0000000000E+001
 max|T RhoAvg T**T - RhoAvg_sao|                  2.22E-016
 max|c(RhoAvg) - c(Rho)|                          4.44E-016
 max|RhoAvg - Rho|                                2.37E-008
 Saved /mnt/storage_6/project_data/pl0415-03/marcin/beyond-rpa/guess/electron-densities/bse/def2-sv(p)/ne.txt
 ----------------------------------------------------------------------------
                             SCF for NA (2S+1=2)                             
 ----------------------------------------------------------------------------
 NUMBER OF ATOMS                         1
 CHARGE                                  0
 Prescreening (pq|pq) integrals for the Cholesky decomposition
 Shell pairs will be sorted according to their max elements
 Max diagonal integral MaxDrs=6.6E+000
 Applying Eq. 15 in J. Chem. Phys. 150, 194112 (2019); doi: 10.1063/1.5083802
 Schwarz inequality: Dpq<min(10**(-8),Tau)**2/MaxDrs=1.5E-017
 Trace of exact Coulomb matrix: 1.7E+001
 Trace of discarded integrals: 0.0E+000
 Discarded 0 out of 28 shell pairs
 (0 out of 120 orbital pairs)

 Step 1 of Cholesky decomposition: locating pivots
 -------------------------------------------------
 Dimensions of the Coulomb matrix: (120,120)
 Threshold for diagonal matrix elements: Dpq > 1.0E-007
 Max number of Cholesky vectors: 120
 Rk storage block size: 500
 Max dimension of 2e integrals buffer: (120,120)

 ----------------------------------------------------------------------------
 #    Dmax        Memory (MB)    NPivots     %    Time        
 ----------------------------------------------------------------------------
 1    6.3E-002    5.7E-001       8           8    1.2E-003    
 2    4.4E-004    5.5E-001       52          54   1.8E-003    
 3    2.8E-006    3.0E-001       80          87   6.9E-004    
 4    1.5E-019    6.3E-002       93          100  2.0E-004    

 Step 1 of the Cholesky decomposition completed
 Computed 93 pivots
 Largest residual Dpq: 1.5E-019
 NCholesky/NAO = 6.2E+000
 Step 1 of Cholesky decomposition completed in 4.1E-003 seconds
 Detailed timings in seconds
 Subtract prev contribs I (M-R**T*R)     5.0E-004
 Subtract prev contribs II (Rk)          3.1E-004
 Two-electron integrals                  2.5E-003
 Reallocation                            4.3E-004

 Step 2 of Cholesky decomposition completed in 9.3E-004 seconds
 Detailed timings in seconds
 Reduced-dimension matrix V    7.8E-004
 V=L*L**T                      8.9E-005
 L**(-1)                       4.0E-005

 Full-dimension Cholesky vectors of the Coulomb matrix will be stored in memory
 Cholesky vectors computed in 1.7E-003 seconds

 ┌─────────────────────────────────────────┐
 │          Self-consistent field          │
 └─────────────────────────────────────────┘

 Atomic orbital basis set
 . . . . . . . . . . . . . . . . . . . . . . . . . . . . . . . . . . . . . . 
 atomic centers                               1
 shell parameter sets                         7
 spherical AOs                                15
 max angular momentum                         2
 parameter set                                ../../../../basis-sets/bse/def2-sv(p).txt
 . . . . . . . . . . . . . . . . . . . . . . . . . . . . . . . . . . . . . . 
 SCF guess: bare nuclei Hamiltonian
 Starting self-consistent field iterations (spin-unrestricted)
 Alpha electrons: 6
 Beta electrons: 5
 ----------------------------------------------------------------------------
 Exchange-correlation: Hartree-Fock
 ----------------------------------------------------------------------------
 Replicated-data parallel SCF
 ----------------------------
 Processes                               1
 Threads/process                         16
 Allocated 4.2E-005 GiB of scratch space for the KS matrix build
 ----------------------------------------------------------------------------
 Spherical harmonic basis contains 15 vectors
 Linear independence thresh: Eig(S) > 1.0E-006
 Computations will be carried out in the space of 15 MOs
 Threshold for J, K: |Rho(r,s)*(pq|rs)|,|Rho(q,s)*(pq|rs)| > 1.0E-011
 Convergence conditions
 ----------------------
 RhoDiff < 1.0E-006
 OrbGrad < 1.0E-006
 Max number of macroiters: 1024
 ------------------------------------------------------------------------------
 #           Energy        EDiff    RhoDiff  OrbGrad  OrbShift NStored Time     
 ------------------------------------------------------------------------------
 0          -82.7114327105                                        0    1.7E-002 
 1         -161.6428107809           8.0E+00                      0    1.1E-002 
 2         -161.7817431062 -1.4E-01  3.3E+00  2.5E-01  0.0E+00    1    1.2E-002 
 3         -161.7904160962 -8.7E-03  7.4E-01  3.7E-02  0.0E+00    2    1.2E-002 
 4         -161.7926316856 -2.2E-03  4.5E-01  1.8E-02  0.0E+00    3    1.3E-002 
 5         -161.7926326220 -9.4E-07  4.4E-03  6.8E-04  0.0E+00    4    1.3E-002 
 6         -161.7926326346 -1.3E-08  5.8E-04  4.8E-05  0.0E+00    5    1.3E-002 
 7         -161.7926326347 -7.5E-11  6.5E-05  3.1E-06  0.0E+00    6    1.4E-002 
 8         -161.7926326347 -1.7E-13  2.2E-06  1.4E-07  0.0E+00    7    1.4E-002 
 Skipping trust radius update
 9         -161.7926326347  0.0E+00  7.5E-08  1.9E-08  0.0E+00    8    1.4E-002 
 ------------------------------------------------------------------------------
 SCF converged
 Converged energy                        -161.792632634694   
 ------------------------------------------------------------------------------
 Ehomo(Alpha) [eV]                       -4.879703524693     
 Elumo(Alpha) [eV]                       1.564591465991      
 Ehomo(Beta) [eV]                        -41.369434517197    
 Elumo(Beta) [eV]                        0.496064024464      

 dipole moment (Debye)
        x              y              z       
      2.874E-015    -5.560E-014    -2.116E-015

 traceless quadrupole moment (Debye*Angs)
                       x              y              z       
 x                  -8.181E-011     2.725E-009     1.093E-008
 y                   2.725E-009     7.886E-009    -2.350E-009
 z                   1.093E-008    -2.350E-009    -7.804E-009

 ----------------------------------------------------------------------------
 Timings (seconds)
 * mean-field hamiltonian     1.1E-001
 * solver (setting up eqns)   1.9E-003
 * solver (energy estimate)   5.7E-003
 * solver (orthogonalization) 7.1E-004
 * solver (rotation matrix X) 5.9E-003
 * solver (exponential of X)  1.5E-003
 * solver (total)             1.7E-002
 * total SCF                  1.3E-001
 Atomic guess: NA, ../../../../basis-sets/bse/def2-sv(p).txt
 -----------------------------------------------------------
 E(HF) [a.u.]                            -1.6179263263E+002
 Tr(RhoAvg S), Cartesian AOs              1.1000000000E+001
 Tr(RhoAvg S), spherical AOs              1.1000000000E+001
 max|T RhoAvg T**T - RhoAvg_sao|                  2.41E-034
 max|c(RhoAvg) - c(Rho)|                          2.24E-026
 max|RhoAvg - Rho|                                4.24E-010
 Saved /mnt/storage_6/project_data/pl0415-03/marcin/beyond-rpa/guess/electron-densities/bse/def2-sv(p)/na.txt
 ----------------------------------------------------------------------------
                                  SCF for MG                                 
 ----------------------------------------------------------------------------
 NUMBER OF ATOMS                         1
 CHARGE                                  0
 Prescreening (pq|pq) integrals for the Cholesky decomposition
 Shell pairs will be sorted according to their max elements
 Max diagonal integral MaxDrs=7.3E+000
 Applying Eq. 15 in J. Chem. Phys. 150, 194112 (2019); doi: 10.1063/1.5083802
 Schwarz inequality: Dpq<min(10**(-8),Tau)**2/MaxDrs=1.4E-017
 Trace of exact Coulomb matrix: 2.1E+001
 Trace of discarded integrals: 0.0E+000
 Discarded 0 out of 36 shell pairs
 (0 out of 171 orbital pairs)

 Step 1 of Cholesky decomposition: locating pivots
 -------------------------------------------------
 Dimensions of the Coulomb matrix: (171,171)
 Threshold for diagonal matrix elements: Dpq > 1.0E-007
 Max number of Cholesky vectors: 171
 Rk storage block size: 500
 Max dimension of 2e integrals buffer: (171,171)

 ----------------------------------------------------------------------------
 #    Dmax        Memory (MB)    NPivots     %    Time        
 ----------------------------------------------------------------------------
 1    6.7E-002    8.4E-001       12          10   2.6E-003    
 2    5.4E-004    7.8E-001       67          51   1.3E-003    
 3    5.3E-006    4.6E-001       91          79   6.5E-004    
 4    6.4E-008    2.1E-001       112         100  5.3E-004    

 Step 1 of the Cholesky decomposition completed
 Computed 112 pivots
 Largest residual Dpq: 6.4E-008
 NCholesky/NAO = 6.2E+000
 Step 1 of Cholesky decomposition completed in 5.1E-003 seconds
 Detailed timings in seconds
 Subtract prev contribs I (M-R**T*R)     6.0E-004
 Subtract prev contribs II (Rk)          5.2E-004
 Two-electron integrals                  3.0E-003
 Reallocation                            5.7E-004

 Step 2 of Cholesky decomposition completed in 9.5E-004 seconds
 Detailed timings in seconds
 Reduced-dimension matrix V    7.7E-004
 V=L*L**T                      1.1E-004
 L**(-1)                       5.5E-005

 Full-dimension Cholesky vectors of the Coulomb matrix will be stored in memory
 Cholesky vectors computed in 1.9E-003 seconds

 ┌─────────────────────────────────────────┐
 │          Self-consistent field          │
 └─────────────────────────────────────────┘

 Atomic orbital basis set
 . . . . . . . . . . . . . . . . . . . . . . . . . . . . . . . . . . . . . . 
 atomic centers                               1
 shell parameter sets                         8
 spherical AOs                                18
 max angular momentum                         2
 parameter set                                ../../../../basis-sets/bse/def2-sv(p).txt
 . . . . . . . . . . . . . . . . . . . . . . . . . . . . . . . . . . . . . . 
 SCF guess: bare nuclei Hamiltonian
 Starting self-consistent field iterations (spin-restricted singlet)
 Alpha+beta electrons: 12
 ----------------------------------------------------------------------------
 Exchange-correlation: Hartree-Fock
 ----------------------------------------------------------------------------
 Replicated-data parallel SCF
 ----------------------------
 Processes                               1
 Threads/process                         16
 Allocated 3.3E-005 GiB of scratch space for the KS matrix build
 ----------------------------------------------------------------------------
 Spherical harmonic basis contains 18 vectors
 Linear independence thresh: Eig(S) > 1.0E-006
 Computations will be carried out in the space of 18 MOs
 Threshold for J, K: |Rho(r,s)*(pq|rs)|,|Rho(q,s)*(pq|rs)| > 1.0E-011
 Convergence conditions
 ----------------------
 RhoDiff < 1.0E-006
 OrbGrad < 1.0E-006
 Max number of macroiters: 1024
 ------------------------------------------------------------------------------
 #           Energy        EDiff    RhoDiff  OrbGrad  OrbShift NStored Time     
 ------------------------------------------------------------------------------
 0          -94.0978260655                                        0    3.1E-002 
 1         -198.9827398876           5.7E+00                      0    2.4E-002 
 2         -199.5288896772 -5.5E-01  3.9E+00  3.5E-01  2.2E-03    1    2.6E-002 
 3         -199.5342840758 -5.4E-03  4.6E-01  2.7E-02  0.0E+00    2    2.6E-002 
 4         -199.5348099915 -5.3E-04  1.8E-01  8.2E-03  0.0E+00    3    2.5E-002 
 5         -199.5348106799 -6.9E-07  4.8E-03  4.9E-04  0.0E+00    4    2.6E-002 
 6         -199.5348106846 -4.7E-09  4.0E-04  2.4E-05  0.0E+00    5    2.6E-002 
 7         -199.5348106846 -1.4E-11  1.4E-05  2.6E-06  0.0E+00    6    2.5E-002 
 8         -199.5348106846 -1.1E-13  6.8E-07  2.9E-07  0.0E+00    7    2.6E-002 
 ------------------------------------------------------------------------------
 SCF converged
 Converged energy                        -199.534810684580   
 ------------------------------------------------------------------------------
 Ehomo [eV]                              -6.846275724402     
 Elumo [eV]                              1.463507572081      

 dipole moment (Debye)
        x              y              z       
     -3.685E-014     1.023E-014     1.686E-014

 traceless quadrupole moment (Debye*Angs)
                       x              y              z       
 x                   5.603E-007     8.513E-008    -3.532E-007
 y                   8.513E-008    -3.445E-007    -3.294E-008
 z                  -3.532E-007    -3.294E-008    -2.158E-007

 ----------------------------------------------------------------------------
 Timings (seconds)
 * mean-field hamiltonian     2.2E-001
 * solver (setting up eqns)   9.3E-004
 * solver (energy estimate)   2.1E-003
 * solver (orthogonalization) 3.4E-004
 * solver (rotation matrix X) 3.4E-003
 * solver (exponential of X)  7.4E-004
 * solver (total)             8.0E-003
 * total SCF                  2.4E-001
 Atomic guess: MG, ../../../../basis-sets/bse/def2-sv(p).txt
 -----------------------------------------------------------
 E(HF) [a.u.]                            -1.9953481068E+002
 Tr(RhoAvg S), Cartesian AOs              1.2000000000E+001
 Tr(RhoAvg S), spherical AOs              1.2000000000E+001
 max|T RhoAvg T**T - RhoAvg_sao|                  8.88E-016
 max|c(RhoAvg) - c(Rho)|                          8.88E-016
 max|RhoAvg - Rho|                                2.48E-008
 Saved /mnt/storage_6/project_data/pl0415-03/marcin/beyond-rpa/guess/electron-densities/bse/def2-sv(p)/mg.txt
 ----------------------------------------------------------------------------
                             SCF for AL (2S+1=2)                             
 ----------------------------------------------------------------------------
 NUMBER OF ATOMS                         1
 CHARGE                                  0
 Prescreening (pq|pq) integrals for the Cholesky decomposition
 Shell pairs will be sorted according to their max elements
 Max diagonal integral MaxDrs=7.9E+000
 Applying Eq. 15 in J. Chem. Phys. 150, 194112 (2019); doi: 10.1063/1.5083802
 Schwarz inequality: Dpq<min(10**(-8),Tau)**2/MaxDrs=1.3E-017
 Trace of exact Coulomb matrix: 2.5E+001
 Trace of discarded integrals: 0.0E+000
 Discarded 0 out of 36 shell pairs
 (0 out of 171 orbital pairs)

 Step 1 of Cholesky decomposition: locating pivots
 -------------------------------------------------
 Dimensions of the Coulomb matrix: (171,171)
 Threshold for diagonal matrix elements: Dpq > 1.0E-007
 Max number of Cholesky vectors: 171
 Rk storage block size: 500
 Max dimension of 2e integrals buffer: (171,171)

 ----------------------------------------------------------------------------
 #    Dmax        Memory (MB)    NPivots     %    Time        
 ----------------------------------------------------------------------------
 1    6.2E-002    8.8E-001       15          9    1.7E-003    
 2    6.1E-004    8.1E-001       69          54   1.6E-003    
 3    2.2E-006    5.5E-001       93          83   7.9E-004    
 4    9.8E-008    2.2E-001       113         100  4.6E-004    

 Step 1 of the Cholesky decomposition completed
 Computed 113 pivots
 Largest residual Dpq: 9.8E-008
 NCholesky/NAO = 6.3E+000
 Step 1 of Cholesky decomposition completed in 4.6E-003 seconds
 Detailed timings in seconds
 Subtract prev contribs I (M-R**T*R)     7.6E-004
 Subtract prev contribs II (Rk)          4.5E-004
 Two-electron integrals                  2.4E-003
 Reallocation                            5.9E-004

 Step 2 of Cholesky decomposition completed in 1.1E-003 seconds
 Detailed timings in seconds
 Reduced-dimension matrix V    9.1E-004
 V=L*L**T                      1.3E-004
 L**(-1)                       6.2E-005

 Full-dimension Cholesky vectors of the Coulomb matrix will be stored in memory
 Cholesky vectors computed in 2.2E-003 seconds

 ┌─────────────────────────────────────────┐
 │          Self-consistent field          │
 └─────────────────────────────────────────┘

 Atomic orbital basis set
 . . . . . . . . . . . . . . . . . . . . . . . . . . . . . . . . . . . . . . 
 atomic centers                               1
 shell parameter sets                         8
 spherical AOs                                18
 max angular momentum                         2
 parameter set                                ../../../../basis-sets/bse/def2-sv(p).txt
 . . . . . . . . . . . . . . . . . . . . . . . . . . . . . . . . . . . . . . 
 SCF guess: bare nuclei Hamiltonian
 Starting self-consistent field iterations (spin-unrestricted)
 Alpha electrons: 7
 Beta electrons: 6
 ----------------------------------------------------------------------------
 Exchange-correlation: Hartree-Fock
 ----------------------------------------------------------------------------
 Replicated-data parallel SCF
 ----------------------------
 Processes                               1
 Threads/process                         16
 Allocated 5.8E-005 GiB of scratch space for the KS matrix build
 ----------------------------------------------------------------------------
 Spherical harmonic basis contains 18 vectors
 Linear independence thresh: Eig(S) > 1.0E-006
 Computations will be carried out in the space of 18 MOs
 Threshold for J, K: |Rho(r,s)*(pq|rs)|,|Rho(q,s)*(pq|rs)| > 1.0E-011
 Convergence conditions
 ----------------------
 RhoDiff < 1.0E-006
 OrbGrad < 1.0E-006
 Max number of macroiters: 1024
 ------------------------------------------------------------------------------
 #           Energy        EDiff    RhoDiff  OrbGrad  OrbShift NStored Time     
 ------------------------------------------------------------------------------
 0         -116.7537987872                                        0    5.8E-002 
 1         -240.8429521285           3.0E+00                      0    5.1E-002 
 2         -241.6510298128 -8.1E-01  1.4E+00  4.7E-01  3.1E-01    1    5.6E-002 
 3         -241.7852892109 -1.3E-01  9.1E-01  1.6E-01  0.0E+00    2    5.2E-002 
 4         -241.7890864652 -3.8E-03  1.5E-01  2.9E-02  0.0E+00    3    5.1E-002 
 5         -241.7893307949 -2.4E-04  5.2E-02  5.4E-03  0.0E+00    4    5.2E-002 
 6         -241.7893361677 -5.4E-06  8.6E-03  1.2E-03  0.0E+00    5    5.2E-002 
 7         -241.7893362947 -1.3E-07  6.6E-04  1.6E-04  0.0E+00    6    5.2E-002 
 8         -241.7893362983 -3.6E-09  7.7E-05  3.1E-05  0.0E+00    7    5.2E-002 
 9         -241.7893362983 -3.4E-11  1.1E-05  3.3E-06  0.0E+00    8    5.3E-002 
 10        -241.7893362984 -2.4E-12  2.5E-06  1.1E-06  0.0E+00    8    5.3E-002 
 11        -241.7893362984 -2.0E-13  7.7E-07  3.5E-07  0.0E+00    8    5.5E-002 
 ------------------------------------------------------------------------------
 SCF converged
 Converged energy                        -241.789336298352   
 ------------------------------------------------------------------------------
 Ehomo(Alpha) [eV]                       -5.844187421276     
 Elumo(Alpha) [eV]                       0.813870853895      
 Ehomo(Beta) [eV]                        -9.728378152204     
 Elumo(Beta) [eV]                        1.131495208312      

 dipole moment (Debye)
        x              y              z       
      1.724E-014    -1.313E-014    -3.259E-015

 traceless quadrupole moment (Debye*Angs)
                       x              y              z       
 x                   2.292E+000    -3.170E+000     9.361E-001
 y                  -3.170E+000    -5.025E+000     2.510E+000
 z                   9.361E-001     2.510E+000     2.733E+000

 ----------------------------------------------------------------------------
 Timings (seconds)
 * mean-field hamiltonian     6.0E-001
 * solver (setting up eqns)   2.6E-003
 * solver (energy estimate)   7.7E-003
 * solver (orthogonalization) 9.5E-004
 * solver (rotation matrix X) 1.2E-002
 * solver (exponential of X)  1.9E-003
 * solver (total)             2.7E-002
 * total SCF                  6.4E-001
 Atomic guess: AL, ../../../../basis-sets/bse/def2-sv(p).txt
 -----------------------------------------------------------
 E(HF) [a.u.]                            -2.4178933630E+002
 Tr(RhoAvg S), Cartesian AOs              1.3000000000E+001
 Tr(RhoAvg S), spherical AOs              1.3000000000E+001
 max|T RhoAvg T**T - RhoAvg_sao|                  9.76E-019
 max|c(RhoAvg) - c(Rho)|                          8.88E-016
 max|RhoAvg - Rho|                                2.69E-001
 Saved /mnt/storage_6/project_data/pl0415-03/marcin/beyond-rpa/guess/electron-densities/bse/def2-sv(p)/al.txt
 ----------------------------------------------------------------------------
                             SCF for SI (2S+1=3)                             
 ----------------------------------------------------------------------------
 NUMBER OF ATOMS                         1
 CHARGE                                  0
 Prescreening (pq|pq) integrals for the Cholesky decomposition
 Shell pairs will be sorted according to their max elements
 Max diagonal integral MaxDrs=8.5E+000
 Applying Eq. 15 in J. Chem. Phys. 150, 194112 (2019); doi: 10.1063/1.5083802
 Schwarz inequality: Dpq<min(10**(-8),Tau)**2/MaxDrs=1.2E-017
 Trace of exact Coulomb matrix: 2.8E+001
 Trace of discarded integrals: 0.0E+000
 Discarded 0 out of 36 shell pairs
 (0 out of 171 orbital pairs)

 Step 1 of Cholesky decomposition: locating pivots
 -------------------------------------------------
 Dimensions of the Coulomb matrix: (171,171)
 Threshold for diagonal matrix elements: Dpq > 1.0E-007
 Max number of Cholesky vectors: 171
 Rk storage block size: 500
 Max dimension of 2e integrals buffer: (171,171)

 ----------------------------------------------------------------------------
 #    Dmax        Memory (MB)    NPivots     %    Time        
 ----------------------------------------------------------------------------
 1    6.5E-002    8.8E-001       15          9    1.8E-003    
 2    4.7E-004    8.1E-001       70          52   1.4E-003    
 3    4.0E-006    4.8E-001       90          80   8.2E-004    
 4    7.4E-008    2.8E-001       113         100  5.7E-004    

 Step 1 of the Cholesky decomposition completed
 Computed 113 pivots
 Largest residual Dpq: 7.4E-008
 NCholesky/NAO = 6.3E+000
 Step 1 of Cholesky decomposition completed in 4.8E-003 seconds
 Detailed timings in seconds
 Subtract prev contribs I (M-R**T*R)     9.7E-004
 Subtract prev contribs II (Rk)          5.1E-004
 Two-electron integrals                  2.4E-003
 Reallocation                            4.3E-004

 Step 2 of Cholesky decomposition completed in 1.1E-003 seconds
 Detailed timings in seconds
 Reduced-dimension matrix V    8.7E-004
 V=L*L**T                      1.2E-004
 L**(-1)                       6.3E-005

 Full-dimension Cholesky vectors of the Coulomb matrix will be stored in memory
 Cholesky vectors computed in 1.6E-003 seconds

 ┌─────────────────────────────────────────┐
 │          Self-consistent field          │
 └─────────────────────────────────────────┘

 Atomic orbital basis set
 . . . . . . . . . . . . . . . . . . . . . . . . . . . . . . . . . . . . . . 
 atomic centers                               1
 shell parameter sets                         8
 spherical AOs                                18
 max angular momentum                         2
 parameter set                                ../../../../basis-sets/bse/def2-sv(p).txt
 . . . . . . . . . . . . . . . . . . . . . . . . . . . . . . . . . . . . . . 
 SCF guess: bare nuclei Hamiltonian
 Starting self-consistent field iterations (spin-unrestricted)
 Alpha electrons: 8
 Beta electrons: 6
 ----------------------------------------------------------------------------
 Exchange-correlation: Hartree-Fock
 ----------------------------------------------------------------------------
 Replicated-data parallel SCF
 ----------------------------
 Processes                               1
 Threads/process                         16
 Allocated 5.8E-005 GiB of scratch space for the KS matrix build
 ----------------------------------------------------------------------------
 Spherical harmonic basis contains 18 vectors
 Linear independence thresh: Eig(S) > 1.0E-006
 Computations will be carried out in the space of 18 MOs
 Threshold for J, K: |Rho(r,s)*(pq|rs)|,|Rho(q,s)*(pq|rs)| > 1.0E-011
 Convergence conditions
 ----------------------
 RhoDiff < 1.0E-006
 OrbGrad < 1.0E-006
 Max number of macroiters: 1024
 ------------------------------------------------------------------------------
 #           Energy        EDiff    RhoDiff  OrbGrad  OrbShift NStored Time     
 ------------------------------------------------------------------------------
 0         -143.8131045766                                        0    5.4E-002 
 1         -287.4170571431           3.1E+00                      0    4.9E-002 
 2         -288.5917777843 -1.2E+00  1.6E+00  5.9E-01  4.0E-01    1    5.5E-002 
 3         -288.7499848636 -1.6E-01  7.9E-01  1.7E-01  0.0E+00    2    5.0E-002 
 4         -288.7527311957 -2.7E-03  9.9E-02  2.5E-02  0.0E+00    3    5.0E-002 
 5         -288.7531239050 -3.9E-04  6.0E-02  9.0E-03  0.0E+00    4    5.2E-002 
 6         -288.7531284111 -4.5E-06  7.9E-03  1.4E-03  0.0E+00    5    4.4E-002 
 7         -288.7531285324 -1.2E-07  8.3E-04  1.8E-04  0.0E+00    6    5.3E-002 
 8         -288.7531285331 -6.3E-10  1.6E-05  1.7E-05  0.0E+00    7    5.1E-002 
 9         -288.7531285331 -5.4E-11  2.7E-06  5.7E-06  0.0E+00    8    5.2E-002 
 10        -288.7531285331 -7.2E-12  9.3E-07  1.9E-06  0.0E+00    8    5.2E-002 
 11        -288.7531285331 -1.1E-12  3.5E-07  6.8E-07  0.0E+00    8    5.2E-002 
 ------------------------------------------------------------------------------
 SCF converged
 Converged energy                        -288.753128533138   
 ------------------------------------------------------------------------------
 Ehomo(Alpha) [eV]                       -8.120562519472     
 Elumo(Alpha) [eV]                       0.114178255512      
 Ehomo(Beta) [eV]                        -12.394045722193    
 Elumo(Beta) [eV]                        0.842546979108      

 dipole moment (Debye)
        x              y              z       
      9.409E-015     4.359E-015     1.157E-014

 traceless quadrupole moment (Debye*Angs)
                       x              y              z       
 x                  -1.519E+000    -3.699E-001    -2.134E+000
 y                  -3.699E-001    -2.111E+000     1.026E+000
 z                  -2.134E+000     1.026E+000     3.631E+000

 ----------------------------------------------------------------------------
 Timings (seconds)
 * mean-field hamiltonian     5.8E-001
 * solver (setting up eqns)   2.7E-003
 * solver (energy estimate)   7.9E-003
 * solver (orthogonalization) 8.7E-004
 * solver (rotation matrix X) 1.3E-002
 * solver (exponential of X)  1.8E-003
 * solver (total)             2.7E-002
 * total SCF                  6.2E-001
 Atomic guess: SI, ../../../../basis-sets/bse/def2-sv(p).txt
 -----------------------------------------------------------
 E(HF) [a.u.]                            -2.8875312853E+002
 Tr(RhoAvg S), Cartesian AOs              1.4000000000E+001
 Tr(RhoAvg S), spherical AOs              1.4000000000E+001
 max|T RhoAvg T**T - RhoAvg_sao|                  4.44E-016
 max|c(RhoAvg) - c(Rho)|                          8.88E-016
 max|RhoAvg - Rho|                                2.49E-001
 Saved /mnt/storage_6/project_data/pl0415-03/marcin/beyond-rpa/guess/electron-densities/bse/def2-sv(p)/si.txt
 ----------------------------------------------------------------------------
                              SCF for P (2S+1=4)                             
 ----------------------------------------------------------------------------
 NUMBER OF ATOMS                         1
 CHARGE                                  0
 Prescreening (pq|pq) integrals for the Cholesky decomposition
 Shell pairs will be sorted according to their max elements
 Max diagonal integral MaxDrs=9.1E+000
 Applying Eq. 15 in J. Chem. Phys. 150, 194112 (2019); doi: 10.1063/1.5083802
 Schwarz inequality: Dpq<min(10**(-8),Tau)**2/MaxDrs=1.1E-017
 Trace of exact Coulomb matrix: 3.2E+001
 Trace of discarded integrals: 0.0E+000
 Discarded 0 out of 36 shell pairs
 (0 out of 171 orbital pairs)

 Step 1 of Cholesky decomposition: locating pivots
 -------------------------------------------------
 Dimensions of the Coulomb matrix: (171,171)
 Threshold for diagonal matrix elements: Dpq > 1.0E-007
 Max number of Cholesky vectors: 171
 Rk storage block size: 500
 Max dimension of 2e integrals buffer: (171,171)

 ----------------------------------------------------------------------------
 #    Dmax        Memory (MB)    NPivots     %    Time        
 ----------------------------------------------------------------------------
 1    7.3E-002    8.8E-001       15          9    1.7E-003    
 2    5.4E-004    7.9E-001       70          50   1.9E-003    
 3    3.7E-006    4.9E-001       90          78   8.4E-004    
 4    5.2E-008    2.4E-001       113         100  5.2E-004    

 Step 1 of the Cholesky decomposition completed
 Computed 113 pivots
 Largest residual Dpq: 5.2E-008
 NCholesky/NAO = 6.3E+000
 Step 1 of Cholesky decomposition completed in 5.2E-003 seconds
 Detailed timings in seconds
 Subtract prev contribs I (M-R**T*R)     8.1E-004
 Subtract prev contribs II (Rk)          3.8E-004
 Two-electron integrals                  2.6E-003
 Reallocation                            8.0E-004

 Step 2 of Cholesky decomposition completed in 1.0E-003 seconds
 Detailed timings in seconds
 Reduced-dimension matrix V    8.5E-004
 V=L*L**T                      1.3E-004
 L**(-1)                       6.2E-005

 Full-dimension Cholesky vectors of the Coulomb matrix will be stored in memory
 Cholesky vectors computed in 1.7E-003 seconds

 ┌─────────────────────────────────────────┐
 │          Self-consistent field          │
 └─────────────────────────────────────────┘

 Atomic orbital basis set
 . . . . . . . . . . . . . . . . . . . . . . . . . . . . . . . . . . . . . . 
 atomic centers                               1
 shell parameter sets                         8
 spherical AOs                                18
 max angular momentum                         2
 parameter set                                ../../../../basis-sets/bse/def2-sv(p).txt
 . . . . . . . . . . . . . . . . . . . . . . . . . . . . . . . . . . . . . . 
 SCF guess: bare nuclei Hamiltonian
 Starting self-consistent field iterations (spin-unrestricted)
 Alpha electrons: 9
 Beta electrons: 6
 ----------------------------------------------------------------------------
 Exchange-correlation: Hartree-Fock
 ----------------------------------------------------------------------------
 Replicated-data parallel SCF
 ----------------------------
 Processes                               1
 Threads/process                         16
 Allocated 5.8E-005 GiB of scratch space for the KS matrix build
 ----------------------------------------------------------------------------
 Spherical harmonic basis contains 18 vectors
 Linear independence thresh: Eig(S) > 1.0E-006
 Computations will be carried out in the space of 18 MOs
 Threshold for J, K: |Rho(r,s)*(pq|rs)|,|Rho(q,s)*(pq|rs)| > 1.0E-011
 Convergence conditions
 ----------------------
 RhoDiff < 1.0E-006
 OrbGrad < 1.0E-006
 Max number of macroiters: 1024
 ------------------------------------------------------------------------------
 #           Energy        EDiff    RhoDiff  OrbGrad  OrbShift NStored Time     
 ------------------------------------------------------------------------------
 0         -166.4684026153                                        0    5.8E-002 
 1         -338.6741431554           3.2E+00                      0    5.1E-002 
 2         -340.3963301750 -1.7E+00  1.8E+00  7.5E-01  5.7E-01    1    5.4E-002 
 3         -340.5938612477 -2.0E-01  7.7E-01  2.1E-01  0.0E+00    2    5.2E-002 
 4         -340.5969440275 -3.1E-03  9.0E-02  3.2E-02  0.0E+00    3    5.3E-002 
 5         -340.5974378499 -4.9E-04  5.7E-02  1.2E-02  0.0E+00    4    5.3E-002 
 6         -340.5974444716 -6.6E-06  8.5E-03  1.9E-03  0.0E+00    5    5.0E-002 
 7         -340.5974445888 -1.2E-07  6.6E-04  1.9E-04  0.0E+00    6    5.3E-002 
 8         -340.5974445889 -7.2E-11  5.7E-06  6.0E-06  0.0E+00    7    5.2E-002 
 9         -340.5974445889 -3.4E-12  5.4E-07  8.4E-07  0.0E+00    8    5.2E-002 
 ------------------------------------------------------------------------------
 SCF converged
 Converged energy                        -340.597444588861   
 ------------------------------------------------------------------------------
 Ehomo(Alpha) [eV]                       -10.570304325059    
 Elumo(Alpha) [eV]                       9.813715287733      
 Ehomo(Beta) [eV]                        -14.892929365649    
 Elumo(Beta) [eV]                        1.978877491578      

 dipole moment (Debye)
        x              y              z       
     -5.064E-015     4.560E-016     9.100E-015

 traceless quadrupole moment (Debye*Angs)
                       x              y              z       
 x                   2.946E-007     3.211E-007     1.581E-007
 y                   3.211E-007     7.016E-007     1.729E-007
 z                   1.581E-007     1.729E-007    -9.962E-007

 ----------------------------------------------------------------------------
 Timings (seconds)
 * mean-field hamiltonian     5.0E-001
 * solver (setting up eqns)   2.1E-003
 * solver (energy estimate)   5.6E-003
 * solver (orthogonalization) 7.1E-004
 * solver (rotation matrix X) 9.1E-003
 * solver (exponential of X)  1.5E-003
 * solver (total)             2.0E-002
 * total SCF                  5.3E-001
 Atomic guess: P, ../../../../basis-sets/bse/def2-sv(p).txt
 ----------------------------------------------------------
 E(HF) [a.u.]                            -3.4059744459E+002
 Tr(RhoAvg S), Cartesian AOs              1.5000000000E+001
 Tr(RhoAvg S), spherical AOs              1.5000000000E+001
 max|T RhoAvg T**T - RhoAvg_sao|                  4.44E-016
 max|c(RhoAvg) - c(Rho)|                          8.88E-016
 max|RhoAvg - Rho|                                1.87E-007
 Saved /mnt/storage_6/project_data/pl0415-03/marcin/beyond-rpa/guess/electron-densities/bse/def2-sv(p)/p.txt
 ----------------------------------------------------------------------------
                              SCF for S (2S+1=3)                             
 ----------------------------------------------------------------------------
 NUMBER OF ATOMS                         1
 CHARGE                                  0
 Prescreening (pq|pq) integrals for the Cholesky decomposition
 Shell pairs will be sorted according to their max elements
 Max diagonal integral MaxDrs=9.8E+000
 Applying Eq. 15 in J. Chem. Phys. 150, 194112 (2019); doi: 10.1063/1.5083802
 Schwarz inequality: Dpq<min(10**(-8),Tau)**2/MaxDrs=1.0E-017
 Trace of exact Coulomb matrix: 3.5E+001
 Trace of discarded integrals: 0.0E+000
 Discarded 0 out of 36 shell pairs
 (0 out of 171 orbital pairs)

 Step 1 of Cholesky decomposition: locating pivots
 -------------------------------------------------
 Dimensions of the Coulomb matrix: (171,171)
 Threshold for diagonal matrix elements: Dpq > 1.0E-007
 Max number of Cholesky vectors: 171
 Rk storage block size: 500
 Max dimension of 2e integrals buffer: (171,171)

 ----------------------------------------------------------------------------
 #    Dmax        Memory (MB)    NPivots     %    Time        
 ----------------------------------------------------------------------------
 1    8.3E-002    8.8E-001       15          9    1.1E-003    
 2    6.6E-004    7.9E-001       70          50   1.3E-003    
 3    3.5E-006    4.9E-001       90          78   6.2E-004    
 4    9.6E-008    2.4E-001       110         100  4.5E-004    

 Step 1 of the Cholesky decomposition completed
 Computed 110 pivots
 Largest residual Dpq: 9.6E-008
 NCholesky/NAO = 6.1E+000
 Step 1 of Cholesky decomposition completed in 3.7E-003 seconds
 Detailed timings in seconds
 Subtract prev contribs I (M-R**T*R)     5.5E-004
 Subtract prev contribs II (Rk)          2.3E-004
 Two-electron integrals                  2.0E-003
 Reallocation                            4.0E-004

 Step 2 of Cholesky decomposition completed in 1.0E-003 seconds
 Detailed timings in seconds
 Reduced-dimension matrix V    8.3E-004
 V=L*L**T                      1.2E-004
 L**(-1)                       5.9E-005

 Full-dimension Cholesky vectors of the Coulomb matrix will be stored in memory
 Cholesky vectors computed in 1.6E-003 seconds

 ┌─────────────────────────────────────────┐
 │          Self-consistent field          │
 └─────────────────────────────────────────┘

 Atomic orbital basis set
 . . . . . . . . . . . . . . . . . . . . . . . . . . . . . . . . . . . . . . 
 atomic centers                               1
 shell parameter sets                         8
 spherical AOs                                18
 max angular momentum                         2
 parameter set                                ../../../../basis-sets/bse/def2-sv(p).txt
 . . . . . . . . . . . . . . . . . . . . . . . . . . . . . . . . . . . . . . 
 SCF guess: bare nuclei Hamiltonian
 Starting self-consistent field iterations (spin-unrestricted)
 Alpha electrons: 9
 Beta electrons: 7
 ----------------------------------------------------------------------------
 Exchange-correlation: Hartree-Fock
 ----------------------------------------------------------------------------
 Replicated-data parallel SCF
 ----------------------------
 Processes                               1
 Threads/process                         16
 Allocated 5.8E-005 GiB of scratch space for the KS matrix build
 ----------------------------------------------------------------------------
 Spherical harmonic basis contains 18 vectors
 Linear independence thresh: Eig(S) > 1.0E-006
 Computations will be carried out in the space of 18 MOs
 Threshold for J, K: |Rho(r,s)*(pq|rs)|,|Rho(q,s)*(pq|rs)| > 1.0E-011
 Convergence conditions
 ----------------------
 RhoDiff < 1.0E-006
 OrbGrad < 1.0E-006
 Max number of macroiters: 1024
 ------------------------------------------------------------------------------
 #           Energy        EDiff    RhoDiff  OrbGrad  OrbShift NStored Time     
 ------------------------------------------------------------------------------
 0         -200.5433594904                                        0    5.8E-002 
 1         -394.7654849876           3.3E+00                      0    5.1E-002 
 2         -397.0410183845 -2.3E+00  1.5E+00  8.8E-01  9.1E-01    1    5.4E-002 
 3         -397.3587801127 -3.2E-01  7.8E-01  2.7E-01  0.0E+00    2    4.9E-002 
 4         -397.3661192417 -7.3E-03  9.5E-02  5.2E-02  0.0E+00    3    5.2E-002 
 5         -397.3663897283 -2.7E-04  3.4E-02  1.1E-02  0.0E+00    4    5.0E-002 
 6         -397.3664064356 -1.7E-05  7.8E-03  2.5E-03  0.0E+00    5    5.1E-002 
 7         -397.3664068524 -4.2E-07  7.4E-04  4.5E-04  0.0E+00    6    3.8E-002 
 8         -397.3664068567 -4.4E-09  4.5E-05  3.8E-05  0.0E+00    7    1.6E-002 
 9         -397.3664068576 -8.4E-10  1.3E-05  1.2E-05  0.0E+00    8    1.6E-002 
 10        -397.3664068581 -5.4E-10  1.1E-05  8.0E-06  0.0E+00    8    1.7E-002 
 11        -397.3664068596 -1.5E-09  4.2E-05  8.0E-06  0.0E+00    8    1.6E-002 
 12        -397.3664072263 -3.7E-07  9.8E-03  8.0E-06  1.3E-04    8    4.0E-002 
 13        -397.3664077764 -5.5E-07  1.2E-02  2.1E-04  2.9E-05    8    4.0E-002 
 14        -397.3664085876 -8.1E-07  1.3E-02  2.2E-04  3.3E-04    8    4.0E-002 
 15        -397.3664096364 -1.0E-06  1.5E-02  1.1E-04  4.1E-04    8    4.0E-002 
 16        -397.3664110220 -1.4E-06  1.7E-02  1.0E-04  4.1E-04    8    4.0E-002 
 17        -397.3664128578 -1.8E-06  1.9E-02  1.8E-04  4.2E-04    8    4.0E-002 
 18        -397.3664152580 -2.4E-06  2.5E-02  2.7E-04  4.6E-04    8    4.0E-002 
 19        -397.3664180323 -2.8E-06  2.7E-02  4.1E-04  5.9E-04    8    3.9E-002 
 20        -397.3664210412 -3.0E-06  2.9E-02  4.5E-04  6.1E-04    8    3.9E-002 
 21        -397.3664242957 -3.3E-06  3.1E-02  4.5E-04  6.7E-04    8    3.9E-002 
 22        -397.3664276473 -3.4E-06  3.1E-02  4.1E-04  4.0E-04    8    3.9E-002 
 23        -397.3664312282 -3.6E-06  3.8E-02  4.0E-04  3.3E-04    8    4.2E-002 
 24        -397.3664349917 -3.8E-06  4.5E-02  5.7E-04  1.4E-04    8    4.1E-002 
 25        -397.3664383488 -3.4E-06  2.1E-02  8.3E-04  0.0E+00    8    1.6E-002 
 26        -397.3664414688 -3.1E-06  4.1E-02  3.0E-04  1.2E-04    8    4.0E-002 
 27        -397.3664441494 -2.7E-06  4.2E-02  7.5E-04  2.1E-04    8    4.0E-002 
 28        -397.3664471694 -3.0E-06  4.5E-02  1.1E-03  1.1E-04    8    3.9E-002 
 29        -397.3664503467 -3.2E-06  9.5E-03  1.2E-03  0.0E+00    8    1.7E-002 
 30        -397.3664507207 -3.7E-07  4.3E-02  1.1E-04  3.4E-06    8    4.3E-002 
 31        -397.3664520083 -1.3E-06  3.7E-03  7.6E-04  0.0E+00    8    1.6E-002 
 32        -397.3664522782 -2.7E-07  2.9E-02  2.8E-05  0.0E+00    8    1.6E-002 
 33        -397.3664525333 -2.6E-07  5.7E-03  3.1E-04  0.0E+00    8    1.6E-002 
 34        -397.3664525485 -1.5E-08  2.0E-02  1.0E-05  0.0E+00    8    1.6E-002 
 35        -397.3664525622 -1.4E-08  7.9E-03  1.3E-04  0.0E+00    8    1.6E-002 
 36        -397.3664525708 -8.6E-09  1.6E-03  2.0E-05  0.0E+00    8    1.7E-002 
 37        -397.3664525894 -1.9E-08  9.6E-03  3.5E-06  0.0E+00    8    1.7E-002 
 38        -397.3664525916 -2.3E-09  2.6E-04  3.3E-05  0.0E+00    8    1.7E-002 
 39        -397.3664525917 -3.1E-11  2.4E-04  4.4E-07  0.0E+00    8    1.7E-002 
 40        -397.3664525917 -1.1E-13  2.4E-07  2.1E-07  0.0E+00    8    1.7E-002 
 ------------------------------------------------------------------------------
 SCF converged
 Converged energy                        -397.366452591673   
 ------------------------------------------------------------------------------
 Ehomo(Alpha) [eV]                       -11.128564975429    
 Elumo(Alpha) [eV]                       12.936898875265     
 Ehomo(Beta) [eV]                        -10.007798194075    
 Elumo(Beta) [eV]                        0.832731560420      

 dipole moment (Debye)
        x              y              z       
      4.069E-015     1.564E-015     1.129E-015

 traceless quadrupole moment (Debye*Angs)
                       x              y              z       
 x                   1.380E+000     1.525E-003     4.418E-007
 y                   1.525E-003    -2.761E+000    -1.093E-003
 z                   4.418E-007    -1.093E-003     1.380E+000

 ----------------------------------------------------------------------------
 Timings (seconds)
 * mean-field hamiltonian     8.3E-001
 * solver (setting up eqns)   1.2E-002
 * solver (energy estimate)   4.2E-002
 * solver (orthogonalization) 3.7E-003
 * solver (rotation matrix X) 4.5E-001
 * solver (exponential of X)  6.8E-003
 * solver (total)             5.1E-001
 * total SCF                  1.4E+000
 Atomic guess: S, ../../../../basis-sets/bse/def2-sv(p).txt
 ----------------------------------------------------------
 E(HF) [a.u.]                            -3.9736645259E+002
 Tr(RhoAvg S), Cartesian AOs              1.6000000000E+001
 Tr(RhoAvg S), spherical AOs              1.6000000000E+001
 max|T RhoAvg T**T - RhoAvg_sao|                  8.88E-016
 max|c(RhoAvg) - c(Rho)|                          5.33E-015
 max|RhoAvg - Rho|                                3.22E-001
 Saved /mnt/storage_6/project_data/pl0415-03/marcin/beyond-rpa/guess/electron-densities/bse/def2-sv(p)/s.txt
 ----------------------------------------------------------------------------
                             SCF for CL (2S+1=2)                             
 ----------------------------------------------------------------------------
 NUMBER OF ATOMS                         1
 CHARGE                                  0
 Prescreening (pq|pq) integrals for the Cholesky decomposition
 Shell pairs will be sorted according to their max elements
 Max diagonal integral MaxDrs=1.0E+001
 Applying Eq. 15 in J. Chem. Phys. 150, 194112 (2019); doi: 10.1063/1.5083802
 Schwarz inequality: Dpq<min(10**(-8),Tau)**2/MaxDrs=9.6E-018
 Trace of exact Coulomb matrix: 3.8E+001
 Trace of discarded integrals: 0.0E+000
 Discarded 0 out of 36 shell pairs
 (0 out of 171 orbital pairs)

 Step 1 of Cholesky decomposition: locating pivots
 -------------------------------------------------
 Dimensions of the Coulomb matrix: (171,171)
 Threshold for diagonal matrix elements: Dpq > 1.0E-007
 Max number of Cholesky vectors: 171
 Rk storage block size: 500
 Max dimension of 2e integrals buffer: (171,171)

 ----------------------------------------------------------------------------
 #    Dmax        Memory (MB)    NPivots     %    Time        
 ----------------------------------------------------------------------------
 1    9.2E-002    8.8E-001       15          9    9.9E-004    
 2    8.5E-004    7.9E-001       70          50   1.2E-003    
 3    3.9E-006    4.9E-001       90          80   5.8E-004    
 4    8.2E-008    2.1E-001       107         100  4.1E-004    

 Step 1 of the Cholesky decomposition completed
 Computed 107 pivots
 Largest residual Dpq: 8.2E-008
 NCholesky/NAO = 5.9E+000
 Step 1 of Cholesky decomposition completed in 3.5E-003 seconds
 Detailed timings in seconds
 Subtract prev contribs I (M-R**T*R)     4.6E-004
 Subtract prev contribs II (Rk)          1.6E-004
 Two-electron integrals                  1.8E-003
 Reallocation                            4.1E-004

 Step 2 of Cholesky decomposition completed in 1.0E-003 seconds
 Detailed timings in seconds
 Reduced-dimension matrix V    8.6E-004
 V=L*L**T                      1.1E-004
 L**(-1)                       5.5E-005

 Full-dimension Cholesky vectors of the Coulomb matrix will be stored in memory
 Cholesky vectors computed in 1.5E-003 seconds

 ┌─────────────────────────────────────────┐
 │          Self-consistent field          │
 └─────────────────────────────────────────┘

 Atomic orbital basis set
 . . . . . . . . . . . . . . . . . . . . . . . . . . . . . . . . . . . . . . 
 atomic centers                               1
 shell parameter sets                         8
 spherical AOs                                18
 max angular momentum                         2
 parameter set                                ../../../../basis-sets/bse/def2-sv(p).txt
 . . . . . . . . . . . . . . . . . . . . . . . . . . . . . . . . . . . . . . 
 SCF guess: bare nuclei Hamiltonian
 Starting self-consistent field iterations (spin-unrestricted)
 Alpha electrons: 9
 Beta electrons: 8
 ----------------------------------------------------------------------------
 Exchange-correlation: Hartree-Fock
 ----------------------------------------------------------------------------
 Replicated-data parallel SCF
 ----------------------------
 Processes                               1
 Threads/process                         16
 Allocated 5.8E-005 GiB of scratch space for the KS matrix build
 ----------------------------------------------------------------------------
 Spherical harmonic basis contains 18 vectors
 Linear independence thresh: Eig(S) > 1.0E-006
 Computations will be carried out in the space of 18 MOs
 Threshold for J, K: |Rho(r,s)*(pq|rs)|,|Rho(q,s)*(pq|rs)| > 1.0E-011
 Convergence conditions
 ----------------------
 RhoDiff < 1.0E-006
 OrbGrad < 1.0E-006
 Max number of macroiters: 1024
 ------------------------------------------------------------------------------
 #           Energy        EDiff    RhoDiff  OrbGrad  OrbShift NStored Time     
 ------------------------------------------------------------------------------
 0         -238.7669572376                                        0    2.0E-002 
 1         -456.0250923025           3.4E+00                      0    1.3E-002 
 2         -459.1560817115 -3.1E+00  1.5E+00  1.0E+00  1.0E+00    1    1.8E-002 
 3         -459.3148686160 -1.6E-01  5.4E-01  2.3E-01  0.0E+00    2    1.5E-002 
 4         -459.3192669585 -4.4E-03  3.1E-02  3.8E-02  0.0E+00    3    1.5E-002 
 5         -459.3193668850 -1.0E-04  2.0E-02  8.8E-03  0.0E+00    4    1.5E-002 
 6         -459.3193718134 -4.9E-06  2.4E-03  1.2E-03  0.0E+00    5    1.5E-002 
 7         -459.3193721129 -3.0E-07  8.3E-04  2.8E-04  0.0E+00    6    1.6E-002 
 8         -459.3193721179 -5.0E-09  2.4E-05  3.0E-05  0.0E+00    7    1.6E-002 
 9         -459.3193721225 -4.6E-09  2.6E-05  3.0E-05  0.0E+00    8    1.6E-002 
 10        -459.3193722175 -9.5E-08  6.5E-04  3.0E-05  0.0E+00    8    1.6E-002 
 11        -459.3193734287 -1.2E-06  7.6E-03  9.3E-05  8.2E-04    8    3.8E-002 
 12        -459.3193749133 -1.5E-06  8.9E-03  1.6E-04  1.1E-03    8    3.8E-002 
 13        -459.3193766198 -1.7E-06  1.0E-02  1.7E-04  1.0E-03    8    3.7E-002 
 14        -459.3193785497 -1.9E-06  1.2E-02  1.0E-04  8.5E-04    8    3.9E-002 
 15        -459.3193806927 -2.1E-06  1.3E-02  9.5E-05  6.4E-04    8    3.9E-002 
 16        -459.3193830120 -2.3E-06  1.5E-02  1.7E-04  4.9E-04    8    3.9E-002 
 17        -459.3193853769 -2.4E-06  1.8E-02  2.3E-04  3.8E-04    8    3.9E-002 
 18        -459.3193875381 -2.2E-06  2.4E-02  3.3E-04  2.8E-04    8    4.0E-002 
 19        -459.3193891681 -1.6E-06  2.5E-02  4.8E-04  2.2E-04    8    4.0E-002 
 20        -459.3193902726 -1.1E-06  2.7E-02  5.3E-04  2.8E-04    8    4.0E-002 
 21        -459.3193907488 -4.8E-07  2.7E-02  5.1E-04  3.7E-04    8    3.9E-002 
 22        -459.3193904690  2.8E-07  2.7E-02  4.8E-04  3.0E-04    8    3.8E-002 
 22*       -459.3193909258 -1.8E-07  1.9E-02  4.8E-04  3.4E-04    8    2.5E-002 
 23        -459.3193911556 -2.3E-07  8.3E-03  2.7E-04  0.0E+00    8    9.4E-003 
 24        -459.3193911639 -8.3E-09  2.5E-05  7.4E-05  0.0E+00    8    9.5E-003 
 25        -459.3193911648 -8.4E-10  9.8E-06  2.2E-05  0.0E+00    8    9.4E-003 
 26        -459.3193911649 -1.0E-10  4.2E-06  6.4E-06  0.0E+00    8    9.5E-003 
 27        -459.3193911649 -2.5E-11  1.7E-06  1.9E-06  0.0E+00    8    9.4E-003 
 28        -459.3193911950 -3.0E-08  3.9E-03  1.7E-06  3.2E-04    8    2.3E-002 
 29        -459.3193912109 -1.6E-08  3.9E-03  9.0E-06  6.7E-05    8    2.4E-002 
 30        -459.3193912127 -1.9E-09  1.0E-03  9.4E-06  0.0E+00    8    9.5E-003 
 31        -459.3193912130 -3.0E-10  2.9E-04  1.0E-06  0.0E+00    8    9.5E-003 
 32        -459.3193912132 -1.7E-10  2.2E-04  5.6E-07  0.0E+00    8    9.5E-003 
 33        -459.3193912133 -1.0E-10  1.7E-04  3.6E-07  0.0E+00    8    9.5E-003 
 34        -459.3193912134 -5.6E-11  1.3E-04  2.5E-07  0.0E+00    8    9.5E-003 
 35        -459.3193912134 -6.4E-11  2.6E-04  1.9E-07  0.0E+00    8    9.5E-003 
 36        -459.3193912134 -5.7E-12  6.2E-05  1.1E-07  0.0E+00    8    9.4E-003 
 37        -459.3193912134 -1.8E-12  7.6E-05  6.2E-08  0.0E+00    8    9.5E-003 
 38        -459.3193912134  0.0E+00  2.8E-05  4.8E-08  0.0E+00    8    9.5E-003 
 39        -459.3193912134 -1.1E-13  1.5E-05  2.0E-08  0.0E+00    8    9.4E-003 
 Skipping trust radius update
 40        -459.3193912134  5.7E-14  7.0E-07  5.1E-09  0.0E+00    8    9.4E-003 
 ------------------------------------------------------------------------------
 SCF converged
 Converged energy                        -459.319391213435   
 ------------------------------------------------------------------------------
 Ehomo(Alpha) [eV]                       -13.384479380126    
 Elumo(Alpha) [eV]                       16.573432669969     
 Ehomo(Beta) [eV]                        -12.737134343695    
 Elumo(Beta) [eV]                        -0.514009937649     

 dipole moment (Debye)
        x              y              z       
      1.125E-015     3.367E-015    -5.160E-015

 traceless quadrupole moment (Debye*Angs)
                       x              y              z       
 x                  -3.016E-001     7.812E-007     1.385E+000
 y                   7.812E-007    -1.080E+000     1.389E-006
 z                   1.385E+000     1.389E-006     1.381E+000

 ----------------------------------------------------------------------------
 Timings (seconds)
 * mean-field hamiltonian     4.5E-001
 * solver (setting up eqns)   1.0E-002
 * solver (energy estimate)   3.3E-002
 * solver (orthogonalization) 2.9E-003
 * solver (rotation matrix X) 3.5E-001
 * solver (exponential of X)  5.8E-003
 * solver (total)             4.0E-001
 * total SCF                  8.7E-001
 Atomic guess: CL, ../../../../basis-sets/bse/def2-sv(p).txt
 -----------------------------------------------------------
 E(HF) [a.u.]                            -4.5931939121E+002
 Tr(RhoAvg S), Cartesian AOs              1.7000000000E+001
 Tr(RhoAvg S), spherical AOs              1.7000000000E+001
 max|T RhoAvg T**T - RhoAvg_sao|                  8.88E-016
 max|c(RhoAvg) - c(Rho)|                          7.11E-015
 max|RhoAvg - Rho|                                1.97E-001
 Saved /mnt/storage_6/project_data/pl0415-03/marcin/beyond-rpa/guess/electron-densities/bse/def2-sv(p)/cl.txt
 ----------------------------------------------------------------------------
                                  SCF for AR                                 
 ----------------------------------------------------------------------------
 NUMBER OF ATOMS                         1
 CHARGE                                  0
 Prescreening (pq|pq) integrals for the Cholesky decomposition
 Shell pairs will be sorted according to their max elements
 Max diagonal integral MaxDrs=1.1E+001
 Applying Eq. 15 in J. Chem. Phys. 150, 194112 (2019); doi: 10.1063/1.5083802
 Schwarz inequality: Dpq<min(10**(-8),Tau)**2/MaxDrs=9.1E-018
 Trace of exact Coulomb matrix: 4.1E+001
 Trace of discarded integrals: 0.0E+000
 Discarded 0 out of 36 shell pairs
 (0 out of 171 orbital pairs)

 Step 1 of Cholesky decomposition: locating pivots
 -------------------------------------------------
 Dimensions of the Coulomb matrix: (171,171)
 Threshold for diagonal matrix elements: Dpq > 1.0E-007
 Max number of Cholesky vectors: 171
 Rk storage block size: 500
 Max dimension of 2e integrals buffer: (171,171)

 ----------------------------------------------------------------------------
 #    Dmax        Memory (MB)    NPivots     %    Time        
 ----------------------------------------------------------------------------
 1    9.7E-002    8.8E-001       15          9    9.8E-004    
 2    9.4E-004    7.9E-001       72          54   8.8E-004    
 3    6.9E-006    4.9E-001       89          72   5.0E-004    
 4    6.2E-008    3.8E-001       112         100  6.5E-004    

 Step 1 of the Cholesky decomposition completed
 Computed 112 pivots
 Largest residual Dpq: 6.2E-008
 NCholesky/NAO = 6.2E+000
 Step 1 of Cholesky decomposition completed in 3.3E-003 seconds
 Detailed timings in seconds
 Subtract prev contribs I (M-R**T*R)     5.7E-004
 Subtract prev contribs II (Rk)          2.1E-004
 Two-electron integrals                  1.6E-003
 Reallocation                            3.4E-004

 Step 2 of Cholesky decomposition completed in 9.8E-004 seconds
 Detailed timings in seconds
 Reduced-dimension matrix V    7.8E-004
 V=L*L**T                      1.4E-004
 L**(-1)                       5.6E-005

 Full-dimension Cholesky vectors of the Coulomb matrix will be stored in memory
 Cholesky vectors computed in 1.2E-003 seconds

 ┌─────────────────────────────────────────┐
 │          Self-consistent field          │
 └─────────────────────────────────────────┘

 Atomic orbital basis set
 . . . . . . . . . . . . . . . . . . . . . . . . . . . . . . . . . . . . . . 
 atomic centers                               1
 shell parameter sets                         8
 spherical AOs                                18
 max angular momentum                         2
 parameter set                                ../../../../basis-sets/bse/def2-sv(p).txt
 . . . . . . . . . . . . . . . . . . . . . . . . . . . . . . . . . . . . . . 
 SCF guess: bare nuclei Hamiltonian
 Starting self-consistent field iterations (spin-restricted singlet)
 Alpha+beta electrons: 18
 ----------------------------------------------------------------------------
 Exchange-correlation: Hartree-Fock
 ----------------------------------------------------------------------------
 Replicated-data parallel SCF
 ----------------------------
 Processes                               1
 Threads/process                         16
 Allocated 3.3E-005 GiB of scratch space for the KS matrix build
 ----------------------------------------------------------------------------
 Spherical harmonic basis contains 18 vectors
 Linear independence thresh: Eig(S) > 1.0E-006
 Computations will be carried out in the space of 18 MOs
 Threshold for J, K: |Rho(r,s)*(pq|rs)|,|Rho(q,s)*(pq|rs)| > 1.0E-011
 Convergence conditions
 ----------------------
 RhoDiff < 1.0E-006
 OrbGrad < 1.0E-006
 Max number of macroiters: 1024
 ------------------------------------------------------------------------------
 #           Energy        EDiff    RhoDiff  OrbGrad  OrbShift NStored Time     
 ------------------------------------------------------------------------------
 0         -271.0856435914                                        0    1.0E-002 
 1         -522.4120250271           7.0E+00                      0    4.1E-003 
 2         -526.4704986958 -4.1E+00  2.8E+00  7.9E-01  1.2E+00    1    5.5E-003 
 3         -526.6172830288 -1.5E-01  9.3E-01  2.4E-01  0.0E+00    2    4.4E-003 
 4         -526.6233150972 -6.0E-03  6.0E-02  4.5E-02  0.0E+00    3    4.6E-003 
 5         -526.6233848670 -7.0E-05  2.8E-02  7.7E-03  0.0E+00    4    4.6E-003 
 6         -526.6233850723 -2.1E-07  3.8E-04  2.9E-04  0.0E+00    5    4.7E-003 
 7         -526.6233850724 -7.1E-11  5.7E-06  5.4E-06  0.0E+00    6    4.7E-003 
 8         -526.6233850724 -4.8E-12  1.4E-06  1.3E-06  0.0E+00    7    4.8E-003 
 9         -526.6233850724 -3.4E-13  3.7E-07  3.6E-07  0.0E+00    8    4.9E-003 
 ------------------------------------------------------------------------------
 SCF converged
 Converged energy                        -526.623385072377   
 ------------------------------------------------------------------------------
 Ehomo [eV]                              -15.697714433603    
 Elumo [eV]                              20.729778302554     

 dipole moment (Debye)
        x              y              z       
     -4.486E-015     2.740E-015    -3.299E-015

 traceless quadrupole moment (Debye*Angs)
                       x              y              z       
 x                   9.218E-008    -7.167E-008     6.398E-008
 y                  -7.167E-008    -6.190E-008     4.316E-008
 z                   6.398E-008     4.316E-008    -3.028E-008

 ----------------------------------------------------------------------------
 Timings (seconds)
 * mean-field hamiltonian     4.0E-002
 * solver (setting up eqns)   8.2E-004
 * solver (energy estimate)   1.5E-003
 * solver (orthogonalization) 1.9E-004
 * solver (rotation matrix X) 2.5E-003
 * solver (exponential of X)  4.6E-004
 * solver (total)             5.9E-003
 * total SCF                  5.4E-002
 Atomic guess: AR, ../../../../basis-sets/bse/def2-sv(p).txt
 -----------------------------------------------------------
 E(HF) [a.u.]                            -5.2662338507E+002
 Tr(RhoAvg S), Cartesian AOs              1.8000000000E+001
 Tr(RhoAvg S), spherical AOs              1.8000000000E+001
 max|T RhoAvg T**T - RhoAvg_sao|                  1.44E-034
 max|c(RhoAvg) - c(Rho)|                          5.33E-015
 max|RhoAvg - Rho|                                3.54E-008
 Saved /mnt/storage_6/project_data/pl0415-03/marcin/beyond-rpa/guess/electron-densities/bse/def2-sv(p)/ar.txt
 ----------------------------------------------------------------------------
                              SCF for K (2S+1=2)                             
 ----------------------------------------------------------------------------
 NUMBER OF ATOMS                         1
 CHARGE                                  0
 Prescreening (pq|pq) integrals for the Cholesky decomposition
 Shell pairs will be sorted according to their max elements
 Max diagonal integral MaxDrs=1.2E+001
 Applying Eq. 15 in J. Chem. Phys. 150, 194112 (2019); doi: 10.1063/1.5083802
 Schwarz inequality: Dpq<min(10**(-8),Tau)**2/MaxDrs=8.6E-018
 Trace of exact Coulomb matrix: 3.7E+001
 Trace of discarded integrals: 0.0E+000
 Discarded 0 out of 55 shell pairs
 (0 out of 300 orbital pairs)

 Step 1 of Cholesky decomposition: locating pivots
 -------------------------------------------------
 Dimensions of the Coulomb matrix: (300,300)
 Threshold for diagonal matrix elements: Dpq > 1.0E-007
 Max number of Cholesky vectors: 300
 Rk storage block size: 500
 Max dimension of 2e integrals buffer: (300,300)

 ----------------------------------------------------------------------------
 #    Dmax        Memory (MB)    NPivots     %    Time        
 ----------------------------------------------------------------------------
 1    1.0E-001    1.8E+000       15          9    3.1E-003    
 2    8.0E-004    1.6E+000       89          47   2.6E-003    
 3    4.8E-006    9.3E-001       139         85   1.0E-003    
 4    9.9E-008    2.9E-001       164         100  3.9E-004    

 Step 1 of the Cholesky decomposition completed
 Computed 164 pivots
 Largest residual Dpq: 9.9E-008
 NCholesky/NAO = 6.8E+000
 Step 1 of Cholesky decomposition completed in 7.6E-003 seconds
 Detailed timings in seconds
 Subtract prev contribs I (M-R**T*R)     8.6E-004
 Subtract prev contribs II (Rk)          6.5E-004
 Two-electron integrals                  4.5E-003
 Reallocation                            3.6E-004

 Step 2 of Cholesky decomposition completed in 2.8E-003 seconds
 Detailed timings in seconds
 Reduced-dimension matrix V    1.1E-003
 V=L*L**T                      1.5E-003
 L**(-1)                       1.9E-004

 Full-dimension Cholesky vectors of the Coulomb matrix will be stored in memory
 Cholesky vectors computed in 2.9E-003 seconds

 ┌─────────────────────────────────────────┐
 │          Self-consistent field          │
 └─────────────────────────────────────────┘

 Atomic orbital basis set
 . . . . . . . . . . . . . . . . . . . . . . . . . . . . . . . . . . . . . . 
 atomic centers                               1
 shell parameter sets                         10
 spherical AOs                                24
 max angular momentum                         2
 parameter set                                ../../../../basis-sets/bse/def2-sv(p).txt
 . . . . . . . . . . . . . . . . . . . . . . . . . . . . . . . . . . . . . . 
 SCF guess: bare nuclei Hamiltonian
 Starting self-consistent field iterations (spin-unrestricted)
 Alpha electrons: 10
 Beta electrons: 9
 ----------------------------------------------------------------------------
 Exchange-correlation: Hartree-Fock
 ----------------------------------------------------------------------------
 Replicated-data parallel SCF
 ----------------------------
 Processes                               1
 Threads/process                         16
 Allocated 1.1E-004 GiB of scratch space for the KS matrix build
 ----------------------------------------------------------------------------
 Spherical harmonic basis contains 24 vectors
 Linear independence thresh: Eig(S) > 1.0E-006
 Computations will be carried out in the space of 24 MOs
 Threshold for J, K: |Rho(r,s)*(pq|rs)|,|Rho(q,s)*(pq|rs)| > 1.0E-011
 Convergence conditions
 ----------------------
 RhoDiff < 1.0E-006
 OrbGrad < 1.0E-006
 Max number of macroiters: 1024
 ------------------------------------------------------------------------------
 #           Energy        EDiff    RhoDiff  OrbGrad  OrbShift NStored Time     
 ------------------------------------------------------------------------------
 0         -192.9202273332                                        0    2.2E-002 
 1         -598.3053511453           4.5E+00                      0    1.4E-002 
 2         -598.6896714794 -3.8E-01  2.7E-01  2.1E-01  4.4E-01    1    1.5E-002 
 3         -598.9393097392 -2.5E-01  6.6E-01  2.3E-01  2.4E-01    2    1.7E-002 
 4         -599.0583426058 -1.2E-01  3.1E-01  8.1E-02  1.2E-01    3    2.4E-002 
 5         -599.0750600877 -1.7E-02  5.6E-01  3.3E-02  0.0E+00    4    1.8E-002 
 6         -599.0772799768 -2.2E-03  4.1E-01  1.4E-02  0.0E+00    5    1.8E-002 
 7         -599.0774282419 -1.5E-04  9.0E-02  4.2E-03  0.0E+00    6    1.8E-002 
 8         -599.0774338152 -5.6E-06  5.2E-03  9.7E-04  0.0E+00    7    1.8E-002 
 9         -599.0774338670 -5.2E-08  8.4E-04  1.4E-04  0.0E+00    8    1.8E-002 
 10        -599.0774338675 -4.5E-10  9.8E-05  1.1E-05  0.0E+00    8    1.9E-002 
 11        -599.0774338675 -5.8E-12  7.8E-06  1.3E-06  0.0E+00    8    1.9E-002 
 12        -599.0774338675 -1.1E-13  7.7E-07  2.1E-07  0.0E+00    8    1.8E-002 
 ------------------------------------------------------------------------------
 SCF converged
 Converged energy                        -599.077433867468   
 ------------------------------------------------------------------------------
 Ehomo(Alpha) [eV]                       -3.988167361823     
 Elumo(Alpha) [eV]                       1.252875856773      
 Ehomo(Beta) [eV]                        -25.976804168153    
 Elumo(Beta) [eV]                        0.232863823204      

 dipole moment (Debye)
        x              y              z       
      1.350E-014    -3.673E-015     1.901E-015

 traceless quadrupole moment (Debye*Angs)
                       x              y              z       
 x                  -1.297E-007     5.340E-008    -1.334E-007
 y                   5.340E-008     1.249E-007     2.684E-008
 z                  -1.334E-007     2.684E-008     4.813E-009

 ----------------------------------------------------------------------------
 Timings (seconds)
 * mean-field hamiltonian     2.0E-001
 * solver (setting up eqns)   3.1E-003
 * solver (energy estimate)   5.4E-003
 * solver (orthogonalization) 6.4E-004
 * solver (rotation matrix X) 1.4E-002
 * solver (exponential of X)  1.5E-003
 * solver (total)             2.6E-002
 * total SCF                  2.4E-001
 Atomic guess: K, ../../../../basis-sets/bse/def2-sv(p).txt
 ----------------------------------------------------------
 E(HF) [a.u.]                            -5.9907743387E+002
 Tr(RhoAvg S), Cartesian AOs              1.9000000000E+001
 Tr(RhoAvg S), spherical AOs              1.9000000000E+001
 max|T RhoAvg T**T - RhoAvg_sao|                  2.22E-016
 max|c(RhoAvg) - c(Rho)|                          3.55E-015
 max|RhoAvg - Rho|                                4.41E-008
 Saved /mnt/storage_6/project_data/pl0415-03/marcin/beyond-rpa/guess/electron-densities/bse/def2-sv(p)/k.txt
 ----------------------------------------------------------------------------
                                  SCF for CA                                 
 ----------------------------------------------------------------------------
 NUMBER OF ATOMS                         1
 CHARGE                                  0
 Prescreening (pq|pq) integrals for the Cholesky decomposition
 Shell pairs will be sorted according to their max elements
 Max diagonal integral MaxDrs=1.2E+001
 Applying Eq. 15 in J. Chem. Phys. 150, 194112 (2019); doi: 10.1063/1.5083802
 Schwarz inequality: Dpq<min(10**(-8),Tau)**2/MaxDrs=8.2E-018
 Trace of exact Coulomb matrix: 4.1E+001
 Trace of discarded integrals: 0.0E+000
 Discarded 0 out of 55 shell pairs
 (0 out of 300 orbital pairs)

 Step 1 of Cholesky decomposition: locating pivots
 -------------------------------------------------
 Dimensions of the Coulomb matrix: (300,300)
 Threshold for diagonal matrix elements: Dpq > 1.0E-007
 Max number of Cholesky vectors: 300
 Rk storage block size: 500
 Max dimension of 2e integrals buffer: (300,300)

 ----------------------------------------------------------------------------
 #    Dmax        Memory (MB)    NPivots     %    Time        
 ----------------------------------------------------------------------------
 1    1.1E-001    1.8E+000       16          7    3.8E-003    
 2    1.1E-003    1.7E+000       98          51   7.5E-003    
 3    9.0E-006    8.9E-001       133         72   1.4E-003    
 4    8.7E-008    6.4E-001       174         100  1.5E-003    

 Step 1 of the Cholesky decomposition completed
 Computed 174 pivots
 Largest residual Dpq: 8.7E-008
 NCholesky/NAO = 7.2E+000
 Step 1 of Cholesky decomposition completed in 1.5E-002 seconds
 Detailed timings in seconds
 Subtract prev contribs I (M-R**T*R)     2.7E-003
 Subtract prev contribs II (Rk)          7.9E-004
 Two-electron integrals                  9.8E-003
 Reallocation                            5.1E-004

 Step 2 of Cholesky decomposition completed in 3.7E-003 seconds
 Detailed timings in seconds
 Reduced-dimension matrix V    2.5E-003
 V=L*L**T                      9.1E-004
 L**(-1)                       2.6E-004

 Full-dimension Cholesky vectors of the Coulomb matrix will be stored in memory
 Cholesky vectors computed in 7.0E-003 seconds

 ┌─────────────────────────────────────────┐
 │          Self-consistent field          │
 └─────────────────────────────────────────┘

 Atomic orbital basis set
 . . . . . . . . . . . . . . . . . . . . . . . . . . . . . . . . . . . . . . 
 atomic centers                               1
 shell parameter sets                         10
 spherical AOs                                24
 max angular momentum                         2
 parameter set                                ../../../../basis-sets/bse/def2-sv(p).txt
 . . . . . . . . . . . . . . . . . . . . . . . . . . . . . . . . . . . . . . 
 SCF guess: bare nuclei Hamiltonian
 Starting self-consistent field iterations (spin-restricted singlet)
 Alpha+beta electrons: 20
 ----------------------------------------------------------------------------
 Exchange-correlation: Hartree-Fock
 ----------------------------------------------------------------------------
 Replicated-data parallel SCF
 ----------------------------
 Processes                               1
 Threads/process                         16
 Allocated 5.9E-005 GiB of scratch space for the KS matrix build
 ----------------------------------------------------------------------------
 Spherical harmonic basis contains 24 vectors
 Linear independence thresh: Eig(S) > 1.0E-006
 Computations will be carried out in the space of 24 MOs
 Threshold for J, K: |Rho(r,s)*(pq|rs)|,|Rho(q,s)*(pq|rs)| > 1.0E-011
 Convergence conditions
 ----------------------
 RhoDiff < 1.0E-006
 OrbGrad < 1.0E-006
 Max number of macroiters: 1024
 ------------------------------------------------------------------------------
 #           Energy        EDiff    RhoDiff  OrbGrad  OrbShift NStored Time     
 ------------------------------------------------------------------------------
 0         -224.1714179321                                        0    1.9E-002 
 1         -675.5053643729           8.5E+00                      0    1.2E-002 
 2         -676.1644623376 -6.6E-01  8.0E-01  3.0E-01  3.7E-01    1    8.2E-003 
 3         -676.3990945108 -2.3E-01  1.0E+00  1.6E-01  1.8E-01    2    8.2E-003 
 4         -676.4114134533 -1.2E-02  1.4E-01  3.2E-02  0.0E+00    3    8.4E-003 
 5         -676.4123578771 -9.4E-04  6.9E-02  1.3E-02  0.0E+00    4    8.5E-003 
 6         -676.4123843345 -2.6E-05  1.2E-02  2.1E-03  0.0E+00    5    8.4E-003 
 7         -676.4123843752 -4.1E-08  4.4E-04  7.7E-05  0.0E+00    6    8.5E-003 
 8         -676.4123843778 -2.7E-09  1.1E-04  3.8E-06  0.0E+00    7    8.7E-003 
 9         -676.4123844023 -2.4E-08  3.2E-04  1.2E-05  0.0E+00    8    8.9E-003 
 10        -676.4123846283 -2.3E-07  9.6E-04  3.6E-05  0.0E+00    8    9.0E-003 
 11        -676.4123867204 -2.1E-06  2.9E-03  1.1E-04  0.0E+00    8    8.9E-003 
 12        -676.4123975860 -1.1E-05  5.6E-03  3.4E-04  2.5E-02    8    9.2E-003 
 13        -676.4124232658 -2.6E-05  4.8E-03  8.0E-04  2.7E-01    8    1.6E-002 
 14        -676.4124719066 -4.9E-05  5.8E-03  1.4E-03  3.4E-01    8    1.5E-002 
 15        -676.4125559655 -8.4E-05  6.9E-03  2.1E-03  3.9E-01    8    1.5E-002 
 16        -676.4126937356 -1.4E-04  8.3E-03  2.9E-03  4.4E-01    8    1.6E-002 
 17        -676.4129122037 -2.2E-04  9.9E-03  3.9E-03  4.8E-01    8    1.6E-002 
 18        -676.4132510179 -3.4E-04  1.2E-02  5.0E-03  5.1E-01    8    1.6E-002 
 19        -676.4137676267 -5.2E-04  1.4E-02  6.4E-03  5.4E-01    8    1.6E-002 
 20        -676.4145445107 -7.8E-04  1.7E-02  8.1E-03  5.6E-01    8    1.6E-002 
 21        -676.4157003722 -1.2E-03  2.0E-02  1.0E-02  5.8E-01    8    1.6E-002 
 22        -676.4174079703 -1.7E-03  2.4E-02  1.3E-02  5.9E-01    8    1.6E-002 
 23        -676.4199099408 -2.5E-03  2.8E-02  1.5E-02  6.0E-01    8    1.6E-002 
 24        -676.4235557952 -3.6E-03  3.3E-02  1.9E-02  6.0E-01    8    1.6E-002 
 25        -676.4288143803 -5.3E-03  3.8E-02  2.3E-02  6.0E-01    8    1.6E-002 
 26        -676.4363424501 -7.5E-03  4.4E-02  2.7E-02  6.0E-01    8    1.6E-002 
 27        -676.4470010283 -1.1E-02  5.4E-02  3.2E-02  5.8E-01    8    1.5E-002 
 28        -676.4618734859 -1.5E-02  7.5E-02  3.7E-02  5.6E-01    8    1.5E-002 
 29        -676.4822202448 -2.0E-02  1.0E-01  4.3E-02  5.3E-01    8    1.5E-002 
 30        -676.5093388062 -2.7E-02  1.3E-01  4.8E-02  4.9E-01    8    1.5E-002 
 31        -676.5439510654 -3.5E-02  1.7E-01  5.1E-02  4.3E-01    8    1.5E-002 
 32        -676.5851201437 -4.1E-02  2.3E-01  5.1E-02  3.4E-01    8    1.5E-002 
 33        -676.6275746451 -4.2E-02  3.0E-01  4.1E-02  2.3E-01    8    1.4E-002 
 34        -676.6574125790 -3.0E-02  3.5E-01  3.9E-02  8.0E-02    8    1.3E-002 
 35        -676.6606897239 -3.3E-03  1.2E-01  1.3E-02  0.0E+00    8    9.0E-003 
 36        -676.6607031479 -1.3E-05  6.9E-03  1.4E-03  0.0E+00    8    8.8E-003 
 37        -676.6607032684 -1.2E-07  2.0E-03  1.0E-04  0.0E+00    8    8.9E-003 
 38        -676.6607032702 -1.8E-09  7.3E-05  1.7E-05  0.0E+00    8    8.9E-003 
 39        -676.6607032704 -1.6E-10  4.9E-05  3.2E-06  0.0E+00    8    8.9E-003 
 40        -676.6607032704 -3.0E-11  9.9E-06  1.5E-06  0.0E+00    8    8.7E-003 
 41        -676.6607032704 -8.0E-12  3.8E-06  7.2E-07  0.0E+00    8    8.8E-003 
 42        -676.6607032704 -2.7E-12  3.3E-06  3.8E-07  0.0E+00    8    8.8E-003 
 43        -676.6607032704 -8.0E-13  1.6E-06  1.5E-07  0.0E+00    8    8.8E-003 
 44        -676.6607032704 -1.1E-13  1.5E-06  6.9E-08  0.0E+00    8    8.9E-003 
 Skipping trust radius update
 45        -676.6607032704 -1.1E-13  3.1E-08  6.7E-09  0.0E+00    8    9.0E-003 
 ------------------------------------------------------------------------------
 SCF converged
 Converged energy                        -676.660703270429   
 ------------------------------------------------------------------------------
 Ehomo [eV]                              -5.310372021371     
 Elumo [eV]                              2.163831187194      

 dipole moment (Debye)
        x              y              z       
      4.734E-015     4.366E-014     1.235E-014

 traceless quadrupole moment (Debye*Angs)
                       x              y              z       
 x                  -6.705E-007     3.321E-013     7.705E-014
 y                   3.321E-013     8.947E-008     2.043E-007
 z                   7.705E-014     2.043E-007     5.811E-007

 ----------------------------------------------------------------------------
 Timings (seconds)
 * mean-field hamiltonian     3.7E-001
 * solver (setting up eqns)   7.0E-003
 * solver (energy estimate)   1.7E-002
 * solver (orthogonalization) 1.3E-003
 * solver (rotation matrix X) 1.6E-001
 * solver (exponential of X)  2.5E-003
 * solver (total)             1.9E-001
 * total SCF                  5.6E-001
 Atomic guess: CA, ../../../../basis-sets/bse/def2-sv(p).txt
 -----------------------------------------------------------
 E(HF) [a.u.]                            -6.7666070327E+002
 Tr(RhoAvg S), Cartesian AOs              2.0000000000E+001
 Tr(RhoAvg S), spherical AOs              2.0000000000E+001
 max|T RhoAvg T**T - RhoAvg_sao|                  1.11E-016
 max|c(RhoAvg) - c(Rho)|                          3.55E-015
 max|RhoAvg - Rho|                                2.35E-008
 Saved /mnt/storage_6/project_data/pl0415-03/marcin/beyond-rpa/guess/electron-densities/bse/def2-sv(p)/ca.txt
 ----------------------------------------------------------------------------
                             SCF for SC (2S+1=2)                             
 ----------------------------------------------------------------------------
 NUMBER OF ATOMS                         1
 CHARGE                                  0
 Prescreening (pq|pq) integrals for the Cholesky decomposition
 Shell pairs will be sorted according to their max elements
 Max diagonal integral MaxDrs=1.3E+001
 Applying Eq. 15 in J. Chem. Phys. 150, 194112 (2019); doi: 10.1063/1.5083802
 Schwarz inequality: Dpq<min(10**(-8),Tau)**2/MaxDrs=7.8E-018
 Trace of exact Coulomb matrix: 4.6E+001
 Trace of discarded integrals: 0.0E+000
 Discarded 0 out of 55 shell pairs
 (0 out of 300 orbital pairs)

 Step 1 of Cholesky decomposition: locating pivots
 -------------------------------------------------
 Dimensions of the Coulomb matrix: (300,300)
 Threshold for diagonal matrix elements: Dpq > 1.0E-007
 Max number of Cholesky vectors: 300
 Rk storage block size: 500
 Max dimension of 2e integrals buffer: (300,300)

 ----------------------------------------------------------------------------
 #    Dmax        Memory (MB)    NPivots     %    Time        
 ----------------------------------------------------------------------------
 1    1.3E-001    1.8E+000       16          7    5.8E-003    
 2    1.3E-003    1.7E+000       90          41   1.2E-002    
 3    1.2E-005    1.2E+000       127         68   6.5E-003    
 4    1.1E-007    7.9E-001       167         100  2.6E-003    
 5    8.6E-008    3.5E-002       168         100  9.6E-005    

 Step 1 of the Cholesky decomposition completed
 Computed 168 pivots
 Largest residual Dpq: 8.6E-008
 NCholesky/NAO = 7.0E+000
 Step 1 of Cholesky decomposition completed in 2.7E-002 seconds
 Detailed timings in seconds
 Subtract prev contribs I (M-R**T*R)     1.6E-003
 Subtract prev contribs II (Rk)          7.1E-004
 Two-electron integrals                  2.4E-002
 Reallocation                            5.5E-004

 Step 2 of Cholesky decomposition completed in 5.1E-003 seconds
 Detailed timings in seconds
 Reduced-dimension matrix V    3.5E-003
 V=L*L**T                      1.4E-003
 L**(-1)                       2.0E-004

 Full-dimension Cholesky vectors of the Coulomb matrix will be stored in memory
 Cholesky vectors computed in 9.8E-003 seconds

 ┌─────────────────────────────────────────┐
 │          Self-consistent field          │
 └─────────────────────────────────────────┘

 Atomic orbital basis set
 . . . . . . . . . . . . . . . . . . . . . . . . . . . . . . . . . . . . . . 
 atomic centers                               1
 shell parameter sets                         10
 spherical AOs                                24
 max angular momentum                         2
 parameter set                                ../../../../basis-sets/bse/def2-sv(p).txt
 . . . . . . . . . . . . . . . . . . . . . . . . . . . . . . . . . . . . . . 
 SCF guess: bare nuclei Hamiltonian
 Starting self-consistent field iterations (spin-unrestricted)
 Alpha electrons: 11
 Beta electrons: 10
 ----------------------------------------------------------------------------
 Exchange-correlation: Hartree-Fock
 ----------------------------------------------------------------------------
 Replicated-data parallel SCF
 ----------------------------
 Processes                               1
 Threads/process                         16
 Allocated 1.1E-004 GiB of scratch space for the KS matrix build
 ----------------------------------------------------------------------------
 Spherical harmonic basis contains 24 vectors
 Linear independence thresh: Eig(S) > 1.0E-006
 Computations will be carried out in the space of 24 MOs
 Threshold for J, K: |Rho(r,s)*(pq|rs)|,|Rho(q,s)*(pq|rs)| > 1.0E-011
 Convergence conditions
 ----------------------
 RhoDiff < 1.0E-006
 OrbGrad < 1.0E-006
 Max number of macroiters: 1024
 ------------------------------------------------------------------------------
 #           Energy        EDiff    RhoDiff  OrbGrad  OrbShift NStored Time     
 ------------------------------------------------------------------------------
 0         -357.3637057511                                        0    2.2E-002 
 1         -757.5384201772           4.2E+00                      0    1.6E-002 
 2         -758.8125686011 -1.3E+00  4.7E-01  3.6E-01  8.2E-01    1    1.6E-002 
 3         -759.3337532998 -5.2E-01  4.6E-01  3.2E-01  4.0E-01    2    1.6E-002 
 4         -759.3465841135 -1.3E-02  5.3E-02  5.4E-02  0.0E+00    3    1.7E-002 
 5         -759.3481258823 -1.5E-03  3.6E-02  2.3E-02  0.0E+00    4    1.7E-002 
 6         -759.3481894398 -6.4E-05  1.1E-02  3.8E-03  0.0E+00    5    1.7E-002 
 7         -759.3482101557 -2.1E-05  6.9E-03  1.7E-03  0.0E+00    6    1.7E-002 
 8         -759.3486839695 -4.7E-04  3.6E-02  1.4E-03  5.1E-03    7    1.8E-002 
 9         -759.3502766894 -1.6E-03  3.0E-02  8.4E-03  3.2E-01    8    2.9E-002 
 10        -759.3537347475 -3.5E-03  2.1E-02  1.7E-02  4.9E-01    8    3.0E-002 
 11        -759.3600695610 -6.3E-03  2.6E-02  2.7E-02  5.9E-01    8    3.1E-002 
 12        -759.3706677354 -1.1E-02  3.0E-02  3.8E-02  6.7E-01    8    3.0E-002 
 13        -759.3872479376 -1.7E-02  3.3E-02  5.0E-02  7.1E-01    8    3.0E-002 
 14        -759.4116116284 -2.4E-02  3.9E-02  6.0E-02  7.1E-01    8    3.1E-002 
 15        -759.4450102628 -3.3E-02  5.2E-02  6.6E-02  6.6E-01    8    2.9E-002 
 16        -759.4865865526 -4.2E-02  6.6E-02  7.1E-02  5.5E-01    8    2.9E-002 
 17        -759.5309365494 -4.4E-02  8.2E-02  7.8E-02  3.8E-01    8    2.7E-002 
 18        -759.5680379557 -3.7E-02  1.8E-01  5.6E-02  1.9E-01    8    2.7E-002 
 19        -759.5976460289 -3.0E-02  2.9E-01  3.0E-02  1.3E-01    8    2.8E-002 
 20        -759.6220830720 -2.4E-02  2.0E-01  2.6E-02  7.2E-02    8    2.7E-002 
 21        -759.6270839097 -5.0E-03  1.2E-01  1.4E-02  0.0E+00    8    1.8E-002 
 22        -759.6272276453 -1.4E-04  1.0E-02  5.5E-03  0.0E+00    8    1.7E-002 
 23        -759.6272388212 -1.1E-05  3.5E-03  1.5E-03  0.0E+00    8    1.8E-002 
 24        -759.6272430599 -4.2E-06  2.1E-03  4.2E-04  0.0E+00    8    1.8E-002 
 25        -759.6272437732 -7.1E-07  9.4E-04  1.9E-04  0.0E+00    8    1.8E-002 
 26        -759.6272438755 -1.0E-07  4.3E-04  7.7E-05  0.0E+00    8    1.8E-002 
 27        -759.6272438991 -2.4E-08  2.8E-04  4.1E-05  0.0E+00    8    1.7E-002 
 28        -759.6272439001 -1.0E-09  4.8E-05  9.7E-06  0.0E+00    8    1.8E-002 
 29        -759.6272439010 -8.4E-10  7.6E-05  7.5E-06  0.0E+00    8    1.8E-002 
 30        -759.6272439010 -4.3E-11  9.7E-06  1.7E-06  0.0E+00    8    1.8E-002 
 31        -759.6272439010 -4.8E-12  7.0E-06  3.8E-07  0.0E+00    8    1.8E-002 
 32        -759.6272439010 -4.5E-13  2.6E-06  1.7E-07  0.0E+00    8    1.8E-002 
 Skipping trust radius update
 33        -759.6272439010 -1.1E-13  4.5E-07  7.4E-08  0.0E+00    8    1.8E-002 
 ------------------------------------------------------------------------------
 SCF converged
 Converged energy                        -759.627243901009   
 ------------------------------------------------------------------------------
 Ehomo(Alpha) [eV]                       -5.858037456302     
 Elumo(Alpha) [eV]                       2.466059457017      
 Ehomo(Beta) [eV]                        -5.547045152227     
 Elumo(Beta) [eV]                        2.580472800651      

 dipole moment (Debye)
        x              y              z       
     -2.603E-014    -2.897E-014     4.085E-014

 traceless quadrupole moment (Debye*Angs)
                       x              y              z       
 x                   6.690E-001     4.061E-002     1.002E-001
 y                   4.061E-002    -3.387E-001     4.027E-003
 z                   1.002E-001     4.027E-003    -3.303E-001

 ----------------------------------------------------------------------------
 Timings (seconds)
 * mean-field hamiltonian     5.3E-001
 * solver (setting up eqns)   9.6E-003
 * solver (energy estimate)   2.1E-002
 * solver (orthogonalization) 1.8E-003
 * solver (rotation matrix X) 1.6E-001
 * solver (exponential of X)  4.2E-003
 * solver (total)             2.0E-001
 * total SCF                  7.4E-001
 Atomic guess: SC, ../../../../basis-sets/bse/def2-sv(p).txt
 -----------------------------------------------------------
 E(HF) [a.u.]                            -7.5962724390E+002
 Tr(RhoAvg S), Cartesian AOs              2.1000000000E+001
 Tr(RhoAvg S), spherical AOs              2.1000000000E+001
 max|T RhoAvg T**T - RhoAvg_sao|                  8.88E-016
 max|c(RhoAvg) - c(Rho)|                          1.78E-015
 max|RhoAvg - Rho|                                5.23E-001
 Saved /mnt/storage_6/project_data/pl0415-03/marcin/beyond-rpa/guess/electron-densities/bse/def2-sv(p)/sc.txt
 ----------------------------------------------------------------------------
                             SCF for TI (2S+1=3)                             
 ----------------------------------------------------------------------------
 NUMBER OF ATOMS                         1
 CHARGE                                  0
 Prescreening (pq|pq) integrals for the Cholesky decomposition
 Shell pairs will be sorted according to their max elements
 Max diagonal integral MaxDrs=1.3E+001
 Applying Eq. 15 in J. Chem. Phys. 150, 194112 (2019); doi: 10.1063/1.5083802
 Schwarz inequality: Dpq<min(10**(-8),Tau)**2/MaxDrs=7.4E-018
 Trace of exact Coulomb matrix: 4.9E+001
 Trace of discarded integrals: 0.0E+000
 Discarded 0 out of 55 shell pairs
 (0 out of 300 orbital pairs)

 Step 1 of Cholesky decomposition: locating pivots
 -------------------------------------------------
 Dimensions of the Coulomb matrix: (300,300)
 Threshold for diagonal matrix elements: Dpq > 1.0E-007
 Max number of Cholesky vectors: 300
 Rk storage block size: 500
 Max dimension of 2e integrals buffer: (300,300)

 ----------------------------------------------------------------------------
 #    Dmax        Memory (MB)    NPivots     %    Time        
 ----------------------------------------------------------------------------
 1    1.2E-001    1.8E+000       17          7    5.9E-003    
 2    1.0E-003    1.7E+000       92          42   7.7E-003    
 3    9.2E-006    1.2E+000       134         71   4.8E-003    
 4    9.3E-008    7.4E-001       173         100  1.6E-003    

 Step 1 of the Cholesky decomposition completed
 Computed 173 pivots
 Largest residual Dpq: 9.3E-008
 NCholesky/NAO = 7.2E+000
 Step 1 of Cholesky decomposition completed in 2.0E-002 seconds
 Detailed timings in seconds
 Subtract prev contribs I (M-R**T*R)     6.4E-004
 Subtract prev contribs II (Rk)          6.1E-004
 Two-electron integrals                  1.8E-002
 Reallocation                            3.3E-004

 Step 2 of Cholesky decomposition completed in 5.0E-003 seconds
 Detailed timings in seconds
 Reduced-dimension matrix V    4.4E-003
 V=L*L**T                      3.2E-004
 L**(-1)                       2.2E-004

 Full-dimension Cholesky vectors of the Coulomb matrix will be stored in memory
 Cholesky vectors computed in 7.7E-003 seconds

 ┌─────────────────────────────────────────┐
 │          Self-consistent field          │
 └─────────────────────────────────────────┘

 Atomic orbital basis set
 . . . . . . . . . . . . . . . . . . . . . . . . . . . . . . . . . . . . . . 
 atomic centers                               1
 shell parameter sets                         10
 spherical AOs                                24
 max angular momentum                         2
 parameter set                                ../../../../basis-sets/bse/def2-sv(p).txt
 . . . . . . . . . . . . . . . . . . . . . . . . . . . . . . . . . . . . . . 
 SCF guess: bare nuclei Hamiltonian
 Starting self-consistent field iterations (spin-unrestricted)
 Alpha electrons: 12
 Beta electrons: 10
 ----------------------------------------------------------------------------
 Exchange-correlation: Hartree-Fock
 ----------------------------------------------------------------------------
 Replicated-data parallel SCF
 ----------------------------
 Processes                               1
 Threads/process                         16
 Allocated 1.1E-004 GiB of scratch space for the KS matrix build
 ----------------------------------------------------------------------------
 Spherical harmonic basis contains 24 vectors
 Linear independence thresh: Eig(S) > 1.0E-006
 Computations will be carried out in the space of 24 MOs
 Threshold for J, K: |Rho(r,s)*(pq|rs)|,|Rho(q,s)*(pq|rs)| > 1.0E-011
 Convergence conditions
 ----------------------
 RhoDiff < 1.0E-006
 OrbGrad < 1.0E-006
 Max number of macroiters: 1024
 ------------------------------------------------------------------------------
 #           Energy        EDiff    RhoDiff  OrbGrad  OrbShift NStored Time     
 ------------------------------------------------------------------------------
 0         -420.1371412317                                        0    2.3E-002 
 1         -845.3660047029           4.1E+00                      0    1.6E-002 
 2         -847.2191734394 -1.9E+00  3.7E-01  4.0E-01  1.1E+00    1    1.6E-002 
 3         -847.9757062832 -7.6E-01  5.6E-01  4.0E-01  5.3E-01    2    1.7E-002 
 4         -848.1408736689 -1.7E-01  5.2E-01  9.4E-02  6.1E-02    3    2.2E-002 
 5         -848.2026409662 -6.2E-02  4.6E-01  1.0E-01  0.0E+00    4    1.7E-002 
 6         -848.2101653387 -7.5E-03  4.0E-02  3.2E-02  0.0E+00    5    1.7E-002 
 7         -848.2219243875 -1.2E-02  2.5E-01  1.5E-02  0.0E+00    6    1.7E-002 
 8         -848.2525684579 -3.1E-02  4.5E-01  1.8E-02  3.7E-02    7    2.7E-002 
 9         -848.2617299203 -9.2E-03  4.5E-02  2.9E-02  0.0E+00    8    1.8E-002 
 10        -848.2737333488 -1.2E-02  1.5E-01  1.8E-02  0.0E+00    8    1.8E-002 
 11        -848.2767606934 -3.0E-03  6.4E-02  1.6E-02  0.0E+00    8    1.8E-002 
 12        -848.2783644721 -1.6E-03  4.0E-02  9.1E-03  0.0E+00    8    1.8E-002 
 13        -848.2799933422 -1.6E-03  3.9E-02  8.4E-03  0.0E+00    8    1.8E-002 
 14        -848.2820364048 -2.0E-03  6.2E-02  6.7E-03  0.0E+00    8    1.8E-002 
 15        -848.2830873197 -1.1E-03  5.4E-02  3.7E-03  0.0E+00    8    1.8E-002 
 16        -848.2832157729 -1.3E-04  8.3E-03  3.7E-03  0.0E+00    8    1.8E-002 
 17        -848.2832717226 -5.6E-05  6.1E-03  1.4E-03  0.0E+00    8    1.8E-002 
 18        -848.2832788977 -7.2E-06  1.5E-03  8.1E-04  0.0E+00    8    1.8E-002 
 19        -848.2832890148 -1.0E-05  3.1E-03  7.0E-04  0.0E+00    8    1.8E-002 
 20        -848.2832949175 -5.9E-06  3.7E-03  4.3E-04  0.0E+00    8    1.8E-002 
 21        -848.2832955137 -6.0E-07  2.1E-03  1.1E-04  0.0E+00    8    1.8E-002 
 22        -848.2832955471 -3.3E-08  6.5E-04  5.1E-05  0.0E+00    8    8.3E-002 
 23        -848.2832955506 -3.5E-09  4.5E-05  1.3E-05  0.0E+00    8    7.9E-002 
 24        -848.2832955512 -5.8E-10  5.1E-05  4.9E-06  0.0E+00    8    7.9E-002 
 25        -848.2832955512 -4.5E-11  1.3E-05  1.6E-06  0.0E+00    8    7.9E-002 
 26        -848.2832955512 -2.0E-12  4.6E-06  3.1E-07  0.0E+00    8    7.8E-002 
 27        -848.2832955512  1.1E-13  3.8E-07  8.7E-08  0.0E+00    8    7.8E-002 
 Skipping trust radius update
 27*       -848.2832955512  0.0E+00  3.6E-07  8.7E-08  3.4E-02    8    9.1E-002 
 ------------------------------------------------------------------------------
 SCF converged
 Converged energy                        -848.283295551212   
 ------------------------------------------------------------------------------
 Ehomo(Alpha) [eV]                       -6.283793139876     
 Elumo(Alpha) [eV]                       2.674736269200      
 Ehomo(Beta) [eV]                        -5.692667196071     
 Elumo(Beta) [eV]                        2.952441985459      

 dipole moment (Debye)
        x              y              z       
      1.003E-014     5.106E-015    -7.281E-015

 traceless quadrupole moment (Debye*Angs)
                       x              y              z       
 x                   1.807E-007    -4.921E-008     1.652E-006
 y                  -4.921E-008    -1.340E-007    -3.611E-008
 z                   1.652E-006    -3.611E-008    -4.671E-008

 ----------------------------------------------------------------------------
 Timings (seconds)
 * mean-field hamiltonian     8.8E-001
 * solver (setting up eqns)   8.0E-003
 * solver (energy estimate)   1.9E-002
 * solver (orthogonalization) 1.6E-003
 * solver (rotation matrix X) 4.8E-002
 * solver (exponential of X)  3.6E-003
 * solver (total)             8.4E-002
 * total SCF                  9.7E-001
 Atomic guess: TI, ../../../../basis-sets/bse/def2-sv(p).txt
 -----------------------------------------------------------
 E(HF) [a.u.]                            -8.4828329555E+002
 Tr(RhoAvg S), Cartesian AOs              2.2000000000E+001
 Tr(RhoAvg S), spherical AOs              2.2000000000E+001
 max|T RhoAvg T**T - RhoAvg_sao|                  4.44E-016
 max|c(RhoAvg) - c(Rho)|                          1.11E-016
 max|RhoAvg - Rho|                                2.59E-001
 Saved /mnt/storage_6/project_data/pl0415-03/marcin/beyond-rpa/guess/electron-densities/bse/def2-sv(p)/ti.txt
 ----------------------------------------------------------------------------
                              SCF for V (2S+1=4)                             
 ----------------------------------------------------------------------------
 NUMBER OF ATOMS                         1
 CHARGE                                  0
 Prescreening (pq|pq) integrals for the Cholesky decomposition
 Shell pairs will be sorted according to their max elements
 Max diagonal integral MaxDrs=1.4E+001
 Applying Eq. 15 in J. Chem. Phys. 150, 194112 (2019); doi: 10.1063/1.5083802
 Schwarz inequality: Dpq<min(10**(-8),Tau)**2/MaxDrs=7.1E-018
 Trace of exact Coulomb matrix: 5.2E+001
 Trace of discarded integrals: 0.0E+000
 Discarded 0 out of 55 shell pairs
 (0 out of 300 orbital pairs)

 Step 1 of Cholesky decomposition: locating pivots
 -------------------------------------------------
 Dimensions of the Coulomb matrix: (300,300)
 Threshold for diagonal matrix elements: Dpq > 1.0E-007
 Max number of Cholesky vectors: 300
 Rk storage block size: 500
 Max dimension of 2e integrals buffer: (300,300)

 ----------------------------------------------------------------------------
 #    Dmax        Memory (MB)    NPivots     %    Time        
 ----------------------------------------------------------------------------
 1    1.3E-001    1.8E+000       17          7    7.7E-003    
 2    1.1E-003    1.7E+000       96          41   1.2E-002    
 3    7.2E-006    1.3E+000       137         76   6.4E-003    
 4    9.9E-008    4.4E-001       175         100  2.0E-003    

 Step 1 of the Cholesky decomposition completed
 Computed 175 pivots
 Largest residual Dpq: 9.9E-008
 NCholesky/NAO = 7.3E+000
 Step 1 of Cholesky decomposition completed in 2.9E-002 seconds
 Detailed timings in seconds
 Subtract prev contribs I (M-R**T*R)     2.1E-003
 Subtract prev contribs II (Rk)          7.1E-004
 Two-electron integrals                  2.4E-002
 Reallocation                            6.8E-004

 Step 2 of Cholesky decomposition completed in 9.0E-003 seconds
 Detailed timings in seconds
 Reduced-dimension matrix V    3.7E-003
 V=L*L**T                      5.1E-003
 L**(-1)                       2.5E-004

 Full-dimension Cholesky vectors of the Coulomb matrix will be stored in memory
 Cholesky vectors computed in 1.3E-002 seconds

 ┌─────────────────────────────────────────┐
 │          Self-consistent field          │
 └─────────────────────────────────────────┘

 Atomic orbital basis set
 . . . . . . . . . . . . . . . . . . . . . . . . . . . . . . . . . . . . . . 
 atomic centers                               1
 shell parameter sets                         10
 spherical AOs                                24
 max angular momentum                         2
 parameter set                                ../../../../basis-sets/bse/def2-sv(p).txt
 . . . . . . . . . . . . . . . . . . . . . . . . . . . . . . . . . . . . . . 
 SCF guess: bare nuclei Hamiltonian
 Starting self-consistent field iterations (spin-unrestricted)
 Alpha electrons: 13
 Beta electrons: 10
 ----------------------------------------------------------------------------
 Exchange-correlation: Hartree-Fock
 ----------------------------------------------------------------------------
 Replicated-data parallel SCF
 ----------------------------
 Processes                               1
 Threads/process                         16
 Allocated 1.1E-004 GiB of scratch space for the KS matrix build
 ----------------------------------------------------------------------------
 Spherical harmonic basis contains 24 vectors
 Linear independence thresh: Eig(S) > 1.0E-006
 Computations will be carried out in the space of 24 MOs
 Threshold for J, K: |Rho(r,s)*(pq|rs)|,|Rho(q,s)*(pq|rs)| > 1.0E-011
 Convergence conditions
 ----------------------
 RhoDiff < 1.0E-006
 OrbGrad < 1.0E-006
 Max number of macroiters: 1024
 ------------------------------------------------------------------------------
 #           Energy        EDiff    RhoDiff  OrbGrad  OrbShift NStored Time     
 ------------------------------------------------------------------------------
 0         -487.3588136448                                        0    2.3E-002 
 1         -939.0904619188           4.1E+00                      0    1.6E-002 
 2         -941.5570405559 -2.5E+00  4.1E-01  4.4E-01  1.4E+00    1    1.6E-002 
 3         -942.4820734055 -9.3E-01  8.1E-01  4.6E-01  7.0E-01    2    1.8E-002 
 4         -942.6708321255 -1.9E-01  2.9E-01  1.2E-01  4.2E-02    3    2.1E-002 
 5         -942.6994758398 -2.9E-02  2.5E-01  7.9E-02  0.0E+00    4    1.7E-002 
 6         -942.7014038184 -1.9E-03  1.1E-01  2.2E-02  0.0E+00    5    1.7E-002 
 7         -942.7014787932 -7.5E-05  4.2E-02  3.1E-03  0.0E+00    6    1.7E-002 
 8         -942.7014889604 -1.0E-05  8.7E-03  9.9E-04  0.0E+00    7    1.7E-002 
 9         -942.7015320542 -4.3E-05  2.1E-02  5.1E-04  0.0E+00    8    1.7E-002 
 10        -942.7016419573 -1.1E-04  3.3E-02  2.6E-03  1.6E-02    8    2.9E-002 
 11        -942.7018018923 -1.6E-04  3.9E-02  1.0E-03  1.7E-02    8    3.0E-002 
 12        -942.7021056245 -3.0E-04  4.3E-02  1.1E-03  2.3E-02    8    2.9E-002 
 13        -942.7027642524 -6.6E-04  6.0E-02  1.9E-03  3.9E-02    8    2.9E-002 
 14        -942.7042354485 -1.5E-03  9.1E-02  3.6E-03  6.3E-02    8    2.8E-002 
 15        -942.7073821556 -3.1E-03  1.3E-01  6.8E-03  9.4E-02    8    2.8E-002 
 16        -942.7134801878 -6.1E-03  1.6E-01  1.2E-02  1.3E-01    8    2.7E-002 
 17        -942.7236105919 -1.0E-02  1.7E-01  1.8E-02  1.4E-01    8    2.7E-002 
 18        -942.7367371796 -1.3E-02  1.3E-01  2.1E-02  1.2E-01    8    2.7E-002 
 19        -942.7465024583 -9.8E-03  1.3E-01  1.8E-02  4.8E-02    8    2.7E-002 
 20        -942.7473234441 -8.2E-04  3.6E-02  6.6E-03  0.0E+00    8    1.8E-002 
 21        -942.7473937423 -7.0E-05  1.5E-02  3.1E-03  0.0E+00    8    1.8E-002 
 22        -942.7474016041 -7.9E-06  4.0E-03  1.2E-03  0.0E+00    8    1.8E-002 
 23        -942.7474019235 -3.2E-07  1.7E-03  3.7E-04  0.0E+00    8    1.8E-002 
 24        -942.7474019307 -7.2E-09  2.7E-04  3.9E-05  0.0E+00    8    1.8E-002 
 25        -942.7474019308 -1.1E-10  2.9E-05  4.8E-06  0.0E+00    8    1.8E-002 
 26        -942.7474019308 -1.5E-11  8.2E-06  2.0E-06  0.0E+00    8    1.8E-002 
 27        -942.7474019308 -2.4E-12  2.8E-06  7.6E-07  0.0E+00    8    1.8E-002 
 28        -942.7474019308 -2.3E-13  1.3E-06  2.0E-07  0.0E+00    8    1.8E-002 
 Skipping trust radius update
 29        -942.7474019308  0.0E+00  4.3E-07  7.3E-08  0.0E+00    8    1.8E-002 
 ------------------------------------------------------------------------------
 SCF converged
 Converged energy                        -942.747401930793   
 ------------------------------------------------------------------------------
 Ehomo(Alpha) [eV]                       -6.671844065050     
 Elumo(Alpha) [eV]                       2.865938419351      
 Ehomo(Beta) [eV]                        -5.841087891510     
 Elumo(Beta) [eV]                        3.280937446869      

 dipole moment (Debye)
        x              y              z       
     -6.236E-014     1.421E-014     1.649E-014

 traceless quadrupole moment (Debye*Angs)
                       x              y              z       
 x                   5.243E-007     1.151E-008     1.516E-008
 y                   1.151E-008    -2.738E-007     2.349E-008
 z                   1.516E-008     2.349E-008    -2.505E-007

 ----------------------------------------------------------------------------
 Timings (seconds)
 * mean-field hamiltonian     4.8E-001
 * solver (setting up eqns)   8.0E-003
 * solver (energy estimate)   1.7E-002
 * solver (orthogonalization) 1.6E-003
 * solver (rotation matrix X) 1.2E-001
 * solver (exponential of X)  3.6E-003
 * solver (total)             1.5E-001
 * total SCF                  6.4E-001
 Atomic guess: V, ../../../../basis-sets/bse/def2-sv(p).txt
 ----------------------------------------------------------
 E(HF) [a.u.]                            -9.4274740193E+002
 Tr(RhoAvg S), Cartesian AOs              2.3000000000E+001
 Tr(RhoAvg S), spherical AOs              2.3000000000E+001
 max|T RhoAvg T**T - RhoAvg_sao|                  8.88E-016
 max|c(RhoAvg) - c(Rho)|                          8.88E-016
 max|RhoAvg - Rho|                                3.58E-001
 Saved /mnt/storage_6/project_data/pl0415-03/marcin/beyond-rpa/guess/electron-densities/bse/def2-sv(p)/v.txt
 ----------------------------------------------------------------------------
                             SCF for CR (2S+1=7)                             
 ----------------------------------------------------------------------------
 NUMBER OF ATOMS                         1
 CHARGE                                  0
 Prescreening (pq|pq) integrals for the Cholesky decomposition
 Shell pairs will be sorted according to their max elements
 Max diagonal integral MaxDrs=1.5E+001
 Applying Eq. 15 in J. Chem. Phys. 150, 194112 (2019); doi: 10.1063/1.5083802
 Schwarz inequality: Dpq<min(10**(-8),Tau)**2/MaxDrs=6.8E-018
 Trace of exact Coulomb matrix: 5.4E+001
 Trace of discarded integrals: 0.0E+000
 Discarded 0 out of 55 shell pairs
 (0 out of 300 orbital pairs)

 Step 1 of Cholesky decomposition: locating pivots
 -------------------------------------------------
 Dimensions of the Coulomb matrix: (300,300)
 Threshold for diagonal matrix elements: Dpq > 1.0E-007
 Max number of Cholesky vectors: 300
 Rk storage block size: 500
 Max dimension of 2e integrals buffer: (300,300)

 ----------------------------------------------------------------------------
 #    Dmax        Memory (MB)    NPivots     %    Time        
 ----------------------------------------------------------------------------
 1    1.4E-001    1.8E+000       17          7    6.0E-003    
 2    1.2E-003    1.7E+000       90          41   8.3E-003    
 3    1.1E-005    1.2E+000       130         66   6.1E-003    
 4    1.0E-007    8.0E-001       176         99   2.0E-003    
 5    7.6E-008    1.0E-001       178         100  3.1E-004    

 Step 1 of the Cholesky decomposition completed
 Computed 178 pivots
 Largest residual Dpq: 7.6E-008
 NCholesky/NAO = 7.4E+000
 Step 1 of Cholesky decomposition completed in 2.3E-002 seconds
 Detailed timings in seconds
 Subtract prev contribs I (M-R**T*R)     6.5E-004
 Subtract prev contribs II (Rk)          6.4E-004
 Two-electron integrals                  2.0E-002
 Reallocation                            4.7E-004

 Step 2 of Cholesky decomposition completed in 4.6E-003 seconds
 Detailed timings in seconds
 Reduced-dimension matrix V    4.0E-003
 V=L*L**T                      3.2E-004
 L**(-1)                       2.2E-004

 Full-dimension Cholesky vectors of the Coulomb matrix will be stored in memory
 Cholesky vectors computed in 7.8E-003 seconds

 ┌─────────────────────────────────────────┐
 │          Self-consistent field          │
 └─────────────────────────────────────────┘

 Atomic orbital basis set
 . . . . . . . . . . . . . . . . . . . . . . . . . . . . . . . . . . . . . . 
 atomic centers                               1
 shell parameter sets                         10
 spherical AOs                                24
 max angular momentum                         2
 parameter set                                ../../../../basis-sets/bse/def2-sv(p).txt
 . . . . . . . . . . . . . . . . . . . . . . . . . . . . . . . . . . . . . . 
 SCF guess: bare nuclei Hamiltonian
 Starting self-consistent field iterations (spin-unrestricted)
 Alpha electrons: 15
 Beta electrons: 9
 ----------------------------------------------------------------------------
 Exchange-correlation: Hartree-Fock
 ----------------------------------------------------------------------------
 Replicated-data parallel SCF
 ----------------------------
 Processes                               1
 Threads/process                         16
 Allocated 1.1E-004 GiB of scratch space for the KS matrix build
 ----------------------------------------------------------------------------
 Spherical harmonic basis contains 24 vectors
 Linear independence thresh: Eig(S) > 1.0E-006
 Computations will be carried out in the space of 24 MOs
 Threshold for J, K: |Rho(r,s)*(pq|rs)|,|Rho(q,s)*(pq|rs)| > 1.0E-011
 Convergence conditions
 ----------------------
 RhoDiff < 1.0E-006
 OrbGrad < 1.0E-006
 Max number of macroiters: 1024
 ------------------------------------------------------------------------------
 #           Energy        EDiff    RhoDiff  OrbGrad  OrbShift NStored Time     
 ------------------------------------------------------------------------------
 0         -559.8465085531                                        0    2.3E-002 
 1        -1041.3613059461           4.3E+00                      0    1.6E-002 
 2        -1043.1563530869 -1.8E+00  7.8E-01  4.0E-01  4.4E-01    1    1.8E-002 
 3        -1043.1908426273 -3.4E-02  1.1E+00  7.1E-02  0.0E+00    2    1.7E-002 
 4        -1043.1965683122 -5.7E-03  4.6E-01  2.6E-02  0.0E+00    3    1.7E-002 
 5        -1043.1970215476 -4.5E-04  9.7E-02  8.5E-03  0.0E+00    4    1.8E-002 
 6        -1043.1970705352 -4.9E-05  3.9E-03  3.6E-03  0.0E+00    5    1.8E-002 
 7        -1043.1970709090 -3.7E-07  9.1E-04  3.1E-04  0.0E+00    6    1.8E-002 
 8        -1043.1970709125 -3.4E-09  5.6E-05  2.5E-05  0.0E+00    7    1.8E-002 
 9        -1043.1970709133 -8.0E-10  4.0E-05  1.1E-05  0.0E+00    8    1.8E-002 
 10       -1043.1970709133 -1.2E-11  1.9E-06  1.6E-06  0.0E+00    8    1.9E-002 
 11       -1043.1970709133 -9.1E-13  3.6E-07  3.6E-07  0.0E+00    8    1.8E-002 
 ------------------------------------------------------------------------------
 SCF converged
 Converged energy                        -1043.197070913267  
 ------------------------------------------------------------------------------
 Ehomo(Alpha) [eV]                       -5.911262524970     
 Elumo(Alpha) [eV]                       3.280590778801      
 Ehomo(Beta) [eV]                        -49.831767338349    
 Elumo(Beta) [eV]                        0.708992641831      

 dipole moment (Debye)
        x              y              z       
      1.802E-014    -1.320E-014     3.558E-015

 traceless quadrupole moment (Debye*Angs)
                       x              y              z       
 x                   1.200E-007     1.217E-007    -1.082E-007
 y                   1.217E-007     1.116E-007    -1.060E-007
 z                  -1.082E-007    -1.060E-007    -2.316E-007

 ----------------------------------------------------------------------------
 Timings (seconds)
 * mean-field hamiltonian     2.0E-001
 * solver (setting up eqns)   2.7E-003
 * solver (energy estimate)   4.2E-003
 * solver (orthogonalization) 5.3E-004
 * solver (rotation matrix X) 5.8E-003
 * solver (exponential of X)  1.3E-003
 * solver (total)             1.5E-002
 * total SCF                  2.2E-001
 Atomic guess: CR, ../../../../basis-sets/bse/def2-sv(p).txt
 -----------------------------------------------------------
 E(HF) [a.u.]                            -1.0431970709E+003
 Tr(RhoAvg S), Cartesian AOs              2.4000000000E+001
 Tr(RhoAvg S), spherical AOs              2.4000000000E+001
 max|T RhoAvg T**T - RhoAvg_sao|                  8.88E-016
 max|c(RhoAvg) - c(Rho)|                          4.44E-016
 max|RhoAvg - Rho|                                1.00E-007
 Saved /mnt/storage_6/project_data/pl0415-03/marcin/beyond-rpa/guess/electron-densities/bse/def2-sv(p)/cr.txt
 ----------------------------------------------------------------------------
                             SCF for MN (2S+1=6)                             
 ----------------------------------------------------------------------------
 NUMBER OF ATOMS                         1
 CHARGE                                  0
 Prescreening (pq|pq) integrals for the Cholesky decomposition
 Shell pairs will be sorted according to their max elements
 Max diagonal integral MaxDrs=1.5E+001
 Applying Eq. 15 in J. Chem. Phys. 150, 194112 (2019); doi: 10.1063/1.5083802
 Schwarz inequality: Dpq<min(10**(-8),Tau)**2/MaxDrs=6.5E-018
 Trace of exact Coulomb matrix: 5.8E+001
 Trace of discarded integrals: 0.0E+000
 Discarded 0 out of 55 shell pairs
 (0 out of 300 orbital pairs)

 Step 1 of Cholesky decomposition: locating pivots
 -------------------------------------------------
 Dimensions of the Coulomb matrix: (300,300)
 Threshold for diagonal matrix elements: Dpq > 1.0E-007
 Max number of Cholesky vectors: 300
 Rk storage block size: 500
 Max dimension of 2e integrals buffer: (300,300)

 ----------------------------------------------------------------------------
 #    Dmax        Memory (MB)    NPivots     %    Time        
 ----------------------------------------------------------------------------
 1    1.4E-001    1.8E+000       16          7    6.1E-003    
 2    1.4E-003    1.7E+000       99          41   1.2E-002    
 3    1.4E-005    1.3E+000       138         76   6.5E-003    
 4    1.2E-007    5.3E-001       178         99   5.5E-003    
 5    1.5E-016    2.3E-002       180         100  1.5E-004    

 Step 1 of the Cholesky decomposition completed
 Computed 180 pivots
 Largest residual Dpq: 1.5E-016
 NCholesky/NAO = 7.5E+000
 Step 1 of Cholesky decomposition completed in 3.1E-002 seconds
 Detailed timings in seconds
 Subtract prev contribs I (M-R**T*R)     8.1E-004
 Subtract prev contribs II (Rk)          7.0E-004
 Two-electron integrals                  2.8E-002
 Reallocation                            4.8E-004

 Step 2 of Cholesky decomposition completed in 5.5E-003 seconds
 Detailed timings in seconds
 Reduced-dimension matrix V    5.0E-003
 V=L*L**T                      2.9E-004
 L**(-1)                       2.2E-004

 Full-dimension Cholesky vectors of the Coulomb matrix will be stored in memory
 Cholesky vectors computed in 1.3E-002 seconds

 ┌─────────────────────────────────────────┐
 │          Self-consistent field          │
 └─────────────────────────────────────────┘

 Atomic orbital basis set
 . . . . . . . . . . . . . . . . . . . . . . . . . . . . . . . . . . . . . . 
 atomic centers                               1
 shell parameter sets                         10
 spherical AOs                                24
 max angular momentum                         2
 parameter set                                ../../../../basis-sets/bse/def2-sv(p).txt
 . . . . . . . . . . . . . . . . . . . . . . . . . . . . . . . . . . . . . . 
 SCF guess: bare nuclei Hamiltonian
 Starting self-consistent field iterations (spin-unrestricted)
 Alpha electrons: 15
 Beta electrons: 10
 ----------------------------------------------------------------------------
 Exchange-correlation: Hartree-Fock
 ----------------------------------------------------------------------------
 Replicated-data parallel SCF
 ----------------------------
 Processes                               1
 Threads/process                         16
 Allocated 1.1E-004 GiB of scratch space for the KS matrix build
 ----------------------------------------------------------------------------
 Spherical harmonic basis contains 24 vectors
 Linear independence thresh: Eig(S) > 1.0E-006
 Computations will be carried out in the space of 24 MOs
 Threshold for J, K: |Rho(r,s)*(pq|rs)|,|Rho(q,s)*(pq|rs)| > 1.0E-011
 Convergence conditions
 ----------------------
 RhoDiff < 1.0E-006
 OrbGrad < 1.0E-006
 Max number of macroiters: 1024
 ------------------------------------------------------------------------------
 #           Energy        EDiff    RhoDiff  OrbGrad  OrbShift NStored Time     
 ------------------------------------------------------------------------------
 0         -751.1064218281                                        0    2.3E-002 
 1        -1146.0155236346           3.9E+00                      0    1.6E-002 
 2        -1149.1704786495 -3.2E+00  5.0E-01  5.4E-01  1.3E+00    1    1.7E-002 
 3        -1149.4777872960 -3.1E-01  1.1E+00  3.1E-01  2.0E-01    2    1.7E-002 
 4        -1149.5435101083 -6.6E-02  4.6E-01  1.6E-01  0.0E+00    3    1.7E-002 
 5        -1149.5528740462 -9.4E-03  4.6E-01  3.7E-02  0.0E+00    4    1.7E-002 
 6        -1149.5530526227 -1.8E-04  1.4E-02  8.1E-03  0.0E+00    5    1.8E-002 
 7        -1149.5530608847 -8.3E-06  1.7E-03  1.4E-03  0.0E+00    6    1.7E-002 
 8        -1149.5530613627 -4.8E-07  8.1E-04  6.0E-04  0.0E+00    7    1.8E-002 
 9        -1149.5530613675 -4.8E-09  4.3E-05  5.5E-05  0.0E+00    8    1.8E-002 
 10       -1149.5530613694 -1.9E-09  2.3E-05  2.1E-05  0.0E+00    8    1.9E-002 
 11       -1149.5530613816 -1.2E-08  1.6E-04  1.2E-05  0.0E+00    8    1.9E-002 
 12       -1149.5530613978 -1.6E-08  6.9E-05  5.0E-05  0.0E+00    8    1.9E-002 
 13       -1149.5530614179 -2.0E-08  8.7E-05  3.6E-05  0.0E+00    8    1.9E-002 
 14       -1149.5530614486 -3.1E-08  1.1E-04  4.5E-05  0.0E+00    8    1.9E-002 
 15       -1149.5530616995 -2.5E-07  6.5E-04  5.6E-05  1.3E-01    8    3.0E-002 
 16       -1149.5530622226 -5.2E-07  8.9E-04  1.2E-04  1.9E-01    8    2.9E-002 
 17       -1149.5530631654 -9.4E-07  1.0E-03  2.0E-04  2.2E-01    8    2.9E-002 
 18       -1149.5530647544 -1.6E-06  1.2E-03  3.0E-04  2.6E-01    8    2.8E-002 
 19       -1149.5530673199 -2.6E-06  1.4E-03  4.1E-04  2.8E-01    8    2.8E-002 
 20       -1149.5530713417 -4.0E-06  1.7E-03  5.5E-04  3.0E-01    8    2.8E-002 
 21       -1149.5530775345 -6.2E-06  2.0E-03  7.1E-04  3.2E-01    8    2.8E-002 
 22       -1149.5530869252 -9.4E-06  2.4E-03  9.0E-04  3.4E-01    8    2.9E-002 
 23       -1149.5531010369 -1.4E-05  2.9E-03  1.1E-03  3.5E-01    8    2.9E-002 
 24       -1149.5531220423 -2.1E-05  3.5E-03  1.4E-03  3.6E-01    8    2.9E-002 
 25       -1149.5531531543 -3.1E-05  4.2E-03  1.7E-03  3.7E-01    8    2.9E-002 
 26       -1149.5531989805 -4.6E-05  5.0E-03  2.1E-03  3.8E-01    8    2.9E-002 
 27       -1149.5532662385 -6.7E-05  6.0E-03  2.6E-03  3.9E-01    8    2.9E-002 
 28       -1149.5533647874 -9.9E-05  7.2E-03  3.2E-03  3.9E-01    8    2.9E-002 
 29       -1149.5535087641 -1.4E-04  8.6E-03  3.9E-03  4.0E-01    8    2.9E-002 
 30       -1149.5537191693 -2.1E-04  1.0E-02  4.8E-03  4.0E-01    8    2.9E-002 
 31       -1149.5540264406 -3.1E-04  1.2E-02  5.8E-03  4.1E-01    8    2.9E-002 
 32       -1149.5544750567 -4.5E-04  1.4E-02  7.1E-03  4.1E-01    8    2.9E-002 
 33       -1149.5551325568 -6.6E-04  1.7E-02  8.6E-03  4.2E-01    8    2.9E-002 
 34       -1149.5560987935 -9.7E-04  2.0E-02  1.0E-02  4.3E-01    8    2.9E-002 
 35       -1149.5575268327 -1.4E-03  2.2E-02  1.3E-02  4.4E-01    8    2.9E-002 
 36       -1149.5596492097 -2.1E-03  2.5E-02  1.6E-02  4.6E-01    8    2.9E-002 
 37       -1149.5628223028 -3.2E-03  2.7E-02  2.0E-02  4.8E-01    8    2.9E-002 
 38       -1149.5675921006 -4.8E-03  3.3E-02  2.4E-02  5.0E-01    8    2.9E-002 
 39       -1149.5747656072 -7.2E-03  4.4E-02  3.0E-02  5.2E-01    8    2.9E-002 
 40       -1149.5854908932 -1.1E-02  5.7E-02  3.7E-02  5.4E-01    8    2.9E-002 
 41       -1149.6011865627 -1.6E-02  6.9E-02  4.5E-02  5.5E-01    8    2.9E-002 
 42       -1149.6230260749 -2.2E-02  7.8E-02  5.0E-02  5.3E-01    8    2.9E-002 
 43       -1149.6506777958 -2.8E-02  8.2E-02  5.5E-02  4.5E-01    8    2.9E-002 
 44       -1149.6793886927 -2.9E-02  9.7E-02  6.3E-02  3.0E-01    8    2.8E-002 
 45       -1149.6967113924 -1.7E-02  1.6E-01  5.1E-02  7.5E-02    8    2.7E-002 
 46       -1149.6972759260 -5.6E-04  4.8E-02  8.8E-03  0.0E+00    8    1.8E-002 
 47       -1149.6972817905 -5.9E-06  4.1E-03  1.4E-03  0.0E+00    8    1.9E-002 
 48       -1149.6972821381 -3.5E-07  9.1E-04  4.5E-04  0.0E+00    8    1.9E-002 
 49       -1149.6972821422 -4.2E-09  1.6E-04  3.6E-05  0.0E+00    8    1.9E-002 
 50       -1149.6972821423 -1.1E-10  1.5E-05  5.4E-06  0.0E+00    8    1.9E-002 
 51       -1149.6972821423 -1.3E-11  1.8E-06  1.9E-06  0.0E+00    8    1.9E-002 
 52       -1149.6972821423 -4.5E-12  9.2E-07  1.1E-06  0.0E+00    8    1.9E-002 
 53       -1149.6972821423 -1.8E-12  6.6E-07  6.7E-07  0.0E+00    8    1.9E-002 
 ------------------------------------------------------------------------------
 SCF converged
 Converged energy                        -1149.697282142342  
 ------------------------------------------------------------------------------
 Ehomo(Alpha) [eV]                       -7.368442458229     
 Elumo(Alpha) [eV]                       3.202272633353      
 Ehomo(Beta) [eV]                        -6.102861891474     
 Elumo(Beta) [eV]                        3.893280389305      

 dipole moment (Debye)
        x              y              z       
     -2.146E-014    -1.533E-014    -1.302E-014

 traceless quadrupole moment (Debye*Angs)
                       x              y              z       
 x                  -2.869E-006     5.877E-012     7.920E-012
 y                   5.877E-012     1.553E-006     2.998E-007
 z                   7.920E-012     2.998E-007     1.316E-006

 ----------------------------------------------------------------------------
 Timings (seconds)
 * mean-field hamiltonian     8.9E-001
 * solver (setting up eqns)   1.6E-002
 * solver (energy estimate)   3.5E-002
 * solver (orthogonalization) 2.9E-003
 * solver (rotation matrix X) 3.5E-001
 * solver (exponential of X)  6.5E-003
 * solver (total)             4.1E-001
 * total SCF                  1.3E+000
 Atomic guess: MN, ../../../../basis-sets/bse/def2-sv(p).txt
 -----------------------------------------------------------
 E(HF) [a.u.]                            -1.1496972821E+003
 Tr(RhoAvg S), Cartesian AOs              2.5000000000E+001
 Tr(RhoAvg S), spherical AOs              2.5000000000E+001
 max|T RhoAvg T**T - RhoAvg_sao|                  7.77E-016
 max|c(RhoAvg) - c(Rho)|                          5.55E-016
 max|RhoAvg - Rho|                                4.50E-007
 Saved /mnt/storage_6/project_data/pl0415-03/marcin/beyond-rpa/guess/electron-densities/bse/def2-sv(p)/mn.txt
 ----------------------------------------------------------------------------
                             SCF for FE (2S+1=5)                             
 ----------------------------------------------------------------------------
 NUMBER OF ATOMS                         1
 CHARGE                                  0
 Prescreening (pq|pq) integrals for the Cholesky decomposition
 Shell pairs will be sorted according to their max elements
 Max diagonal integral MaxDrs=1.6E+001
 Applying Eq. 15 in J. Chem. Phys. 150, 194112 (2019); doi: 10.1063/1.5083802
 Schwarz inequality: Dpq<min(10**(-8),Tau)**2/MaxDrs=6.2E-018
 Trace of exact Coulomb matrix: 6.1E+001
 Trace of discarded integrals: 0.0E+000
 Discarded 0 out of 55 shell pairs
 (0 out of 300 orbital pairs)

 Step 1 of Cholesky decomposition: locating pivots
 -------------------------------------------------
 Dimensions of the Coulomb matrix: (300,300)
 Threshold for diagonal matrix elements: Dpq > 1.0E-007
 Max number of Cholesky vectors: 300
 Rk storage block size: 500
 Max dimension of 2e integrals buffer: (300,300)

 ----------------------------------------------------------------------------
 #    Dmax        Memory (MB)    NPivots     %    Time        
 ----------------------------------------------------------------------------
 1    1.5E-001    1.8E+000       16          7    6.0E-003    
 2    1.5E-003    1.7E+000       99          41   1.2E-002    
 3    1.4E-005    1.3E+000       137         72   6.4E-003    
 4    1.3E-007    5.7E-001       178         99   5.5E-003    
 5    7.9E-017    2.3E-002       180         100  1.3E-004    

 Step 1 of the Cholesky decomposition completed
 Computed 180 pivots
 Largest residual Dpq: 7.9E-017
 NCholesky/NAO = 7.5E+000
 Step 1 of Cholesky decomposition completed in 3.0E-002 seconds
 Detailed timings in seconds
 Subtract prev contribs I (M-R**T*R)     6.8E-004
 Subtract prev contribs II (Rk)          7.0E-004
 Two-electron integrals                  2.8E-002
 Reallocation                            3.6E-004

 Step 2 of Cholesky decomposition completed in 5.3E-003 seconds
 Detailed timings in seconds
 Reduced-dimension matrix V    4.8E-003
 V=L*L**T                      2.9E-004
 L**(-1)                       2.2E-004

 Full-dimension Cholesky vectors of the Coulomb matrix will be stored in memory
 Cholesky vectors computed in 1.3E-002 seconds

 ┌─────────────────────────────────────────┐
 │          Self-consistent field          │
 └─────────────────────────────────────────┘

 Atomic orbital basis set
 . . . . . . . . . . . . . . . . . . . . . . . . . . . . . . . . . . . . . . 
 atomic centers                               1
 shell parameter sets                         10
 spherical AOs                                24
 max angular momentum                         2
 parameter set                                ../../../../basis-sets/bse/def2-sv(p).txt
 . . . . . . . . . . . . . . . . . . . . . . . . . . . . . . . . . . . . . . 
 SCF guess: bare nuclei Hamiltonian
 Starting self-consistent field iterations (spin-unrestricted)
 Alpha electrons: 15
 Beta electrons: 11
 ----------------------------------------------------------------------------
 Exchange-correlation: Hartree-Fock
 ----------------------------------------------------------------------------
 Replicated-data parallel SCF
 ----------------------------
 Processes                               1
 Threads/process                         16
 Allocated 1.1E-004 GiB of scratch space for the KS matrix build
 ----------------------------------------------------------------------------
 Spherical harmonic basis contains 24 vectors
 Linear independence thresh: Eig(S) > 1.0E-006
 Computations will be carried out in the space of 24 MOs
 Threshold for J, K: |Rho(r,s)*(pq|rs)|,|Rho(q,s)*(pq|rs)| > 1.0E-011
 Convergence conditions
 ----------------------
 RhoDiff < 1.0E-006
 OrbGrad < 1.0E-006
 Max number of macroiters: 1024
 ------------------------------------------------------------------------------
 #           Energy        EDiff    RhoDiff  OrbGrad  OrbShift NStored Time     
 ------------------------------------------------------------------------------
 0         -962.0565285468                                        0    2.3E-002 
 1        -1257.9403087353           3.8E+00                      0    1.6E-002 
 2        -1261.8881001587 -3.9E+00  4.9E-01  5.9E-01  1.4E+00    1    1.8E-002 
 3        -1261.9908592710 -1.0E-01  1.5E+00  2.5E-01  8.2E-02    2    1.9E-002 
 4        -1262.1451285670 -1.5E-01  4.3E-01  2.6E-01  0.0E+00    3    1.7E-002 
 5        -1262.1790241592 -3.4E-02  4.0E-01  5.9E-02  0.0E+00    4    1.8E-002 
 6        -1262.2410623400 -6.2E-02  4.5E-01  4.0E-02  5.8E-02    5    2.4E-002 
 7        -1262.2557987384 -1.5E-02  3.0E-01  4.0E-02  0.0E+00    6    1.8E-002 
 8        -1262.2575176418 -1.7E-03  7.8E-02  1.8E-02  0.0E+00    7    1.8E-002 
 9        -1262.2576789558 -1.6E-04  1.2E-02  5.8E-03  0.0E+00    8    1.8E-002 
 10       -1262.2576924087 -1.3E-05  4.3E-03  1.5E-03  0.0E+00    8    1.9E-002 
 11       -1262.2576928248 -4.2E-07  1.9E-03  2.6E-04  0.0E+00    8    1.9E-002 
 12       -1262.2576928338 -9.1E-09  1.7E-04  5.0E-05  0.0E+00    8    1.9E-002 
 13       -1262.2576928351 -1.3E-09  4.6E-05  2.2E-05  0.0E+00    8    1.9E-002 
 14       -1262.2576928352 -5.9E-11  6.4E-06  4.9E-06  0.0E+00    8    1.9E-002 
 15       -1262.2576928352 -5.0E-12  3.3E-06  1.7E-06  0.0E+00    8    1.9E-002 
 Skipping trust radius update
 16       -1262.2576928352 -2.3E-13  2.0E-07  2.9E-07  0.0E+00    8    1.9E-002 
 ------------------------------------------------------------------------------
 SCF converged
 Converged energy                        -1262.257692835183  
 ------------------------------------------------------------------------------
 Ehomo(Alpha) [eV]                       -7.467084426423     
 Elumo(Alpha) [eV]                       3.546211204030      
 Ehomo(Beta) [eV]                        -6.495290665728     
 Elumo(Beta) [eV]                        4.113929005100      

 dipole moment (Debye)
        x              y              z       
     -1.140E-014     1.251E-014     9.076E-015

 traceless quadrupole moment (Debye*Angs)
                       x              y              z       
 x                   5.359E-001     1.198E-005    -7.185E-007
 y                   1.198E-005    -2.680E-001     8.612E-011
 z                  -7.185E-007     8.612E-011    -2.680E-001

 ----------------------------------------------------------------------------
 Timings (seconds)
 * mean-field hamiltonian     2.8E-001
 * solver (setting up eqns)   4.4E-003
 * solver (energy estimate)   7.6E-003
 * solver (orthogonalization) 8.0E-004
 * solver (rotation matrix X) 1.7E-002
 * solver (exponential of X)  1.9E-003
 * solver (total)             3.3E-002
 * total SCF                  3.2E-001
 Atomic guess: FE, ../../../../basis-sets/bse/def2-sv(p).txt
 -----------------------------------------------------------
 E(HF) [a.u.]                            -1.2622576928E+003
 Tr(RhoAvg S), Cartesian AOs              2.6000000000E+001
 Tr(RhoAvg S), spherical AOs              2.6000000000E+001
 max|T RhoAvg T**T - RhoAvg_sao|                  8.88E-016
 max|c(RhoAvg) - c(Rho)|                          8.88E-016
 max|RhoAvg - Rho|                                5.00E-001
 Saved /mnt/storage_6/project_data/pl0415-03/marcin/beyond-rpa/guess/electron-densities/bse/def2-sv(p)/fe.txt
 ----------------------------------------------------------------------------
                             SCF for CO (2S+1=4)                             
 ----------------------------------------------------------------------------
 NUMBER OF ATOMS                         1
 CHARGE                                  0
 Prescreening (pq|pq) integrals for the Cholesky decomposition
 Shell pairs will be sorted according to their max elements
 Max diagonal integral MaxDrs=1.7E+001
 Applying Eq. 15 in J. Chem. Phys. 150, 194112 (2019); doi: 10.1063/1.5083802
 Schwarz inequality: Dpq<min(10**(-8),Tau)**2/MaxDrs=6.0E-018
 Trace of exact Coulomb matrix: 6.4E+001
 Trace of discarded integrals: 0.0E+000
 Discarded 0 out of 55 shell pairs
 (0 out of 300 orbital pairs)

 Step 1 of Cholesky decomposition: locating pivots
 -------------------------------------------------
 Dimensions of the Coulomb matrix: (300,300)
 Threshold for diagonal matrix elements: Dpq > 1.0E-007
 Max number of Cholesky vectors: 300
 Rk storage block size: 500
 Max dimension of 2e integrals buffer: (300,300)

 ----------------------------------------------------------------------------
 #    Dmax        Memory (MB)    NPivots     %    Time        
 ----------------------------------------------------------------------------
 1    1.6E-001    1.8E+000       16          7    5.9E-003    
 2    1.6E-003    1.7E+000       99          41   1.2E-002    
 3    1.3E-005    1.3E+000       137         72   6.0E-003    
 4    1.0E-007    5.7E-001       180         99   6.2E-003    
 5    -2.0E-019   1.2E-002       183         100  1.0E-004    

 Step 1 of the Cholesky decomposition completed
 Computed 183 pivots
 Largest residual Dpq: -2.0E-019
 NCholesky/NAO = 7.6E+000
 Step 1 of Cholesky decomposition completed in 3.1E-002 seconds
 Detailed timings in seconds
 Subtract prev contribs I (M-R**T*R)     6.8E-004
 Subtract prev contribs II (Rk)          7.3E-004
 Two-electron integrals                  2.8E-002
 Reallocation                            3.8E-004

 Step 2 of Cholesky decomposition completed in 4.8E-003 seconds
 Detailed timings in seconds
 Reduced-dimension matrix V    3.3E-003
 V=L*L**T                      1.2E-003
 L**(-1)                       2.8E-004

 Full-dimension Cholesky vectors of the Coulomb matrix will be stored in memory
 Cholesky vectors computed in 1.2E-002 seconds

 ┌─────────────────────────────────────────┐
 │          Self-consistent field          │
 └─────────────────────────────────────────┘

 Atomic orbital basis set
 . . . . . . . . . . . . . . . . . . . . . . . . . . . . . . . . . . . . . . 
 atomic centers                               1
 shell parameter sets                         10
 spherical AOs                                24
 max angular momentum                         2
 parameter set                                ../../../../basis-sets/bse/def2-sv(p).txt
 . . . . . . . . . . . . . . . . . . . . . . . . . . . . . . . . . . . . . . 
 SCF guess: bare nuclei Hamiltonian
 Starting self-consistent field iterations (spin-unrestricted)
 Alpha electrons: 15
 Beta electrons: 12
 ----------------------------------------------------------------------------
 Exchange-correlation: Hartree-Fock
 ----------------------------------------------------------------------------
 Replicated-data parallel SCF
 ----------------------------
 Processes                               1
 Threads/process                         16
 Allocated 1.1E-004 GiB of scratch space for the KS matrix build
 ----------------------------------------------------------------------------
 Spherical harmonic basis contains 24 vectors
 Linear independence thresh: Eig(S) > 1.0E-006
 Computations will be carried out in the space of 24 MOs
 Threshold for J, K: |Rho(r,s)*(pq|rs)|,|Rho(q,s)*(pq|rs)| > 1.0E-011
 Convergence conditions
 ----------------------
 RhoDiff < 1.0E-006
 OrbGrad < 1.0E-006
 Max number of macroiters: 1024
 ------------------------------------------------------------------------------
 #           Energy        EDiff    RhoDiff  OrbGrad  OrbShift NStored Time     
 ------------------------------------------------------------------------------
 0        -1065.3556989129                                        0    2.4E-002 
 1        -1376.0164348402           3.7E+00                      0    1.7E-002 
 2        -1380.8480872377 -4.8E+00  4.6E-01  6.5E-01  1.6E+00    1    1.8E-002 
 3        -1380.8846142339 -3.7E-02  1.6E+00  2.3E-01  5.4E-02    2    1.9E-002 
 4        -1381.0684725398 -1.8E-01  4.7E-01  2.9E-01  0.0E+00    3    1.8E-002 
 5        -1381.1082974877 -4.0E-02  3.7E-01  7.4E-02  0.0E+00    4    1.8E-002 
 6        -1381.1711822178 -6.3E-02  4.9E-01  4.0E-02  5.6E-02    5    2.4E-002 
 7        -1381.1869132639 -1.6E-02  2.5E-01  4.6E-02  0.0E+00    6    1.8E-002 
 8        -1381.1890264160 -2.1E-03  8.8E-02  1.3E-02  0.0E+00    7    1.9E-002 
 9        -1381.1894462503 -4.2E-04  1.3E-02  6.7E-03  0.0E+00    8    1.9E-002 
 10       -1381.1894883628 -4.2E-05  1.4E-02  1.9E-03  0.0E+00    8    1.9E-002 
 11       -1381.1894898671 -1.5E-06  3.7E-03  3.4E-04  0.0E+00    8    1.9E-002 
 12       -1381.1894899143 -4.7E-08  7.2E-04  6.1E-05  0.0E+00    8    1.9E-002 
 13       -1381.1894899159 -1.6E-09  7.2E-05  1.7E-05  0.0E+00    8    1.9E-002 
 14       -1381.1894899160 -8.6E-11  1.3E-05  4.7E-06  0.0E+00    8    1.9E-002 
 15       -1381.1894899160 -2.5E-12  3.7E-07  9.1E-07  0.0E+00    8    2.0E-002 
 ------------------------------------------------------------------------------
 SCF converged
 Converged energy                        -1381.189489915996  
 ------------------------------------------------------------------------------
 Ehomo(Alpha) [eV]                       -7.557366281385     
 Elumo(Alpha) [eV]                       3.898170335066      
 Ehomo(Beta) [eV]                        -6.854220459663     
 Elumo(Beta) [eV]                        4.311347514916      

 dipole moment (Debye)
        x              y              z       
     -8.820E-015     2.879E-014    -1.935E-014

 traceless quadrupole moment (Debye*Angs)
                       x              y              z       
 x                   2.115E-001     1.218E-001    -2.239E-002
 y                   1.218E-001    -4.234E-001     1.209E-001
 z                  -2.239E-002     1.209E-001     2.119E-001

 ----------------------------------------------------------------------------
 Timings (seconds)
 * mean-field hamiltonian     2.7E-001
 * solver (setting up eqns)   4.0E-003
 * solver (energy estimate)   7.0E-003
 * solver (orthogonalization) 8.0E-004
 * solver (rotation matrix X) 1.6E-002
 * solver (exponential of X)  1.7E-003
 * solver (total)             3.1E-002
 * total SCF                  3.1E-001
 Atomic guess: CO, ../../../../basis-sets/bse/def2-sv(p).txt
 -----------------------------------------------------------
 E(HF) [a.u.]                            -1.3811894899E+003
 Tr(RhoAvg S), Cartesian AOs              2.7000000000E+001
 Tr(RhoAvg S), spherical AOs              2.7000000000E+001
 max|T RhoAvg T**T - RhoAvg_sao|                  1.67E-015
 max|c(RhoAvg) - c(Rho)|                          4.44E-016
 max|RhoAvg - Rho|                                2.94E-001
 Saved /mnt/storage_6/project_data/pl0415-03/marcin/beyond-rpa/guess/electron-densities/bse/def2-sv(p)/co.txt
 ----------------------------------------------------------------------------
                             SCF for NI (2S+1=3)                             
 ----------------------------------------------------------------------------
 NUMBER OF ATOMS                         1
 CHARGE                                  0
 Prescreening (pq|pq) integrals for the Cholesky decomposition
 Shell pairs will be sorted according to their max elements
 Max diagonal integral MaxDrs=1.7E+001
 Applying Eq. 15 in J. Chem. Phys. 150, 194112 (2019); doi: 10.1063/1.5083802
 Schwarz inequality: Dpq<min(10**(-8),Tau)**2/MaxDrs=5.8E-018
 Trace of exact Coulomb matrix: 6.6E+001
 Trace of discarded integrals: 0.0E+000
 Discarded 0 out of 55 shell pairs
 (0 out of 300 orbital pairs)

 Step 1 of Cholesky decomposition: locating pivots
 -------------------------------------------------
 Dimensions of the Coulomb matrix: (300,300)
 Threshold for diagonal matrix elements: Dpq > 1.0E-007
 Max number of Cholesky vectors: 300
 Rk storage block size: 500
 Max dimension of 2e integrals buffer: (300,300)

 ----------------------------------------------------------------------------
 #    Dmax        Memory (MB)    NPivots     %    Time        
 ----------------------------------------------------------------------------
 1    1.7E-001    1.8E+000       16          7    8.1E-003    
 2    1.4E-003    1.7E+000       101         41   1.2E-002    
 3    1.2E-005    1.3E+000       137         72   7.1E-003    
 4    1.1E-007    5.7E-001       180         99   9.0E-003    
 5    -5.8E-019   1.5E-002       184         100  1.2E-004    

 Step 1 of the Cholesky decomposition completed
 Computed 184 pivots
 Largest residual Dpq: -5.8E-019
 NCholesky/NAO = 7.7E+000
 Step 1 of Cholesky decomposition completed in 3.7E-002 seconds
 Detailed timings in seconds
 Subtract prev contribs I (M-R**T*R)     3.6E-003
 Subtract prev contribs II (Rk)          7.1E-004
 Two-electron integrals                  3.1E-002
 Reallocation                            3.6E-004

 Step 2 of Cholesky decomposition completed in 4.9E-003 seconds
 Detailed timings in seconds
 Reduced-dimension matrix V    4.4E-003
 V=L*L**T                      2.6E-004
 L**(-1)                       2.1E-004

 Full-dimension Cholesky vectors of the Coulomb matrix will be stored in memory
 Cholesky vectors computed in 1.1E-002 seconds

 ┌─────────────────────────────────────────┐
 │          Self-consistent field          │
 └─────────────────────────────────────────┘

 Atomic orbital basis set
 . . . . . . . . . . . . . . . . . . . . . . . . . . . . . . . . . . . . . . 
 atomic centers                               1
 shell parameter sets                         10
 spherical AOs                                24
 max angular momentum                         2
 parameter set                                ../../../../basis-sets/bse/def2-sv(p).txt
 . . . . . . . . . . . . . . . . . . . . . . . . . . . . . . . . . . . . . . 
 SCF guess: bare nuclei Hamiltonian
 Starting self-consistent field iterations (spin-unrestricted)
 Alpha electrons: 15
 Beta electrons: 13
 ----------------------------------------------------------------------------
 Exchange-correlation: Hartree-Fock
 ----------------------------------------------------------------------------
 Replicated-data parallel SCF
 ----------------------------
 Processes                               1
 Threads/process                         16
 Allocated 1.1E-004 GiB of scratch space for the KS matrix build
 ----------------------------------------------------------------------------
 Spherical harmonic basis contains 24 vectors
 Linear independence thresh: Eig(S) > 1.0E-006
 Computations will be carried out in the space of 24 MOs
 Threshold for J, K: |Rho(r,s)*(pq|rs)|,|Rho(q,s)*(pq|rs)| > 1.0E-011
 Convergence conditions
 ----------------------
 RhoDiff < 1.0E-006
 OrbGrad < 1.0E-006
 Max number of macroiters: 1024
 ------------------------------------------------------------------------------
 #           Energy        EDiff    RhoDiff  OrbGrad  OrbShift NStored Time     
 ------------------------------------------------------------------------------
 0        -1173.0443912298                                        0    2.4E-002 
 1        -1500.5908869897           3.6E+00                      0    1.7E-002 
 2        -1506.4020700546 -5.8E+00  4.7E-01  7.2E-01  1.8E+00    1    1.9E-002 
 3        -1506.4800771490 -7.8E-02  1.9E+00  1.7E-01  0.0E+00    2    1.8E-002 
 4        -1506.5507739371 -7.1E-02  7.1E-02  1.8E-01  0.0E+00    3    1.8E-002 
 5        -1506.5602932316 -9.5E-03  1.5E-01  5.5E-02  0.0E+00    4    1.8E-002 
 6        -1506.5612829113 -9.9E-04  3.7E-02  1.7E-02  0.0E+00    5    1.8E-002 
 7        -1506.5616196432 -3.4E-04  1.5E-02  3.8E-03  1.1E-02    6    2.4E-002 
 8        -1506.5619516891 -3.3E-04  3.2E-02  3.7E-03  4.3E-02    7    2.6E-002 
 9        -1506.5620941223 -1.4E-04  3.6E-02  1.8E-03  2.9E-03    8    2.8E-002 
 10       -1506.5621030711 -8.9E-06  1.5E-03  1.8E-03  0.0E+00    8    1.9E-002 
 11       -1506.5621042344 -1.2E-06  7.5E-04  8.9E-04  0.0E+00    8    2.0E-002 
 12       -1506.5621042471 -1.3E-08  1.2E-04  4.6E-05  0.0E+00    8    2.3E-002 
 13       -1506.5621042474 -3.2E-10  1.3E-05  7.9E-06  0.0E+00    8    1.9E-002 
 14       -1506.5621042474 -1.3E-11  1.1E-06  1.9E-06  0.0E+00    8    1.9E-002 
 15       -1506.5621042474 -6.8E-13  2.8E-07  7.6E-07  0.0E+00    8    1.9E-002 
 ------------------------------------------------------------------------------
 SCF converged
 Converged energy                        -1506.562104247403  
 ------------------------------------------------------------------------------
 Ehomo(Alpha) [eV]                       -6.002239598803     
 Elumo(Alpha) [eV]                       5.455617288810      
 Ehomo(Beta) [eV]                        -9.473814629249     
 Elumo(Beta) [eV]                        0.636895881152      

 dipole moment (Debye)
        x              y              z       
      2.221E-014    -3.298E-014    -3.970E-014

 traceless quadrupole moment (Debye*Angs)
                       x              y              z       
 x                  -7.595E-002    -2.021E-001     3.381E-001
 y                  -2.021E-001     1.456E-001     2.003E-001
 z                   3.381E-001     2.003E-001    -6.966E-002

 ----------------------------------------------------------------------------
 Timings (seconds)
 * mean-field hamiltonian     2.8E-001
 * solver (setting up eqns)   4.1E-003
 * solver (energy estimate)   7.1E-003
 * solver (orthogonalization) 8.8E-004
 * solver (rotation matrix X) 3.1E-002
 * solver (exponential of X)  1.7E-003
 * solver (total)             4.6E-002
 * total SCF                  3.3E-001
 Atomic guess: NI, ../../../../basis-sets/bse/def2-sv(p).txt
 -----------------------------------------------------------
 E(HF) [a.u.]                            -1.5065621042E+003
 Tr(RhoAvg S), Cartesian AOs              2.8000000000E+001
 Tr(RhoAvg S), spherical AOs              2.8000000000E+001
 max|T RhoAvg T**T - RhoAvg_sao|                  1.33E-015
 max|c(RhoAvg) - c(Rho)|                          4.44E-016
 max|RhoAvg - Rho|                                2.01E-001
 Saved /mnt/storage_6/project_data/pl0415-03/marcin/beyond-rpa/guess/electron-densities/bse/def2-sv(p)/ni.txt
 ----------------------------------------------------------------------------
                             SCF for CU (2S+1=2)                             
 ----------------------------------------------------------------------------
 NUMBER OF ATOMS                         1
 CHARGE                                  0
 Prescreening (pq|pq) integrals for the Cholesky decomposition
 Shell pairs will be sorted according to their max elements
 Max diagonal integral MaxDrs=1.8E+001
 Applying Eq. 15 in J. Chem. Phys. 150, 194112 (2019); doi: 10.1063/1.5083802
 Schwarz inequality: Dpq<min(10**(-8),Tau)**2/MaxDrs=5.6E-018
 Trace of exact Coulomb matrix: 6.8E+001
 Trace of discarded integrals: 0.0E+000
 Discarded 0 out of 55 shell pairs
 (0 out of 300 orbital pairs)

 Step 1 of Cholesky decomposition: locating pivots
 -------------------------------------------------
 Dimensions of the Coulomb matrix: (300,300)
 Threshold for diagonal matrix elements: Dpq > 1.0E-007
 Max number of Cholesky vectors: 300
 Rk storage block size: 500
 Max dimension of 2e integrals buffer: (300,300)

 ----------------------------------------------------------------------------
 #    Dmax        Memory (MB)    NPivots     %    Time        
 ----------------------------------------------------------------------------
 1    1.7E-001    1.8E+000       17          7    6.1E-003    
 2    1.7E-003    1.7E+000       95          41   1.1E-002    
 3    1.5E-005    1.3E+000       137         73   6.7E-003    
 4    1.4E-007    5.0E-001       178         97   1.2E-003    
 5    2.0E-008    7.1E-002       183         100  2.2E-004    

 Step 1 of the Cholesky decomposition completed
 Computed 183 pivots
 Largest residual Dpq: 2.0E-008
 NCholesky/NAO = 7.6E+000
 Step 1 of Cholesky decomposition completed in 2.6E-002 seconds
 Detailed timings in seconds
 Subtract prev contribs I (M-R**T*R)     9.6E-004
 Subtract prev contribs II (Rk)          1.4E-003
 Two-electron integrals                  2.2E-002
 Reallocation                            5.7E-004

 Step 2 of Cholesky decomposition completed in 4.3E-003 seconds
 Detailed timings in seconds
 Reduced-dimension matrix V    3.7E-003
 V=L*L**T                      3.2E-004
 L**(-1)                       2.5E-004

 Full-dimension Cholesky vectors of the Coulomb matrix will be stored in memory
 Cholesky vectors computed in 7.8E-003 seconds

 ┌─────────────────────────────────────────┐
 │          Self-consistent field          │
 └─────────────────────────────────────────┘

 Atomic orbital basis set
 . . . . . . . . . . . . . . . . . . . . . . . . . . . . . . . . . . . . . . 
 atomic centers                               1
 shell parameter sets                         10
 spherical AOs                                24
 max angular momentum                         2
 parameter set                                ../../../../basis-sets/bse/def2-sv(p).txt
 . . . . . . . . . . . . . . . . . . . . . . . . . . . . . . . . . . . . . . 
 SCF guess: bare nuclei Hamiltonian
 Starting self-consistent field iterations (spin-unrestricted)
 Alpha electrons: 15
 Beta electrons: 14
 ----------------------------------------------------------------------------
 Exchange-correlation: Hartree-Fock
 ----------------------------------------------------------------------------
 Replicated-data parallel SCF
 ----------------------------
 Processes                               1
 Threads/process                         16
 Allocated 1.1E-004 GiB of scratch space for the KS matrix build
 ----------------------------------------------------------------------------
 Spherical harmonic basis contains 24 vectors
 Linear independence thresh: Eig(S) > 1.0E-006
 Computations will be carried out in the space of 24 MOs
 Threshold for J, K: |Rho(r,s)*(pq|rs)|,|Rho(q,s)*(pq|rs)| > 1.0E-011
 Convergence conditions
 ----------------------
 RhoDiff < 1.0E-006
 OrbGrad < 1.0E-006
 Max number of macroiters: 1024
 ------------------------------------------------------------------------------
 #           Energy        EDiff    RhoDiff  OrbGrad  OrbShift NStored Time     
 ------------------------------------------------------------------------------
 0        -1140.1468169978                                        0    2.5E-002 
 1        -1633.5868853930           3.7E+00                      0    1.8E-002 
 2        -1638.6270065661 -5.0E+00  4.8E-01  6.2E-01  1.4E+00    1    1.9E-002 
 3        -1638.6782751083 -5.1E-02  1.3E+00  9.0E-02  0.0E+00    2    1.8E-002 
 4        -1638.6880475138 -9.8E-03  6.8E-01  4.4E-02  0.0E+00    3    1.9E-002 
 5        -1638.6885186544 -4.7E-04  6.5E-03  1.5E-02  0.0E+00    4    1.9E-002 
 6        -1638.6885791580 -6.1E-05  9.2E-03  5.1E-03  0.0E+00    5    1.9E-002 
 7        -1638.6885833363 -4.2E-06  8.2E-04  1.1E-03  0.0E+00    6    1.9E-002 
 8        -1638.6885833425 -6.3E-09  3.4E-05  3.9E-05  0.0E+00    7    1.9E-002 
 9        -1638.6885833440 -1.5E-09  3.2E-05  1.2E-05  0.0E+00    8    1.9E-002 
 10       -1638.6885833447 -6.9E-10  2.5E-05  8.2E-06  0.0E+00    8    2.0E-002 
 11       -1638.6885833452 -4.6E-10  4.0E-05  4.9E-06  0.0E+00    8    2.0E-002 
 12       -1638.6885833452 -1.6E-11  4.3E-06  1.3E-06  0.0E+00    8    1.9E-002 
 13       -1638.6885833452 -2.0E-12  1.8E-06  4.5E-07  0.0E+00    8    1.9E-002 
 Skipping trust radius update
 14       -1638.6885833452  0.0E+00  9.8E-08  5.7E-08  0.0E+00    8    2.0E-002 
 ------------------------------------------------------------------------------
 SCF converged
 Converged energy                        -1638.688583345174  
 ------------------------------------------------------------------------------
 Ehomo(Alpha) [eV]                       -6.275990411609     
 Elumo(Alpha) [eV]                       3.843527461181      
 Ehomo(Beta) [eV]                        -12.811604731355    
 Elumo(Beta) [eV]                        0.481727448423      

 dipole moment (Debye)
        x              y              z       
      2.897E-015     1.161E-014    -4.448E-015

 traceless quadrupole moment (Debye*Angs)
                       x              y              z       
 x                   1.225E-007     6.874E-009     5.176E-010
 y                   6.874E-009     7.629E-009    -2.291E-009
 z                   5.176E-010    -2.291E-009    -1.301E-007

 ----------------------------------------------------------------------------
 Timings (seconds)
 * mean-field hamiltonian     2.6E-001
 * solver (setting up eqns)   3.5E-003
 * solver (energy estimate)   6.2E-003
 * solver (orthogonalization) 7.7E-004
 * solver (rotation matrix X) 7.4E-003
 * solver (exponential of X)  1.5E-003
 * solver (total)             2.0E-002
 * total SCF                  2.9E-001
 Atomic guess: CU, ../../../../basis-sets/bse/def2-sv(p).txt
 -----------------------------------------------------------
 E(HF) [a.u.]                            -1.6386885833E+003
 Tr(RhoAvg S), Cartesian AOs              2.9000000000E+001
 Tr(RhoAvg S), spherical AOs              2.9000000000E+001
 max|T RhoAvg T**T - RhoAvg_sao|                  1.78E-015
 max|c(RhoAvg) - c(Rho)|                          8.88E-016
 max|RhoAvg - Rho|                                4.97E-008
 Saved /mnt/storage_6/project_data/pl0415-03/marcin/beyond-rpa/guess/electron-densities/bse/def2-sv(p)/cu.txt
 ----------------------------------------------------------------------------
                                  SCF for ZN                                 
 ----------------------------------------------------------------------------
 NUMBER OF ATOMS                         1
 CHARGE                                  0
 Prescreening (pq|pq) integrals for the Cholesky decomposition
 Shell pairs will be sorted according to their max elements
 Max diagonal integral MaxDrs=1.9E+001
 Applying Eq. 15 in J. Chem. Phys. 150, 194112 (2019); doi: 10.1063/1.5083802
 Schwarz inequality: Dpq<min(10**(-8),Tau)**2/MaxDrs=5.4E-018
 Trace of exact Coulomb matrix: 7.2E+001
 Trace of discarded integrals: 0.0E+000
 Discarded 0 out of 55 shell pairs
 (0 out of 300 orbital pairs)

 Step 1 of Cholesky decomposition: locating pivots
 -------------------------------------------------
 Dimensions of the Coulomb matrix: (300,300)
 Threshold for diagonal matrix elements: Dpq > 1.0E-007
 Max number of Cholesky vectors: 300
 Rk storage block size: 500
 Max dimension of 2e integrals buffer: (300,300)

 ----------------------------------------------------------------------------
 #    Dmax        Memory (MB)    NPivots     %    Time        
 ----------------------------------------------------------------------------
 1    1.8E-001    1.8E+000       16          7    8.3E-003    
 2    1.6E-003    1.7E+000       101         41   1.2E-002    
 3    1.4E-005    1.3E+000       135         67   5.9E-003    
 4    1.3E-007    6.2E-001       181         99   5.2E-003    
 5    9.9E-019    1.5E-002       185         100  1.2E-004    

 Step 1 of the Cholesky decomposition completed
 Computed 185 pivots
 Largest residual Dpq: 9.9E-019
 NCholesky/NAO = 7.7E+000
 Step 1 of Cholesky decomposition completed in 3.2E-002 seconds
 Detailed timings in seconds
 Subtract prev contribs I (M-R**T*R)     1.1E-003
 Subtract prev contribs II (Rk)          7.2E-004
 Two-electron integrals                  2.9E-002
 Reallocation                            3.7E-004

 Step 2 of Cholesky decomposition completed in 5.1E-003 seconds
 Detailed timings in seconds
 Reduced-dimension matrix V    4.5E-003
 V=L*L**T                      3.4E-004
 L**(-1)                       2.5E-004

 Full-dimension Cholesky vectors of the Coulomb matrix will be stored in memory
 Cholesky vectors computed in 8.0E-003 seconds

 ┌─────────────────────────────────────────┐
 │          Self-consistent field          │
 └─────────────────────────────────────────┘

 Atomic orbital basis set
 . . . . . . . . . . . . . . . . . . . . . . . . . . . . . . . . . . . . . . 
 atomic centers                               1
 shell parameter sets                         10
 spherical AOs                                24
 max angular momentum                         2
 parameter set                                ../../../../basis-sets/bse/def2-sv(p).txt
 . . . . . . . . . . . . . . . . . . . . . . . . . . . . . . . . . . . . . . 
 SCF guess: bare nuclei Hamiltonian
 Starting self-consistent field iterations (spin-restricted singlet)
 Alpha+beta electrons: 30
 ----------------------------------------------------------------------------
 Exchange-correlation: Hartree-Fock
 ----------------------------------------------------------------------------
 Replicated-data parallel SCF
 ----------------------------
 Processes                               1
 Threads/process                         16
 Allocated 5.9E-005 GiB of scratch space for the KS matrix build
 ----------------------------------------------------------------------------
 Spherical harmonic basis contains 24 vectors
 Linear independence thresh: Eig(S) > 1.0E-006
 Computations will be carried out in the space of 24 MOs
 Threshold for J, K: |Rho(r,s)*(pq|rs)|,|Rho(q,s)*(pq|rs)| > 1.0E-011
 Convergence conditions
 ----------------------
 RhoDiff < 1.0E-006
 OrbGrad < 1.0E-006
 Max number of macroiters: 1024
 ------------------------------------------------------------------------------
 #           Energy        EDiff    RhoDiff  OrbGrad  OrbShift NStored Time     
 ------------------------------------------------------------------------------
 0        -1216.5342670234                                        0    9.9E-003 
 1        -1771.5555950656           5.3E+00                      0    3.2E-003 
 2        -1777.3775732639 -5.8E+00  9.5E-01  8.3E-01  1.5E+00    1    3.5E-003 
 3        -1777.5321675452 -1.5E-01  2.6E+00  1.5E-01  0.0E+00    2    3.4E-003 
 4        -1777.5552775791 -2.3E-02  1.0E+00  7.4E-02  0.0E+00    3    3.5E-003 
 5        -1777.5614604182 -6.2E-03  1.4E-01  4.8E-02  0.0E+00    4    3.5E-003 
 6        -1777.5614805548 -2.0E-05  7.5E-03  2.8E-03  0.0E+00    5    3.5E-003 
 7        -1777.5614805963 -4.1E-08  2.5E-04  8.8E-05  0.0E+00    6    3.5E-003 
 8        -1777.5614805966 -3.0E-10  2.2E-05  7.4E-06  0.0E+00    7    3.5E-003 
 9        -1777.5614805966 -1.3E-11  4.2E-06  1.7E-06  0.0E+00    8    3.5E-003 
 10       -1777.5614805966 -4.5E-13  8.2E-07  2.9E-07  0.0E+00    8    3.6E-003 
 ------------------------------------------------------------------------------
 SCF converged
 Converged energy                        -1777.561480596576  
 ------------------------------------------------------------------------------
 Ehomo [eV]                              -7.820452283763     
 Elumo [eV]                              4.889081499113      

 dipole moment (Debye)
        x              y              z       
      4.491E-014    -6.096E-015     3.029E-014

 traceless quadrupole moment (Debye*Angs)
                       x              y              z       
 x                  -2.705E-008    -3.022E-008     1.544E-008
 y                  -3.022E-008     1.186E-007     1.464E-008
 z                   1.544E-008     1.464E-008    -9.157E-008

 ----------------------------------------------------------------------------
 Timings (seconds)
 * mean-field hamiltonian     3.5E-002
 * solver (setting up eqns)   9.5E-004
 * solver (energy estimate)   3.5E-004
 * solver (orthogonalization) 6.4E-005
 * solver (rotation matrix X) 7.3E-004
 * solver (exponential of X)  2.0E-004
 * solver (total)             2.5E-003
 * total SCF                  4.6E-002
 Atomic guess: ZN, ../../../../basis-sets/bse/def2-sv(p).txt
 -----------------------------------------------------------
 E(HF) [a.u.]                            -1.7775614806E+003
 Tr(RhoAvg S), Cartesian AOs              3.0000000000E+001
 Tr(RhoAvg S), spherical AOs              3.0000000000E+001
 max|T RhoAvg T**T - RhoAvg_sao|                  1.78E-015
 max|c(RhoAvg) - c(Rho)|                          1.33E-015
 max|RhoAvg - Rho|                                6.08E-008
 Saved /mnt/storage_6/project_data/pl0415-03/marcin/beyond-rpa/guess/electron-densities/bse/def2-sv(p)/zn.txt
 ----------------------------------------------------------------------------
                             SCF for GA (2S+1=2)                             
 ----------------------------------------------------------------------------
 NUMBER OF ATOMS                         1
 CHARGE                                  0
 Prescreening (pq|pq) integrals for the Cholesky decomposition
 Shell pairs will be sorted according to their max elements
 Max diagonal integral MaxDrs=1.9E+001
 Applying Eq. 15 in J. Chem. Phys. 150, 194112 (2019); doi: 10.1063/1.5083802
 Schwarz inequality: Dpq<min(10**(-8),Tau)**2/MaxDrs=5.2E-018
 Trace of exact Coulomb matrix: 8.3E+001
 Trace of discarded integrals: 0.0E+000
 Discarded 0 out of 78 shell pairs
 (0 out of 528 orbital pairs)

 Step 1 of Cholesky decomposition: locating pivots
 -------------------------------------------------
 Dimensions of the Coulomb matrix: (528,528)
 Threshold for diagonal matrix elements: Dpq > 1.0E-007
 Max number of Cholesky vectors: 480
 Rk storage block size: 500
 Max dimension of 2e integrals buffer: (528,528)

 ----------------------------------------------------------------------------
 #    Dmax        Memory (MB)    NPivots     %    Time        
 ----------------------------------------------------------------------------
 1    1.9E-001    4.0E+000       16          5    9.0E-003    
 2    1.8E-003    3.8E+000       123         35   1.6E-002    
 3    1.7E-005    3.1E+000       177         61   8.9E-003    
 4    1.7E-007    2.1E+000       241         95   1.1E-002    
 5    1.0E-007    2.0E-001       250         100  3.7E-004    

 Step 1 of the Cholesky decomposition completed
 Computed 250 pivots
 Largest residual Dpq: 1.0E-007
 NCholesky/NAO = 7.8E+000
 Step 1 of Cholesky decomposition completed in 4.5E-002 seconds
 Detailed timings in seconds
 Subtract prev contribs I (M-R**T*R)     1.7E-003
 Subtract prev contribs II (Rk)          3.0E-003
 Two-electron integrals                  3.9E-002
 Reallocation                            5.7E-004

 Step 2 of Cholesky decomposition completed in 5.8E-003 seconds
 Detailed timings in seconds
 Reduced-dimension matrix V    4.9E-003
 V=L*L**T                      4.0E-004
 L**(-1)                       5.6E-004

 Full-dimension Cholesky vectors of the Coulomb matrix will be stored in memory
 Cholesky vectors computed in 1.1E-002 seconds

 ┌─────────────────────────────────────────┐
 │          Self-consistent field          │
 └─────────────────────────────────────────┘

 Atomic orbital basis set
 . . . . . . . . . . . . . . . . . . . . . . . . . . . . . . . . . . . . . . 
 atomic centers                               1
 shell parameter sets                         12
 spherical AOs                                32
 max angular momentum                         2
 parameter set                                ../../../../basis-sets/bse/def2-sv(p).txt
 . . . . . . . . . . . . . . . . . . . . . . . . . . . . . . . . . . . . . . 
 SCF guess: bare nuclei Hamiltonian
 Starting self-consistent field iterations (spin-unrestricted)
 Alpha electrons: 16
 Beta electrons: 15
 ----------------------------------------------------------------------------
 Exchange-correlation: Hartree-Fock
 ----------------------------------------------------------------------------
 Replicated-data parallel SCF
 ----------------------------
 Processes                               1
 Threads/process                         16
 Allocated 1.9E-004 GiB of scratch space for the KS matrix build
 ----------------------------------------------------------------------------
 Spherical harmonic basis contains 32 vectors
 Linear independence thresh: Eig(S) > 1.0E-006
 Computations will be carried out in the space of 32 MOs
 Threshold for J, K: |Rho(r,s)*(pq|rs)|,|Rho(q,s)*(pq|rs)| > 1.0E-011
 Convergence conditions
 ----------------------
 RhoDiff < 1.0E-006
 OrbGrad < 1.0E-006
 Max number of macroiters: 1024
 ------------------------------------------------------------------------------
 #           Energy        EDiff    RhoDiff  OrbGrad  OrbShift NStored Time     
 ------------------------------------------------------------------------------
 0        -1172.7006099533                                        0    2.0E-002 
 1        -1912.9041384348           2.7E+00                      0    1.3E-002 
 2        -1920.4406538139 -7.5E+00  4.3E-01  1.2E+00  3.2E+00    1    1.4E-002 
 3        -1922.2717407668 -1.8E+00  5.2E-01  1.1E+00  1.3E+00    2    1.4E-002 
 4        -1922.4871826402 -2.2E-01  7.4E-01  4.1E-01  2.4E-01    3    1.3E-002 
 5        -1922.6095355695 -1.2E-01  1.6E+00  1.0E-01  2.6E-01    4    1.5E-002 
 6        -1922.7469213672 -1.4E-01  1.3E+00  1.5E-01  1.6E-01    5    1.5E-002 
 7        -1922.7682597174 -2.1E-02  2.5E-01  6.8E-02  1.7E-02    6    1.4E-002 
 8        -1922.7688478377 -5.9E-04  3.7E-02  1.6E-02  5.9E-03    7    1.4E-002 
 9        -1922.7688594751 -1.2E-05  6.5E-03  1.5E-03  5.9E-03    8    1.4E-002 
 10       -1922.7688596405 -1.7E-07  5.2E-04  2.5E-04  5.8E-03    8    1.4E-002 
 11       -1922.7688597760 -1.4E-07  8.9E-04  2.9E-05  5.8E-03    8    1.4E-002 
 12       -1922.7688997746 -4.0E-05  1.5E-02  1.5E-04  7.6E-03    8    1.4E-002 
 13       -1922.7690486042 -1.5E-04  1.7E-02  2.8E-03  1.7E-01    8    1.4E-002 
 14       -1922.7693757092 -3.3E-04  1.8E-02  6.0E-03  5.3E-01    8    1.9E-002 
 15       -1922.7699753634 -6.0E-04  2.2E-02  1.0E-02  6.5E-01    8    1.9E-002 
 16       -1922.7709918021 -1.0E-03  2.6E-02  1.5E-02  7.5E-01    8    1.9E-002 
 17       -1922.7726367839 -1.6E-03  3.1E-02  2.1E-02  8.2E-01    8    1.9E-002 
 18       -1922.7752091744 -2.6E-03  4.3E-02  2.7E-02  8.9E-01    8    1.9E-002 
 19       -1922.7791375187 -3.9E-03  6.6E-02  3.5E-02  9.3E-01    8    1.9E-002 
 20       -1922.7850102792 -5.9E-03  9.9E-02  4.4E-02  9.6E-01    8    1.9E-002 
 21       -1922.7936184587 -8.6E-03  1.4E-01  5.5E-02  9.7E-01    8    1.9E-002 
 22       -1922.8059473775 -1.2E-02  2.1E-01  6.6E-02  9.6E-01    8    1.9E-002 
 23       -1922.8231583720 -1.7E-02  2.9E-01  7.8E-02  9.2E-01    8    1.8E-002 
 24       -1922.8462840287 -2.3E-02  3.9E-01  8.9E-02  8.5E-01    8    1.8E-002 
 25       -1922.8757621306 -2.9E-02  5.0E-01  9.8E-02  7.4E-01    8    1.8E-002 
 26       -1922.9103136895 -3.5E-02  5.9E-01  1.0E-01  5.8E-01    8    1.8E-002 
 27       -1922.9451955874 -3.5E-02  6.0E-01  9.3E-02  3.7E-01    8    1.7E-002 
 28       -1922.9701526587 -2.5E-02  4.3E-01  6.9E-02  1.4E-01    8    1.7E-002 
 29       -1922.9741290096 -4.0E-03  1.4E-01  2.7E-02  0.0E+00    8    1.4E-002 
 30       -1922.9741341432 -5.1E-06  3.3E-03  7.7E-04  0.0E+00    8    1.4E-002 
 31       -1922.9741342637 -1.2E-07  3.1E-04  1.2E-04  0.0E+00    8    1.4E-002 
 32       -1922.9741342813 -1.8E-08  1.6E-04  4.3E-05  0.0E+00    8    1.4E-002 
 33       -1922.9741342839 -2.5E-09  2.5E-05  2.0E-05  0.0E+00    8    1.4E-002 
 34       -1922.9741342840 -2.0E-10  1.5E-05  5.2E-06  0.0E+00    8    1.4E-002 
 35       -1922.9741342841 -5.3E-11  1.3E-05  2.5E-06  0.0E+00    8    1.4E-002 
 36       -1922.9741342841 -6.4E-12  5.2E-06  1.1E-06  0.0E+00    8    1.4E-002 
 37       -1922.9741342841 -2.3E-12  2.5E-06  7.0E-07  0.0E+00    8    1.4E-002 
 38       -1922.9741342841  0.0E+00  5.2E-07  3.8E-07  0.0E+00    8    1.4E-002 
 ------------------------------------------------------------------------------
 SCF converged
 Converged energy                        -1922.974134284109  
 ------------------------------------------------------------------------------
 Ehomo(Alpha) [eV]                       -5.828598643564     
 Elumo(Alpha) [eV]                       0.823507096740      
 Ehomo(Beta) [eV]                        -10.645315015236    
 Elumo(Beta) [eV]                        1.138407234969      

 dipole moment (Debye)
        x              y              z       
     -2.937E-008     4.614E-007     2.261E-007

 traceless quadrupole moment (Debye*Angs)
                       x              y              z       
 x                  -1.989E+000     5.282E+000    -2.411E-001
 y                   5.282E+000    -1.529E+000     2.309E-001
 z                  -2.411E-001     2.309E-001     3.518E+000

 ----------------------------------------------------------------------------
 Timings (seconds)
 * mean-field hamiltonian     5.0E-001
 * solver (setting up eqns)   1.0E-002
 * solver (energy estimate)   4.6E-003
 * solver (orthogonalization) 7.0E-004
 * solver (rotation matrix X) 8.6E-002
 * solver (exponential of X)  2.7E-003
 * solver (total)             1.1E-001
 * total SCF                  6.2E-001
 Atomic guess: GA, ../../../../basis-sets/bse/def2-sv(p).txt
 -----------------------------------------------------------
 E(HF) [a.u.]                            -1.9229741343E+003
 Tr(RhoAvg S), Cartesian AOs              3.1000000000E+001
 Tr(RhoAvg S), spherical AOs              3.1000000000E+001
 max|T RhoAvg T**T - RhoAvg_sao|                  1.78E-015
 max|c(RhoAvg) - c(Rho)|                          1.11E-015
 max|RhoAvg - Rho|                                2.47E-001
 Saved /mnt/storage_6/project_data/pl0415-03/marcin/beyond-rpa/guess/electron-densities/bse/def2-sv(p)/ga.txt
 ----------------------------------------------------------------------------
                             SCF for GE (2S+1=3)                             
 ----------------------------------------------------------------------------
 NUMBER OF ATOMS                         1
 CHARGE                                  0
 Prescreening (pq|pq) integrals for the Cholesky decomposition
 Shell pairs will be sorted according to their max elements
 Max diagonal integral MaxDrs=2.0E+001
 Applying Eq. 15 in J. Chem. Phys. 150, 194112 (2019); doi: 10.1063/1.5083802
 Schwarz inequality: Dpq<min(10**(-8),Tau)**2/MaxDrs=5.1E-018
 Trace of exact Coulomb matrix: 8.8E+001
 Trace of discarded integrals: 0.0E+000
 Discarded 0 out of 78 shell pairs
 (0 out of 528 orbital pairs)

 Step 1 of Cholesky decomposition: locating pivots
 -------------------------------------------------
 Dimensions of the Coulomb matrix: (528,528)
 Threshold for diagonal matrix elements: Dpq > 1.0E-007
 Max number of Cholesky vectors: 480
 Rk storage block size: 500
 Max dimension of 2e integrals buffer: (528,528)

 ----------------------------------------------------------------------------
 #    Dmax        Memory (MB)    NPivots     %    Time        
 ----------------------------------------------------------------------------
 1    2.0E-001    4.1E+000       17          6    8.2E-003    
 2    1.8E-003    3.9E+000       123         36   1.8E-002    
 3    1.6E-005    2.9E+000       175         61   7.1E-003    
 4    1.5E-007    2.1E+000       239         97   1.0E-002    
 5    6.6E-008    1.7E-001       248         100  3.6E-004    

 Step 1 of the Cholesky decomposition completed
 Computed 248 pivots
 Largest residual Dpq: 6.6E-008
 NCholesky/NAO = 7.8E+000
 Step 1 of Cholesky decomposition completed in 4.4E-002 seconds
 Detailed timings in seconds
 Subtract prev contribs I (M-R**T*R)     1.7E-003
 Subtract prev contribs II (Rk)          2.0E-003
 Two-electron integrals                  3.9E-002
 Reallocation                            5.2E-004

 Step 2 of Cholesky decomposition completed in 5.6E-003 seconds
 Detailed timings in seconds
 Reduced-dimension matrix V    4.8E-003
 V=L*L**T                      3.4E-004
 L**(-1)                       4.5E-004

 Full-dimension Cholesky vectors of the Coulomb matrix will be stored in memory
 Cholesky vectors computed in 9.8E-003 seconds

 ┌─────────────────────────────────────────┐
 │          Self-consistent field          │
 └─────────────────────────────────────────┘

 Atomic orbital basis set
 . . . . . . . . . . . . . . . . . . . . . . . . . . . . . . . . . . . . . . 
 atomic centers                               1
 shell parameter sets                         12
 spherical AOs                                32
 max angular momentum                         2
 parameter set                                ../../../../basis-sets/bse/def2-sv(p).txt
 . . . . . . . . . . . . . . . . . . . . . . . . . . . . . . . . . . . . . . 
 SCF guess: bare nuclei Hamiltonian
 Starting self-consistent field iterations (spin-unrestricted)
 Alpha electrons: 17
 Beta electrons: 15
 ----------------------------------------------------------------------------
 Exchange-correlation: Hartree-Fock
 ----------------------------------------------------------------------------
 Replicated-data parallel SCF
 ----------------------------
 Processes                               1
 Threads/process                         16
 Allocated 1.9E-004 GiB of scratch space for the KS matrix build
 ----------------------------------------------------------------------------
 Spherical harmonic basis contains 32 vectors
 Linear independence thresh: Eig(S) > 1.0E-006
 Computations will be carried out in the space of 32 MOs
 Threshold for J, K: |Rho(r,s)*(pq|rs)|,|Rho(q,s)*(pq|rs)| > 1.0E-011
 Convergence conditions
 ----------------------
 RhoDiff < 1.0E-006
 OrbGrad < 1.0E-006
 Max number of macroiters: 1024
 ------------------------------------------------------------------------------
 #           Energy        EDiff    RhoDiff  OrbGrad  OrbShift NStored Time     
 ------------------------------------------------------------------------------
 0        -1252.3113906623                                        0    2.2E-002 
 1        -2061.5761730978           2.9E+00                      0    1.5E-002 
 2        -2070.8764098027 -9.3E+00  6.3E-01  1.4E+00  3.8E+00    1    1.5E-002 
 3        -2073.6855100626 -2.8E+00  7.0E-01  1.2E+00  1.4E+00    2    1.5E-002 
 4        -2073.9338289838 -2.5E-01  6.6E-01  4.6E-01  2.9E-01    3    1.4E-002 
 5        -2074.0021007137 -6.8E-02  5.0E-01  1.0E-01  2.9E-01    4    1.4E-002 
 6        -2074.1079224546 -1.1E-01  1.4E+00  9.4E-02  3.1E-01    5    1.5E-002 
 7        -2074.1929009290 -8.5E-02  1.2E+00  1.2E-01  2.8E-01    6    1.4E-002 
 8        -2074.2154272130 -2.3E-02  3.4E-01  8.1E-02  2.7E-01    7    1.4E-002 
 9        -2074.2239155431 -8.5E-03  1.4E-01  4.3E-02  2.7E-01    8    1.4E-002 
 10       -2074.2260793615 -2.2E-03  7.5E-02  3.6E-02  2.7E-01    8    1.4E-002 
 11       -2074.2263003622 -2.2E-04  4.7E-02  4.0E-02  2.7E-01    8    1.4E-002 
 12       -2074.2705271472 -4.4E-02  8.0E-02  3.8E-02  4.4E-01    8    1.5E-002 
 13       -2074.3785625709 -1.1E-01  8.9E-02  1.5E-01  1.0E+00    8    2.0E-002 
 14       -2074.5457000220 -1.7E-01  1.4E-01  2.4E-01  1.0E+00    8    2.0E-002 
 15       -2074.7151567088 -1.7E-01  1.5E-01  2.6E-01  5.9E-01    8    1.9E-002 
 16       -2074.7682683481 -5.3E-02  1.2E-01  1.4E-01  5.9E-02    8    1.4E-002 
 17       -2074.7870943960 -1.9E-02  3.2E-01  1.6E-02  5.5E-02    8    1.4E-002 
 18       -2074.9427246217 -1.6E-01  2.0E+00  7.1E-02  1.2E-01    8    1.5E-002 
 19       -2075.0519004300 -1.1E-01  1.4E+00  1.4E-01  1.1E-01    8    1.8E-002 
 20       -2075.0574583343 -5.6E-03  1.2E-01  3.0E-02  0.0E+00    8    1.4E-002 
 21       -2075.0579472185 -4.9E-04  1.3E-02  1.3E-02  0.0E+00    8    1.4E-002 
 22       -2075.0580399036 -9.3E-05  6.7E-03  5.9E-03  0.0E+00    8    1.4E-002 
 23       -2075.0580459378 -6.0E-06  2.3E-03  6.1E-04  0.0E+00    8    1.4E-002 
 24       -2075.0580485518 -2.6E-06  1.5E-03  3.7E-04  0.0E+00    8    1.4E-002 
 25       -2075.0580489142 -3.6E-07  5.8E-04  1.3E-04  0.0E+00    8    1.4E-002 
 26       -2075.0580489537 -4.0E-08  1.8E-04  4.7E-05  0.0E+00    8    1.4E-002 
 27       -2075.0580489608 -7.1E-09  5.3E-05  2.1E-05  0.0E+00    8    1.4E-002 
 28       -2075.0580489611 -3.3E-10  2.0E-05  4.6E-06  0.0E+00    8    1.4E-002 
 29       -2075.0580489611 -1.9E-11  4.1E-06  9.3E-07  0.0E+00    8    1.4E-002 
 30       -2075.0580489611 -4.5E-13  7.2E-07  1.7E-07  0.0E+00    8    1.4E-002 
 ------------------------------------------------------------------------------
 SCF converged
 Converged energy                        -2075.058048961133  
 ------------------------------------------------------------------------------
 Ehomo(Alpha) [eV]                       -7.882920881351     
 Elumo(Alpha) [eV]                       -0.018230228796     
 Ehomo(Beta) [eV]                        -12.924420338513    
 Elumo(Beta) [eV]                        0.719069233287      

 dipole moment (Debye)
        x              y              z       
      3.476E-007    -5.660E-007     7.470E-008

 traceless quadrupole moment (Debye*Angs)
                       x              y              z       
 x                   3.005E+000     2.090E+000    -2.569E+000
 y                   2.090E+000    -1.705E+000    -9.752E-001
 z                  -2.569E+000    -9.752E-001    -1.300E+000

 ----------------------------------------------------------------------------
 Timings (seconds)
 * mean-field hamiltonian     4.1E-001
 * solver (setting up eqns)   9.0E-003
 * solver (energy estimate)   3.5E-003
 * solver (orthogonalization) 5.3E-004
 * solver (rotation matrix X) 3.0E-002
 * solver (exponential of X)  2.1E-003
 * solver (total)             4.7E-002
 * total SCF                  4.7E-001
 Atomic guess: GE, ../../../../basis-sets/bse/def2-sv(p).txt
 -----------------------------------------------------------
 E(HF) [a.u.]                            -2.0750580490E+003
 Tr(RhoAvg S), Cartesian AOs              3.2000000000E+001
 Tr(RhoAvg S), spherical AOs              3.2000000000E+001
 max|T RhoAvg T**T - RhoAvg_sao|                  2.22E-015
 max|c(RhoAvg) - c(Rho)|                          1.33E-015
 max|RhoAvg - Rho|                                1.70E-001
 Saved /mnt/storage_6/project_data/pl0415-03/marcin/beyond-rpa/guess/electron-densities/bse/def2-sv(p)/ge.txt
 ----------------------------------------------------------------------------
                             SCF for AS (2S+1=4)                             
 ----------------------------------------------------------------------------
 NUMBER OF ATOMS                         1
 CHARGE                                  0
 Prescreening (pq|pq) integrals for the Cholesky decomposition
 Shell pairs will be sorted according to their max elements
 Max diagonal integral MaxDrs=2.0E+001
 Applying Eq. 15 in J. Chem. Phys. 150, 194112 (2019); doi: 10.1063/1.5083802
 Schwarz inequality: Dpq<min(10**(-8),Tau)**2/MaxDrs=4.9E-018
 Trace of exact Coulomb matrix: 9.3E+001
 Trace of discarded integrals: 0.0E+000
 Discarded 0 out of 78 shell pairs
 (0 out of 528 orbital pairs)

 Step 1 of Cholesky decomposition: locating pivots
 -------------------------------------------------
 Dimensions of the Coulomb matrix: (528,528)
 Threshold for diagonal matrix elements: Dpq > 1.0E-007
 Max number of Cholesky vectors: 480
 Rk storage block size: 500
 Max dimension of 2e integrals buffer: (528,528)

 ----------------------------------------------------------------------------
 #    Dmax        Memory (MB)    NPivots     %    Time        
 ----------------------------------------------------------------------------
 1    2.0E-001    4.1E+000       17          6    7.7E-003    
 2    2.0E-003    3.9E+000       119         35   1.9E-002    
 3    1.6E-005    3.0E+000       175         60   6.0E-003    
 4    1.6E-007    2.1E+000       235         95   1.1E-002    
 5    5.5E-008    2.4E-001       248         100  6.2E-004    

 Step 1 of the Cholesky decomposition completed
 Computed 248 pivots
 Largest residual Dpq: 5.5E-008
 NCholesky/NAO = 7.8E+000
 Step 1 of Cholesky decomposition completed in 4.5E-002 seconds
 Detailed timings in seconds
 Subtract prev contribs I (M-R**T*R)     2.6E-003
 Subtract prev contribs II (Rk)          2.1E-003
 Two-electron integrals                  3.8E-002
 Reallocation                            9.1E-004

 Step 2 of Cholesky decomposition completed in 5.6E-003 seconds
 Detailed timings in seconds
 Reduced-dimension matrix V    4.8E-003
 V=L*L**T                      3.6E-004
 L**(-1)                       4.4E-004

 Full-dimension Cholesky vectors of the Coulomb matrix will be stored in memory
 Cholesky vectors computed in 9.2E-003 seconds

 ┌─────────────────────────────────────────┐
 │          Self-consistent field          │
 └─────────────────────────────────────────┘

 Atomic orbital basis set
 . . . . . . . . . . . . . . . . . . . . . . . . . . . . . . . . . . . . . . 
 atomic centers                               1
 shell parameter sets                         12
 spherical AOs                                32
 max angular momentum                         2
 parameter set                                ../../../../basis-sets/bse/def2-sv(p).txt
 . . . . . . . . . . . . . . . . . . . . . . . . . . . . . . . . . . . . . . 
 SCF guess: bare nuclei Hamiltonian
 Starting self-consistent field iterations (spin-unrestricted)
 Alpha electrons: 18
 Beta electrons: 15
 ----------------------------------------------------------------------------
 Exchange-correlation: Hartree-Fock
 ----------------------------------------------------------------------------
 Replicated-data parallel SCF
 ----------------------------
 Processes                               1
 Threads/process                         16
 Allocated 1.9E-004 GiB of scratch space for the KS matrix build
 ----------------------------------------------------------------------------
 Spherical harmonic basis contains 32 vectors
 Linear independence thresh: Eig(S) > 1.0E-006
 Computations will be carried out in the space of 32 MOs
 Threshold for J, K: |Rho(r,s)*(pq|rs)|,|Rho(q,s)*(pq|rs)| > 1.0E-011
 Convergence conditions
 ----------------------
 RhoDiff < 1.0E-006
 OrbGrad < 1.0E-006
 Max number of macroiters: 1024
 ------------------------------------------------------------------------------
 #           Energy        EDiff    RhoDiff  OrbGrad  OrbShift NStored Time     
 ------------------------------------------------------------------------------
 0        -1336.1793836739                                        0    2.2E-002 
 1        -2216.5316516414           3.0E+00                      0    1.4E-002 
 2        -2227.9166324016 -1.1E+01  6.8E-01  1.7E+00  4.4E+00    1    1.4E-002 
 3        -2231.6690827674 -3.8E+00  8.5E-01  1.4E+00  1.5E+00    2    1.4E-002 
 4        -2231.9516229846 -2.8E-01  6.2E-01  5.0E-01  4.0E-01    3    1.4E-002 
 5        -2232.0019216120 -5.0E-02  3.4E-01  1.1E-01  3.9E-01    4    1.4E-002 
 6        -2232.0437391141 -4.2E-02  5.2E-01  6.1E-02  3.9E-01    5    1.4E-002 
 7        -2232.1317783450 -8.8E-02  1.3E+00  1.0E-01  4.4E-01    6    1.6E-002 
 8        -2232.2148772751 -8.3E-02  1.3E+00  1.3E-01  3.6E-01    7    1.4E-002 
 9        -2232.2665579100 -5.2E-02  4.3E-01  9.3E-02  3.5E-01    8    1.4E-002 
 10       -2232.4797816741 -2.1E-01  2.8E-01  1.2E-01  8.7E-01    8    2.0E-002 
 11       -2232.8109418811 -3.3E-01  4.5E-01  3.1E-01  8.0E-01    8    2.0E-002 
 12       -2233.1808413837 -3.7E-01  2.6E-01  2.2E-01  4.4E-01    8    1.9E-002 
 13       -2233.5955762571 -4.1E-01  7.6E-01  3.0E-01  4.0E-01    8    1.9E-002 
 14       -2233.8979696396 -3.0E-01  2.8E+00  1.6E-01  2.0E-01    8    1.9E-002 
 15       -2233.9147633719 -1.7E-02  1.7E-01  6.3E-02  0.0E+00    8    1.4E-002 
 16       -2233.9167078327 -1.9E-03  5.9E-02  1.8E-02  0.0E+00    8    1.4E-002 
 17       -2233.9168402422 -1.3E-04  6.9E-03  5.3E-03  0.0E+00    8    1.4E-002 
 18       -2233.9169089987 -6.9E-05  4.9E-03  3.9E-03  0.0E+00    8    1.4E-002 
 19       -2233.9169217326 -1.3E-05  2.4E-03  1.4E-03  0.0E+00    8    1.6E-002 
 20       -2233.9169219746 -2.4E-07  4.5E-04  1.6E-04  0.0E+00    8    1.4E-002 
 21       -2233.9169219888 -1.4E-08  1.1E-04  3.7E-05  0.0E+00    8    1.4E-002 
 22       -2233.9169219898 -9.2E-10  1.2E-05  9.6E-06  0.0E+00    8    1.4E-002 
 23       -2233.9169219901 -3.7E-10  1.1E-05  6.5E-06  0.0E+00    8    1.4E-002 
 24       -2233.9169219902 -7.6E-11  6.5E-06  2.5E-06  0.0E+00    8    1.4E-002 
 25       -2233.9169219902 -7.7E-12  1.8E-06  8.0E-07  0.0E+00    8    1.4E-002 
 Skipping trust radius update
 26       -2233.9169219902  0.0E+00  1.8E-07  1.1E-07  0.0E+00    8    1.4E-002 
 ------------------------------------------------------------------------------
 SCF converged
 Converged energy                        -2233.916921990202  
 ------------------------------------------------------------------------------
 Ehomo(Alpha) [eV]                       -10.020144980899    
 Elumo(Alpha) [eV]                       8.261681068284      
 Ehomo(Beta) [eV]                        -14.990923697438    
 Elumo(Beta) [eV]                        1.602828412594      

 dipole moment (Debye)
        x              y              z       
      9.441E-008     2.004E-007     9.442E-008

 traceless quadrupole moment (Debye*Angs)
                       x              y              z       
 x                  -2.867E-007     2.234E-008     1.318E-008
 y                   2.234E-008     1.824E-007     7.416E-008
 z                   1.318E-008     7.416E-008     1.043E-007

 ----------------------------------------------------------------------------
 Timings (seconds)
 * mean-field hamiltonian     3.6E-001
 * solver (setting up eqns)   7.6E-003
 * solver (energy estimate)   2.9E-003
 * solver (orthogonalization) 4.7E-004
 * solver (rotation matrix X) 3.4E-002
 * solver (exponential of X)  1.9E-003
 * solver (total)             4.8E-002
 * total SCF                  4.2E-001
 Atomic guess: AS, ../../../../basis-sets/bse/def2-sv(p).txt
 -----------------------------------------------------------
 E(HF) [a.u.]                            -2.2339169220E+003
 Tr(RhoAvg S), Cartesian AOs              3.3000000000E+001
 Tr(RhoAvg S), spherical AOs              3.3000000000E+001
 max|T RhoAvg T**T - RhoAvg_sao|                  1.55E-015
 max|c(RhoAvg) - c(Rho)|                          4.44E-016
 max|RhoAvg - Rho|                                1.35E-007
 Saved /mnt/storage_6/project_data/pl0415-03/marcin/beyond-rpa/guess/electron-densities/bse/def2-sv(p)/as.txt
 ----------------------------------------------------------------------------
                             SCF for SE (2S+1=3)                             
 ----------------------------------------------------------------------------
 NUMBER OF ATOMS                         1
 CHARGE                                  0
 Prescreening (pq|pq) integrals for the Cholesky decomposition
 Shell pairs will be sorted according to their max elements
 Max diagonal integral MaxDrs=2.1E+001
 Applying Eq. 15 in J. Chem. Phys. 150, 194112 (2019); doi: 10.1063/1.5083802
 Schwarz inequality: Dpq<min(10**(-8),Tau)**2/MaxDrs=4.8E-018
 Trace of exact Coulomb matrix: 9.8E+001
 Trace of discarded integrals: 0.0E+000
 Discarded 0 out of 78 shell pairs
 (0 out of 528 orbital pairs)

 Step 1 of Cholesky decomposition: locating pivots
 -------------------------------------------------
 Dimensions of the Coulomb matrix: (528,528)
 Threshold for diagonal matrix elements: Dpq > 1.0E-007
 Max number of Cholesky vectors: 480
 Rk storage block size: 500
 Max dimension of 2e integrals buffer: (528,528)

 ----------------------------------------------------------------------------
 #    Dmax        Memory (MB)    NPivots     %    Time        
 ----------------------------------------------------------------------------
 1    2.1E-001    4.1E+000       17          6    7.8E-003    
 2    2.1E-003    3.9E+000       119         35   1.9E-002    
 3    1.7E-005    3.0E+000       175         62   5.8E-003    
 4    1.6E-007    2.1E+000       235         96   8.0E-003    
 5    9.1E-008    2.6E-001       241         100  3.7E-004    

 Step 1 of the Cholesky decomposition completed
 Computed 241 pivots
 Largest residual Dpq: 9.1E-008
 NCholesky/NAO = 7.5E+000
 Step 1 of Cholesky decomposition completed in 4.2E-002 seconds
 Detailed timings in seconds
 Subtract prev contribs I (M-R**T*R)     1.6E-003
 Subtract prev contribs II (Rk)          1.9E-003
 Two-electron integrals                  3.6E-002
 Reallocation                            7.2E-004

 Step 2 of Cholesky decomposition completed in 5.9E-003 seconds
 Detailed timings in seconds
 Reduced-dimension matrix V    4.9E-003
 V=L*L**T                      4.5E-004
 L**(-1)                       4.9E-004

 Full-dimension Cholesky vectors of the Coulomb matrix will be stored in memory
 Cholesky vectors computed in 9.6E-003 seconds

 ┌─────────────────────────────────────────┐
 │          Self-consistent field          │
 └─────────────────────────────────────────┘

 Atomic orbital basis set
 . . . . . . . . . . . . . . . . . . . . . . . . . . . . . . . . . . . . . . 
 atomic centers                               1
 shell parameter sets                         12
 spherical AOs                                32
 max angular momentum                         2
 parameter set                                ../../../../basis-sets/bse/def2-sv(p).txt
 . . . . . . . . . . . . . . . . . . . . . . . . . . . . . . . . . . . . . . 
 SCF guess: bare nuclei Hamiltonian
 Starting self-consistent field iterations (spin-unrestricted)
 Alpha electrons: 18
 Beta electrons: 16
 ----------------------------------------------------------------------------
 Exchange-correlation: Hartree-Fock
 ----------------------------------------------------------------------------
 Replicated-data parallel SCF
 ----------------------------
 Processes                               1
 Threads/process                         16
 Allocated 1.9E-004 GiB of scratch space for the KS matrix build
 ----------------------------------------------------------------------------
 Spherical harmonic basis contains 32 vectors
 Linear independence thresh: Eig(S) > 1.0E-006
 Computations will be carried out in the space of 32 MOs
 Threshold for J, K: |Rho(r,s)*(pq|rs)|,|Rho(q,s)*(pq|rs)| > 1.0E-011
 Convergence conditions
 ----------------------
 RhoDiff < 1.0E-006
 OrbGrad < 1.0E-006
 Max number of macroiters: 1024
 ------------------------------------------------------------------------------
 #           Energy        EDiff    RhoDiff  OrbGrad  OrbShift NStored Time     
 ------------------------------------------------------------------------------
 0        -1425.4150456644                                        0    2.1E-002 
 1        -2377.6116119520           3.1E+00                      0    1.3E-002 
 2        -2391.0810528953 -1.3E+01  7.1E-01  2.0E+00  5.2E+00    1    1.4E-002 
 3        -2396.2368240125 -5.2E+00  8.8E-01  1.6E+00  1.8E+00    2    1.4E-002 
 4        -2396.5743523364 -3.4E-01  5.2E-01  5.5E-01  4.9E-01    3    1.4E-002 
 5        -2396.6474774870 -7.3E-02  2.8E-01  1.2E-01  4.8E-01    4    1.4E-002 
 6        -2396.7676157314 -1.2E-01  8.0E-01  8.7E-02  4.6E-01    5    1.4E-002 
 7        -2396.9474378415 -1.8E-01  1.5E+00  1.3E-01  4.5E-01    6    1.4E-002 
 8        -2397.0662852366 -1.2E-01  8.5E-01  1.2E-01  4.3E-01    7    1.4E-002 
 9        -2397.2277463084 -1.6E-01  3.8E-01  8.7E-02  4.0E-01    8    1.4E-002 
 10       -2398.0693660642 -8.4E-01  4.0E-01  2.3E-01  9.3E-01    8    2.0E-002 
 11       -2398.9657052624 -9.0E-01  2.4E+00  3.5E-01  3.8E-01    8    1.9E-002 
 12       -2399.4895051433 -5.2E-01  3.2E+00  2.3E-01  2.7E-01    8    1.9E-002 
 13       -2399.5271994694 -3.8E-02  2.9E-01  9.1E-02  0.0E+00    8    1.4E-002 
 14       -2399.5293994898 -2.2E-03  3.7E-02  2.0E-02  0.0E+00    8    1.4E-002 
 15       -2399.5296565129 -2.6E-04  1.0E-02  6.5E-03  0.0E+00    8    1.4E-002 
 16       -2399.5297144268 -5.8E-05  6.2E-03  4.2E-03  0.0E+00    8    1.4E-002 
 17       -2399.5297267696 -1.2E-05  1.9E-03  2.1E-03  0.0E+00    8    1.4E-002 
 18       -2399.5297278443 -1.1E-06  6.4E-04  3.0E-04  0.0E+00    8    1.4E-002 
 19       -2399.5297278960 -5.2E-08  1.5E-04  6.2E-05  0.0E+00    8    1.4E-002 
 20       -2399.5297278977 -1.7E-09  2.2E-05  1.2E-05  0.0E+00    8    1.4E-002 
 21       -2399.5297278978 -1.2E-10  7.2E-06  2.5E-06  0.0E+00    8    1.4E-002 
 22       -2399.5297278978 -9.1E-12  1.3E-06  1.1E-06  0.0E+00    8    1.4E-002 
 23       -2399.5297278978 -9.1E-13  2.2E-07  2.4E-07  0.0E+00    8    1.4E-002 
 ------------------------------------------------------------------------------
 SCF converged
 Converged energy                        -2399.529727897835  
 ------------------------------------------------------------------------------
 Ehomo(Alpha) [eV]                       -10.348587122663    
 Elumo(Alpha) [eV]                       10.073025321234     
 Ehomo(Beta) [eV]                        -9.291686923398     
 Elumo(Beta) [eV]                        0.338971255962      

 dipole moment (Debye)
        x              y              z       
      5.554E-008    -2.280E-007     9.828E-008

 traceless quadrupole moment (Debye*Angs)
                       x              y              z       
 x                  -5.851E-001    -1.398E+000    -2.181E+000
 y                  -1.398E+000     8.964E-001    -1.313E+000
 z                  -2.181E+000    -1.313E+000    -3.113E-001

 ----------------------------------------------------------------------------
 Timings (seconds)
 * mean-field hamiltonian     3.2E-001
 * solver (setting up eqns)   6.4E-003
 * solver (energy estimate)   2.5E-003
 * solver (orthogonalization) 4.1E-004
 * solver (rotation matrix X) 2.1E-002
 * solver (exponential of X)  1.6E-003
 * solver (total)             3.3E-002
 * total SCF                  3.7E-001
 Atomic guess: SE, ../../../../basis-sets/bse/def2-sv(p).txt
 -----------------------------------------------------------
 E(HF) [a.u.]                            -2.3995297279E+003
 Tr(RhoAvg S), Cartesian AOs              3.4000000000E+001
 Tr(RhoAvg S), spherical AOs              3.4000000000E+001
 max|T RhoAvg T**T - RhoAvg_sao|                  1.78E-015
 max|c(RhoAvg) - c(Rho)|                          1.11E-015
 max|RhoAvg - Rho|                                1.82E-001
 Saved /mnt/storage_6/project_data/pl0415-03/marcin/beyond-rpa/guess/electron-densities/bse/def2-sv(p)/se.txt
 ----------------------------------------------------------------------------
                             SCF for BR (2S+1=2)                             
 ----------------------------------------------------------------------------
 NUMBER OF ATOMS                         1
 CHARGE                                  0
 Prescreening (pq|pq) integrals for the Cholesky decomposition
 Shell pairs will be sorted according to their max elements
 Max diagonal integral MaxDrs=2.2E+001
 Applying Eq. 15 in J. Chem. Phys. 150, 194112 (2019); doi: 10.1063/1.5083802
 Schwarz inequality: Dpq<min(10**(-8),Tau)**2/MaxDrs=4.6E-018
 Trace of exact Coulomb matrix: 1.0E+002
 Trace of discarded integrals: 0.0E+000
 Discarded 0 out of 78 shell pairs
 (0 out of 528 orbital pairs)

 Step 1 of Cholesky decomposition: locating pivots
 -------------------------------------------------
 Dimensions of the Coulomb matrix: (528,528)
 Threshold for diagonal matrix elements: Dpq > 1.0E-007
 Max number of Cholesky vectors: 480
 Rk storage block size: 500
 Max dimension of 2e integrals buffer: (528,528)

 ----------------------------------------------------------------------------
 #    Dmax        Memory (MB)    NPivots     %    Time        
 ----------------------------------------------------------------------------
 1    1.9E-001    4.1E+000       19          6    8.8E-003    
 2    1.7E-003    3.8E+000       125         38   1.4E-002    
 3    1.7E-005    3.0E+000       175         63   8.0E-003    
 4    1.6E-007    2.2E+000       233         96   7.4E-003    
 5    8.8E-008    2.8E-001       241         100  5.1E-004    

 Step 1 of the Cholesky decomposition completed
 Computed 241 pivots
 Largest residual Dpq: 8.8E-008
 NCholesky/NAO = 7.5E+000
 Step 1 of Cholesky decomposition completed in 3.9E-002 seconds
 Detailed timings in seconds
 Subtract prev contribs I (M-R**T*R)     1.6E-003
 Subtract prev contribs II (Rk)          2.1E-003
 Two-electron integrals                  3.3E-002
 Reallocation                            1.4E-003

 Step 2 of Cholesky decomposition completed in 5.3E-003 seconds
 Detailed timings in seconds
 Reduced-dimension matrix V    4.4E-003
 V=L*L**T                      4.2E-004
 L**(-1)                       5.0E-004

 Full-dimension Cholesky vectors of the Coulomb matrix will be stored in memory
 Cholesky vectors computed in 8.3E-003 seconds

 ┌─────────────────────────────────────────┐
 │          Self-consistent field          │
 └─────────────────────────────────────────┘

 Atomic orbital basis set
 . . . . . . . . . . . . . . . . . . . . . . . . . . . . . . . . . . . . . . 
 atomic centers                               1
 shell parameter sets                         12
 spherical AOs                                32
 max angular momentum                         2
 parameter set                                ../../../../basis-sets/bse/def2-sv(p).txt
 . . . . . . . . . . . . . . . . . . . . . . . . . . . . . . . . . . . . . . 
 SCF guess: bare nuclei Hamiltonian
 Starting self-consistent field iterations (spin-unrestricted)
 Alpha electrons: 18
 Beta electrons: 17
 ----------------------------------------------------------------------------
 Exchange-correlation: Hartree-Fock
 ----------------------------------------------------------------------------
 Replicated-data parallel SCF
 ----------------------------
 Processes                               1
 Threads/process                         16
 Allocated 1.9E-004 GiB of scratch space for the KS matrix build
 ----------------------------------------------------------------------------
 Spherical harmonic basis contains 32 vectors
 Linear independence thresh: Eig(S) > 1.0E-006
 Computations will be carried out in the space of 32 MOs
 Threshold for J, K: |Rho(r,s)*(pq|rs)|,|Rho(q,s)*(pq|rs)| > 1.0E-011
 Convergence conditions
 ----------------------
 RhoDiff < 1.0E-006
 OrbGrad < 1.0E-006
 Max number of macroiters: 1024
 ------------------------------------------------------------------------------
 #           Energy        EDiff    RhoDiff  OrbGrad  OrbShift NStored Time     
 ------------------------------------------------------------------------------
 0        -1519.0752649199                                        0    2.1E-002 
 1        -2555.4534691783           3.2E+00                      0    1.4E-002 
 2        -2567.0508832018 -1.2E+01  7.0E-01  2.2E+00  5.3E+00    1    1.5E-002 
 3        -2570.4903509136 -3.4E+00  1.0E+00  1.7E+00  1.6E+00    2    1.4E-002 
 4        -2571.1988274356 -7.1E-01  7.4E-01  3.6E-01  4.7E-01    3    1.4E-002 
 5        -2571.2759210621 -7.7E-02  2.1E-01  1.4E-01  4.3E-01    4    1.4E-002 
 6        -2571.2917691246 -1.6E-02  7.0E-02  4.5E-02  4.2E-01    5    1.5E-002 
 7        -2571.3215301632 -3.0E-02  1.7E-01  4.7E-02  4.0E-01    6    1.4E-002 
 8        -2571.4474083158 -1.3E-01  2.8E-01  5.1E-02  3.8E-01    7    1.8E-002 
 9        -2571.7311721617 -2.8E-01  3.4E-01  2.3E-01  1.0E+00    8    1.9E-002 
 10       -2572.0463536016 -3.2E-01  3.5E-01  3.2E-01  6.2E-01    8    1.9E-002 
 11       -2572.0816851085 -3.5E-02  1.4E-01  1.1E-01  0.0E+00    8    1.5E-002 
 12       -2572.0821684234 -4.8E-04  8.8E-03  8.2E-03  0.0E+00    8    1.5E-002 
 13       -2572.0821968834 -2.8E-05  3.4E-03  1.6E-03  0.0E+00    8    1.5E-002 
 14       -2572.0821999649 -3.1E-06  7.7E-04  5.9E-04  0.0E+00    8    1.5E-002 
 15       -2572.0822003196 -3.5E-07  2.5E-04  2.7E-04  0.0E+00    8    1.5E-002 
 16       -2572.0822003557 -3.6E-08  1.0E-04  6.3E-05  0.0E+00    8    1.5E-002 
 17       -2572.0822003593 -3.6E-09  2.2E-05  3.5E-05  0.0E+00    8    1.5E-002 
 18       -2572.0822003598 -4.6E-10  7.5E-06  1.1E-05  0.0E+00    8    1.5E-002 
 19       -2572.0822003598 -1.2E-11  9.5E-07  1.2E-06  0.0E+00    8    1.5E-002 
 20       -2572.0822003598 -9.1E-13  4.2E-07  3.7E-07  0.0E+00    8    1.5E-002 
 ------------------------------------------------------------------------------
 SCF converged
 Converged energy                        -2572.082200359771  
 ------------------------------------------------------------------------------
 Ehomo(Alpha) [eV]                       -12.219116871888    
 Elumo(Alpha) [eV]                       12.135925958414     
 Ehomo(Beta) [eV]                        -11.629322716758    
 Elumo(Beta) [eV]                        -1.056559442274     

 dipole moment (Debye)
        x              y              z       
     -6.583E-010    -3.252E-008    -4.676E-008

 traceless quadrupole moment (Debye*Angs)
                       x              y              z       
 x                  -1.374E-001    -1.261E+000    -1.506E+000
 y                  -1.261E+000    -1.941E-001     1.472E+000
 z                  -1.506E+000     1.472E+000     3.315E-001

 ----------------------------------------------------------------------------
 Timings (seconds)
 * mean-field hamiltonian     2.9E-001
 * solver (setting up eqns)   6.0E-003
 * solver (energy estimate)   2.1E-003
 * solver (orthogonalization) 3.6E-004
 * solver (rotation matrix X) 1.7E-002
 * solver (exponential of X)  1.4E-003
 * solver (total)             2.7E-002
 * total SCF                  3.3E-001
 Atomic guess: BR, ../../../../basis-sets/bse/def2-sv(p).txt
 -----------------------------------------------------------
 E(HF) [a.u.]                            -2.5720822004E+003
 Tr(RhoAvg S), Cartesian AOs              3.5000000000E+001
 Tr(RhoAvg S), spherical AOs              3.5000000000E+001
 max|T RhoAvg T**T - RhoAvg_sao|                  1.78E-015
 max|c(RhoAvg) - c(Rho)|                          8.88E-016
 max|RhoAvg - Rho|                                1.43E-001
 Saved /mnt/storage_6/project_data/pl0415-03/marcin/beyond-rpa/guess/electron-densities/bse/def2-sv(p)/br.txt
 ----------------------------------------------------------------------------
                                  SCF for KR                                 
 ----------------------------------------------------------------------------
 NUMBER OF ATOMS                         1
 CHARGE                                  0
 Prescreening (pq|pq) integrals for the Cholesky decomposition
 Shell pairs will be sorted according to their max elements
 Max diagonal integral MaxDrs=2.2E+001
 Applying Eq. 15 in J. Chem. Phys. 150, 194112 (2019); doi: 10.1063/1.5083802
 Schwarz inequality: Dpq<min(10**(-8),Tau)**2/MaxDrs=4.5E-018
 Trace of exact Coulomb matrix: 1.1E+002
 Trace of discarded integrals: 0.0E+000
 Discarded 0 out of 78 shell pairs
 (0 out of 528 orbital pairs)

 Step 1 of Cholesky decomposition: locating pivots
 -------------------------------------------------
 Dimensions of the Coulomb matrix: (528,528)
 Threshold for diagonal matrix elements: Dpq > 1.0E-007
 Max number of Cholesky vectors: 480
 Rk storage block size: 500
 Max dimension of 2e integrals buffer: (528,528)

 ----------------------------------------------------------------------------
 #    Dmax        Memory (MB)    NPivots     %    Time        
 ----------------------------------------------------------------------------
 1    2.0E-001    4.1E+000       19          6    1.1E-002    
 2    2.0E-003    3.8E+000       120         35   1.5E-002    
 3    1.8E-005    3.2E+000       175         63   6.6E-003    
 4    1.6E-007    2.2E+000       233         96   1.1E-002    
 5    8.9E-008    2.0E-001       240         100  3.8E-004    

 Step 1 of the Cholesky decomposition completed
 Computed 240 pivots
 Largest residual Dpq: 8.9E-008
 NCholesky/NAO = 7.5E+000
 Step 1 of Cholesky decomposition completed in 4.6E-002 seconds
 Detailed timings in seconds
 Subtract prev contribs I (M-R**T*R)     2.0E-003
 Subtract prev contribs II (Rk)          1.9E-003
 Two-electron integrals                  3.9E-002
 Reallocation                            1.2E-003

 Step 2 of Cholesky decomposition completed in 5.5E-003 seconds
 Detailed timings in seconds
 Reduced-dimension matrix V    4.7E-003
 V=L*L**T                      3.3E-004
 L**(-1)                       4.0E-004

 Full-dimension Cholesky vectors of the Coulomb matrix will be stored in memory
 Cholesky vectors computed in 9.1E-003 seconds

 ┌─────────────────────────────────────────┐
 │          Self-consistent field          │
 └─────────────────────────────────────────┘

 Atomic orbital basis set
 . . . . . . . . . . . . . . . . . . . . . . . . . . . . . . . . . . . . . . 
 atomic centers                               1
 shell parameter sets                         12
 spherical AOs                                32
 max angular momentum                         2
 parameter set                                ../../../../basis-sets/bse/def2-sv(p).txt
 . . . . . . . . . . . . . . . . . . . . . . . . . . . . . . . . . . . . . . 
 SCF guess: bare nuclei Hamiltonian
 Starting self-consistent field iterations (spin-restricted singlet)
 Alpha+beta electrons: 36
 ----------------------------------------------------------------------------
 Exchange-correlation: Hartree-Fock
 ----------------------------------------------------------------------------
 Replicated-data parallel SCF
 ----------------------------
 Processes                               1
 Threads/process                         16
 Allocated 1.0E-004 GiB of scratch space for the KS matrix build
 ----------------------------------------------------------------------------
 Spherical harmonic basis contains 32 vectors
 Linear independence thresh: Eig(S) > 1.0E-006
 Computations will be carried out in the space of 32 MOs
 Threshold for J, K: |Rho(r,s)*(pq|rs)|,|Rho(q,s)*(pq|rs)| > 1.0E-011
 Convergence conditions
 ----------------------
 RhoDiff < 1.0E-006
 OrbGrad < 1.0E-006
 Max number of macroiters: 1024
 ------------------------------------------------------------------------------
 #           Energy        EDiff    RhoDiff  OrbGrad  OrbShift NStored Time     
 ------------------------------------------------------------------------------
 0        -1617.3673636983                                        0    1.5E-002 
 1        -2736.0771553364           6.7E+00                      0    7.1E-003 
 2        -2747.8507507673 -1.2E+01  3.3E+00  2.4E+00  1.4E+00    1    7.7E-003 
 3        -2751.0161648267 -3.2E+00  9.7E-01  1.3E+00  0.0E+00    2    7.2E-003 
 4        -2751.6548615444 -6.4E-01  7.7E-01  6.4E-01  0.0E+00    3    7.3E-003 
 5        -2751.6698575221 -1.5E-02  9.7E-02  7.4E-02  0.0E+00    4    7.3E-003 
 6        -2751.6698766280 -1.9E-05  9.7E-03  2.5E-03  0.0E+00    5    7.4E-003 
 7        -2751.6698768683 -2.4E-07  3.2E-04  3.1E-04  0.0E+00    6    7.3E-003 
 8        -2751.6698768720 -3.7E-09  1.0E-04  3.6E-05  0.0E+00    7    7.4E-003 
 9        -2751.6698768720 -3.4E-11  9.6E-06  3.4E-06  0.0E+00    8    7.4E-003 
 10       -2751.6698768720  9.1E-13  8.4E-07  2.7E-07  0.0E+00    8    7.5E-003 
 10*      -2751.6698768720  0.0E+00  5.0E-07  2.7E-07  1.3E+00    8    8.7E-003 
 ------------------------------------------------------------------------------
 SCF converged
 Converged energy                        -2751.669876872036  
 ------------------------------------------------------------------------------
 Ehomo [eV]                              -14.103224943517    
 Elumo [eV]                              14.437124302490     

 dipole moment (Debye)
        x              y              z       
      4.068E-014    -1.561E-014    -1.879E-014

 traceless quadrupole moment (Debye*Angs)
                       x              y              z       
 x                  -5.585E-007    -9.056E-008     1.086E-014
 y                  -9.056E-008     4.005E-007     3.920E-014
 z                   1.086E-014     3.920E-014     1.580E-007

 ----------------------------------------------------------------------------
 Timings (seconds)
 * mean-field hamiltonian     8.5E-002
 * solver (setting up eqns)   1.4E-003
 * solver (energy estimate)   4.1E-004
 * solver (orthogonalization) 1.0E-004
 * solver (rotation matrix X) 2.3E-003
 * solver (exponential of X)  3.7E-004
 * solver (total)             4.9E-003
 * total SCF                  9.9E-002
 Atomic guess: KR, ../../../../basis-sets/bse/def2-sv(p).txt
 -----------------------------------------------------------
 E(HF) [a.u.]                            -2.7516698769E+003
 Tr(RhoAvg S), Cartesian AOs              3.6000000000E+001
 Tr(RhoAvg S), spherical AOs              3.6000000000E+001
 max|T RhoAvg T**T - RhoAvg_sao|                  1.78E-015
 max|c(RhoAvg) - c(Rho)|                          8.88E-016
 max|RhoAvg - Rho|                                1.69E-007
 Saved /mnt/storage_6/project_data/pl0415-03/marcin/beyond-rpa/guess/electron-densities/bse/def2-sv(p)/kr.txt
 ----------------------------------------------------------------------------
                             SCF for RB (2S+1=2)                             
 ----------------------------------------------------------------------------
 NUMBER OF ATOMS                         1
 CHARGE                                  0
 Prescreening (pq|pq) integrals for the Cholesky decomposition
 Shell pairs will be sorted according to their max elements
 Max diagonal integral MaxDrs=7.6E-001
 Applying Eq. 15 in J. Chem. Phys. 150, 194112 (2019); doi: 10.1063/1.5083802
 Schwarz inequality: Dpq<min(10**(-8),Tau)**2/MaxDrs=1.3E-016
 Trace of exact Coulomb matrix: 1.5E+001
 Trace of discarded integrals: 0.0E+000
 Discarded 0 out of 55 shell pairs
 (0 out of 300 orbital pairs)

 Step 1 of Cholesky decomposition: locating pivots
 -------------------------------------------------
 Dimensions of the Coulomb matrix: (300,300)
 Threshold for diagonal matrix elements: Dpq > 1.0E-007
 Max number of Cholesky vectors: 300
 Rk storage block size: 500
 Max dimension of 2e integrals buffer: (300,300)

 ----------------------------------------------------------------------------
 #    Dmax        Memory (MB)    NPivots     %    Time        
 ----------------------------------------------------------------------------
 1    5.3E-003    1.8E+000       48          19   1.4E-003    
 2    4.6E-005    1.5E+000       112         62   1.2E-003    
 3    4.6E-007    7.9E-001       154         97   5.7E-004    
 4    2.4E-009    1.5E-001       158         100  1.0E-004    

 Step 1 of the Cholesky decomposition completed
 Computed 158 pivots
 Largest residual Dpq: 2.4E-009
 NCholesky/NAO = 6.6E+000
 Step 1 of Cholesky decomposition completed in 3.7E-003 seconds
 Detailed timings in seconds
 Subtract prev contribs I (M-R**T*R)     4.3E-004
 Subtract prev contribs II (Rk)          6.3E-004
 Two-electron integrals                  1.6E-003
 Reallocation                            2.6E-004

 Step 2 of Cholesky decomposition completed in 8.5E-004 seconds
 Detailed timings in seconds
 Reduced-dimension matrix V    3.9E-004
 V=L*L**T                      2.9E-004
 L**(-1)                       1.7E-004

 Full-dimension Cholesky vectors of the Coulomb matrix will be stored in memory
 Cholesky vectors computed in 8.7E-004 seconds

 ┌─────────────────────────────────────────┐
 │          Self-consistent field          │
 └─────────────────────────────────────────┘

 Atomic orbital basis set
 . . . . . . . . . . . . . . . . . . . . . . . . . . . . . . . . . . . . . . 
 atomic centers                               1
 shell parameter sets                         10
 spherical AOs                                24
 max angular momentum                         2
 parameter set                                ../../../../basis-sets/bse/def2-sv(p).txt
 . . . . . . . . . . . . . . . . . . . . . . . . . . . . . . . . . . . . . . 
 SCF guess: bare nuclei Hamiltonian
 Starting self-consistent field iterations (spin-unrestricted)
 Alpha electrons: 5
 Beta electrons: 4
 ----------------------------------------------------------------------------
 Exchange-correlation: Hartree-Fock
 ----------------------------------------------------------------------------
 Replicated-data parallel SCF
 ----------------------------
 Processes                               1
 Threads/process                         16
 Allocated 1.1E-004 GiB of scratch space for the KS matrix build
 ----------------------------------------------------------------------------
 Loaded pseudopotential parameters
 ----------------------------------------------------------------------------

 RUBIDIUM    
 Parameters file: ../../../../basis-sets/bse/def2-sv(p).txt
 ECP accounts for 28 core electrons

          Coeff         R^n       Exponent                                       

 Local part

        -12.31690000      2         3.84311400                                   

 L = 0

         89.50019800      2         5.03655100                                   
          0.49376100      2         1.97084900                                   
         12.31690000      2         3.84311400                                   

 L = 1

         58.56897400      2         4.25834100                                   
          0.43179100      2         1.47070900                                   
         12.31690000      2         3.84311400                                   

 L = 2

         26.22489800      2         3.02312700                                   
          0.96283900      2         0.65038300                                   
         12.31690000      2         3.84311400                                   

 ----------------------------------------------------------------------------
 Spherical harmonic basis contains 24 vectors
 Linear independence thresh: Eig(S) > 1.0E-006
 Computations will be carried out in the space of 24 MOs
 Threshold for J, K: |Rho(r,s)*(pq|rs)|,|Rho(q,s)*(pq|rs)| > 1.0E-011
 Convergence conditions
 ----------------------
 RhoDiff < 1.0E-006
 OrbGrad < 1.0E-006
 Max number of macroiters: 1024
 ------------------------------------------------------------------------------
 #           Energy        EDiff    RhoDiff  OrbGrad  OrbShift NStored Time     
 ------------------------------------------------------------------------------
 0          -12.2718186890                                        0    2.6E-002 
 1          -22.7451607472           1.1E+01                      0    3.5E-003 
 2          -23.6299053646 -8.8E-01  4.0E+00  3.9E-01  7.2E-01    1    4.2E-003 
 3          -23.7999319965 -1.7E-01  1.4E+00  2.3E-01  2.2E-02    2    4.0E-003 
 4          -23.8023397314 -2.4E-03  1.3E-01  2.6E-02  0.0E+00    3    3.9E-003 
 5          -23.8023710115 -3.1E-05  2.0E-02  2.7E-03  0.0E+00    4    3.9E-003 
 6          -23.8023738967 -2.9E-06  6.8E-03  5.9E-04  0.0E+00    5    3.9E-003 
 7          -23.8023740043 -1.1E-07  4.9E-04  1.2E-04  0.0E+00    6    4.0E-003 
 8          -23.8023740089 -4.6E-09  9.0E-05  2.1E-05  0.0E+00    7    4.0E-003 
 9          -23.8023740102 -1.3E-09  3.8E-05  1.2E-05  0.0E+00    8    4.0E-003 
 10         -23.8023740103 -9.0E-11  6.7E-06  4.2E-06  0.0E+00    8    4.1E-003 
 11         -23.8023740103 -8.5E-12  2.3E-06  1.5E-06  0.0E+00    8    4.1E-003 
 12         -23.8023740103 -9.4E-13  1.2E-06  5.3E-07  0.0E+00    8    4.1E-003 
 13         -23.8023740103 -1.8E-14  5.0E-07  7.0E-08  0.0E+00    8    4.1E-003 
 ------------------------------------------------------------------------------
 SCF converged
 Converged energy                        -23.802374010311    
 ------------------------------------------------------------------------------
 Ehomo(Alpha) [eV]                       -3.817115049615     
 Elumo(Alpha) [eV]                       0.521894203172      
 Ehomo(Beta) [eV]                        -21.996231055011    
 Elumo(Beta) [eV]                        0.272245389891      

 dipole moment (Debye)
        x              y              z       
     -5.747E-015     1.399E-014    -2.203E-016

 traceless quadrupole moment (Debye*Angs)
                       x              y              z       
 x                  -6.870E-007    -1.479E-008     2.426E-009
 y                  -1.479E-008    -1.509E-006    -2.110E-010
 z                   2.426E-009    -2.110E-010     2.196E-006

 ----------------------------------------------------------------------------
 Timings (seconds)
 * mean-field hamiltonian     4.9E-002
 * solver (setting up eqns)   2.1E-003
 * solver (energy estimate)   1.1E-003
 * solver (orthogonalization) 2.8E-004
 * solver (rotation matrix X) 2.2E-003
 * solver (exponential of X)  5.1E-004
 * solver (total)             6.5E-003
 * total SCF                  8.0E-002
 Atomic guess: RB, ../../../../basis-sets/bse/def2-sv(p).txt
 -----------------------------------------------------------
 E(HF) [a.u.]                            -2.3802374010E+001
 Tr(RhoAvg S), Cartesian AOs              9.0000000000E+000
 Tr(RhoAvg S), spherical AOs              9.0000000000E+000
 max|T RhoAvg T**T - RhoAvg_sao|                  2.22E-016
 max|c(RhoAvg) - c(Rho)|                          2.22E-016
 max|RhoAvg - Rho|                                1.14E-007
 Saved /mnt/storage_6/project_data/pl0415-03/marcin/beyond-rpa/guess/electron-densities/bse/def2-sv(p)/rb.txt
 ----------------------------------------------------------------------------
                                  SCF for SR                                 
 ----------------------------------------------------------------------------
 NUMBER OF ATOMS                         1
 CHARGE                                  0
 Prescreening (pq|pq) integrals for the Cholesky decomposition
 Shell pairs will be sorted according to their max elements
 Max diagonal integral MaxDrs=7.4E-001
 Applying Eq. 15 in J. Chem. Phys. 150, 194112 (2019); doi: 10.1063/1.5083802
 Schwarz inequality: Dpq<min(10**(-8),Tau)**2/MaxDrs=1.4E-016
 Trace of exact Coulomb matrix: 1.4E+001
 Trace of discarded integrals: 0.0E+000
 Discarded 0 out of 45 shell pairs
 (0 out of 276 orbital pairs)

 Step 1 of Cholesky decomposition: locating pivots
 -------------------------------------------------
 Dimensions of the Coulomb matrix: (276,276)
 Threshold for diagonal matrix elements: Dpq > 1.0E-007
 Max number of Cholesky vectors: 276
 Rk storage block size: 500
 Max dimension of 2e integrals buffer: (276,276)

 ----------------------------------------------------------------------------
 #    Dmax        Memory (MB)    NPivots     %    Time        
 ----------------------------------------------------------------------------
 1    7.3E-003    1.6E+000       43          17   6.4E-003    
 2    9.3E-006    1.6E+000       111         54   5.1E-003    
 3    9.6E-008    1.0E+000       147         100  3.9E-003    

 Step 1 of the Cholesky decomposition completed
 Computed 147 pivots
 Largest residual Dpq: 9.6E-008
 NCholesky/NAO = 6.4E+000
 Step 1 of Cholesky decomposition completed in 1.6E-002 seconds
 Detailed timings in seconds
 Subtract prev contribs I (M-R**T*R)     4.8E-004
 Subtract prev contribs II (Rk)          5.2E-004
 Two-electron integrals                  1.4E-002
 Reallocation                            1.7E-004

 Step 2 of Cholesky decomposition completed in 3.5E-003 seconds
 Detailed timings in seconds
 Reduced-dimension matrix V    3.2E-003
 V=L*L**T                      1.6E-004
 L**(-1)                       1.2E-004

 Full-dimension Cholesky vectors of the Coulomb matrix will be stored in memory
 Cholesky vectors computed in 3.3E-003 seconds

 ┌─────────────────────────────────────────┐
 │          Self-consistent field          │
 └─────────────────────────────────────────┘

 Atomic orbital basis set
 . . . . . . . . . . . . . . . . . . . . . . . . . . . . . . . . . . . . . . 
 atomic centers                               1
 shell parameter sets                         9
 spherical AOs                                23
 max angular momentum                         2
 parameter set                                ../../../../basis-sets/bse/def2-sv(p).txt
 . . . . . . . . . . . . . . . . . . . . . . . . . . . . . . . . . . . . . . 
 SCF guess: bare nuclei Hamiltonian
 Starting self-consistent field iterations (spin-restricted singlet)
 Alpha+beta electrons: 10
 ----------------------------------------------------------------------------
 Exchange-correlation: Hartree-Fock
 ----------------------------------------------------------------------------
 Replicated-data parallel SCF
 ----------------------------
 Processes                               1
 Threads/process                         16
 Allocated 5.5E-005 GiB of scratch space for the KS matrix build
 ----------------------------------------------------------------------------
 Loaded pseudopotential parameters
 ----------------------------------------------------------------------------

 STRONTIUM   
 Parameters file: ../../../../basis-sets/bse/def2-sv(p).txt
 ECP accounts for 28 core electrons

          Coeff         R^n       Exponent                                       

 Local part

        -15.80599200      2         4.63397500                                   

 L = 0

        135.47943000      2         7.40007400                                   
         17.53446300      2         3.60637900                                   
         15.80599200      2         4.63397500                                   

 L = 1

         88.35970900      2         6.48486800                                   
         15.39437200      2         3.28805300                                   
         15.80599200      2         4.63397500                                   

 L = 2

         29.88898700      2         4.62284100                                   
          6.65941400      2         2.24690400                                   
         15.80599200      2         4.63397500                                   

 ----------------------------------------------------------------------------
 Spherical harmonic basis contains 23 vectors
 Linear independence thresh: Eig(S) > 1.0E-006
 Computations will be carried out in the space of 23 MOs
 Threshold for J, K: |Rho(r,s)*(pq|rs)|,|Rho(q,s)*(pq|rs)| > 1.0E-011
 Convergence conditions
 ----------------------
 RhoDiff < 1.0E-006
 OrbGrad < 1.0E-006
 Max number of macroiters: 1024
 ------------------------------------------------------------------------------
 #           Energy        EDiff    RhoDiff  OrbGrad  OrbShift NStored Time     
 ------------------------------------------------------------------------------
 0           40.4171821137                                        0    1.8E-002 
 1          -29.7641203401           1.4E+01                      0    1.6E-003 
 2          -30.1513396868 -3.9E-01  1.1E+00  1.9E-01  1.1E-01    1    1.9E-003 
 3          -30.1997536656 -4.8E-02  4.9E-01  3.6E-02  0.0E+00    2    1.8E-003 
 4          -30.2920639174 -9.2E-02  4.6E-01  3.4E-02  8.4E-02    3    2.6E-003 
 5          -30.3304584770 -3.8E-02  5.6E-01  3.7E-02  1.2E-02    4    2.6E-003 
 6          -30.3385654931 -8.1E-03  1.4E-01  1.6E-02  0.0E+00    5    1.9E-003 
 7          -30.3387715494 -2.1E-04  3.8E-02  2.9E-03  0.0E+00    6    2.0E-003 
 8          -30.3387807566 -9.2E-06  5.3E-03  6.1E-04  0.0E+00    7    2.0E-003 
 9          -30.3387818731 -1.1E-06  3.3E-03  2.5E-04  0.0E+00    8    2.0E-003 
 10         -30.3387818952 -2.2E-08  2.3E-04  3.5E-05  0.0E+00    8    2.0E-003 
 11         -30.3387818959 -7.1E-10  7.6E-05  7.7E-06  0.0E+00    8    2.0E-003 
 12         -30.3387818959 -6.7E-11  2.2E-05  2.7E-06  0.0E+00    8    2.0E-003 
 13         -30.3387818959 -7.1E-12  6.6E-06  7.7E-07  0.0E+00    8    2.0E-003 
 14         -30.3387818959 -1.5E-13  5.8E-07  1.3E-07  0.0E+00    8    2.0E-003 
 ------------------------------------------------------------------------------
 SCF converged
 Converged energy                        -30.338781895948    
 ------------------------------------------------------------------------------
 Ehomo [eV]                              -4.924552763845     
 Elumo [eV]                              0.819697528696      

 dipole moment (Debye)
        x              y              z       
      2.530E-014     6.291E-015     1.161E-015

 traceless quadrupole moment (Debye*Angs)
                       x              y              z       
 x                   8.982E-007    -2.931E-014    -1.581E-014
 y                  -2.931E-014     7.125E-006    -1.880E-014
 z                  -1.581E-014    -1.880E-014    -8.024E-006

 ----------------------------------------------------------------------------
 Timings (seconds)
 * mean-field hamiltonian     2.5E-002
 * solver (setting up eqns)   1.4E-003
 * solver (energy estimate)   6.2E-004
 * solver (orthogonalization) 1.0E-004
 * solver (rotation matrix X) 2.3E-003
 * solver (exponential of X)  3.6E-004
 * solver (total)             5.1E-003
 * total SCF                  4.8E-002
 Atomic guess: SR, ../../../../basis-sets/bse/def2-sv(p).txt
 -----------------------------------------------------------
 E(HF) [a.u.]                            -3.0338781896E+001
 Tr(RhoAvg S), Cartesian AOs              1.0000000000E+001
 Tr(RhoAvg S), spherical AOs              1.0000000000E+001
 max|T RhoAvg T**T - RhoAvg_sao|                  5.55E-017
 max|c(RhoAvg) - c(Rho)|                          6.78E-021
 max|RhoAvg - Rho|                                1.47E-007
 Saved /mnt/storage_6/project_data/pl0415-03/marcin/beyond-rpa/guess/electron-densities/bse/def2-sv(p)/sr.txt
 ----------------------------------------------------------------------------
                              SCF for Y (2S+1=2)                             
 ----------------------------------------------------------------------------
 NUMBER OF ATOMS                         1
 CHARGE                                  0
 Prescreening (pq|pq) integrals for the Cholesky decomposition
 Shell pairs will be sorted according to their max elements
 Max diagonal integral MaxDrs=1.6E+000
 Applying Eq. 15 in J. Chem. Phys. 150, 194112 (2019); doi: 10.1063/1.5083802
 Schwarz inequality: Dpq<min(10**(-8),Tau)**2/MaxDrs=6.1E-017
 Trace of exact Coulomb matrix: 2.0E+001
 Trace of discarded integrals: 0.0E+000
 Discarded 0 out of 55 shell pairs
 (0 out of 300 orbital pairs)

 Step 1 of Cholesky decomposition: locating pivots
 -------------------------------------------------
 Dimensions of the Coulomb matrix: (300,300)
 Threshold for diagonal matrix elements: Dpq > 1.0E-007
 Max number of Cholesky vectors: 300
 Rk storage block size: 500
 Max dimension of 2e integrals buffer: (300,300)

 ----------------------------------------------------------------------------
 #    Dmax        Memory (MB)    NPivots     %    Time        
 ----------------------------------------------------------------------------
 1    1.5E-002    1.8E+000       31          11   8.0E-003    
 2    1.5E-004    1.7E+000       107         51   5.8E-003    
 3    1.4E-006    1.3E+000       129         80   2.3E-003    
 4    8.4E-008    7.1E-001       156         100  3.6E-003    

 Step 1 of the Cholesky decomposition completed
 Computed 156 pivots
 Largest residual Dpq: 8.4E-008
 NCholesky/NAO = 6.5E+000
 Step 1 of Cholesky decomposition completed in 2.0E-002 seconds
 Detailed timings in seconds
 Subtract prev contribs I (M-R**T*R)     6.1E-004
 Subtract prev contribs II (Rk)          6.3E-004
 Two-electron integrals                  1.8E-002
 Reallocation                            2.7E-004

 Step 2 of Cholesky decomposition completed in 3.6E-003 seconds
 Detailed timings in seconds
 Reduced-dimension matrix V    3.1E-003
 V=L*L**T                      2.6E-004
 L**(-1)                       1.6E-004

 Full-dimension Cholesky vectors of the Coulomb matrix will be stored in memory
 Cholesky vectors computed in 4.1E-003 seconds

 ┌─────────────────────────────────────────┐
 │          Self-consistent field          │
 └─────────────────────────────────────────┘

 Atomic orbital basis set
 . . . . . . . . . . . . . . . . . . . . . . . . . . . . . . . . . . . . . . 
 atomic centers                               1
 shell parameter sets                         10
 spherical AOs                                24
 max angular momentum                         2
 parameter set                                ../../../../basis-sets/bse/def2-sv(p).txt
 . . . . . . . . . . . . . . . . . . . . . . . . . . . . . . . . . . . . . . 
 SCF guess: bare nuclei Hamiltonian
 Starting self-consistent field iterations (spin-unrestricted)
 Alpha electrons: 6
 Beta electrons: 5
 ----------------------------------------------------------------------------
 Exchange-correlation: Hartree-Fock
 ----------------------------------------------------------------------------
 Replicated-data parallel SCF
 ----------------------------
 Processes                               1
 Threads/process                         16
 Allocated 1.1E-004 GiB of scratch space for the KS matrix build
 ----------------------------------------------------------------------------
 Loaded pseudopotential parameters
 ----------------------------------------------------------------------------

 YTTRIUM     
 Parameters file: ../../../../basis-sets/bse/def2-sv(p).txt
 ECP accounts for 28 core electrons

          Coeff         R^n       Exponent                                       

 Local part

        -19.12219811      2         6.58421200                                   
         -2.43637543      2         3.29210600                                   

 L = 0

        135.15384412      2         7.48804940                                   
         15.55244130      2         3.74402470                                   
         19.12219811      2         6.58421200                                   
          2.43637543      2         3.29210600                                   

 L = 1

         87.78499167      2         6.44537720                                   
         11.56406599      2         3.22268860                                   
         19.12219811      2         6.58421200                                   
          2.43637543      2         3.29210600                                   

 L = 2

         29.70100072      2         4.65844720                                   
          5.53996847      2         2.32922360                                   
         19.12219811      2         6.58421200                                   
          2.43637543      2         3.29210600                                   

 ----------------------------------------------------------------------------
 Spherical harmonic basis contains 24 vectors
 Linear independence thresh: Eig(S) > 1.0E-006
 Computations will be carried out in the space of 24 MOs
 Threshold for J, K: |Rho(r,s)*(pq|rs)|,|Rho(q,s)*(pq|rs)| > 1.0E-011
 Convergence conditions
 ----------------------
 RhoDiff < 1.0E-006
 OrbGrad < 1.0E-006
 Max number of macroiters: 1024
 ------------------------------------------------------------------------------
 #           Energy        EDiff    RhoDiff  OrbGrad  OrbShift NStored Time     
 ------------------------------------------------------------------------------
 0            6.3665142176                                        0    2.1E-002 
 1          -36.7118730560           2.1E+01                      0    3.7E-003 
 2          -37.5887830908 -8.8E-01  9.5E-01  3.8E-01  3.0E-01    1    4.3E-003 
 3          -37.6051898409 -1.6E-02  1.5E-01  4.6E-02  0.0E+00    2    4.0E-003 
 4          -37.6067064021 -1.5E-03  4.0E-02  2.0E-02  0.0E+00    3    4.1E-003 
 5          -37.6067684737 -6.2E-05  8.2E-03  3.2E-03  0.0E+00    4    4.1E-003 
 6          -37.6067697006 -1.2E-06  1.3E-03  3.4E-04  0.0E+00    5    4.1E-003 
 7          -37.6067726529 -3.0E-06  3.6E-03  1.8E-04  0.0E+00    6    4.1E-003 
 8          -37.6067808078 -8.2E-06  2.3E-03  5.2E-04  0.0E+00    7    4.2E-003 
 9          -37.6068082100 -2.7E-05  4.3E-03  9.7E-04  0.0E+00    8    4.2E-003 
 10         -37.6068909401 -8.3E-05  6.2E-03  1.8E-03  2.2E-01    8    7.1E-003 
 11         -37.6070511490 -1.6E-04  8.9E-03  3.3E-03  3.0E-01    8    7.0E-003 
 12         -37.6073300713 -2.8E-04  1.0E-02  5.0E-03  3.5E-01    8    6.9E-003 
 13         -37.6077895768 -4.6E-04  1.2E-02  7.1E-03  3.9E-01    8    7.3E-003 
 14         -37.6085189937 -7.3E-04  1.4E-02  9.6E-03  4.3E-01    8    7.3E-003 
 15         -37.6096471655 -1.1E-03  1.6E-02  1.3E-02  4.6E-01    8    7.4E-003 
 16         -37.6113584952 -1.7E-03  1.9E-02  1.6E-02  4.8E-01    8    7.3E-003 
 17         -37.6139096116 -2.6E-03  2.2E-02  2.0E-02  4.9E-01    8    7.2E-003 
 18         -37.6176618488 -3.8E-03  2.4E-02  2.5E-02  5.0E-01    8    7.2E-003 
 19         -37.6230782214 -5.4E-03  2.6E-02  3.0E-02  5.0E-01    8    7.2E-003 
 20         -37.6307424210 -7.7E-03  3.5E-02  3.6E-02  4.8E-01    8    7.1E-003 
 21         -37.6413096161 -1.1E-02  4.6E-02  4.1E-02  4.6E-01    8    7.3E-003 
 22         -37.6553238715 -1.4E-02  5.7E-02  4.6E-02  4.2E-01    8    6.9E-003 
 23         -37.6728009694 -1.7E-02  6.3E-02  5.0E-02  3.5E-01    8    6.9E-003 
 24         -37.6923821383 -2.0E-02  7.0E-02  4.8E-02  2.6E-01    8    6.8E-003 
 25         -37.7099427927 -1.8E-02  7.5E-02  3.6E-02  1.4E-01    8    6.3E-003 
 26         -37.7172621731 -7.3E-03  9.3E-02  2.5E-02  3.9E-03    8    6.1E-003 
 27         -37.7173625993 -1.0E-04  9.4E-03  2.7E-03  0.0E+00    8    4.3E-003 
 28         -37.7173659126 -3.3E-06  2.2E-03  5.6E-04  0.0E+00    8    4.3E-003 
 29         -37.7173663481 -4.4E-07  1.3E-03  2.6E-04  0.0E+00    8    4.3E-003 
 30         -37.7173665554 -2.1E-07  7.4E-04  9.3E-05  0.0E+00    8    4.3E-003 
 31         -37.7173666649 -1.1E-07  2.4E-04  6.7E-05  0.0E+00    8    4.3E-003 
 32         -37.7173669080 -2.4E-07  3.7E-04  1.0E-04  0.0E+00    8    4.3E-003 
 33         -37.7173674739 -5.7E-07  5.6E-04  1.6E-04  0.0E+00    8    4.3E-003 
 34         -37.7173687964 -1.3E-06  8.6E-04  2.4E-04  0.0E+00    8    4.3E-003 
 35         -37.7173718892 -3.1E-06  1.3E-03  3.7E-04  0.0E+00    8    4.3E-003 
 36         -37.7173791222 -7.2E-06  2.0E-03  5.6E-04  0.0E+00    8    4.3E-003 
 37         -37.7174084657 -2.9E-05  5.8E-03  8.6E-04  1.8E-01    8    6.6E-003 
 38         -37.7174666199 -5.8E-05  8.1E-03  1.6E-03  2.6E-01    8    7.0E-003 
 39         -37.7175691445 -1.0E-04  9.0E-03  2.5E-03  3.0E-01    8    6.8E-003 
 40         -37.7177393944 -1.7E-04  1.0E-02  3.6E-03  3.4E-01    8    6.8E-003 
 41         -37.7180117169 -2.7E-04  1.2E-02  4.8E-03  3.8E-01    8    7.2E-003 
 42         -37.7184358474 -4.2E-04  1.4E-02  6.3E-03  4.0E-01    8    7.2E-003 
 43         -37.7190845461 -6.5E-04  1.7E-02  8.0E-03  4.3E-01    8    6.9E-003 
 44         -37.7200602047 -9.8E-04  2.0E-02  1.0E-02  4.4E-01    8    6.9E-003 
 45         -37.7215088742 -1.4E-03  2.3E-02  1.3E-02  4.5E-01    8    7.1E-003 
 46         -37.7236290463 -2.1E-03  2.7E-02  1.5E-02  4.6E-01    8    7.0E-003 
 47         -37.7266964062 -3.1E-03  3.0E-02  1.9E-02  4.6E-01    8    7.0E-003 
 48         -37.7310653060 -4.4E-03  3.3E-02  2.2E-02  4.5E-01    8    6.9E-003 
 49         -37.7371731053 -6.1E-03  3.8E-02  2.6E-02  4.4E-01    8    7.1E-003 
 50         -37.7454740974 -8.3E-03  5.2E-02  3.0E-02  4.1E-01    8    6.8E-003 
 51         -37.7563409976 -1.1E-02  6.9E-02  3.3E-02  3.6E-01    8    7.0E-003 
 52         -37.7697133214 -1.3E-02  8.7E-02  3.4E-02  3.1E-01    8    6.8E-003 
 53         -37.7846466110 -1.5E-02  1.0E-01  3.3E-02  2.3E-01    8    6.8E-003 
 54         -37.7985280944 -1.4E-02  1.0E-01  2.8E-02  1.3E-01    8    6.7E-003 
 55         -37.8067647216 -8.2E-03  1.1E-01  1.8E-02  2.8E-02    8    6.5E-003 
 56         -37.8080825036 -1.3E-03  1.1E-01  5.0E-03  0.0E+00    8    4.3E-003 
 57         -37.8082871506 -2.0E-04  5.7E-02  2.0E-03  0.0E+00    8    4.3E-003 
 58         -37.8083976723 -1.1E-04  4.9E-02  1.3E-03  0.0E+00    8    4.3E-003 
 59         -37.8085535887 -1.6E-04  4.9E-02  1.4E-03  0.0E+00    8    4.3E-003 
 60         -37.8085855190 -3.2E-05  1.4E-02  8.9E-04  0.0E+00    8    4.3E-003 
 61         -37.8085978635 -1.2E-05  1.4E-02  4.8E-04  0.0E+00    8    4.3E-003 
 62         -37.8085993402 -1.5E-06  4.5E-03  3.0E-04  0.0E+00    8    4.3E-003 
 63         -37.8085994248 -8.5E-08  2.6E-04  8.4E-05  0.0E+00    8    4.3E-003 
 64         -37.8085994328 -8.0E-09  2.6E-04  1.7E-05  0.0E+00    8    4.3E-003 
 65         -37.8085994332 -4.5E-10  5.6E-05  3.0E-06  0.0E+00    8    4.3E-003 
 66         -37.8085994333 -3.9E-11  1.8E-05  1.4E-06  0.0E+00    8    4.3E-003 
 67         -37.8085994333 -1.3E-11  1.5E-05  7.9E-07  0.0E+00    8    4.3E-003 
 68         -37.8085994333 -2.4E-12  4.3E-06  3.3E-07  0.0E+00    8    4.3E-003 
 69         -37.8085994333 -1.1E-12  3.4E-06  1.7E-07  0.0E+00    8    4.3E-003 
 70         -37.8085994333 -4.8E-13  3.1E-06  1.2E-07  0.0E+00    8    4.3E-003 
 71         -37.8085994333 -7.1E-14  7.3E-07  5.1E-08  0.0E+00    8    4.2E-003 
 ------------------------------------------------------------------------------
 SCF converged
 Converged energy                        -37.808599433304    
 ------------------------------------------------------------------------------
 Ehomo(Alpha) [eV]                       -5.743803244543     
 Elumo(Alpha) [eV]                       0.607252226403      
 Ehomo(Beta) [eV]                        -5.329579869183     
 Elumo(Beta) [eV]                        0.515871571237      

 dipole moment (Debye)
        x              y              z       
      2.236E-013     2.349E-013     6.477E-015

 traceless quadrupole moment (Debye*Angs)
                       x              y              z       
 x                   1.628E-001     4.880E-001     4.365E-004
 y                   4.880E-001     1.625E-001     4.363E-004
 z                   4.365E-004     4.363E-004    -3.254E-001

 ----------------------------------------------------------------------------
 Timings (seconds)
 * mean-field hamiltonian     2.6E-001
 * solver (setting up eqns)   1.4E-002
 * solver (energy estimate)   9.5E-003
 * solver (orthogonalization) 1.6E-003
 * solver (rotation matrix X) 1.1E-001
 * solver (exponential of X)  3.5E-003
 * solver (total)             1.4E-001
 * total SCF                  4.3E-001
 Atomic guess: Y, ../../../../basis-sets/bse/def2-sv(p).txt
 ----------------------------------------------------------
 E(HF) [a.u.]                            -3.7808599433E+001
 Tr(RhoAvg S), Cartesian AOs              1.1000000000E+001
 Tr(RhoAvg S), spherical AOs              1.1000000000E+001
 max|T RhoAvg T**T - RhoAvg_sao|                  2.22E-016
 max|c(RhoAvg) - c(Rho)|                          4.44E-016
 max|RhoAvg - Rho|                                4.27E-001
 Saved /mnt/storage_6/project_data/pl0415-03/marcin/beyond-rpa/guess/electron-densities/bse/def2-sv(p)/y.txt
 ----------------------------------------------------------------------------
                             SCF for ZR (2S+1=3)                             
 ----------------------------------------------------------------------------
 NUMBER OF ATOMS                         1
 CHARGE                                  0
 Prescreening (pq|pq) integrals for the Cholesky decomposition
 Shell pairs will be sorted according to their max elements
 Max diagonal integral MaxDrs=1.8E+000
 Applying Eq. 15 in J. Chem. Phys. 150, 194112 (2019); doi: 10.1063/1.5083802
 Schwarz inequality: Dpq<min(10**(-8),Tau)**2/MaxDrs=5.5E-017
 Trace of exact Coulomb matrix: 2.1E+001
 Trace of discarded integrals: 0.0E+000
 Discarded 0 out of 55 shell pairs
 (0 out of 300 orbital pairs)

 Step 1 of Cholesky decomposition: locating pivots
 -------------------------------------------------
 Dimensions of the Coulomb matrix: (300,300)
 Threshold for diagonal matrix elements: Dpq > 1.0E-007
 Max number of Cholesky vectors: 300
 Rk storage block size: 500
 Max dimension of 2e integrals buffer: (300,300)

 ----------------------------------------------------------------------------
 #    Dmax        Memory (MB)    NPivots     %    Time        
 ----------------------------------------------------------------------------
 1    1.8E-002    1.8E+000       24          8    6.2E-003    
 2    1.8E-004    1.8E+000       108         50   8.0E-003    
 3    1.2E-006    1.2E+000       133         79   3.4E-003    
 4    8.4E-008    5.4E-001       157         100  3.9E-003    

 Step 1 of the Cholesky decomposition completed
 Computed 157 pivots
 Largest residual Dpq: 8.4E-008
 NCholesky/NAO = 6.5E+000
 Step 1 of Cholesky decomposition completed in 2.2E-002 seconds
 Detailed timings in seconds
 Subtract prev contribs I (M-R**T*R)     6.2E-004
 Subtract prev contribs II (Rk)          6.5E-004
 Two-electron integrals                  1.9E-002
 Reallocation                            2.4E-004

 Step 2 of Cholesky decomposition completed in 2.8E-003 seconds
 Detailed timings in seconds
 Reduced-dimension matrix V    2.4E-003
 V=L*L**T                      2.5E-004
 L**(-1)                       1.7E-004

 Full-dimension Cholesky vectors of the Coulomb matrix will be stored in memory
 Cholesky vectors computed in 4.1E-003 seconds

 ┌─────────────────────────────────────────┐
 │          Self-consistent field          │
 └─────────────────────────────────────────┘

 Atomic orbital basis set
 . . . . . . . . . . . . . . . . . . . . . . . . . . . . . . . . . . . . . . 
 atomic centers                               1
 shell parameter sets                         10
 spherical AOs                                24
 max angular momentum                         2
 parameter set                                ../../../../basis-sets/bse/def2-sv(p).txt
 . . . . . . . . . . . . . . . . . . . . . . . . . . . . . . . . . . . . . . 
 SCF guess: bare nuclei Hamiltonian
 Starting self-consistent field iterations (spin-unrestricted)
 Alpha electrons: 7
 Beta electrons: 5
 ----------------------------------------------------------------------------
 Exchange-correlation: Hartree-Fock
 ----------------------------------------------------------------------------
 Replicated-data parallel SCF
 ----------------------------
 Processes                               1
 Threads/process                         16
 Allocated 1.1E-004 GiB of scratch space for the KS matrix build
 ----------------------------------------------------------------------------
 Loaded pseudopotential parameters
 ----------------------------------------------------------------------------

 ZIRCONIUM   
 Parameters file: ../../../../basis-sets/bse/def2-sv(p).txt
 ECP accounts for 28 core electrons

          Coeff         R^n       Exponent                                       

 Local part

        -21.09377605      2         7.54000000                                   
         -3.08069427      2         3.77000000                                   

 L = 0

        150.26759106      2         8.20000000                                   
         18.97621650      2         4.08972780                                   
         21.09377605      2         7.54000000                                   
          3.08069427      2         3.77000000                                   

 L = 1

         99.62212372      2         7.11000000                                   
         14.16873329      2         3.59679800                                   
         21.09377605      2         7.54000000                                   
          3.08069427      2         3.77000000                                   

 L = 2

         35.04512355      2         5.35000000                                   
          6.11125948      2         2.49182150                                   
         21.09377605      2         7.54000000                                   
          3.08069427      2         3.77000000                                   

 ----------------------------------------------------------------------------
 Spherical harmonic basis contains 24 vectors
 Linear independence thresh: Eig(S) > 1.0E-006
 Computations will be carried out in the space of 24 MOs
 Threshold for J, K: |Rho(r,s)*(pq|rs)|,|Rho(q,s)*(pq|rs)| > 1.0E-011
 Convergence conditions
 ----------------------
 RhoDiff < 1.0E-006
 OrbGrad < 1.0E-006
 Max number of macroiters: 1024
 ------------------------------------------------------------------------------
 #           Energy        EDiff    RhoDiff  OrbGrad  OrbShift NStored Time     
 ------------------------------------------------------------------------------
 0           -0.3309567063                                        0    2.1E-002 
 1          -45.1438864762           1.8E+01                      0    3.8E-003 
 2          -46.2327513888 -1.1E+00  9.8E-01  4.7E-01  3.7E-01    1    4.3E-003 
 3          -46.2633854513 -3.1E-02  1.6E-01  7.4E-02  0.0E+00    2    4.1E-003 
 4          -46.2739714260 -1.1E-02  6.4E-02  3.0E-02  0.0E+00    3    4.2E-003 
 5          -46.2901504141 -1.6E-02  5.4E-02  2.1E-02  0.0E+00    4    4.3E-003 
 6          -46.3527614373 -6.3E-02  1.7E-01  3.3E-02  1.6E-01    5    5.9E-003 
 7          -46.4110924246 -5.8E-02  3.4E-01  3.8E-02  6.3E-02    6    6.2E-003 
 8          -46.4208143124 -9.7E-03  9.5E-02  1.8E-02  0.0E+00    7    4.4E-003 
 9          -46.4252697176 -4.5E-03  1.6E-01  1.3E-02  0.0E+00    8    4.4E-003 
 10         -46.4260742002 -8.0E-04  5.8E-02  6.1E-03  0.0E+00    8    4.5E-003 
 11         -46.4265762758 -5.0E-04  3.7E-02  5.2E-03  0.0E+00    8    4.5E-003 
 12         -46.4269910213 -4.1E-04  3.9E-02  4.1E-03  4.3E-03    8    6.7E-003 
 13         -46.4272590871 -2.7E-04  3.9E-02  2.4E-03  6.4E-03    8    6.9E-003 
 14         -46.4273522405 -9.3E-05  2.4E-02  1.5E-03  0.0E+00    8    4.5E-003 
 15         -46.4273720883 -2.0E-05  1.2E-02  7.9E-04  0.0E+00    8    4.4E-003 
 16         -46.4273738202 -1.7E-06  1.1E-03  2.5E-04  0.0E+00    8    4.4E-003 
 17         -46.4273740737 -2.5E-07  9.9E-04  7.3E-05  0.0E+00    8    4.4E-003 
 18         -46.4273740952 -2.2E-08  2.7E-04  3.4E-05  0.0E+00    8    4.5E-003 
 19         -46.4273740976 -2.4E-09  8.5E-05  8.1E-06  0.0E+00    8    4.5E-003 
 20         -46.4273740977 -5.4E-11  8.3E-06  3.2E-06  0.0E+00    8    4.4E-003 
 21         -46.4273740977 -7.5E-12  2.2E-06  9.8E-07  0.0E+00    8    4.4E-003 
 22         -46.4273740977 -2.7E-12  2.7E-06  5.1E-07  0.0E+00    8    4.5E-003 
 23         -46.4273740977 -1.6E-13  4.4E-07  1.0E-07  0.0E+00    8    4.5E-003 
 ------------------------------------------------------------------------------
 SCF converged
 Converged energy                        -46.427374097666    
 ------------------------------------------------------------------------------
 Ehomo(Alpha) [eV]                       -6.314877715789     
 Elumo(Alpha) [eV]                       0.662169970024      
 Ehomo(Beta) [eV]                        -5.367998145320     
 Elumo(Beta) [eV]                        0.818275073242      

 dipole moment (Debye)
        x              y              z       
     -6.227E-015    -2.153E-015     3.837E-015

 traceless quadrupole moment (Debye*Angs)
                       x              y              z       
 x                  -6.592E-007     2.259E-007     1.485E-007
 y                   2.259E-007     1.334E-006     4.214E-007
 z                   1.485E-007     4.214E-007    -6.744E-007

 ----------------------------------------------------------------------------
 Timings (seconds)
 * mean-field hamiltonian     9.1E-002
 * solver (setting up eqns)   4.3E-003
 * solver (energy estimate)   2.6E-003
 * solver (orthogonalization) 4.9E-004
 * solver (rotation matrix X) 1.2E-002
 * solver (exponential of X)  1.2E-003
 * solver (total)             2.1E-002
 * total SCF                  1.3E-001
 Atomic guess: ZR, ../../../../basis-sets/bse/def2-sv(p).txt
 -----------------------------------------------------------
 E(HF) [a.u.]                            -4.6427374098E+001
 Tr(RhoAvg S), Cartesian AOs              1.2000000000E+001
 Tr(RhoAvg S), spherical AOs              1.2000000000E+001
 max|T RhoAvg T**T - RhoAvg_sao|                  4.44E-016
 max|c(RhoAvg) - c(Rho)|                          4.44E-016
 max|RhoAvg - Rho|                                3.63E-001
 Saved /mnt/storage_6/project_data/pl0415-03/marcin/beyond-rpa/guess/electron-densities/bse/def2-sv(p)/zr.txt
 ----------------------------------------------------------------------------
                             SCF for NB (2S+1=6)                             
 ----------------------------------------------------------------------------
 NUMBER OF ATOMS                         1
 CHARGE                                  0
 Prescreening (pq|pq) integrals for the Cholesky decomposition
 Shell pairs will be sorted according to their max elements
 Max diagonal integral MaxDrs=2.0E+000
 Applying Eq. 15 in J. Chem. Phys. 150, 194112 (2019); doi: 10.1063/1.5083802
 Schwarz inequality: Dpq<min(10**(-8),Tau)**2/MaxDrs=5.0E-017
 Trace of exact Coulomb matrix: 2.2E+001
 Trace of discarded integrals: 0.0E+000
 Discarded 0 out of 55 shell pairs
 (0 out of 300 orbital pairs)

 Step 1 of Cholesky decomposition: locating pivots
 -------------------------------------------------
 Dimensions of the Coulomb matrix: (300,300)
 Threshold for diagonal matrix elements: Dpq > 1.0E-007
 Max number of Cholesky vectors: 300
 Rk storage block size: 500
 Max dimension of 2e integrals buffer: (300,300)

 ----------------------------------------------------------------------------
 #    Dmax        Memory (MB)    NPivots     %    Time        
 ----------------------------------------------------------------------------
 1    1.9E-002    1.8E+000       23          8    8.2E-003    
 2    1.7E-004    1.8E+000       108         47   9.3E-003    
 3    1.6E-006    1.2E+000       133         86   3.2E-003    
 4    6.4E-008    3.1E-001       154         100  2.6E-003    

 Step 1 of the Cholesky decomposition completed
 Computed 154 pivots
 Largest residual Dpq: 6.4E-008
 NCholesky/NAO = 6.4E+000
 Step 1 of Cholesky decomposition completed in 2.4E-002 seconds
 Detailed timings in seconds
 Subtract prev contribs I (M-R**T*R)     5.0E-004
 Subtract prev contribs II (Rk)          6.3E-004
 Two-electron integrals                  2.1E-002
 Reallocation                            2.2E-004

 Step 2 of Cholesky decomposition completed in 2.8E-003 seconds
 Detailed timings in seconds
 Reduced-dimension matrix V    2.4E-003
 V=L*L**T                      2.3E-004
 L**(-1)                       1.5E-004

 Full-dimension Cholesky vectors of the Coulomb matrix will be stored in memory
 Cholesky vectors computed in 4.0E-003 seconds

 ┌─────────────────────────────────────────┐
 │          Self-consistent field          │
 └─────────────────────────────────────────┘

 Atomic orbital basis set
 . . . . . . . . . . . . . . . . . . . . . . . . . . . . . . . . . . . . . . 
 atomic centers                               1
 shell parameter sets                         10
 spherical AOs                                24
 max angular momentum                         2
 parameter set                                ../../../../basis-sets/bse/def2-sv(p).txt
 . . . . . . . . . . . . . . . . . . . . . . . . . . . . . . . . . . . . . . 
 SCF guess: bare nuclei Hamiltonian
 Starting self-consistent field iterations (spin-unrestricted)
 Alpha electrons: 9
 Beta electrons: 4
 ----------------------------------------------------------------------------
 Exchange-correlation: Hartree-Fock
 ----------------------------------------------------------------------------
 Replicated-data parallel SCF
 ----------------------------
 Processes                               1
 Threads/process                         16
 Allocated 1.1E-004 GiB of scratch space for the KS matrix build
 ----------------------------------------------------------------------------
 Loaded pseudopotential parameters
 ----------------------------------------------------------------------------

 NIOBIUM     
 Parameters file: ../../../../basis-sets/bse/def2-sv(p).txt
 ECP accounts for 28 core electrons

          Coeff         R^n       Exponent                                       

 Local part

        -22.92954996      2         8.49000000                                   
         -3.66630986      2         4.25000000                                   

 L = 0

        165.17914349      2         8.90000000                                   
         21.99297437      2         4.43000000                                   
         22.92954996      2         8.49000000                                   
          3.66630986      2         4.25000000                                   

 L = 1

        111.79441445      2         7.77000000                                   
         16.63348326      2         3.96000000                                   
         22.92954996      2         8.49000000                                   
          3.66630986      2         4.25000000                                   

 L = 2

         38.11224880      2         6.05000000                                   
          8.03916727      2         2.84000000                                   
         22.92954996      2         8.49000000                                   
          3.66630986      2         4.25000000                                   

 ----------------------------------------------------------------------------
 Spherical harmonic basis contains 24 vectors
 Linear independence thresh: Eig(S) > 1.0E-006
 Computations will be carried out in the space of 24 MOs
 Threshold for J, K: |Rho(r,s)*(pq|rs)|,|Rho(q,s)*(pq|rs)| > 1.0E-011
 Convergence conditions
 ----------------------
 RhoDiff < 1.0E-006
 OrbGrad < 1.0E-006
 Max number of macroiters: 1024
 ------------------------------------------------------------------------------
 #           Energy        EDiff    RhoDiff  OrbGrad  OrbShift NStored Time     
 ------------------------------------------------------------------------------
 0           -7.2805508496                                        0    2.1E-002 
 1          -54.9618470654           1.8E+01                      0    4.0E-003 
 2          -56.2359795724 -1.3E+00  1.0E+00  5.3E-01  3.0E-01    1    4.5E-003 
 3          -56.2479107195 -1.2E-02  7.8E-02  6.1E-02  0.0E+00    2    4.2E-003 
 4          -56.2493695453 -1.5E-03  2.3E-02  1.4E-02  0.0E+00    3    4.3E-003 
 5          -56.2507946917 -1.4E-03  4.8E-02  4.6E-03  8.2E-02    4    5.4E-003 
 6          -56.2535024785 -2.7E-03  4.5E-02  9.5E-03  1.4E-01    5    5.8E-003 
 7          -56.2581019031 -4.6E-03  5.2E-02  1.4E-02  1.6E-01    6    6.1E-003 
 8          -56.2652867124 -7.2E-03  7.3E-02  2.0E-02  1.8E-01    7    6.4E-003 
 9          -56.2757510653 -1.0E-02  9.0E-02  2.5E-02  1.8E-01    8    6.8E-003 
 10         -56.2892925899 -1.4E-02  9.2E-02  2.9E-02  1.6E-01    8    7.1E-003 
 11         -56.3032665557 -1.4E-02  7.7E-02  2.9E-02  1.0E-01    8    6.7E-003 
 12         -56.3106371428 -7.4E-03  1.2E-01  2.1E-02  1.6E-02    8    6.7E-003 
 13         -56.3107819126 -1.4E-04  6.0E-03  4.2E-03  0.0E+00    8    4.5E-003 
 14         -56.3107895142 -7.6E-06  8.1E-03  7.9E-04  0.0E+00    8    4.5E-003 
 15         -56.3107896711 -1.6E-07  2.0E-03  1.3E-04  0.0E+00    8    4.5E-003 
 16         -56.3107896763 -5.2E-09  1.1E-04  3.0E-05  0.0E+00    8    4.5E-003 
 17         -56.3107896768 -4.9E-10  3.3E-05  6.1E-06  0.0E+00    8    4.6E-003 
 18         -56.3107896769 -1.1E-10  1.4E-05  2.5E-06  0.0E+00    8    4.6E-003 
 19         -56.3107896769 -5.3E-11  1.1E-05  1.9E-06  0.0E+00    8    4.5E-003 
 20         -56.3107896770 -2.5E-11  2.2E-06  1.9E-06  0.0E+00    8    4.5E-003 
 21         -56.3107896774 -3.8E-10  4.1E-05  1.9E-06  0.0E+00    8    4.6E-003 
 22         -56.3107896818 -4.4E-09  4.6E-04  2.0E-06  0.0E+00    8    4.6E-003 
 23         -56.3107897088 -2.7E-08  3.0E-03  6.8E-06  0.0E+00    8    4.6E-003 
 24         -56.3107897874 -7.9E-08  2.1E-02  1.8E-05  5.1E-05    8    8.6E-003 
 25         -56.3107897199  6.8E-08  1.7E-02  1.6E-04  0.0E+00    8    4.5E-003 
 25*        -56.3107897479  4.0E-08  1.4E-02  1.6E-04  3.6E-06    8    8.4E-003 
 25*        -56.3107897854  2.1E-09  1.0E-02  1.6E-04  2.4E-05    8    8.4E-003 
 25*        -56.3107898024 -1.5E-08  7.1E-03  1.6E-04  5.4E-05    8    8.0E-003 
 26         -56.3107898073 -5.0E-09  1.1E-03  5.9E-05  0.0E+00    8    4.6E-003 
 27         -56.3107898136 -6.3E-09  1.4E-03  1.1E-05  0.0E+00    8    4.6E-003 
 28         -56.3107898169 -3.3E-09  1.6E-03  4.2E-06  0.0E+00    8    4.5E-003 
 29         -56.3107898180 -1.1E-09  7.1E-04  4.0E-06  0.0E+00    8    4.5E-003 
 30         -56.3107898196 -1.6E-09  1.7E-03  2.4E-06  0.0E+00    8    4.5E-003 
 31         -56.3107898200 -3.7E-10  1.7E-03  2.0E-06  0.0E+00    8    4.5E-003 
 32         -56.3107898200  1.8E-11  2.2E-04  1.7E-06  0.0E+00    8    4.6E-003 
 32*        -56.3107898200 -3.0E-11  3.3E-05  1.7E-06  0.0E+00    8    4.5E-003 
 33         -56.3107898201 -2.7E-11  1.3E-04  9.2E-07  9.7E-05    8    8.4E-003 
 34         -56.3107898201 -9.0E-12  1.6E-04  1.5E-07  3.1E-05    8    8.6E-003 
 35         -56.3107898201  8.1E-13  1.3E-04  5.5E-08  0.0E+00    8    4.5E-003 
 35*        -56.3107898201  2.4E-13  1.1E-04  5.5E-08  4.5E-06    8    8.3E-003 
 35*        -56.3107898201 -3.8E-13  7.7E-05  5.5E-08  1.6E-05    8    8.1E-003 
 Skipping trust radius update
 36         -56.3107898201  2.1E-14  1.1E-06  2.7E-08  0.0E+00    8    4.5E-003 
 37         -56.3107898201 -2.1E-13  2.2E-05  1.3E-08  0.0E+00    8    4.5E-003 
 38         -56.3107898201 -7.1E-15  1.0E-05  5.0E-09  0.0E+00    8    4.5E-003 
 Skipping trust radius update
 39         -56.3107898201  2.8E-14  1.8E-06  3.9E-09  0.0E+00    8    4.5E-003 
 Skipping trust radius update
 40         -56.3107898201 -1.4E-14  2.1E-06  3.9E-09  0.0E+00    8    4.5E-003 
 41         -56.3107898201  4.3E-14  1.5E-05  3.9E-09  1.4E-05    8    9.0E-003 
 41*        -56.3107898201  0.0E+00  1.1E-05  3.9E-09  1.8E-05    8    8.5E-003 
 42         -56.3107898201 -7.1E-15  1.1E-05  6.5E-09  7.8E-05    8    8.6E-003 
 43         -56.3107898201  2.8E-14  1.1E-05  1.2E-08  1.3E-05    8    8.7E-003 
 43*        -56.3107898201  2.8E-14  7.6E-06  1.2E-08  2.8E-05    8    8.1E-003 
 43*        -56.3107898201  3.6E-14  5.3E-06  1.2E-08  4.7E-05    8    8.0E-003 
 43*        -56.3107898201  0.0E+00  3.7E-06  1.2E-08  7.4E-05    8    8.0E-003 
 Skipping trust radius update
 44         -56.3107898201  7.1E-15  3.7E-06  6.8E-09  0.0E+00    8    4.7E-003 
 45         -56.3107898201 -1.4E-14  3.7E-06  4.3E-09  2.1E-05    8    8.6E-003 
 46         -56.3107898201  1.4E-14  4.5E-06  3.9E-09  1.4E-05    8    9.0E-003 
 46*        -56.3107898201  2.1E-14  3.1E-06  3.9E-09  2.5E-05    8    8.3E-003 
 Skipping trust radius update
 46*        -56.3107898201  2.8E-14  2.2E-06  3.9E-09  3.9E-05    8    8.3E-003 
 Skipping trust radius update
 47         -56.3107898201 -2.8E-14  2.2E-06  3.9E-09  1.9E-05    8    8.9E-003 
 Skipping trust radius update
 48         -56.3107898201  1.4E-14  1.8E-06  3.9E-09  0.0E+00    8    4.6E-003 
 Skipping trust radius update
 49         -56.3107898201 -1.4E-14  2.2E-06  3.8E-09  2.0E-05    8    8.9E-003 
 Skipping trust radius update
 50         -56.3107898201  0.0E+00  2.6E-07  3.9E-09  0.0E+00    8    4.6E-003 
 ------------------------------------------------------------------------------
 SCF converged
 Converged energy                        -56.310789820065    
 ------------------------------------------------------------------------------
 Ehomo(Alpha) [eV]                       -6.260527799875     
 Elumo(Alpha) [eV]                       0.744089597932      
 Ehomo(Beta) [eV]                        -39.823107421962    
 Elumo(Beta) [eV]                        0.763268294088      

 dipole moment (Debye)
        x              y              z       
      3.257E-015    -2.867E-015    -1.322E-015

 traceless quadrupole moment (Debye*Angs)
                       x              y              z       
 x                  -8.142E-001    -4.662E-001     5.850E-001
 y                  -4.662E-001     8.957E-002    -1.382E+000
 z                   5.850E-001    -1.382E+000     7.247E-001

 ----------------------------------------------------------------------------
 Timings (seconds)
 * mean-field hamiltonian     2.4E-001
 * solver (setting up eqns)   1.3E-002
 * solver (energy estimate)   8.2E-003
 * solver (orthogonalization) 1.3E-003
 * solver (rotation matrix X) 1.1E-001
 * solver (exponential of X)  3.0E-003
 * solver (total)             1.4E-001
 * total SCF                  4.0E-001
 Atomic guess: NB, ../../../../basis-sets/bse/def2-sv(p).txt
 -----------------------------------------------------------
 E(HF) [a.u.]                            -5.6310789820E+001
 Tr(RhoAvg S), Cartesian AOs              1.3000000000E+001
 Tr(RhoAvg S), spherical AOs              1.3000000000E+001
 max|T RhoAvg T**T - RhoAvg_sao|                  7.77E-016
 max|c(RhoAvg) - c(Rho)|                          2.22E-016
 max|RhoAvg - Rho|                                3.03E-001
 Saved /mnt/storage_6/project_data/pl0415-03/marcin/beyond-rpa/guess/electron-densities/bse/def2-sv(p)/nb.txt
 ----------------------------------------------------------------------------
                             SCF for MO (2S+1=7)                             
 ----------------------------------------------------------------------------
 NUMBER OF ATOMS                         1
 CHARGE                                  0
 Prescreening (pq|pq) integrals for the Cholesky decomposition
 Shell pairs will be sorted according to their max elements
 Max diagonal integral MaxDrs=2.0E+000
 Applying Eq. 15 in J. Chem. Phys. 150, 194112 (2019); doi: 10.1063/1.5083802
 Schwarz inequality: Dpq<min(10**(-8),Tau)**2/MaxDrs=4.9E-017
 Trace of exact Coulomb matrix: 2.3E+001
 Trace of discarded integrals: 0.0E+000
 Discarded 0 out of 55 shell pairs
 (0 out of 300 orbital pairs)

 Step 1 of Cholesky decomposition: locating pivots
 -------------------------------------------------
 Dimensions of the Coulomb matrix: (300,300)
 Threshold for diagonal matrix elements: Dpq > 1.0E-007
 Max number of Cholesky vectors: 300
 Rk storage block size: 500
 Max dimension of 2e integrals buffer: (300,300)

 ----------------------------------------------------------------------------
 #    Dmax        Memory (MB)    NPivots     %    Time        
 ----------------------------------------------------------------------------
 1    1.9E-002    1.8E+000       27          9    8.2E-003    
 2    1.9E-004    1.8E+000       109         46   8.6E-003    
 3    1.4E-006    1.4E+000       133         84   6.7E-003    
 4    7.6E-008    4.5E-001       155         100  3.7E-003    

 Step 1 of the Cholesky decomposition completed
 Computed 155 pivots
 Largest residual Dpq: 7.6E-008
 NCholesky/NAO = 6.5E+000
 Step 1 of Cholesky decomposition completed in 2.8E-002 seconds
 Detailed timings in seconds
 Subtract prev contribs I (M-R**T*R)     1.5E-003
 Subtract prev contribs II (Rk)          6.3E-004
 Two-electron integrals                  2.4E-002
 Reallocation                            2.8E-004

 Step 2 of Cholesky decomposition completed in 2.8E-003 seconds
 Detailed timings in seconds
 Reduced-dimension matrix V    2.4E-003
 V=L*L**T                      2.4E-004
 L**(-1)                       1.6E-004

 Full-dimension Cholesky vectors of the Coulomb matrix will be stored in memory
 Cholesky vectors computed in 4.1E-003 seconds

 ┌─────────────────────────────────────────┐
 │          Self-consistent field          │
 └─────────────────────────────────────────┘

 Atomic orbital basis set
 . . . . . . . . . . . . . . . . . . . . . . . . . . . . . . . . . . . . . . 
 atomic centers                               1
 shell parameter sets                         10
 spherical AOs                                24
 max angular momentum                         2
 parameter set                                ../../../../basis-sets/bse/def2-sv(p).txt
 . . . . . . . . . . . . . . . . . . . . . . . . . . . . . . . . . . . . . . 
 SCF guess: bare nuclei Hamiltonian
 Starting self-consistent field iterations (spin-unrestricted)
 Alpha electrons: 10
 Beta electrons: 4
 ----------------------------------------------------------------------------
 Exchange-correlation: Hartree-Fock
 ----------------------------------------------------------------------------
 Replicated-data parallel SCF
 ----------------------------
 Processes                               1
 Threads/process                         16
 Allocated 1.1E-004 GiB of scratch space for the KS matrix build
 ----------------------------------------------------------------------------
 Loaded pseudopotential parameters
 ----------------------------------------------------------------------------

 MOLYBDENUM  
 Parameters file: ../../../../basis-sets/bse/def2-sv(p).txt
 ECP accounts for 28 core electrons

          Coeff         R^n       Exponent                                       

 Local part

        -24.80517707      2         9.45000000                                   
         -4.15378155      2         4.72000000                                   

 L = 0

        180.10310850      2         9.71459380                                   
         24.99722791      2         4.68050040                                   
         24.80517707      2         9.45000000                                   
          4.15378155      2         4.72000000                                   

 L = 1

        123.77275231      2         8.14213660                                   
         19.53022800      2         4.62598630                                   
         24.80517707      2         9.45000000                                   
          4.15378155      2         4.72000000                                   

 L = 2

         48.37502229      2         6.61841480                                   
          8.89205274      2         3.24875160                                   
         24.80517707      2         9.45000000                                   
          4.15378155      2         4.72000000                                   

 ----------------------------------------------------------------------------
 Spherical harmonic basis contains 24 vectors
 Linear independence thresh: Eig(S) > 1.0E-006
 Computations will be carried out in the space of 24 MOs
 Threshold for J, K: |Rho(r,s)*(pq|rs)|,|Rho(q,s)*(pq|rs)| > 1.0E-011
 Convergence conditions
 ----------------------
 RhoDiff < 1.0E-006
 OrbGrad < 1.0E-006
 Max number of macroiters: 1024
 ------------------------------------------------------------------------------
 #           Energy        EDiff    RhoDiff  OrbGrad  OrbShift NStored Time     
 ------------------------------------------------------------------------------
 0          -10.6354255311                                        0    2.1E-002 
 1          -65.7716935581           1.7E+01                      0    4.1E-003 
 2          -67.2008334762 -1.4E+00  5.9E+00  8.6E-01  9.9E-01    1    4.7E-003 
 3          -67.5025154408 -3.0E-01  1.9E+00  1.9E-01  0.0E+00    2    4.3E-003 
 4          -67.5444767865 -4.2E-02  2.2E-01  9.5E-02  0.0E+00    3    4.4E-003 
 5          -67.5453503010 -8.7E-04  5.0E-02  1.1E-02  0.0E+00    4    4.5E-003 
 6          -67.5453669083 -1.7E-05  7.6E-03  1.8E-03  0.0E+00    5    4.5E-003 
 7          -67.5453677199 -8.1E-07  2.6E-03  3.7E-04  0.0E+00    6    4.5E-003 
 8          -67.5453677424 -2.2E-08  2.6E-04  8.2E-05  0.0E+00    7    4.6E-003 
 9          -67.5453677425 -1.6E-10  1.2E-05  8.1E-06  0.0E+00    8    4.7E-003 
 10         -67.5453677426 -1.6E-11  2.0E-06  2.1E-06  0.0E+00    8    4.7E-003 
 11         -67.5453677426 -2.6E-12  7.2E-07  8.7E-07  0.0E+00    8    4.7E-003 
 ------------------------------------------------------------------------------
 SCF converged
 Converged energy                        -67.545367742558    
 ------------------------------------------------------------------------------
 Ehomo(Alpha) [eV]                       -6.514779128837     
 Elumo(Alpha) [eV]                       0.912504898418      
 Ehomo(Beta) [eV]                        -44.007383894818    
 Elumo(Beta) [eV]                        0.882887084445      

 dipole moment (Debye)
        x              y              z       
      1.831E-016     1.604E-015    -1.210E-015

 traceless quadrupole moment (Debye*Angs)
                       x              y              z       
 x                   9.315E-007    -5.543E-008     1.387E-006
 y                  -5.543E-008     3.462E-007     3.003E-006
 z                   1.387E-006     3.003E-006    -1.278E-006

 ----------------------------------------------------------------------------
 Timings (seconds)
 * mean-field hamiltonian     4.8E-002
 * solver (setting up eqns)   1.8E-003
 * solver (energy estimate)   8.7E-004
 * solver (orthogonalization) 2.2E-004
 * solver (rotation matrix X) 1.6E-003
 * solver (exponential of X)  4.1E-004
 * solver (total)             5.2E-003
 * total SCF                  7.3E-002
 Atomic guess: MO, ../../../../basis-sets/bse/def2-sv(p).txt
 -----------------------------------------------------------
 E(HF) [a.u.]                            -6.7545367743E+001
 Tr(RhoAvg S), Cartesian AOs              1.4000000000E+001
 Tr(RhoAvg S), spherical AOs              1.4000000000E+001
 max|T RhoAvg T**T - RhoAvg_sao|                  7.77E-016
 max|c(RhoAvg) - c(Rho)|                          8.33E-017
 max|RhoAvg - Rho|                                2.33E-007
 Saved /mnt/storage_6/project_data/pl0415-03/marcin/beyond-rpa/guess/electron-densities/bse/def2-sv(p)/mo.txt
 ----------------------------------------------------------------------------
                             SCF for TC (2S+1=6)                             
 ----------------------------------------------------------------------------
 NUMBER OF ATOMS                         1
 CHARGE                                  0
 Prescreening (pq|pq) integrals for the Cholesky decomposition
 Shell pairs will be sorted according to their max elements
 Max diagonal integral MaxDrs=2.1E+000
 Applying Eq. 15 in J. Chem. Phys. 150, 194112 (2019); doi: 10.1063/1.5083802
 Schwarz inequality: Dpq<min(10**(-8),Tau)**2/MaxDrs=4.7E-017
 Trace of exact Coulomb matrix: 2.4E+001
 Trace of discarded integrals: 0.0E+000
 Discarded 0 out of 55 shell pairs
 (0 out of 300 orbital pairs)

 Step 1 of Cholesky decomposition: locating pivots
 -------------------------------------------------
 Dimensions of the Coulomb matrix: (300,300)
 Threshold for diagonal matrix elements: Dpq > 1.0E-007
 Max number of Cholesky vectors: 300
 Rk storage block size: 500
 Max dimension of 2e integrals buffer: (300,300)

 ----------------------------------------------------------------------------
 #    Dmax        Memory (MB)    NPivots     %    Time        
 ----------------------------------------------------------------------------
 1    2.1E-002    1.8E+000       27          9    8.2E-003    
 2    1.9E-004    1.8E+000       109         48   9.3E-003    
 3    1.7E-006    1.2E+000       133         83   3.3E-003    
 4    6.9E-008    4.0E-001       155         100  3.0E-003    

 Step 1 of the Cholesky decomposition completed
 Computed 155 pivots
 Largest residual Dpq: 6.9E-008
 NCholesky/NAO = 6.5E+000
 Step 1 of Cholesky decomposition completed in 2.4E-002 seconds
 Detailed timings in seconds
 Subtract prev contribs I (M-R**T*R)     5.4E-004
 Subtract prev contribs II (Rk)          6.0E-004
 Two-electron integrals                  2.2E-002
 Reallocation                            2.4E-004

 Step 2 of Cholesky decomposition completed in 3.0E-003 seconds
 Detailed timings in seconds
 Reduced-dimension matrix V    2.5E-003
 V=L*L**T                      2.6E-004
 L**(-1)                       1.6E-004

 Full-dimension Cholesky vectors of the Coulomb matrix will be stored in memory
 Cholesky vectors computed in 4.1E-003 seconds

 ┌─────────────────────────────────────────┐
 │          Self-consistent field          │
 └─────────────────────────────────────────┘

 Atomic orbital basis set
 . . . . . . . . . . . . . . . . . . . . . . . . . . . . . . . . . . . . . . 
 atomic centers                               1
 shell parameter sets                         10
 spherical AOs                                24
 max angular momentum                         2
 parameter set                                ../../../../basis-sets/bse/def2-sv(p).txt
 . . . . . . . . . . . . . . . . . . . . . . . . . . . . . . . . . . . . . . 
 SCF guess: bare nuclei Hamiltonian
 Starting self-consistent field iterations (spin-unrestricted)
 Alpha electrons: 10
 Beta electrons: 5
 ----------------------------------------------------------------------------
 Exchange-correlation: Hartree-Fock
 ----------------------------------------------------------------------------
 Replicated-data parallel SCF
 ----------------------------
 Processes                               1
 Threads/process                         16
 Allocated 1.1E-004 GiB of scratch space for the KS matrix build
 ----------------------------------------------------------------------------
 Loaded pseudopotential parameters
 ----------------------------------------------------------------------------

 TECHNETIUM  
 Parameters file: ../../../../basis-sets/bse/def2-sv(p).txt
 ECP accounts for 28 core electrons

          Coeff         R^n       Exponent                                       

 Local part

        -26.56244747      2        10.40000000                                   
         -4.58568054      2         5.20000000                                   

 L = 0

        195.15916591      2        10.42234620                                   
         28.09260333      2         5.03651600                                   
         26.56244747      2        10.40000000                                   
          4.58568054      2         5.20000000                                   

 L = 1

        135.28456622      2         8.95044940                                   
         21.80650430      2         4.85443940                                   
         26.56244747      2        10.40000000                                   
          4.58568054      2         5.20000000                                   

 L = 2

         54.32972942      2         6.94569680                                   
         11.15506795      2         3.97058490                                   
         26.56244747      2        10.40000000                                   
          4.58568054      2         5.20000000                                   

 ----------------------------------------------------------------------------
 Spherical harmonic basis contains 24 vectors
 Linear independence thresh: Eig(S) > 1.0E-006
 Computations will be carried out in the space of 24 MOs
 Threshold for J, K: |Rho(r,s)*(pq|rs)|,|Rho(q,s)*(pq|rs)| > 1.0E-011
 Convergence conditions
 ----------------------
 RhoDiff < 1.0E-006
 OrbGrad < 1.0E-006
 Max number of macroiters: 1024
 ------------------------------------------------------------------------------
 #           Energy        EDiff    RhoDiff  OrbGrad  OrbShift NStored Time     
 ------------------------------------------------------------------------------
 0          -17.0266588936                                        0    2.1E-002 
 1          -77.8842250387           1.6E+01                      0    4.2E-003 
 2          -79.6157631538 -1.7E+00  6.0E+00  9.5E-01  1.2E+00    1    4.9E-003 
 3          -79.9957191450 -3.8E-01  1.8E+00  2.5E-01  6.2E-02    2    4.4E-003 
 4          -80.0564584317 -6.1E-02  2.0E-01  1.2E-01  0.0E+00    3    4.6E-003 
 5          -80.0580649959 -1.6E-03  1.2E-01  1.5E-02  0.0E+00    4    4.6E-003 
 6          -80.0581815357 -1.2E-04  1.7E-02  6.6E-03  0.0E+00    5    4.6E-003 
 7          -80.0581942974 -1.3E-05  2.9E-03  9.1E-04  0.0E+00    6    4.7E-003 
 8          -80.0582624821 -6.8E-05  2.2E-02  7.3E-04  3.7E-03    7    6.6E-003 
 9          -80.0583702877 -1.1E-04  2.7E-02  1.8E-03  1.3E-02    8    7.3E-003 
 10         -80.0585102782 -1.4E-04  3.0E-02  1.2E-03  1.6E-02    8    7.7E-003 
 11         -80.0587376751 -2.3E-04  3.2E-02  1.1E-03  2.0E-02    8    7.6E-003 
 12         -80.0592000295 -4.6E-04  3.6E-02  1.7E-03  3.1E-02    8    7.4E-003 
 13         -80.0602158382 -1.0E-03  5.3E-02  2.9E-03  4.8E-02    8    7.3E-003 
 14         -80.0623753926 -2.2E-03  7.3E-02  5.4E-03  7.1E-02    8    7.2E-003 
 15         -80.0665577586 -4.2E-03  9.3E-02  9.3E-03  9.5E-02    8    7.2E-003 
 16         -80.0735662723 -7.0E-03  1.1E-01  1.4E-02  1.1E-01    8    7.1E-003 
 17         -80.0828615061 -9.3E-03  1.2E-01  1.9E-02  9.6E-02    8    7.1E-003 
 18         -80.0903943804 -7.5E-03  1.3E-01  1.8E-02  4.3E-02    8    7.1E-003 
 19         -80.0912903200 -9.0E-04  5.6E-02  7.2E-03  0.0E+00    8    4.8E-003 
 20         -80.0913205801 -3.0E-05  1.8E-02  1.7E-03  0.0E+00    8    4.8E-003 
 21         -80.0913245658 -4.0E-06  6.3E-03  5.8E-04  0.0E+00    8    4.8E-003 
 22         -80.0913246789 -1.1E-07  7.8E-04  8.7E-05  0.0E+00    8    4.8E-003 
 23         -80.0913246921 -1.3E-08  1.8E-04  2.6E-05  0.0E+00    8    4.8E-003 
 24         -80.0913246988 -6.7E-09  1.4E-04  1.5E-05  0.0E+00    8    4.8E-003 
 25         -80.0913247005 -1.7E-09  1.1E-04  1.0E-05  0.0E+00    8    4.8E-003 
 26         -80.0913247006 -1.2E-10  2.8E-05  3.1E-06  0.0E+00    8    4.8E-003 
 27         -80.0913247006 -9.7E-12  7.9E-06  9.6E-07  0.0E+00    8    4.8E-003 
 28         -80.0913247006 -2.3E-13  5.9E-07  1.7E-07  0.0E+00    8    4.8E-003 
 ------------------------------------------------------------------------------
 SCF converged
 Converged energy                        -80.091324700630    
 ------------------------------------------------------------------------------
 Ehomo(Alpha) [eV]                       -7.644775984664     
 Elumo(Alpha) [eV]                       0.891920323431      
 Ehomo(Beta) [eV]                        -5.676905053223     
 Elumo(Beta) [eV]                        1.183722645387      

 dipole moment (Debye)
        x              y              z       
     -2.747E-015     7.953E-015    -4.273E-015

 traceless quadrupole moment (Debye*Angs)
                       x              y              z       
 x                   3.812E-007    -1.152E-007     4.294E-008
 y                  -1.152E-007     1.376E-006    -1.065E-007
 z                   4.294E-008    -1.065E-007    -1.758E-006

 ----------------------------------------------------------------------------
 Timings (seconds)
 * mean-field hamiltonian     1.2E-001
 * solver (setting up eqns)   5.5E-003
 * solver (energy estimate)   3.2E-003
 * solver (orthogonalization) 6.1E-004
 * solver (rotation matrix X) 3.2E-002
 * solver (exponential of X)  1.4E-003
 * solver (total)             4.4E-002
 * total SCF                  1.8E-001
 Atomic guess: TC, ../../../../basis-sets/bse/def2-sv(p).txt
 -----------------------------------------------------------
 E(HF) [a.u.]                            -8.0091324701E+001
 Tr(RhoAvg S), Cartesian AOs              1.5000000000E+001
 Tr(RhoAvg S), spherical AOs              1.5000000000E+001
 max|T RhoAvg T**T - RhoAvg_sao|                  9.99E-016
 max|c(RhoAvg) - c(Rho)|                          2.78E-016
 max|RhoAvg - Rho|                                4.62E-007
 Saved /mnt/storage_6/project_data/pl0415-03/marcin/beyond-rpa/guess/electron-densities/bse/def2-sv(p)/tc.txt
 ----------------------------------------------------------------------------
                             SCF for RU (2S+1=5)                             
 ----------------------------------------------------------------------------
 NUMBER OF ATOMS                         1
 CHARGE                                  0
 Prescreening (pq|pq) integrals for the Cholesky decomposition
 Shell pairs will be sorted according to their max elements
 Max diagonal integral MaxDrs=2.2E+000
 Applying Eq. 15 in J. Chem. Phys. 150, 194112 (2019); doi: 10.1063/1.5083802
 Schwarz inequality: Dpq<min(10**(-8),Tau)**2/MaxDrs=4.5E-017
 Trace of exact Coulomb matrix: 2.5E+001
 Trace of discarded integrals: 0.0E+000
 Discarded 0 out of 55 shell pairs
 (0 out of 300 orbital pairs)

 Step 1 of Cholesky decomposition: locating pivots
 -------------------------------------------------
 Dimensions of the Coulomb matrix: (300,300)
 Threshold for diagonal matrix elements: Dpq > 1.0E-007
 Max number of Cholesky vectors: 300
 Rk storage block size: 500
 Max dimension of 2e integrals buffer: (300,300)

 ----------------------------------------------------------------------------
 #    Dmax        Memory (MB)    NPivots     %    Time        
 ----------------------------------------------------------------------------
 1    2.2E-002    1.8E+000       27          9    6.9E-003    
 2    2.2E-004    1.8E+000       107         46   5.7E-003    
 3    2.0E-006    1.3E+000       132         82   3.9E-003    
 4    7.2E-008    4.7E-001       155         100  4.1E-003    

 Step 1 of the Cholesky decomposition completed
 Computed 155 pivots
 Largest residual Dpq: 7.2E-008
 NCholesky/NAO = 6.5E+000
 Step 1 of Cholesky decomposition completed in 2.1E-002 seconds
 Detailed timings in seconds
 Subtract prev contribs I (M-R**T*R)     5.3E-004
 Subtract prev contribs II (Rk)          6.0E-004
 Two-electron integrals                  1.8E-002
 Reallocation                            7.4E-004

 Step 2 of Cholesky decomposition completed in 2.9E-003 seconds
 Detailed timings in seconds
 Reduced-dimension matrix V    2.5E-003
 V=L*L**T                      2.4E-004
 L**(-1)                       1.5E-004

 Full-dimension Cholesky vectors of the Coulomb matrix will be stored in memory
 Cholesky vectors computed in 4.1E-003 seconds

 ┌─────────────────────────────────────────┐
 │          Self-consistent field          │
 └─────────────────────────────────────────┘

 Atomic orbital basis set
 . . . . . . . . . . . . . . . . . . . . . . . . . . . . . . . . . . . . . . 
 atomic centers                               1
 shell parameter sets                         10
 spherical AOs                                24
 max angular momentum                         2
 parameter set                                ../../../../basis-sets/bse/def2-sv(p).txt
 . . . . . . . . . . . . . . . . . . . . . . . . . . . . . . . . . . . . . . 
 SCF guess: bare nuclei Hamiltonian
 Starting self-consistent field iterations (spin-unrestricted)
 Alpha electrons: 10
 Beta electrons: 6
 ----------------------------------------------------------------------------
 Exchange-correlation: Hartree-Fock
 ----------------------------------------------------------------------------
 Replicated-data parallel SCF
 ----------------------------
 Processes                               1
 Threads/process                         16
 Allocated 1.1E-004 GiB of scratch space for the KS matrix build
 ----------------------------------------------------------------------------
 Loaded pseudopotential parameters
 ----------------------------------------------------------------------------

 RUTHENIUM   
 Parameters file: ../../../../basis-sets/bse/def2-sv(p).txt
 ECP accounts for 28 core electrons

          Coeff         R^n       Exponent                                       

 Local part

        -28.34061627      2        11.36000000                                   
         -4.94462923      2         5.68000000                                   

 L = 0

        209.82297122      2        11.10526930                                   
         30.65472642      2         5.41474540                                   
         28.34061627      2        11.36000000                                   
          4.94462923      2         5.68000000                                   

 L = 1

        146.33618228      2         9.77127070                                   
         24.12787723      2         5.07399080                                   
         28.34061627      2        11.36000000                                   
          4.94462923      2         5.68000000                                   

 L = 2

         67.51589667      2         7.67142310                                   
          9.87010415      2         4.13656470                                   
         28.34061627      2        11.36000000                                   
          4.94462923      2         5.68000000                                   

 ----------------------------------------------------------------------------
 Spherical harmonic basis contains 24 vectors
 Linear independence thresh: Eig(S) > 1.0E-006
 Computations will be carried out in the space of 24 MOs
 Threshold for J, K: |Rho(r,s)*(pq|rs)|,|Rho(q,s)*(pq|rs)| > 1.0E-011
 Convergence conditions
 ----------------------
 RhoDiff < 1.0E-006
 OrbGrad < 1.0E-006
 Max number of macroiters: 1024
 ------------------------------------------------------------------------------
 #           Energy        EDiff    RhoDiff  OrbGrad  OrbShift NStored Time     
 ------------------------------------------------------------------------------
 0           -9.6200113656                                        0    2.2E-002 
 1          -91.7489494610           1.7E+01                      0    4.2E-003 
 2          -93.6569341438 -1.9E+00  5.6E+00  9.7E-01  1.2E+00    1    4.8E-003 
 3          -93.9350581157 -2.8E-01  1.9E+00  2.1E-01  1.8E-02    2    4.5E-003 
 4          -94.0523463765 -1.2E-01  2.5E-01  1.6E-01  0.0E+00    3    4.7E-003 
 5          -94.0549202670 -2.6E-03  1.2E-01  2.1E-02  0.0E+00    4    4.7E-003 
 6          -94.0563896093 -1.5E-03  3.7E-02  9.3E-03  0.0E+00    5    4.7E-003 
 7          -94.0588882902 -2.5E-03  3.7E-02  1.1E-02  1.5E-01    6    6.5E-003 
 8          -94.0624392846 -3.6E-03  4.8E-02  1.4E-02  1.6E-01    7    6.7E-003 
 9          -94.0672725555 -4.8E-03  5.7E-02  1.7E-02  1.5E-01    8    7.2E-003 
 10         -94.0735057080 -6.2E-03  6.4E-02  1.9E-02  1.3E-01    8    7.1E-003 
 11         -94.0807973286 -7.3E-03  6.3E-02  1.9E-02  1.0E-01    8    7.2E-003 
 12         -94.0879719073 -7.2E-03  8.8E-02  1.8E-02  6.4E-02    8    7.1E-003 
 13         -94.0924700756 -4.5E-03  1.2E-01  1.2E-02  1.7E-02    8    7.2E-003 
 14         -94.0927621167 -2.9E-04  3.7E-02  3.0E-03  0.0E+00    8    4.9E-003 
 15         -94.0927698182 -7.7E-06  1.9E-03  8.2E-04  0.0E+00    8    4.9E-003 
 16         -94.0927712114 -1.4E-06  8.9E-04  2.9E-04  0.0E+00    8    4.9E-003 
 17         -94.0927720836 -8.7E-07  1.1E-03  1.7E-04  0.0E+00    8    4.8E-003 
 18         -94.0927723390 -2.6E-07  6.6E-04  1.5E-04  0.0E+00    8    4.8E-003 
 19         -94.0927723476 -8.7E-09  1.7E-04  4.7E-05  0.0E+00    8    5.0E-003 
 20         -94.0927723479 -3.3E-10  1.2E-05  6.2E-06  0.0E+00    8    4.8E-003 
 21         -94.0927723480 -7.6E-11  6.4E-06  3.2E-06  0.0E+00    8    4.9E-003 
 22         -94.0927723480 -6.8E-12  2.9E-06  7.2E-07  0.0E+00    8    4.8E-003 
 23         -94.0927723480 -1.7E-12  1.5E-06  4.8E-07  0.0E+00    8    4.9E-003 
 24         -94.0927723480 -5.5E-12  2.8E-06  4.3E-07  0.0E+00    8    4.9E-003 
 25         -94.0927723480 -1.5E-12  1.4E-06  2.3E-07  0.0E+00    8    4.9E-003 
 26         -94.0927723480 -2.4E-13  7.2E-07  1.6E-07  0.0E+00    8    4.9E-003 
 ------------------------------------------------------------------------------
 SCF converged
 Converged energy                        -94.092772348036    
 ------------------------------------------------------------------------------
 Ehomo(Alpha) [eV]                       -6.489015611171     
 Elumo(Alpha) [eV]                       1.208492037065      
 Ehomo(Beta) [eV]                        -8.708273544134     
 Elumo(Beta) [eV]                        0.667708826253      

 dipole moment (Debye)
        x              y              z       
      6.521E-015    -2.352E-016    -2.890E-015

 traceless quadrupole moment (Debye*Angs)
                       x              y              z       
 x                   8.787E-008    -1.942E-007     2.744E-008
 y                  -1.942E-007     3.902E-007    -7.027E-008
 z                   2.744E-008    -7.027E-008    -4.781E-007

 ----------------------------------------------------------------------------
 Timings (seconds)
 * mean-field hamiltonian     1.1E-001
 * solver (setting up eqns)   5.0E-003
 * solver (energy estimate)   3.0E-003
 * solver (orthogonalization) 5.6E-004
 * solver (rotation matrix X) 2.0E-002
 * solver (exponential of X)  1.3E-003
 * solver (total)             3.0E-002
 * total SCF                  1.6E-001
 Atomic guess: RU, ../../../../basis-sets/bse/def2-sv(p).txt
 -----------------------------------------------------------
 E(HF) [a.u.]                            -9.4092772348E+001
 Tr(RhoAvg S), Cartesian AOs              1.6000000000E+001
 Tr(RhoAvg S), spherical AOs              1.6000000000E+001
 max|T RhoAvg T**T - RhoAvg_sao|                  1.11E-015
 max|c(RhoAvg) - c(Rho)|                          2.78E-016
 max|RhoAvg - Rho|                                2.92E-001
 Saved /mnt/storage_6/project_data/pl0415-03/marcin/beyond-rpa/guess/electron-densities/bse/def2-sv(p)/ru.txt
 ----------------------------------------------------------------------------
                             SCF for RH (2S+1=4)                             
 ----------------------------------------------------------------------------
 NUMBER OF ATOMS                         1
 CHARGE                                  0
 Prescreening (pq|pq) integrals for the Cholesky decomposition
 Shell pairs will be sorted according to their max elements
 Max diagonal integral MaxDrs=2.2E+000
 Applying Eq. 15 in J. Chem. Phys. 150, 194112 (2019); doi: 10.1063/1.5083802
 Schwarz inequality: Dpq<min(10**(-8),Tau)**2/MaxDrs=4.5E-017
 Trace of exact Coulomb matrix: 2.5E+001
 Trace of discarded integrals: 0.0E+000
 Discarded 0 out of 55 shell pairs
 (0 out of 300 orbital pairs)

 Step 1 of Cholesky decomposition: locating pivots
 -------------------------------------------------
 Dimensions of the Coulomb matrix: (300,300)
 Threshold for diagonal matrix elements: Dpq > 1.0E-007
 Max number of Cholesky vectors: 300
 Rk storage block size: 500
 Max dimension of 2e integrals buffer: (300,300)

 ----------------------------------------------------------------------------
 #    Dmax        Memory (MB)    NPivots     %    Time        
 ----------------------------------------------------------------------------
 1    2.2E-002    1.8E+000       25          8    6.9E-003    
 2    2.0E-004    1.8E+000       109         47   1.2E-002    
 3    1.5E-006    1.1E+000       132         82   3.6E-003    
 4    9.8E-008    3.5E-001       155         100  2.7E-003    

 Step 1 of the Cholesky decomposition completed
 Computed 155 pivots
 Largest residual Dpq: 9.8E-008
 NCholesky/NAO = 6.5E+000
 Step 1 of Cholesky decomposition completed in 2.5E-002 seconds
 Detailed timings in seconds
 Subtract prev contribs I (M-R**T*R)     6.4E-004
 Subtract prev contribs II (Rk)          6.4E-004
 Two-electron integrals                  2.3E-002
 Reallocation                            3.2E-004

 Step 2 of Cholesky decomposition completed in 2.8E-003 seconds
 Detailed timings in seconds
 Reduced-dimension matrix V    2.4E-003
 V=L*L**T                      2.6E-004
 L**(-1)                       1.6E-004

 Full-dimension Cholesky vectors of the Coulomb matrix will be stored in memory
 Cholesky vectors computed in 4.1E-003 seconds

 ┌─────────────────────────────────────────┐
 │          Self-consistent field          │
 └─────────────────────────────────────────┘

 Atomic orbital basis set
 . . . . . . . . . . . . . . . . . . . . . . . . . . . . . . . . . . . . . . 
 atomic centers                               1
 shell parameter sets                         10
 spherical AOs                                24
 max angular momentum                         2
 parameter set                                ../../../../basis-sets/bse/def2-sv(p).txt
 . . . . . . . . . . . . . . . . . . . . . . . . . . . . . . . . . . . . . . 
 SCF guess: bare nuclei Hamiltonian
 Starting self-consistent field iterations (spin-unrestricted)
 Alpha electrons: 10
 Beta electrons: 7
 ----------------------------------------------------------------------------
 Exchange-correlation: Hartree-Fock
 ----------------------------------------------------------------------------
 Replicated-data parallel SCF
 ----------------------------
 Processes                               1
 Threads/process                         16
 Allocated 1.1E-004 GiB of scratch space for the KS matrix build
 ----------------------------------------------------------------------------
 Loaded pseudopotential parameters
 ----------------------------------------------------------------------------

 RHODIUM     
 Parameters file: ../../../../basis-sets/bse/def2-sv(p).txt
 ECP accounts for 28 core electrons

          Coeff         R^n       Exponent                                       

 Local part

        -30.09345572      2        12.31000000                                   
         -5.21848192      2         6.16000000                                   

 L = 0

        225.34775353      2        11.72000000                                   
         32.82318898      2         5.82000000                                   
         30.09345572      2        12.31000000                                   
          5.21848192      2         6.16000000                                   

 L = 1

        158.70941159      2        10.42000000                                   
         26.44410049      2         5.45000000                                   
         30.09345572      2        12.31000000                                   
          5.21848192      2         6.16000000                                   

 L = 2

         62.75862572      2         8.82000000                                   
         10.97871947      2         3.87000000                                   
         30.09345572      2        12.31000000                                   
          5.21848192      2         6.16000000                                   

 ----------------------------------------------------------------------------
 Spherical harmonic basis contains 24 vectors
 Linear independence thresh: Eig(S) > 1.0E-006
 Computations will be carried out in the space of 24 MOs
 Threshold for J, K: |Rho(r,s)*(pq|rs)|,|Rho(q,s)*(pq|rs)| > 1.0E-011
 Convergence conditions
 ----------------------
 RhoDiff < 1.0E-006
 OrbGrad < 1.0E-006
 Max number of macroiters: 1024
 ------------------------------------------------------------------------------
 #           Energy        EDiff    RhoDiff  OrbGrad  OrbShift NStored Time     
 ------------------------------------------------------------------------------
 0          -15.6398556112                                        0    2.2E-002 
 1         -107.4190473780           1.6E+01                      0    4.4E-003 
 2         -109.1913509895 -1.8E+00  5.8E+00  1.1E+00  1.5E+00    1    5.1E-003 
 3         -109.5810713503 -3.9E-01  1.9E+00  3.5E-01  6.2E-02    2    4.9E-003 
 4         -109.6937627971 -1.1E-01  2.2E-01  1.5E-01  0.0E+00    3    4.8E-003 
 5         -109.6977515446 -4.0E-03  1.5E-01  2.5E-02  0.0E+00    4    4.7E-003 
 6         -109.7027061196 -5.0E-03  1.1E-01  1.8E-02  0.0E+00    5    4.8E-003 
 7         -109.7098067697 -7.1E-03  2.6E-01  1.4E-02  8.0E-03    6    6.7E-003 
 8         -109.7102301019 -4.2E-04  3.3E-02  7.3E-03  0.0E+00    7    4.9E-003 
 9         -109.7103644973 -1.3E-04  1.0E-02  3.2E-03  0.0E+00    8    4.9E-003 
 10        -109.7105741227 -2.1E-04  2.8E-02  2.7E-03  1.4E-02    8    7.3E-003 
 11        -109.7106422170 -6.8E-05  2.3E-02  1.3E-03  0.0E+00    8    5.0E-003 
 12        -109.7106455268 -3.3E-06  2.8E-03  4.7E-04  0.0E+00    8    5.0E-003 
 13        -109.7106463362 -8.1E-07  1.4E-03  2.1E-04  0.0E+00    8    5.0E-003 
 14        -109.7106465417 -2.1E-07  7.2E-04  8.5E-05  0.0E+00    8    5.0E-003 
 15        -109.7106465543 -1.3E-08  1.2E-04  3.3E-05  0.0E+00    8    5.0E-003 
 16        -109.7106465550 -6.8E-10  2.9E-05  1.0E-05  0.0E+00    8    5.0E-003 
 17        -109.7106465550 -5.1E-11  7.1E-06  1.9E-06  0.0E+00    8    5.0E-003 
 18        -109.7106465550 -3.0E-11  6.6E-06  1.8E-06  0.0E+00    8    5.0E-003 
 19        -109.7106465551 -6.1E-11  1.2E-05  1.5E-06  0.0E+00    8    5.0E-003 
 20        -109.7106465551 -2.4E-11  9.4E-06  9.3E-07  0.0E+00    8    5.0E-003 
 21        -109.7106465551 -2.5E-12  2.5E-06  6.3E-07  0.0E+00    8    5.0E-003 
 22        -109.7106465551 -1.8E-13  5.6E-07  9.7E-08  0.0E+00    8    5.0E-003 
 ------------------------------------------------------------------------------
 SCF converged
 Converged energy                        -109.710646555121   
 ------------------------------------------------------------------------------
 Ehomo(Alpha) [eV]                       -6.448543294113     
 Elumo(Alpha) [eV]                       1.219087559587      
 Ehomo(Beta) [eV]                        -10.473421057091    
 Elumo(Beta) [eV]                        0.522119953700      

 dipole moment (Debye)
        x              y              z       
     -6.285E-016    -3.278E-015    -3.767E-015

 traceless quadrupole moment (Debye*Angs)
                       x              y              z       
 x                   1.634E-006     6.281E-007     1.317E-007
 y                   6.281E-007    -1.567E-006     4.302E-007
 z                   1.317E-007     4.302E-007    -6.673E-008

 ----------------------------------------------------------------------------
 Timings (seconds)
 * mean-field hamiltonian     9.9E-002
 * solver (setting up eqns)   4.1E-003
 * solver (energy estimate)   2.4E-003
 * solver (orthogonalization) 4.5E-004
 * solver (rotation matrix X) 8.3E-003
 * solver (exponential of X)  1.1E-003
 * solver (total)             1.7E-002
 * total SCF                  1.4E-001
 Atomic guess: RH, ../../../../basis-sets/bse/def2-sv(p).txt
 -----------------------------------------------------------
 E(HF) [a.u.]                            -1.0971064656E+002
 Tr(RhoAvg S), Cartesian AOs              1.7000000000E+001
 Tr(RhoAvg S), spherical AOs              1.7000000000E+001
 max|T RhoAvg T**T - RhoAvg_sao|                  1.78E-015
 max|c(RhoAvg) - c(Rho)|                          4.44E-016
 max|RhoAvg - Rho|                                3.93E-001
 Saved /mnt/storage_6/project_data/pl0415-03/marcin/beyond-rpa/guess/electron-densities/bse/def2-sv(p)/rh.txt
 ----------------------------------------------------------------------------
                                  SCF for PD                                 
 ----------------------------------------------------------------------------
 NUMBER OF ATOMS                         1
 CHARGE                                  0
 Prescreening (pq|pq) integrals for the Cholesky decomposition
 Shell pairs will be sorted according to their max elements
 Max diagonal integral MaxDrs=2.3E+000
 Applying Eq. 15 in J. Chem. Phys. 150, 194112 (2019); doi: 10.1063/1.5083802
 Schwarz inequality: Dpq<min(10**(-8),Tau)**2/MaxDrs=4.3E-017
 Trace of exact Coulomb matrix: 2.6E+001
 Trace of discarded integrals: 0.0E+000
 Discarded 0 out of 55 shell pairs
 (0 out of 300 orbital pairs)

 Step 1 of Cholesky decomposition: locating pivots
 -------------------------------------------------
 Dimensions of the Coulomb matrix: (300,300)
 Threshold for diagonal matrix elements: Dpq > 1.0E-007
 Max number of Cholesky vectors: 300
 Rk storage block size: 500
 Max dimension of 2e integrals buffer: (300,300)

 ----------------------------------------------------------------------------
 #    Dmax        Memory (MB)    NPivots     %    Time        
 ----------------------------------------------------------------------------
 1    2.3E-002    1.8E+000       29          10   6.4E-003    
 2    2.1E-004    1.8E+000       109         47   1.2E-002    
 3    1.5E-006    1.3E+000       132         82   3.4E-003    
 4    6.6E-008    4.9E-001       158         100  3.7E-003    

 Step 1 of the Cholesky decomposition completed
 Computed 158 pivots
 Largest residual Dpq: 6.6E-008
 NCholesky/NAO = 6.6E+000
 Step 1 of Cholesky decomposition completed in 2.6E-002 seconds
 Detailed timings in seconds
 Subtract prev contribs I (M-R**T*R)     1.2E-003
 Subtract prev contribs II (Rk)          6.1E-004
 Two-electron integrals                  2.2E-002
 Reallocation                            3.3E-004

 Step 2 of Cholesky decomposition completed in 3.5E-003 seconds
 Detailed timings in seconds
 Reduced-dimension matrix V    3.1E-003
 V=L*L**T                      2.4E-004
 L**(-1)                       1.7E-004

 Full-dimension Cholesky vectors of the Coulomb matrix will be stored in memory
 Cholesky vectors computed in 4.1E-003 seconds

 ┌─────────────────────────────────────────┐
 │          Self-consistent field          │
 └─────────────────────────────────────────┘

 Atomic orbital basis set
 . . . . . . . . . . . . . . . . . . . . . . . . . . . . . . . . . . . . . . 
 atomic centers                               1
 shell parameter sets                         10
 spherical AOs                                24
 max angular momentum                         2
 parameter set                                ../../../../basis-sets/bse/def2-sv(p).txt
 . . . . . . . . . . . . . . . . . . . . . . . . . . . . . . . . . . . . . . 
 SCF guess: bare nuclei Hamiltonian
 Starting self-consistent field iterations (spin-restricted singlet)
 Alpha+beta electrons: 18
 ----------------------------------------------------------------------------
 Exchange-correlation: Hartree-Fock
 ----------------------------------------------------------------------------
 Replicated-data parallel SCF
 ----------------------------
 Processes                               1
 Threads/process                         16
 Allocated 5.9E-005 GiB of scratch space for the KS matrix build
 ----------------------------------------------------------------------------
 Loaded pseudopotential parameters
 ----------------------------------------------------------------------------

 PALLADIUM   
 Parameters file: ../../../../basis-sets/bse/def2-sv(p).txt
 ECP accounts for 28 core electrons

          Coeff         R^n       Exponent                                       

 Local part

        -31.92955431      2        13.27000000                                   
         -5.39821694      2         6.63000000                                   

 L = 0

        240.22904033      2        12.43000000                                   
         35.17194347      2         6.17075940                                   
         31.92955431      2        13.27000000                                   
          5.39821694      2         6.63000000                                   

 L = 1

        170.41727605      2        11.08000000                                   
         28.47213287      2         5.82955410                                   
         31.92955431      2        13.27000000                                   
          5.39821694      2         6.63000000                                   

 L = 2

         69.01384488      2         9.51000000                                   
         11.75086158      2         4.13978110                                   
         31.92955431      2        13.27000000                                   
          5.39821694      2         6.63000000                                   

 ----------------------------------------------------------------------------
 Spherical harmonic basis contains 24 vectors
 Linear independence thresh: Eig(S) > 1.0E-006
 Computations will be carried out in the space of 24 MOs
 Threshold for J, K: |Rho(r,s)*(pq|rs)|,|Rho(q,s)*(pq|rs)| > 1.0E-011
 Convergence conditions
 ----------------------
 RhoDiff < 1.0E-006
 OrbGrad < 1.0E-006
 Max number of macroiters: 1024
 ------------------------------------------------------------------------------
 #           Energy        EDiff    RhoDiff  OrbGrad  OrbShift NStored Time     
 ------------------------------------------------------------------------------
 0          -27.5239730611                                        0    2.0E-002 
 1         -124.8152787097           3.1E+01                      0    2.3E-003 
 2         -126.7900207775 -2.0E+00  1.7E+00  6.8E-01  4.6E-01    1    2.5E-003 
 3         -126.8930338488 -1.0E-01  4.1E-01  2.1E-01  0.0E+00    2    2.5E-003 
 4         -126.9946034217 -1.0E-01  2.1E-01  1.2E-01  0.0E+00    3    2.5E-003 
 5         -126.9998932233 -5.3E-03  7.0E-02  2.6E-02  0.0E+00    4    2.5E-003 
 6         -127.0002969462 -4.0E-04  2.8E-02  3.5E-03  0.0E+00    5    2.6E-003 
 7         -127.0003506880 -5.4E-05  2.4E-02  1.7E-03  0.0E+00    6    2.5E-003 
 8         -127.0003510211 -3.3E-07  9.0E-04  2.2E-04  0.0E+00    7    2.6E-003 
 9         -127.0003510376 -1.7E-08  1.5E-04  5.0E-05  0.0E+00    8    2.6E-003 
 10        -127.0003510386 -9.9E-10  2.4E-05  6.3E-06  0.0E+00    8    2.7E-003 
 11        -127.0003510397 -1.1E-09  5.2E-05  5.1E-06  0.0E+00    8    2.7E-003 
 12        -127.0003510398 -1.1E-10  2.0E-05  2.8E-06  0.0E+00    8    2.7E-003 
 13        -127.0003510398 -1.3E-11  5.0E-06  9.1E-07  0.0E+00    8    2.7E-003 
 14        -127.0003510398 -1.8E-12  1.3E-06  3.3E-07  0.0E+00    8    2.7E-003 
 15        -127.0003510398 -8.5E-14  1.4E-07  6.2E-08  0.0E+00    8    2.7E-003 
 ------------------------------------------------------------------------------
 SCF converged
 Converged energy                        -127.000351039803   
 ------------------------------------------------------------------------------
 Ehomo [eV]                              -8.747326919665     
 Elumo [eV]                              0.793700293443      

 dipole moment (Debye)
        x              y              z       
      1.949E-015     6.722E-016    -4.301E-016

 traceless quadrupole moment (Debye*Angs)
                       x              y              z       
 x                   3.050E-008     2.985E-008    -2.454E-008
 y                   2.985E-008     5.964E-008     7.217E-008
 z                  -2.454E-008     7.217E-008    -9.014E-008

 ----------------------------------------------------------------------------
 Timings (seconds)
 * mean-field hamiltonian     3.7E-002
 * solver (setting up eqns)   1.5E-003
 * solver (energy estimate)   7.1E-004
 * solver (orthogonalization) 1.0E-004
 * solver (rotation matrix X) 1.2E-003
 * solver (exponential of X)  3.1E-004
 * solver (total)             4.1E-003
 * total SCF                  6.0E-002
 Atomic guess: PD, ../../../../basis-sets/bse/def2-sv(p).txt
 -----------------------------------------------------------
 E(HF) [a.u.]                            -1.2700035104E+002
 Tr(RhoAvg S), Cartesian AOs              1.8000000000E+001
 Tr(RhoAvg S), spherical AOs              1.8000000000E+001
 max|T RhoAvg T**T - RhoAvg_sao|                  2.44E-015
 max|c(RhoAvg) - c(Rho)|                          4.44E-016
 max|RhoAvg - Rho|                                8.30E-008
 Saved /mnt/storage_6/project_data/pl0415-03/marcin/beyond-rpa/guess/electron-densities/bse/def2-sv(p)/pd.txt
 ----------------------------------------------------------------------------
                             SCF for AG (2S+1=2)                             
 ----------------------------------------------------------------------------
 NUMBER OF ATOMS                         1
 CHARGE                                  0
 Prescreening (pq|pq) integrals for the Cholesky decomposition
 Shell pairs will be sorted according to their max elements
 Max diagonal integral MaxDrs=2.4E+000
 Applying Eq. 15 in J. Chem. Phys. 150, 194112 (2019); doi: 10.1063/1.5083802
 Schwarz inequality: Dpq<min(10**(-8),Tau)**2/MaxDrs=4.2E-017
 Trace of exact Coulomb matrix: 2.7E+001
 Trace of discarded integrals: 0.0E+000
 Discarded 0 out of 55 shell pairs
 (0 out of 300 orbital pairs)

 Step 1 of Cholesky decomposition: locating pivots
 -------------------------------------------------
 Dimensions of the Coulomb matrix: (300,300)
 Threshold for diagonal matrix elements: Dpq > 1.0E-007
 Max number of Cholesky vectors: 300
 Rk storage block size: 500
 Max dimension of 2e integrals buffer: (300,300)

 ----------------------------------------------------------------------------
 #    Dmax        Memory (MB)    NPivots     %    Time        
 ----------------------------------------------------------------------------
 1    2.3E-002    1.8E+000       31          10   6.4E-003    
 2    2.3E-004    1.8E+000       109         46   9.6E-003    
 3    1.4E-006    1.3E+000       132         77   4.3E-003    
 4    9.9E-008    5.9E-001       158         100  3.1E-003    

 Step 1 of the Cholesky decomposition completed
 Computed 158 pivots
 Largest residual Dpq: 9.9E-008
 NCholesky/NAO = 6.6E+000
 Step 1 of Cholesky decomposition completed in 2.4E-002 seconds
 Detailed timings in seconds
 Subtract prev contribs I (M-R**T*R)     5.5E-004
 Subtract prev contribs II (Rk)          6.3E-004
 Two-electron integrals                  2.1E-002
 Reallocation                            2.5E-004

 Step 2 of Cholesky decomposition completed in 3.6E-003 seconds
 Detailed timings in seconds
 Reduced-dimension matrix V    3.2E-003
 V=L*L**T                      2.3E-004
 L**(-1)                       1.6E-004

 Full-dimension Cholesky vectors of the Coulomb matrix will be stored in memory
 Cholesky vectors computed in 4.1E-003 seconds

 ┌─────────────────────────────────────────┐
 │          Self-consistent field          │
 └─────────────────────────────────────────┘

 Atomic orbital basis set
 . . . . . . . . . . . . . . . . . . . . . . . . . . . . . . . . . . . . . . 
 atomic centers                               1
 shell parameter sets                         10
 spherical AOs                                24
 max angular momentum                         2
 parameter set                                ../../../../basis-sets/bse/def2-sv(p).txt
 . . . . . . . . . . . . . . . . . . . . . . . . . . . . . . . . . . . . . . 
 SCF guess: bare nuclei Hamiltonian
 Starting self-consistent field iterations (spin-unrestricted)
 Alpha electrons: 10
 Beta electrons: 9
 ----------------------------------------------------------------------------
 Exchange-correlation: Hartree-Fock
 ----------------------------------------------------------------------------
 Replicated-data parallel SCF
 ----------------------------
 Processes                               1
 Threads/process                         16
 Allocated 1.1E-004 GiB of scratch space for the KS matrix build
 ----------------------------------------------------------------------------
 Loaded pseudopotential parameters
 ----------------------------------------------------------------------------

 SILVER      
 Parameters file: ../../../../basis-sets/bse/def2-sv(p).txt
 ECP accounts for 28 core electrons

          Coeff         R^n       Exponent                                       

 Local part

        -33.68992012      2        14.22000000                                   
         -5.53112021      2         7.11000000                                   

 L = 0

        255.13936452      2        13.13000000                                   
         36.86612154      2         6.51000000                                   
         33.68992012      2        14.22000000                                   
          5.53112021      2         7.11000000                                   

 L = 1

        182.18186871      2        11.74000000                                   
         30.35775148      2         6.20000000                                   
         33.68992012      2        14.22000000                                   
          5.53112021      2         7.11000000                                   

 L = 2

         73.71926087      2        10.21000000                                   
         12.50211712      2         4.38000000                                   
         33.68992012      2        14.22000000                                   
          5.53112021      2         7.11000000                                   

 ----------------------------------------------------------------------------
 Spherical harmonic basis contains 24 vectors
 Linear independence thresh: Eig(S) > 1.0E-006
 Computations will be carried out in the space of 24 MOs
 Threshold for J, K: |Rho(r,s)*(pq|rs)|,|Rho(q,s)*(pq|rs)| > 1.0E-011
 Convergence conditions
 ----------------------
 RhoDiff < 1.0E-006
 OrbGrad < 1.0E-006
 Max number of macroiters: 1024
 ------------------------------------------------------------------------------
 #           Energy        EDiff    RhoDiff  OrbGrad  OrbShift NStored Time     
 ------------------------------------------------------------------------------
 0          -36.5064202880                                        0    2.2E-002 
 1         -143.0940190980           1.5E+01                      0    4.6E-003 
 2         -145.2971290481 -2.2E+00  5.8E+00  1.2E+00  2.0E+00    1    5.3E-003 
 3         -145.9131852704 -6.2E-01  1.6E+00  5.3E-01  1.6E-01    2    5.3E-003 
 4         -146.0800365387 -1.7E-01  2.5E-01  1.9E-01  0.0E+00    3    5.0E-003 
 5         -146.0838923145 -3.9E-03  1.9E-01  3.6E-02  0.0E+00    4    5.1E-003 
 6         -146.0840985303 -2.1E-04  3.6E-02  5.2E-03  0.0E+00    5    5.1E-003 
 7         -146.0841009466 -2.4E-06  1.5E-03  5.9E-04  0.0E+00    6    5.1E-003 
 8         -146.0841012201 -2.7E-07  7.0E-04  1.1E-04  0.0E+00    7    5.2E-003 
 9         -146.0841012389 -1.9E-08  1.5E-04  4.4E-05  0.0E+00    8    5.2E-003 
 10        -146.0841012437 -4.8E-09  9.0E-05  2.6E-05  0.0E+00    8    5.3E-003 
 11        -146.0841012438 -6.8E-11  4.3E-06  3.0E-06  0.0E+00    8    5.3E-003 
 12        -146.0841012438 -1.1E-11  1.5E-06  1.1E-06  0.0E+00    8    5.3E-003 
 13        -146.0841012438 -2.1E-12  9.4E-07  4.4E-07  0.0E+00    8    5.3E-003 
 ------------------------------------------------------------------------------
 SCF converged
 Converged energy                        -146.084101243771   
 ------------------------------------------------------------------------------
 Ehomo(Alpha) [eV]                       -6.463530442265     
 Elumo(Alpha) [eV]                       1.304956655639      
 Ehomo(Beta) [eV]                        -13.851989138408    
 Elumo(Beta) [eV]                        0.360647434809      

 dipole moment (Debye)
        x              y              z       
     -3.501E-015    -3.350E-016     1.402E-015

 traceless quadrupole moment (Debye*Angs)
                       x              y              z       
 x                   2.762E-007     1.011E-007     7.933E-008
 y                   1.011E-007     6.486E-007     5.224E-009
 z                   7.933E-008     5.224E-009    -9.248E-007

 ----------------------------------------------------------------------------
 Timings (seconds)
 * mean-field hamiltonian     6.4E-002
 * solver (setting up eqns)   2.2E-003
 * solver (energy estimate)   1.2E-003
 * solver (orthogonalization) 2.5E-004
 * solver (rotation matrix X) 2.6E-003
 * solver (exponential of X)  5.2E-004
 * solver (total)             7.1E-003
 * total SCF                  9.1E-002
 Atomic guess: AG, ../../../../basis-sets/bse/def2-sv(p).txt
 -----------------------------------------------------------
 E(HF) [a.u.]                            -1.4608410124E+002
 Tr(RhoAvg S), Cartesian AOs              1.9000000000E+001
 Tr(RhoAvg S), spherical AOs              1.9000000000E+001
 max|T RhoAvg T**T - RhoAvg_sao|                  2.00E-015
 max|c(RhoAvg) - c(Rho)|                          4.44E-016
 max|RhoAvg - Rho|                                1.74E-007
 Saved /mnt/storage_6/project_data/pl0415-03/marcin/beyond-rpa/guess/electron-densities/bse/def2-sv(p)/ag.txt
 ----------------------------------------------------------------------------
                                  SCF for CD                                 
 ----------------------------------------------------------------------------
 NUMBER OF ATOMS                         1
 CHARGE                                  0
 Prescreening (pq|pq) integrals for the Cholesky decomposition
 Shell pairs will be sorted according to their max elements
 Max diagonal integral MaxDrs=2.5E+000
 Applying Eq. 15 in J. Chem. Phys. 150, 194112 (2019); doi: 10.1063/1.5083802
 Schwarz inequality: Dpq<min(10**(-8),Tau)**2/MaxDrs=4.0E-017
 Trace of exact Coulomb matrix: 2.9E+001
 Trace of discarded integrals: 0.0E+000
 Discarded 0 out of 55 shell pairs
 (0 out of 300 orbital pairs)

 Step 1 of Cholesky decomposition: locating pivots
 -------------------------------------------------
 Dimensions of the Coulomb matrix: (300,300)
 Threshold for diagonal matrix elements: Dpq > 1.0E-007
 Max number of Cholesky vectors: 300
 Rk storage block size: 500
 Max dimension of 2e integrals buffer: (300,300)

 ----------------------------------------------------------------------------
 #    Dmax        Memory (MB)    NPivots     %    Time        
 ----------------------------------------------------------------------------
 1    2.3E-002    1.8E+000       31          11   6.4E-003    
 2    2.1E-004    1.8E+000       106         45   9.4E-003    
 3    2.1E-006    1.4E+000       129         74   4.7E-003    
 4    8.1E-008    7.0E-001       159         100  3.2E-003    

 Step 1 of the Cholesky decomposition completed
 Computed 159 pivots
 Largest residual Dpq: 8.1E-008
 NCholesky/NAO = 6.6E+000
 Step 1 of Cholesky decomposition completed in 2.4E-002 seconds
 Detailed timings in seconds
 Subtract prev contribs I (M-R**T*R)     6.1E-004
 Subtract prev contribs II (Rk)          6.2E-004
 Two-electron integrals                  2.2E-002
 Reallocation                            2.5E-004

 Step 2 of Cholesky decomposition completed in 3.6E-003 seconds
 Detailed timings in seconds
 Reduced-dimension matrix V    3.1E-003
 V=L*L**T                      2.6E-004
 L**(-1)                       1.8E-004

 Full-dimension Cholesky vectors of the Coulomb matrix will be stored in memory
 Cholesky vectors computed in 4.1E-003 seconds

 ┌─────────────────────────────────────────┐
 │          Self-consistent field          │
 └─────────────────────────────────────────┘

 Atomic orbital basis set
 . . . . . . . . . . . . . . . . . . . . . . . . . . . . . . . . . . . . . . 
 atomic centers                               1
 shell parameter sets                         10
 spherical AOs                                24
 max angular momentum                         2
 parameter set                                ../../../../basis-sets/bse/def2-sv(p).txt
 . . . . . . . . . . . . . . . . . . . . . . . . . . . . . . . . . . . . . . 
 SCF guess: bare nuclei Hamiltonian
 Starting self-consistent field iterations (spin-restricted singlet)
 Alpha+beta electrons: 20
 ----------------------------------------------------------------------------
 Exchange-correlation: Hartree-Fock
 ----------------------------------------------------------------------------
 Replicated-data parallel SCF
 ----------------------------
 Processes                               1
 Threads/process                         16
 Allocated 5.9E-005 GiB of scratch space for the KS matrix build
 ----------------------------------------------------------------------------
 Loaded pseudopotential parameters
 ----------------------------------------------------------------------------

 CADMIUM     
 Parameters file: ../../../../basis-sets/bse/def2-sv(p).txt
 ECP accounts for 28 core electrons

          Coeff         R^n       Exponent                                       

 Local part

        -35.47662555      2        15.18479570                                   
         -5.61767685      2         7.59239780                                   

 L = 0

        270.00948324      2        13.83586890                                   
         38.76730798      2         6.85727040                                   
         35.47662555      2        15.18479570                                   
          5.61767685      2         7.59239780                                   

 L = 1

        193.82962939      2        12.40497100                                   
         31.89652523      2         6.56779950                                   
         35.47662555      2        15.18479570                                   
          5.61767685      2         7.59239780                                   

 L = 2

         79.19364700      2        10.89692530                                   
         13.23082674      2         4.64116490                                   
         35.47662555      2        15.18479570                                   
          5.61767685      2         7.59239780                                   

 ----------------------------------------------------------------------------
 Spherical harmonic basis contains 24 vectors
 Linear independence thresh: Eig(S) > 1.0E-006
 Computations will be carried out in the space of 24 MOs
 Threshold for J, K: |Rho(r,s)*(pq|rs)|,|Rho(q,s)*(pq|rs)| > 1.0E-011
 Convergence conditions
 ----------------------
 RhoDiff < 1.0E-006
 OrbGrad < 1.0E-006
 Max number of macroiters: 1024
 ------------------------------------------------------------------------------
 #           Energy        EDiff    RhoDiff  OrbGrad  OrbShift NStored Time     
 ------------------------------------------------------------------------------
 0          -49.9476982710                                        0    2.0E-002 
 1         -162.5655404841           2.4E+01                      0    2.4E-003 
 2         -166.1029275259 -3.5E+00  1.2E+01  1.3E+00  1.9E+00    1    2.8E-003 
 3         -166.6866101896 -5.8E-01  3.5E+00  4.1E-01  1.1E-01    2    2.7E-003 
 4         -166.8432278420 -1.6E-01  4.8E-01  1.8E-01  0.0E+00    3    2.6E-003 
 5         -166.8465688008 -3.3E-03  1.7E-01  3.2E-02  0.0E+00    4    2.7E-003 
 6         -166.8466084492 -4.0E-05  1.6E-02  3.6E-03  0.0E+00    5    2.7E-003 
 7         -166.8466087890 -3.4E-07  9.5E-04  2.8E-04  0.0E+00    6    2.7E-003 
 8         -166.8466087895 -4.3E-10  1.6E-05  8.7E-06  0.0E+00    7    2.7E-003 
 9         -166.8466087895 -2.4E-11  3.5E-06  2.0E-06  0.0E+00    8    2.7E-003 
 10        -166.8466087895 -1.8E-12  1.2E-06  6.0E-07  0.0E+00    8    2.8E-003 
 11        -166.8466087895 -2.6E-13  3.9E-07  1.7E-07  0.0E+00    8    2.8E-003 
 ------------------------------------------------------------------------------
 SCF converged
 Converged energy                        -166.846608789494   
 ------------------------------------------------------------------------------
 Ehomo [eV]                              -7.640209517539     
 Elumo [eV]                              1.537414640556      

 dipole moment (Debye)
        x              y              z       
      4.227E-016     7.088E-015    -7.387E-016

 traceless quadrupole moment (Debye*Angs)
                       x              y              z       
 x                  -6.661E-008     6.509E-008     3.421E-008
 y                   6.509E-008     1.236E-007    -1.861E-007
 z                   3.421E-008    -1.861E-007    -5.696E-008

 ----------------------------------------------------------------------------
 Timings (seconds)
 * mean-field hamiltonian     2.9E-002
 * solver (setting up eqns)   1.0E-003
 * solver (energy estimate)   4.3E-004
 * solver (orthogonalization) 7.4E-005
 * solver (rotation matrix X) 1.0E-003
 * solver (exponential of X)  2.2E-004
 * solver (total)             3.0E-003
 * total SCF                  5.1E-002
 Atomic guess: CD, ../../../../basis-sets/bse/def2-sv(p).txt
 -----------------------------------------------------------
 E(HF) [a.u.]                            -1.6684660879E+002
 Tr(RhoAvg S), Cartesian AOs              2.0000000000E+001
 Tr(RhoAvg S), spherical AOs              2.0000000000E+001
 max|T RhoAvg T**T - RhoAvg_sao|                  2.44E-015
 max|c(RhoAvg) - c(Rho)|                          5.55E-016
 max|RhoAvg - Rho|                                6.68E-008
 Saved /mnt/storage_6/project_data/pl0415-03/marcin/beyond-rpa/guess/electron-densities/bse/def2-sv(p)/cd.txt
 ----------------------------------------------------------------------------
                             SCF for IN (2S+1=2)                             
 ----------------------------------------------------------------------------
 NUMBER OF ATOMS                         1
 CHARGE                                  0
 Prescreening (pq|pq) integrals for the Cholesky decomposition
 Shell pairs will be sorted according to their max elements
 Max diagonal integral MaxDrs=1.4E+000
 Applying Eq. 15 in J. Chem. Phys. 150, 194112 (2019); doi: 10.1063/1.5083802
 Schwarz inequality: Dpq<min(10**(-8),Tau)**2/MaxDrs=7.1E-017
 Trace of exact Coulomb matrix: 3.3E+001
 Trace of discarded integrals: 0.0E+000
 Discarded 0 out of 55 shell pairs
 (0 out of 351 orbital pairs)

 Step 1 of Cholesky decomposition: locating pivots
 -------------------------------------------------
 Dimensions of the Coulomb matrix: (351,351)
 Threshold for diagonal matrix elements: Dpq > 1.0E-007
 Max number of Cholesky vectors: 351
 Rk storage block size: 500
 Max dimension of 2e integrals buffer: (351,351)

 ----------------------------------------------------------------------------
 #    Dmax        Memory (MB)    NPivots     %    Time        
 ----------------------------------------------------------------------------
 1    1.3E-002    2.3E+000       51          17   1.8E-002    
 2    6.1E-005    2.1E+000       126         50   1.8E-002    
 3    5.9E-007    1.3E+000       157         85   1.0E-002    
 4    9.9E-008    6.2E-001       175         100  6.1E-003    

 Step 1 of the Cholesky decomposition completed
 Computed 175 pivots
 Largest residual Dpq: 9.9E-008
 NCholesky/NAO = 6.7E+000
 Step 1 of Cholesky decomposition completed in 5.3E-002 seconds
 Detailed timings in seconds
 Subtract prev contribs I (M-R**T*R)     1.1E-003
 Subtract prev contribs II (Rk)          8.4E-004
 Two-electron integrals                  5.0E-002
 Reallocation                            2.8E-004

 Step 2 of Cholesky decomposition completed in 8.4E-003 seconds
 Detailed timings in seconds
 Reduced-dimension matrix V    7.9E-003
 V=L*L**T                      2.7E-004
 L**(-1)                       2.2E-004

 Full-dimension Cholesky vectors of the Coulomb matrix will be stored in memory
 Cholesky vectors computed in 9.5E-003 seconds

 ┌─────────────────────────────────────────┐
 │          Self-consistent field          │
 └─────────────────────────────────────────┘

 Atomic orbital basis set
 . . . . . . . . . . . . . . . . . . . . . . . . . . . . . . . . . . . . . . 
 atomic centers                               1
 shell parameter sets                         10
 spherical AOs                                26
 max angular momentum                         2
 parameter set                                ../../../../basis-sets/bse/def2-sv(p).txt
 . . . . . . . . . . . . . . . . . . . . . . . . . . . . . . . . . . . . . . 
 SCF guess: bare nuclei Hamiltonian
 Starting self-consistent field iterations (spin-unrestricted)
 Alpha electrons: 11
 Beta electrons: 10
 ----------------------------------------------------------------------------
 Exchange-correlation: Hartree-Fock
 ----------------------------------------------------------------------------
 Replicated-data parallel SCF
 ----------------------------
 Processes                               1
 Threads/process                         16
 Allocated 1.2E-004 GiB of scratch space for the KS matrix build
 ----------------------------------------------------------------------------
 Loaded pseudopotential parameters
 ----------------------------------------------------------------------------

 INDIUM      
 Parameters file: ../../../../basis-sets/bse/def2-sv(p).txt
 ECP accounts for 28 core electrons

          Coeff         R^n       Exponent                                       

 Local part

        -13.72807800      2        12.53905600                                   
        -18.20686600      2        12.55256100                                   

 L = 0

        281.12235000      2        15.39282200                                   
         61.90147000      2         8.05586400                                   
         13.72807800      2        12.53905600                                   
         18.20686600      2        12.55256100                                   

 L = 1

         67.46215400      2        13.92867200                                   
        134.94925000      2        13.34723400                                   
         14.74614000      2         7.61413200                                   
         29.63926200      2         7.31836500                                   
         13.72807800      2        12.53905600                                   
         18.20686600      2        12.55256100                                   

 L = 2

         35.49325400      2        14.03471500                                   
         53.17877300      2        14.51161600                                   
          9.17728100      2         5.55055000                                   
         12.39241000      2         5.05941500                                   
         13.72807800      2        12.53905600                                   
         18.20686600      2        12.55256100                                   

 ----------------------------------------------------------------------------
 Spherical harmonic basis contains 26 vectors
 Linear independence thresh: Eig(S) > 1.0E-006
 Computations will be carried out in the space of 26 MOs
 Threshold for J, K: |Rho(r,s)*(pq|rs)|,|Rho(q,s)*(pq|rs)| > 1.0E-011
 Convergence conditions
 ----------------------
 RhoDiff < 1.0E-006
 OrbGrad < 1.0E-006
 Max number of macroiters: 1024
 ------------------------------------------------------------------------------
 #           Energy        EDiff    RhoDiff  OrbGrad  OrbShift NStored Time     
 ------------------------------------------------------------------------------
 0           72.1466531792                                        0    2.4E-002 
 1         -188.2342333412           1.3E+01                      0    5.7E-003 
 2         -189.1649377303 -9.3E-01  2.4E+00  5.9E-01  1.9E-01    1    6.4E-003 
 3         -189.2023209049 -3.7E-02  3.3E-01  9.9E-02  0.0E+00    2    6.0E-003 
 4         -189.2061747926 -3.9E-03  1.3E-01  2.8E-02  0.0E+00    3    6.1E-003 
 5         -189.2063206935 -1.5E-04  3.7E-02  6.2E-03  0.0E+00    4    6.2E-003 
 6         -189.2063352389 -1.5E-05  1.1E-02  1.1E-03  0.0E+00    5    6.1E-003 
 7         -189.2063354231 -1.8E-07  1.4E-03  2.3E-04  0.0E+00    6    6.2E-003 
 8         -189.2063354283 -5.2E-09  2.6E-04  4.2E-05  0.0E+00    7    6.2E-003 
 9         -189.2063354284 -8.9E-11  1.5E-05  2.5E-06  0.0E+00    8    6.3E-003 
 10        -189.2063354284 -4.1E-12  2.3E-06  9.1E-07  0.0E+00    8    6.4E-003 
 11        -189.2063354284 -3.4E-13  5.1E-07  3.4E-07  0.0E+00    8    6.4E-003 
 ------------------------------------------------------------------------------
 SCF converged
 Converged energy                        -189.206335428383   
 ------------------------------------------------------------------------------
 Ehomo(Alpha) [eV]                       -5.432754634895     
 Elumo(Alpha) [eV]                       0.491060902613      
 Ehomo(Beta) [eV]                        -10.013576883440    
 Elumo(Beta) [eV]                        0.797674901579      

 dipole moment (Debye)
        x              y              z       
      2.652E-015     5.745E-016     2.567E-015

 traceless quadrupole moment (Debye*Angs)
                       x              y              z       
 x                  -6.848E+000    -4.536E+000    -4.643E-002
 y                  -4.536E+000     2.505E+000    -1.882E-002
 z                  -4.643E-002    -1.882E-002     4.343E+000

 ----------------------------------------------------------------------------
 Timings (seconds)
 * mean-field hamiltonian     6.8E-002
 * solver (setting up eqns)   2.0E-003
 * solver (energy estimate)   9.1E-004
 * solver (orthogonalization) 1.8E-004
 * solver (rotation matrix X) 1.6E-003
 * solver (exponential of X)  5.5E-004
 * solver (total)             5.6E-003
 * total SCF                  9.3E-002
 Atomic guess: IN, ../../../../basis-sets/bse/def2-sv(p).txt
 -----------------------------------------------------------
 E(HF) [a.u.]                            -1.8920633543E+002
 Tr(RhoAvg S), Cartesian AOs              2.1000000000E+001
 Tr(RhoAvg S), spherical AOs              2.1000000000E+001
 max|T RhoAvg T**T - RhoAvg_sao|                  2.89E-015
 max|c(RhoAvg) - c(Rho)|                          4.44E-016
 max|RhoAvg - Rho|                                2.01E-001
 Saved /mnt/storage_6/project_data/pl0415-03/marcin/beyond-rpa/guess/electron-densities/bse/def2-sv(p)/in.txt
 ----------------------------------------------------------------------------
                             SCF for SN (2S+1=3)                             
 ----------------------------------------------------------------------------
 NUMBER OF ATOMS                         1
 CHARGE                                  0
 Prescreening (pq|pq) integrals for the Cholesky decomposition
 Shell pairs will be sorted according to their max elements
 Max diagonal integral MaxDrs=1.5E+000
 Applying Eq. 15 in J. Chem. Phys. 150, 194112 (2019); doi: 10.1063/1.5083802
 Schwarz inequality: Dpq<min(10**(-8),Tau)**2/MaxDrs=6.9E-017
 Trace of exact Coulomb matrix: 3.5E+001
 Trace of discarded integrals: 0.0E+000
 Discarded 0 out of 55 shell pairs
 (0 out of 351 orbital pairs)

 Step 1 of Cholesky decomposition: locating pivots
 -------------------------------------------------
 Dimensions of the Coulomb matrix: (351,351)
 Threshold for diagonal matrix elements: Dpq > 1.0E-007
 Max number of Cholesky vectors: 351
 Rk storage block size: 500
 Max dimension of 2e integrals buffer: (351,351)

 ----------------------------------------------------------------------------
 #    Dmax        Memory (MB)    NPivots     %    Time        
 ----------------------------------------------------------------------------
 1    1.4E-002    2.3E+000       48          16   1.5E-002    
 2    1.1E-004    2.1E+000       126         49   1.8E-002    
 3    9.7E-007    1.5E+000       150         80   8.4E-003    
 4    9.0E-008    5.4E-001       176         100  6.0E-003    

 Step 1 of the Cholesky decomposition completed
 Computed 176 pivots
 Largest residual Dpq: 9.0E-008
 NCholesky/NAO = 6.8E+000
 Step 1 of Cholesky decomposition completed in 4.7E-002 seconds
 Detailed timings in seconds
 Subtract prev contribs I (M-R**T*R)     7.3E-004
 Subtract prev contribs II (Rk)          8.9E-004
 Two-electron integrals                  4.5E-002
 Reallocation                            2.5E-004

 Step 2 of Cholesky decomposition completed in 7.4E-003 seconds
 Detailed timings in seconds
 Reduced-dimension matrix V    6.9E-003
 V=L*L**T                      2.8E-004
 L**(-1)                       1.9E-004

 Full-dimension Cholesky vectors of the Coulomb matrix will be stored in memory
 Cholesky vectors computed in 9.6E-003 seconds

 ┌─────────────────────────────────────────┐
 │          Self-consistent field          │
 └─────────────────────────────────────────┘

 Atomic orbital basis set
 . . . . . . . . . . . . . . . . . . . . . . . . . . . . . . . . . . . . . . 
 atomic centers                               1
 shell parameter sets                         10
 spherical AOs                                26
 max angular momentum                         2
 parameter set                                ../../../../basis-sets/bse/def2-sv(p).txt
 . . . . . . . . . . . . . . . . . . . . . . . . . . . . . . . . . . . . . . 
 SCF guess: bare nuclei Hamiltonian
 Starting self-consistent field iterations (spin-unrestricted)
 Alpha electrons: 12
 Beta electrons: 10
 ----------------------------------------------------------------------------
 Exchange-correlation: Hartree-Fock
 ----------------------------------------------------------------------------
 Replicated-data parallel SCF
 ----------------------------
 Processes                               1
 Threads/process                         16
 Allocated 1.2E-004 GiB of scratch space for the KS matrix build
 ----------------------------------------------------------------------------
 Loaded pseudopotential parameters
 ----------------------------------------------------------------------------

 TIN         
 Parameters file: ../../../../basis-sets/bse/def2-sv(p).txt
 ECP accounts for 28 core electrons

          Coeff         R^n       Exponent                                       

 Local part

        -12.57633300      2        12.28234800                                   
        -16.59594400      2        12.27215000                                   

 L = 0

        279.98868200      2        17.42041400                                   
         62.37781000      2         7.63115500                                   
         12.57633300      2        12.28234800                                   
         16.59594400      2        12.27215000                                   

 L = 1

         66.16252300      2        16.13102400                                   
        132.17439600      2        15.62807700                                   
         16.33941700      2         7.32560800                                   
         32.48895900      2         6.94251900                                   
         12.57633300      2        12.28234800                                   
         16.59594400      2        12.27215000                                   

 L = 2

         36.38744100      2        15.51497600                                   
         54.50784100      2        15.18816000                                   
          8.69682300      2         5.45602400                                   
         12.84020800      2         5.36310500                                   
         12.57633300      2        12.28234800                                   
         16.59594400      2        12.27215000                                   

 ----------------------------------------------------------------------------
 Spherical harmonic basis contains 26 vectors
 Linear independence thresh: Eig(S) > 1.0E-006
 Computations will be carried out in the space of 26 MOs
 Threshold for J, K: |Rho(r,s)*(pq|rs)|,|Rho(q,s)*(pq|rs)| > 1.0E-011
 Convergence conditions
 ----------------------
 RhoDiff < 1.0E-006
 OrbGrad < 1.0E-006
 Max number of macroiters: 1024
 ------------------------------------------------------------------------------
 #           Energy        EDiff    RhoDiff  OrbGrad  OrbShift NStored Time     
 ------------------------------------------------------------------------------
 0           30.3488858206                                        0    2.4E-002 
 1         -212.1065902152           6.0E+00                      0    5.8E-003 
 2         -213.2730979878 -1.2E+00  2.3E+00  6.3E-01  2.5E-01    1    6.5E-003 
 3         -213.3318497979 -5.9E-02  4.7E-01  1.0E-01  0.0E+00    2    6.1E-003 
 4         -213.3359658592 -4.1E-03  1.4E-01  2.4E-02  0.0E+00    3    6.2E-003 
 5         -213.3361305435 -1.6E-04  4.9E-02  6.3E-03  0.0E+00    4    6.2E-003 
 6         -213.3361330098 -2.5E-06  5.5E-03  7.6E-04  0.0E+00    5    6.2E-003 
 7         -213.3361330199 -1.0E-08  7.9E-05  5.2E-05  0.0E+00    6    6.3E-003 
 8         -213.3361330204 -5.0E-10  4.4E-05  1.0E-05  0.0E+00    7    6.3E-003 
 9         -213.3361330204 -1.6E-11  4.5E-06  1.9E-06  0.0E+00    8    6.4E-003 
 10        -213.3361330204 -1.5E-12  1.9E-06  5.7E-07  0.0E+00    8    6.5E-003 
 11        -213.3361330204 -5.7E-14  4.0E-07  1.8E-07  0.0E+00    8    6.5E-003 
 ------------------------------------------------------------------------------
 SCF converged
 Converged energy                        -213.336133020404   
 ------------------------------------------------------------------------------
 Ehomo(Alpha) [eV]                       -7.230630290540     
 Elumo(Alpha) [eV]                       -0.325498351325     
 Ehomo(Beta) [eV]                        -12.002857087170    
 Elumo(Beta) [eV]                        0.373381696945      

 dipole moment (Debye)
        x              y              z       
     -4.033E-015     3.018E-015     1.636E-015

 traceless quadrupole moment (Debye*Angs)
                       x              y              z       
 x                  -3.184E+000     2.211E-002    -5.173E-003
 y                   2.211E-002     5.872E+000    -2.119E+000
 z                  -5.173E-003    -2.119E+000    -2.688E+000

 ----------------------------------------------------------------------------
 Timings (seconds)
 * mean-field hamiltonian     6.9E-002
 * solver (setting up eqns)   1.9E-003
 * solver (energy estimate)   9.1E-004
 * solver (orthogonalization) 1.8E-004
 * solver (rotation matrix X) 1.6E-003
 * solver (exponential of X)  5.2E-004
 * solver (total)             5.5E-003
 * total SCF                  9.4E-002
 Atomic guess: SN, ../../../../basis-sets/bse/def2-sv(p).txt
 -----------------------------------------------------------
 E(HF) [a.u.]                            -2.1333613302E+002
 Tr(RhoAvg S), Cartesian AOs              2.2000000000E+001
 Tr(RhoAvg S), spherical AOs              2.2000000000E+001
 max|T RhoAvg T**T - RhoAvg_sao|                  2.44E-015
 max|c(RhoAvg) - c(Rho)|                          3.33E-016
 max|RhoAvg - Rho|                                2.13E-001
 Saved /mnt/storage_6/project_data/pl0415-03/marcin/beyond-rpa/guess/electron-densities/bse/def2-sv(p)/sn.txt
 ----------------------------------------------------------------------------
                             SCF for SB (2S+1=4)                             
 ----------------------------------------------------------------------------
 NUMBER OF ATOMS                         1
 CHARGE                                  0
 Prescreening (pq|pq) integrals for the Cholesky decomposition
 Shell pairs will be sorted according to their max elements
 Max diagonal integral MaxDrs=1.5E+000
 Applying Eq. 15 in J. Chem. Phys. 150, 194112 (2019); doi: 10.1063/1.5083802
 Schwarz inequality: Dpq<min(10**(-8),Tau)**2/MaxDrs=6.7E-017
 Trace of exact Coulomb matrix: 3.8E+001
 Trace of discarded integrals: 0.0E+000
 Discarded 0 out of 55 shell pairs
 (0 out of 351 orbital pairs)

 Step 1 of Cholesky decomposition: locating pivots
 -------------------------------------------------
 Dimensions of the Coulomb matrix: (351,351)
 Threshold for diagonal matrix elements: Dpq > 1.0E-007
 Max number of Cholesky vectors: 351
 Rk storage block size: 500
 Max dimension of 2e integrals buffer: (351,351)

 ----------------------------------------------------------------------------
 #    Dmax        Memory (MB)    NPivots     %    Time        
 ----------------------------------------------------------------------------
 1    1.4E-002    2.3E+000       46          15   1.4E-002    
 2    1.1E-004    2.1E+000       126         46   1.0E-002    
 3    1.0E-006    1.4E+000       153         83   1.3E-002    
 4    9.6E-008    4.9E-001       178         100  5.9E-003    

 Step 1 of the Cholesky decomposition completed
 Computed 178 pivots
 Largest residual Dpq: 9.6E-008
 NCholesky/NAO = 6.8E+000
 Step 1 of Cholesky decomposition completed in 4.4E-002 seconds
 Detailed timings in seconds
 Subtract prev contribs I (M-R**T*R)     6.9E-004
 Subtract prev contribs II (Rk)          8.7E-004
 Two-electron integrals                  4.1E-002
 Reallocation                            2.8E-004

 Step 2 of Cholesky decomposition completed in 6.9E-003 seconds
 Detailed timings in seconds
 Reduced-dimension matrix V    6.4E-003
 V=L*L**T                      3.0E-004
 L**(-1)                       2.2E-004

 Full-dimension Cholesky vectors of the Coulomb matrix will be stored in memory
 Cholesky vectors computed in 9.5E-003 seconds

 ┌─────────────────────────────────────────┐
 │          Self-consistent field          │
 └─────────────────────────────────────────┘

 Atomic orbital basis set
 . . . . . . . . . . . . . . . . . . . . . . . . . . . . . . . . . . . . . . 
 atomic centers                               1
 shell parameter sets                         10
 spherical AOs                                26
 max angular momentum                         2
 parameter set                                ../../../../basis-sets/bse/def2-sv(p).txt
 . . . . . . . . . . . . . . . . . . . . . . . . . . . . . . . . . . . . . . 
 SCF guess: bare nuclei Hamiltonian
 Starting self-consistent field iterations (spin-unrestricted)
 Alpha electrons: 13
 Beta electrons: 10
 ----------------------------------------------------------------------------
 Exchange-correlation: Hartree-Fock
 ----------------------------------------------------------------------------
 Replicated-data parallel SCF
 ----------------------------
 Processes                               1
 Threads/process                         16
 Allocated 1.2E-004 GiB of scratch space for the KS matrix build
 ----------------------------------------------------------------------------
 Loaded pseudopotential parameters
 ----------------------------------------------------------------------------

 ANTIMONY    
 Parameters file: ../../../../basis-sets/bse/def2-sv(p).txt
 ECP accounts for 28 core electrons

          Coeff         R^n       Exponent                                       

 Local part

        -15.36680100      2        14.44497800                                   
        -20.29613800      2        14.44929500                                   

 L = 0

        281.07158100      2        16.33086500                                   
         61.71660400      2         8.55654200                                   
         15.36680100      2        14.44497800                                   
         20.29613800      2        14.44929500                                   

 L = 1

         67.45738000      2        14.47033700                                   
        134.93350300      2        13.81619400                                   
         14.71634400      2         8.42492400                                   
         29.51851200      2         8.09272800                                   
         15.36680100      2        14.44497800                                   
         20.29613800      2        14.44929500                                   

 L = 2

         35.44781500      2        14.88633100                                   
         53.14346600      2        15.14631900                                   
          9.17922300      2         5.90826700                                   
         13.24025300      2         5.59432200                                   
         15.36680100      2        14.44497800                                   
         20.29613800      2        14.44929500                                   

 ----------------------------------------------------------------------------
 Spherical harmonic basis contains 26 vectors
 Linear independence thresh: Eig(S) > 1.0E-006
 Computations will be carried out in the space of 26 MOs
 Threshold for J, K: |Rho(r,s)*(pq|rs)|,|Rho(q,s)*(pq|rs)| > 1.0E-011
 Convergence conditions
 ----------------------
 RhoDiff < 1.0E-006
 OrbGrad < 1.0E-006
 Max number of macroiters: 1024
 ------------------------------------------------------------------------------
 #           Energy        EDiff    RhoDiff  OrbGrad  OrbShift NStored Time     
 ------------------------------------------------------------------------------
 0           37.0433246754                                        0    2.4E-002 
 1         -237.8245616274           9.6E+00                      0    6.0E-003 
 2         -239.2188661988 -1.4E+00  2.5E+00  5.2E-01  2.6E-01    1    6.6E-003 
 3         -239.2697101754 -5.1E-02  4.3E-01  1.0E-01  0.0E+00    2    6.3E-003 
 4         -239.2732025852 -3.5E-03  1.3E-01  2.7E-02  0.0E+00    3    6.4E-003 
 5         -239.2733448127 -1.4E-04  5.3E-02  7.5E-03  0.0E+00    4    6.4E-003 
 6         -239.2733462154 -1.4E-06  1.2E-03  5.9E-04  0.0E+00    5    6.5E-003 
 7         -239.2733462479 -3.2E-08  4.2E-04  1.1E-04  0.0E+00    6    6.6E-003 
 8         -239.2733462482 -2.8E-10  3.2E-05  8.5E-06  0.0E+00    7    6.5E-003 
 9         -239.2733462482 -1.1E-11  7.2E-06  1.9E-06  0.0E+00    8    6.6E-003 
 10        -239.2733462482 -5.1E-13  1.6E-06  4.1E-07  0.0E+00    8    6.6E-003 
 11        -239.2733462482 -1.1E-13  4.0E-07  8.9E-08  0.0E+00    8    6.7E-003 
 ------------------------------------------------------------------------------
 SCF converged
 Converged energy                        -239.273346248195   
 ------------------------------------------------------------------------------
 Ehomo(Alpha) [eV]                       -9.070066534586     
 Elumo(Alpha) [eV]                       7.993943912476      
 Ehomo(Beta) [eV]                        -13.795004219603    
 Elumo(Beta) [eV]                        1.051490270988      

 dipole moment (Debye)
        x              y              z       
     -6.572E-015    -1.172E-014    -3.860E-015

 traceless quadrupole moment (Debye*Angs)
                       x              y              z       
 x                   5.151E-007    -7.884E-010    -1.076E-009
 y                  -7.884E-010     8.562E-007     2.241E-009
 z                  -1.076E-009     2.241E-009    -1.371E-006

 ----------------------------------------------------------------------------
 Timings (seconds)
 * mean-field hamiltonian     7.1E-002
 * solver (setting up eqns)   1.9E-003
 * solver (energy estimate)   9.3E-004
 * solver (orthogonalization) 1.7E-004
 * solver (rotation matrix X) 1.5E-003
 * solver (exponential of X)  5.5E-004
 * solver (total)             5.4E-003
 * total SCF                  9.7E-002
 Atomic guess: SB, ../../../../basis-sets/bse/def2-sv(p).txt
 -----------------------------------------------------------
 E(HF) [a.u.]                            -2.3927334625E+002
 Tr(RhoAvg S), Cartesian AOs              2.3000000000E+001
 Tr(RhoAvg S), spherical AOs              2.3000000000E+001
 max|T RhoAvg T**T - RhoAvg_sao|                  2.44E-015
 max|c(RhoAvg) - c(Rho)|                          4.44E-016
 max|RhoAvg - Rho|                                1.34E-007
 Saved /mnt/storage_6/project_data/pl0415-03/marcin/beyond-rpa/guess/electron-densities/bse/def2-sv(p)/sb.txt
 ----------------------------------------------------------------------------
                             SCF for TE (2S+1=3)                             
 ----------------------------------------------------------------------------
 NUMBER OF ATOMS                         1
 CHARGE                                  0
 Prescreening (pq|pq) integrals for the Cholesky decomposition
 Shell pairs will be sorted according to their max elements
 Max diagonal integral MaxDrs=1.5E+000
 Applying Eq. 15 in J. Chem. Phys. 150, 194112 (2019); doi: 10.1063/1.5083802
 Schwarz inequality: Dpq<min(10**(-8),Tau)**2/MaxDrs=6.5E-017
 Trace of exact Coulomb matrix: 4.0E+001
 Trace of discarded integrals: 0.0E+000
 Discarded 0 out of 55 shell pairs
 (0 out of 351 orbital pairs)

 Step 1 of Cholesky decomposition: locating pivots
 -------------------------------------------------
 Dimensions of the Coulomb matrix: (351,351)
 Threshold for diagonal matrix elements: Dpq > 1.0E-007
 Max number of Cholesky vectors: 351
 Rk storage block size: 500
 Max dimension of 2e integrals buffer: (351,351)

 ----------------------------------------------------------------------------
 #    Dmax        Memory (MB)    NPivots     %    Time        
 ----------------------------------------------------------------------------
 1    1.5E-002    2.3E+000       46          15   1.4E-002    
 2    1.2E-004    2.1E+000       126         47   1.6E-002    
 3    1.0E-006    1.5E+000       153         86   1.0E-002    
 4    8.4E-008    4.8E-001       175         100  5.9E-003    

 Step 1 of the Cholesky decomposition completed
 Computed 175 pivots
 Largest residual Dpq: 8.4E-008
 NCholesky/NAO = 6.7E+000
 Step 1 of Cholesky decomposition completed in 4.7E-002 seconds
 Detailed timings in seconds
 Subtract prev contribs I (M-R**T*R)     7.3E-004
 Subtract prev contribs II (Rk)          8.2E-004
 Two-electron integrals                  4.4E-002
 Reallocation                            2.6E-004

 Step 2 of Cholesky decomposition completed in 6.8E-003 seconds
 Detailed timings in seconds
 Reduced-dimension matrix V    6.3E-003
 V=L*L**T                      2.8E-004
 L**(-1)                       2.2E-004

 Full-dimension Cholesky vectors of the Coulomb matrix will be stored in memory
 Cholesky vectors computed in 9.6E-003 seconds

 ┌─────────────────────────────────────────┐
 │          Self-consistent field          │
 └─────────────────────────────────────────┘

 Atomic orbital basis set
 . . . . . . . . . . . . . . . . . . . . . . . . . . . . . . . . . . . . . . 
 atomic centers                               1
 shell parameter sets                         10
 spherical AOs                                26
 max angular momentum                         2
 parameter set                                ../../../../basis-sets/bse/def2-sv(p).txt
 . . . . . . . . . . . . . . . . . . . . . . . . . . . . . . . . . . . . . . 
 SCF guess: bare nuclei Hamiltonian
 Starting self-consistent field iterations (spin-unrestricted)
 Alpha electrons: 13
 Beta electrons: 11
 ----------------------------------------------------------------------------
 Exchange-correlation: Hartree-Fock
 ----------------------------------------------------------------------------
 Replicated-data parallel SCF
 ----------------------------
 Processes                               1
 Threads/process                         16
 Allocated 1.2E-004 GiB of scratch space for the KS matrix build
 ----------------------------------------------------------------------------
 Loaded pseudopotential parameters
 ----------------------------------------------------------------------------

 TELLURIUM   
 Parameters file: ../../../../basis-sets/bse/def2-sv(p).txt
 ECP accounts for 28 core electrons

          Coeff         R^n       Exponent                                       

 Local part

        -15.74545000      2        15.20616800                                   
        -20.74244800      2        15.20170200                                   

 L = 0

        281.04584300      2        16.81447300                                   
         61.62065600      2         8.79352600                                   
         15.74545000      2        15.20616800                                   
         20.74244800      2        15.20170200                                   

 L = 1

         67.44946400      2        14.87780100                                   
        134.90430400      2        14.26973100                                   
         14.68954700      2         8.72443500                                   
         29.41506300      2         8.29151500                                   
         15.74545000      2        15.20616800                                   
         20.74244800      2        15.20170200                                   

 L = 2

         35.43205700      2        15.20500800                                   
         53.13568700      2        15.22584800                                   
          9.06980200      2         6.07176900                                   
         13.12230400      2         5.80476000                                   
         15.74545000      2        15.20616800                                   
         20.74244800      2        15.20170200                                   

 ----------------------------------------------------------------------------
 Spherical harmonic basis contains 26 vectors
 Linear independence thresh: Eig(S) > 1.0E-006
 Computations will be carried out in the space of 26 MOs
 Threshold for J, K: |Rho(r,s)*(pq|rs)|,|Rho(q,s)*(pq|rs)| > 1.0E-011
 Convergence conditions
 ----------------------
 RhoDiff < 1.0E-006
 OrbGrad < 1.0E-006
 Max number of macroiters: 1024
 ------------------------------------------------------------------------------
 #           Energy        EDiff    RhoDiff  OrbGrad  OrbShift NStored Time     
 ------------------------------------------------------------------------------
 0           16.4783251808                                        0    2.4E-002 
 1         -265.2082759291           6.6E+00                      0    6.1E-003 
 2         -266.8729391002 -1.7E+00  2.1E+00  5.1E-01  4.3E-01    1    6.8E-003 
 3         -266.9933366897 -1.2E-01  5.7E-01  1.4E-01  0.0E+00    2    6.4E-003 
 4         -266.9965874871 -3.3E-03  5.3E-02  2.8E-02  0.0E+00    3    6.5E-003 
 5         -266.9967883984 -2.0E-04  3.3E-02  8.3E-03  0.0E+00    4    6.5E-003 
 6         -266.9968113087 -2.3E-05  1.2E-02  2.5E-03  0.0E+00    5    6.5E-003 
 7         -266.9968117704 -4.6E-07  6.3E-04  3.2E-04  0.0E+00    6    6.6E-003 
 8         -266.9968117804 -1.0E-08  8.1E-05  5.4E-05  0.0E+00    7    6.6E-003 
 9         -266.9968117806 -2.1E-10  1.3E-05  4.5E-06  0.0E+00    8    6.7E-003 
 10        -266.9968117807 -1.5E-11  5.0E-06  1.6E-06  0.0E+00    8    6.7E-003 
 11        -266.9968117807 -1.3E-12  1.7E-06  4.4E-07  0.0E+00    8    6.7E-003 
 Skipping trust radius update
 12        -266.9968117807  5.7E-14  1.4E-07  5.2E-08  0.0E+00    8    6.8E-003 
 ------------------------------------------------------------------------------
 SCF converged
 Converged energy                        -266.996811780655   
 ------------------------------------------------------------------------------
 Ehomo(Alpha) [eV]                       -9.280444654716     
 Elumo(Alpha) [eV]                       9.301938101971      
 Ehomo(Beta) [eV]                        -8.314264104441     
 Elumo(Beta) [eV]                        -0.109756811875     

 dipole moment (Debye)
        x              y              z       
     -3.324E-015     1.342E-015     5.271E-015

 traceless quadrupole moment (Debye*Angs)
                       x              y              z       
 x                  -7.644E-001     1.845E+000    -2.988E+000
 y                   1.845E+000     1.267E+000     1.765E+000
 z                  -2.988E+000     1.765E+000    -5.026E-001

 ----------------------------------------------------------------------------
 Timings (seconds)
 * mean-field hamiltonian     7.9E-002
 * solver (setting up eqns)   2.2E-003
 * solver (energy estimate)   1.1E-003
 * solver (orthogonalization) 1.8E-004
 * solver (rotation matrix X) 2.0E-003
 * solver (exponential of X)  5.8E-004
 * solver (total)             6.3E-003
 * total SCF                  1.1E-001
 Atomic guess: TE, ../../../../basis-sets/bse/def2-sv(p).txt
 -----------------------------------------------------------
 E(HF) [a.u.]                            -2.6699681178E+002
 Tr(RhoAvg S), Cartesian AOs              2.4000000000E+001
 Tr(RhoAvg S), spherical AOs              2.4000000000E+001
 max|T RhoAvg T**T - RhoAvg_sao|                  2.89E-015
 max|c(RhoAvg) - c(Rho)|                          6.66E-016
 max|RhoAvg - Rho|                                1.55E-001
 Saved /mnt/storage_6/project_data/pl0415-03/marcin/beyond-rpa/guess/electron-densities/bse/def2-sv(p)/te.txt
 ----------------------------------------------------------------------------
                              SCF for I (2S+1=2)                             
 ----------------------------------------------------------------------------
 NUMBER OF ATOMS                         1
 CHARGE                                  0
 Prescreening (pq|pq) integrals for the Cholesky decomposition
 Shell pairs will be sorted according to their max elements
 Max diagonal integral MaxDrs=1.6E+000
 Applying Eq. 15 in J. Chem. Phys. 150, 194112 (2019); doi: 10.1063/1.5083802
 Schwarz inequality: Dpq<min(10**(-8),Tau)**2/MaxDrs=6.2E-017
 Trace of exact Coulomb matrix: 4.2E+001
 Trace of discarded integrals: 0.0E+000
 Discarded 0 out of 55 shell pairs
 (0 out of 351 orbital pairs)

 Step 1 of Cholesky decomposition: locating pivots
 -------------------------------------------------
 Dimensions of the Coulomb matrix: (351,351)
 Threshold for diagonal matrix elements: Dpq > 1.0E-007
 Max number of Cholesky vectors: 351
 Rk storage block size: 500
 Max dimension of 2e integrals buffer: (351,351)

 ----------------------------------------------------------------------------
 #    Dmax        Memory (MB)    NPivots     %    Time        
 ----------------------------------------------------------------------------
 1    1.6E-002    2.3E+000       49          16   2.0E-002    
 2    1.6E-004    2.1E+000       122         44   1.6E-002    
 3    1.4E-006    1.7E+000       150         81   1.1E-002    
 4    9.6E-008    6.4E-001       172         100  7.2E-003    

 Step 1 of the Cholesky decomposition completed
 Computed 172 pivots
 Largest residual Dpq: 9.6E-008
 NCholesky/NAO = 6.6E+000
 Step 1 of Cholesky decomposition completed in 5.5E-002 seconds
 Detailed timings in seconds
 Subtract prev contribs I (M-R**T*R)     7.4E-004
 Subtract prev contribs II (Rk)          8.3E-004
 Two-electron integrals                  5.2E-002
 Reallocation                            4.3E-004

 Step 2 of Cholesky decomposition completed in 6.9E-003 seconds
 Detailed timings in seconds
 Reduced-dimension matrix V    6.4E-003
 V=L*L**T                      2.7E-004
 L**(-1)                       2.0E-004

 Full-dimension Cholesky vectors of the Coulomb matrix will be stored in memory
 Cholesky vectors computed in 9.9E-003 seconds

 ┌─────────────────────────────────────────┐
 │          Self-consistent field          │
 └─────────────────────────────────────────┘

 Atomic orbital basis set
 . . . . . . . . . . . . . . . . . . . . . . . . . . . . . . . . . . . . . . 
 atomic centers                               1
 shell parameter sets                         10
 spherical AOs                                26
 max angular momentum                         2
 parameter set                                ../../../../basis-sets/bse/def2-sv(p).txt
 . . . . . . . . . . . . . . . . . . . . . . . . . . . . . . . . . . . . . . 
 SCF guess: bare nuclei Hamiltonian
 Starting self-consistent field iterations (spin-unrestricted)
 Alpha electrons: 13
 Beta electrons: 12
 ----------------------------------------------------------------------------
 Exchange-correlation: Hartree-Fock
 ----------------------------------------------------------------------------
 Replicated-data parallel SCF
 ----------------------------
 Processes                               1
 Threads/process                         16
 Allocated 1.2E-004 GiB of scratch space for the KS matrix build
 ----------------------------------------------------------------------------
 Loaded pseudopotential parameters
 ----------------------------------------------------------------------------

 IODINE      
 Parameters file: ../../../../basis-sets/bse/def2-sv(p).txt
 ECP accounts for 28 core electrons

          Coeff         R^n       Exponent                                       

 Local part

        -21.84204000      2        19.45860900                                   
        -28.46819100      2        19.34926000                                   
         -0.24371300      2         4.82376700                                   
         -0.32080400      2         4.88431500                                   

 L = 0

         49.99429300      2        40.01583500                                   
        281.02531700      2        17.42974700                                   
         61.57332600      2         9.00548400                                   
         21.84204000      2        19.45860900                                   
         28.46819100      2        19.34926000                                   
          0.24371300      2         4.82376700                                   
          0.32080400      2         4.88431500                                   

 L = 1

         67.44284100      2        15.35546600                                   
        134.88113700      2        14.97183300                                   
         14.67505100      2         8.96016400                                   
         29.37566600      2         8.25909600                                   
         21.84204000      2        19.45860900                                   
         28.46819100      2        19.34926000                                   
          0.24371300      2         4.82376700                                   
          0.32080400      2         4.88431500                                   

 L = 2

         35.43952900      2        15.06890800                                   
         53.17605700      2        14.55532200                                   
          9.06719500      2         6.71864700                                   
         13.20693700      2         6.45639300                                   
          0.08933500      2         1.19177900                                   
          0.05238000      2         1.29115700                                   
         21.84204000      2        19.45860900                                   
         28.46819100      2        19.34926000                                   
          0.24371300      2         4.82376700                                   
          0.32080400      2         4.88431500                                   

 ----------------------------------------------------------------------------
 Spherical harmonic basis contains 26 vectors
 Linear independence thresh: Eig(S) > 1.0E-006
 Computations will be carried out in the space of 26 MOs
 Threshold for J, K: |Rho(r,s)*(pq|rs)|,|Rho(q,s)*(pq|rs)| > 1.0E-011
 Convergence conditions
 ----------------------
 RhoDiff < 1.0E-006
 OrbGrad < 1.0E-006
 Max number of macroiters: 1024
 ------------------------------------------------------------------------------
 #           Energy        EDiff    RhoDiff  OrbGrad  OrbShift NStored Time     
 ------------------------------------------------------------------------------
 0           -0.0418836219                                        0    2.4E-002 
 1         -294.4333449758           6.7E+00                      0    6.1E-003 
 2         -296.5678417789 -2.1E+00  2.1E+00  5.5E-01  4.7E-01    1    6.9E-003 
 3         -296.6481420053 -8.0E-02  4.2E-01  1.2E-01  0.0E+00    2    6.4E-003 
 4         -296.6495428053 -1.4E-03  4.1E-02  2.6E-02  0.0E+00    3    6.6E-003 
 5         -296.6495994548 -5.7E-05  1.9E-02  5.3E-03  0.0E+00    4    6.6E-003 
 6         -296.6496051607 -5.7E-06  3.3E-03  1.1E-03  0.0E+00    5    6.7E-003 
 7         -296.6496054623 -3.0E-07  9.5E-04  2.1E-04  0.0E+00    6    6.6E-003 
 8         -296.6496054651 -2.9E-09  5.7E-05  2.9E-05  0.0E+00    7    6.7E-003 
 9         -296.6496054652 -1.2E-10  9.2E-06  6.2E-06  0.0E+00    8    6.8E-003 
 10        -296.6496054653 -1.0E-11  2.9E-06  2.1E-06  0.0E+00    8    6.8E-003 
 11        -296.6496054653 -1.2E-12  1.1E-06  7.3E-07  0.0E+00    8    6.8E-003 
 12        -296.6496054653 -1.7E-13  3.6E-07  1.9E-07  0.0E+00    8    6.8E-003 
 ------------------------------------------------------------------------------
 SCF converged
 Converged energy                        -296.649605465255   
 ------------------------------------------------------------------------------
 Ehomo(Alpha) [eV]                       -10.824749734458    
 Elumo(Alpha) [eV]                       10.784216611321     
 Ehomo(Beta) [eV]                        -10.293550532970    
 Elumo(Beta) [eV]                        -1.371131136723     

 dipole moment (Debye)
        x              y              z       
     -3.859E-015     6.393E-016    -5.486E-015

 traceless quadrupole moment (Debye*Angs)
                       x              y              z       
 x                  -1.864E+000    -5.285E-001     5.673E-001
 y                  -5.285E-001     7.268E-001    -2.892E+000
 z                   5.673E-001    -2.892E+000     1.137E+000

 ----------------------------------------------------------------------------
 Timings (seconds)
 * mean-field hamiltonian     8.0E-002
 * solver (setting up eqns)   2.2E-003
 * solver (energy estimate)   1.1E-003
 * solver (orthogonalization) 2.0E-004
 * solver (rotation matrix X) 2.0E-003
 * solver (exponential of X)  5.9E-004
 * solver (total)             6.4E-003
 * total SCF                  1.1E-001
 Atomic guess: I, ../../../../basis-sets/bse/def2-sv(p).txt
 ----------------------------------------------------------
 E(HF) [a.u.]                            -2.9664960547E+002
 Tr(RhoAvg S), Cartesian AOs              2.5000000000E+001
 Tr(RhoAvg S), spherical AOs              2.5000000000E+001
 max|T RhoAvg T**T - RhoAvg_sao|                  2.66E-015
 max|c(RhoAvg) - c(Rho)|                          2.22E-016
 max|RhoAvg - Rho|                                1.67E-001
 Saved /mnt/storage_6/project_data/pl0415-03/marcin/beyond-rpa/guess/electron-densities/bse/def2-sv(p)/i.txt
 ----------------------------------------------------------------------------
                                  SCF for XE                                 
 ----------------------------------------------------------------------------
 NUMBER OF ATOMS                         1
 CHARGE                                  0
 Prescreening (pq|pq) integrals for the Cholesky decomposition
 Shell pairs will be sorted according to their max elements
 Max diagonal integral MaxDrs=4.6E+000
 Applying Eq. 15 in J. Chem. Phys. 150, 194112 (2019); doi: 10.1063/1.5083802
 Schwarz inequality: Dpq<min(10**(-8),Tau)**2/MaxDrs=2.2E-017
 Trace of exact Coulomb matrix: 1.0E+002
 Trace of discarded integrals: 0.0E+000
 Discarded 0 out of 136 shell pairs
 (0 out of 1275 orbital pairs)

 Step 1 of Cholesky decomposition: locating pivots
 -------------------------------------------------
 Dimensions of the Coulomb matrix: (1275,1275)
 Threshold for diagonal matrix elements: Dpq > 1.0E-007
 Max number of Cholesky vectors: 750
 Rk storage block size: 500
 Max dimension of 2e integrals buffer: (1275,1000)

 ----------------------------------------------------------------------------
 #    Dmax        Memory (MB)    NPivots     %    Time        
 ----------------------------------------------------------------------------
 1    4.3E-002    1.5E+001       39          4    7.0E-002    
 2    4.3E-004    1.4E+001       235         32   7.8E-002    
 3    4.0E-006    1.3E+001       337         84   5.7E-002    
 4    9.8E-008    6.3E+000       385         100  2.7E-002    

 Step 1 of the Cholesky decomposition completed
 Computed 385 pivots
 Largest residual Dpq: 9.8E-008
 NCholesky/NAO = 7.7E+000
 Step 1 of Cholesky decomposition completed in 2.3E-001 seconds
 Detailed timings in seconds
 Subtract prev contribs I (M-R**T*R)     6.7E-003
 Subtract prev contribs II (Rk)          9.2E-003
 Two-electron integrals                  2.1E-001
 Reallocation                            2.0E-003

 Step 2 of Cholesky decomposition completed in 1.8E-002 seconds
 Detailed timings in seconds
 Reduced-dimension matrix V    1.5E-002
 V=L*L**T                      6.4E-004
 L**(-1)                       2.0E-003

 Full-dimension Cholesky vectors of the Coulomb matrix will be stored in memory
 Cholesky vectors computed in 2.9E-002 seconds

 ┌─────────────────────────────────────────┐
 │          Self-consistent field          │
 └─────────────────────────────────────────┘

 Atomic orbital basis set
 . . . . . . . . . . . . . . . . . . . . . . . . . . . . . . . . . . . . . . 
 atomic centers                               1
 shell parameter sets                         16
 spherical AOs                                50
 max angular momentum                         3
 parameter set                                ../../../../basis-sets/bse/def2-sv(p).txt
 . . . . . . . . . . . . . . . . . . . . . . . . . . . . . . . . . . . . . . 
 SCF guess: bare nuclei Hamiltonian
 Starting self-consistent field iterations (spin-restricted singlet)
 Alpha+beta electrons: 26
 ----------------------------------------------------------------------------
 Exchange-correlation: Hartree-Fock
 ----------------------------------------------------------------------------
 Replicated-data parallel SCF
 ----------------------------
 Processes                               1
 Threads/process                         16
 Allocated 2.8E-004 GiB of scratch space for the KS matrix build
 ----------------------------------------------------------------------------
 Loaded pseudopotential parameters
 ----------------------------------------------------------------------------

 XENON       
 Parameters file: ../../../../basis-sets/bse/def2-sv(p).txt
 ECP accounts for 28 core electrons

          Coeff         R^n       Exponent                                       

 Local part

        -23.08929500      2        20.88155700                                   
        -30.07447500      2        20.78344300                                   
         -0.28822700      2         5.25338900                                   
         -0.38692400      2         5.36118800                                   

 L = 0

         49.99796200      2        40.00518400                                   
        281.01330300      2        17.81221400                                   
         61.53825500      2         9.30415000                                   
         23.08929500      2        20.88155700                                   
         30.07447500      2        20.78344300                                   
          0.28822700      2         5.25338900                                   
          0.38692400      2         5.36118800                                   

 L = 1

         67.43914200      2        15.70177200                                   
        134.87471100      2        15.25860800                                   
         14.66330000      2         9.29218400                                   
         29.35473000      2         8.55900300                                   
         23.08929500      2        20.88155700                                   
         30.07447500      2        20.78344300                                   
          0.28822700      2         5.25338900                                   
          0.38692400      2         5.36118800                                   

 L = 2

         35.43690800      2        15.18560000                                   
         53.19577200      2        14.28450000                                   
          9.04623200      2         7.12188900                                   
         13.22368100      2         6.99196300                                   
          0.08485300      2         0.62394600                                   
          0.04415500      2         0.64728400                                   
         23.08929500      2        20.88155700                                   
         30.07447500      2        20.78344300                                   
          0.28822700      2         5.25338900                                   
          0.38692400      2         5.36118800                                   

 ----------------------------------------------------------------------------
 Spherical harmonic basis contains 50 vectors
 Linear independence thresh: Eig(S) > 1.0E-006
 Computations will be carried out in the space of 50 MOs
 Threshold for J, K: |Rho(r,s)*(pq|rs)|,|Rho(q,s)*(pq|rs)| > 1.0E-011
 Convergence conditions
 ----------------------
 RhoDiff < 1.0E-006
 OrbGrad < 1.0E-006
 Max number of macroiters: 1024
 ------------------------------------------------------------------------------
 #           Energy        EDiff    RhoDiff  OrbGrad  OrbShift NStored Time     
 ------------------------------------------------------------------------------
 0            0.7664273940                                        0    4.1E-002 
 1         -319.9202377879           1.1E+02                      0    1.8E-002 
 2         -327.9330084409 -8.0E+00  1.2E+01  2.0E+00  1.5E+00    1    1.9E-002 
 3         -328.2976894000 -3.6E-01  9.3E-01  2.7E-01  0.0E+00    2    1.9E-002 
 4         -328.2983752072 -6.9E-04  3.6E-02  2.1E-02  0.0E+00    3    1.9E-002 
 5         -328.2983909072 -1.6E-05  9.5E-03  1.9E-03  0.0E+00    4    1.9E-002 
 6         -328.2983913010 -3.9E-07  8.2E-04  3.4E-04  0.0E+00    5    1.9E-002 
 7         -328.2983913139 -1.3E-08  1.1E-04  4.1E-05  0.0E+00    6    1.9E-002 
 8         -328.2983913141 -1.4E-10  3.1E-05  4.2E-06  0.0E+00    7    1.9E-002 
 9         -328.2983913141 -7.2E-12  4.7E-06  7.9E-07  0.0E+00    8    1.9E-002 
 10        -328.2983913141 -6.3E-13  7.2E-07  2.1E-07  0.0E+00    8    1.9E-002 
 ------------------------------------------------------------------------------
 SCF converged
 Converged energy                        -328.298391314070   
 ------------------------------------------------------------------------------
 Ehomo [eV]                              -12.410037746822    
 Elumo [eV]                              8.124935083587      

 dipole moment (Debye)
        x              y              z       
      5.310E-016     1.043E-014    -7.134E-015

 traceless quadrupole moment (Debye*Angs)
                       x              y              z       
 x                  -4.116E-007     8.174E-008    -1.010E-007
 y                   8.174E-008     9.042E-007     1.759E-007
 z                  -1.010E-007     1.759E-007    -4.926E-007

 ----------------------------------------------------------------------------
 Timings (seconds)
 * mean-field hamiltonian     2.0E-001
 * solver (setting up eqns)   2.6E-003
 * solver (energy estimate)   4.7E-004
 * solver (orthogonalization) 1.9E-004
 * solver (rotation matrix X) 1.4E-003
 * solver (exponential of X)  7.3E-004
 * solver (total)             5.6E-003
 * total SCF                  2.3E-001
 Atomic guess: XE, ../../../../basis-sets/bse/def2-sv(p).txt
 -----------------------------------------------------------
 E(HF) [a.u.]                            -3.2829839131E+002
 Tr(RhoAvg S), Cartesian AOs              2.6000000000E+001
 Tr(RhoAvg S), spherical AOs              2.6000000000E+001
 max|T RhoAvg T**T - RhoAvg_sao|                  2.22E-015
 max|c(RhoAvg) - c(Rho)|                          8.88E-016
 max|RhoAvg - Rho|                                9.81E-007
 Saved /mnt/storage_6/project_data/pl0415-03/marcin/beyond-rpa/guess/electron-densities/bse/def2-sv(p)/xe.txt
 ----------------------------------------------------------------------------
                             SCF for CS (2S+1=2)                             
 ----------------------------------------------------------------------------
 NUMBER OF ATOMS                         1
 CHARGE                                  0
 Prescreening (pq|pq) integrals for the Cholesky decomposition
 Shell pairs will be sorted according to their max elements
 Max diagonal integral MaxDrs=1.3E+000
 Applying Eq. 15 in J. Chem. Phys. 150, 194112 (2019); doi: 10.1063/1.5083802
 Schwarz inequality: Dpq<min(10**(-8),Tau)**2/MaxDrs=7.7E-017
 Trace of exact Coulomb matrix: 1.3E+001
 Trace of discarded integrals: 0.0E+000
 Discarded 0 out of 55 shell pairs
 (0 out of 300 orbital pairs)

 Step 1 of Cholesky decomposition: locating pivots
 -------------------------------------------------
 Dimensions of the Coulomb matrix: (300,300)
 Threshold for diagonal matrix elements: Dpq > 1.0E-007
 Max number of Cholesky vectors: 300
 Rk storage block size: 500
 Max dimension of 2e integrals buffer: (300,300)

 ----------------------------------------------------------------------------
 #    Dmax        Memory (MB)    NPivots     %    Time        
 ----------------------------------------------------------------------------
 1    1.2E-002    1.8E+000       29          11   1.2E-003    
 2    1.1E-004    1.7E+000       102         52   1.3E-003    
 3    1.0E-006    1.0E+000       136         87   7.3E-004    
 4    9.2E-008    3.3E-001       154         100  2.4E-004    

 Step 1 of the Cholesky decomposition completed
 Computed 154 pivots
 Largest residual Dpq: 9.2E-008
 NCholesky/NAO = 6.4E+000
 Step 1 of Cholesky decomposition completed in 4.0E-003 seconds
 Detailed timings in seconds
 Subtract prev contribs I (M-R**T*R)     5.8E-004
 Subtract prev contribs II (Rk)          5.6E-004
 Two-electron integrals                  1.7E-003
 Reallocation                            2.5E-004

 Step 2 of Cholesky decomposition completed in 7.9E-004 seconds
 Detailed timings in seconds
 Reduced-dimension matrix V    3.6E-004
 V=L*L**T                      2.6E-004
 L**(-1)                       1.5E-004

 Full-dimension Cholesky vectors of the Coulomb matrix will be stored in memory
 Cholesky vectors computed in 8.9E-004 seconds

 ┌─────────────────────────────────────────┐
 │          Self-consistent field          │
 └─────────────────────────────────────────┘

 Atomic orbital basis set
 . . . . . . . . . . . . . . . . . . . . . . . . . . . . . . . . . . . . . . 
 atomic centers                               1
 shell parameter sets                         10
 spherical AOs                                24
 max angular momentum                         2
 parameter set                                ../../../../basis-sets/bse/def2-sv(p).txt
 . . . . . . . . . . . . . . . . . . . . . . . . . . . . . . . . . . . . . . 
 SCF guess: bare nuclei Hamiltonian
 Starting self-consistent field iterations (spin-unrestricted)
 Alpha electrons: 5
 Beta electrons: 4
 ----------------------------------------------------------------------------
 Exchange-correlation: Hartree-Fock
 ----------------------------------------------------------------------------
 Replicated-data parallel SCF
 ----------------------------
 Processes                               1
 Threads/process                         16
 Allocated 1.1E-004 GiB of scratch space for the KS matrix build
 ----------------------------------------------------------------------------
 Loaded pseudopotential parameters
 ----------------------------------------------------------------------------

 CESIUM      
 Parameters file: ../../../../basis-sets/bse/def2-sv(p).txt
 ECP accounts for 46 core electrons

          Coeff         R^n       Exponent                                       

 Local part

        -28.88430900      2         3.12326900                                   

 L = 0

         84.54773000      2         4.07975000                                   
         16.65417300      2         2.41740600                                   
         28.88430900      2         3.12326900                                   

 L = 1

        157.04905900      2         5.51408000                                   
         26.42330700      2         2.16031600                                   
         28.88430900      2         3.12326900                                   

 L = 2

         13.17275300      2         1.80741000                                   
          3.34283300      2         0.85818200                                   
         28.88430900      2         3.12326900                                   

 ----------------------------------------------------------------------------
 Spherical harmonic basis contains 24 vectors
 Linear independence thresh: Eig(S) > 1.0E-006
 Computations will be carried out in the space of 24 MOs
 Threshold for J, K: |Rho(r,s)*(pq|rs)|,|Rho(q,s)*(pq|rs)| > 1.0E-011
 Convergence conditions
 ----------------------
 RhoDiff < 1.0E-006
 OrbGrad < 1.0E-006
 Max number of macroiters: 1024
 ------------------------------------------------------------------------------
 #           Energy        EDiff    RhoDiff  OrbGrad  OrbShift NStored Time     
 ------------------------------------------------------------------------------
 0           -5.0472632642                                        0    2.1E-002 
 1          -19.1032556692           1.2E+01                      0    3.5E-003 
 2          -19.7823946883 -6.8E-01  5.8E+00  3.2E-01  4.3E-01    1    4.2E-003 
 3          -19.8514416178 -6.9E-02  1.1E+00  1.1E-01  0.0E+00    2    3.8E-003 
 4          -19.8550943919 -3.7E-03  8.5E-01  1.5E-02  0.0E+00    3    3.9E-003 
 5          -19.8551892412 -9.5E-05  8.1E-02  3.5E-03  0.0E+00    4    3.9E-003 
 6          -19.8551950489 -5.8E-06  6.9E-03  7.4E-04  0.0E+00    5    3.9E-003 
 7          -19.8551956997 -6.5E-07  1.6E-03  2.0E-04  0.0E+00    6    3.9E-003 
 8          -19.8551957550 -5.5E-08  3.0E-04  5.2E-05  0.0E+00    7    4.0E-003 
 9          -19.8551957582 -3.2E-09  6.5E-05  2.5E-05  0.0E+00    8    4.0E-003 
 10         -19.8551957585 -2.9E-10  3.4E-05  7.0E-06  0.0E+00    8    4.0E-003 
 11         -19.8551957585 -3.0E-12  3.1E-06  9.8E-07  0.0E+00    8    4.1E-003 
 12         -19.8551957585 -1.6E-13  7.3E-07  2.3E-07  0.0E+00    8    4.0E-003 
 ------------------------------------------------------------------------------
 SCF converged
 Converged energy                        -19.855195758499    
 ------------------------------------------------------------------------------
 Ehomo(Alpha) [eV]                       -3.507293872600     
 Elumo(Alpha) [eV]                       0.429807075478      
 Ehomo(Beta) [eV]                        -18.451183682216    
 Elumo(Beta) [eV]                        0.238516993063      

 dipole moment (Debye)
        x              y              z       
      4.526E-015     5.792E-015     4.937E-015

 traceless quadrupole moment (Debye*Angs)
                       x              y              z       
 x                  -8.493E-007    -4.087E-007    -8.638E-009
 y                  -4.087E-007     3.527E-007    -2.658E-009
 z                  -8.638E-009    -2.658E-009     4.966E-007

 ----------------------------------------------------------------------------
 Timings (seconds)
 * mean-field hamiltonian     4.5E-002
 * solver (setting up eqns)   1.9E-003
 * solver (energy estimate)   9.8E-004
 * solver (orthogonalization) 2.5E-004
 * solver (rotation matrix X) 1.7E-003
 * solver (exponential of X)  4.9E-004
 * solver (total)             5.6E-003
 * total SCF                  7.0E-002
 Atomic guess: CS, ../../../../basis-sets/bse/def2-sv(p).txt
 -----------------------------------------------------------
 E(HF) [a.u.]                            -1.9855195758E+001
 Tr(RhoAvg S), Cartesian AOs              9.0000000000E+000
 Tr(RhoAvg S), spherical AOs              9.0000000000E+000
 max|T RhoAvg T**T - RhoAvg_sao|                  4.34E-019
 max|c(RhoAvg) - c(Rho)|                          6.66E-016
 max|RhoAvg - Rho|                                3.60E-008
 Saved /mnt/storage_6/project_data/pl0415-03/marcin/beyond-rpa/guess/electron-densities/bse/def2-sv(p)/cs.txt
 ----------------------------------------------------------------------------
                                  SCF for BA                                 
 ----------------------------------------------------------------------------
 NUMBER OF ATOMS                         1
 CHARGE                                  0
 Prescreening (pq|pq) integrals for the Cholesky decomposition
 Shell pairs will be sorted according to their max elements
 Max diagonal integral MaxDrs=1.1E+000
 Applying Eq. 15 in J. Chem. Phys. 150, 194112 (2019); doi: 10.1063/1.5083802
 Schwarz inequality: Dpq<min(10**(-8),Tau)**2/MaxDrs=9.1E-017
 Trace of exact Coulomb matrix: 1.9E+001
 Trace of discarded integrals: 0.0E+000
 Discarded 0 out of 55 shell pairs
 (0 out of 465 orbital pairs)

 Step 1 of Cholesky decomposition: locating pivots
 -------------------------------------------------
 Dimensions of the Coulomb matrix: (465,465)
 Threshold for diagonal matrix elements: Dpq > 1.0E-007
 Max number of Cholesky vectors: 450
 Rk storage block size: 500
 Max dimension of 2e integrals buffer: (465,465)

 ----------------------------------------------------------------------------
 #    Dmax        Memory (MB)    NPivots     %    Time        
 ----------------------------------------------------------------------------
 1    1.1E-002    3.4E+000       59          15   4.9E-002    
 2    9.6E-005    3.2E+000       167         44   5.7E-002    
 3    8.9E-007    2.2E+000       237         81   1.0E-002    
 4    7.9E-008    1.2E+000       263         100  9.4E-003    

 Step 1 of the Cholesky decomposition completed
 Computed 263 pivots
 Largest residual Dpq: 7.9E-008
 NCholesky/NAO = 8.8E+000
 Step 1 of Cholesky decomposition completed in 1.3E-001 seconds
 Detailed timings in seconds
 Subtract prev contribs I (M-R**T*R)     1.2E-003
 Subtract prev contribs II (Rk)          2.0E-003
 Two-electron integrals                  1.2E-001
 Reallocation                            4.0E-004

 Step 2 of Cholesky decomposition completed in 2.0E-002 seconds
 Detailed timings in seconds
 Reduced-dimension matrix V    1.9E-002
 V=L*L**T                      4.7E-004
 L**(-1)                       4.2E-004

 Full-dimension Cholesky vectors of the Coulomb matrix will be stored in memory
 Cholesky vectors computed in 3.1E-002 seconds

 ┌─────────────────────────────────────────┐
 │          Self-consistent field          │
 └─────────────────────────────────────────┘

 Atomic orbital basis set
 . . . . . . . . . . . . . . . . . . . . . . . . . . . . . . . . . . . . . . 
 atomic centers                               1
 shell parameter sets                         10
 spherical AOs                                30
 max angular momentum                         3
 parameter set                                ../../../../basis-sets/bse/def2-sv(p).txt
 . . . . . . . . . . . . . . . . . . . . . . . . . . . . . . . . . . . . . . 
 SCF guess: bare nuclei Hamiltonian
 Starting self-consistent field iterations (spin-restricted singlet)
 Alpha+beta electrons: 10
 ----------------------------------------------------------------------------
 Exchange-correlation: Hartree-Fock
 ----------------------------------------------------------------------------
 Replicated-data parallel SCF
 ----------------------------
 Processes                               1
 Threads/process                         16
 Allocated 1.1E-004 GiB of scratch space for the KS matrix build
 ----------------------------------------------------------------------------
 Loaded pseudopotential parameters
 ----------------------------------------------------------------------------

 BARIUM      
 Parameters file: ../../../../basis-sets/bse/def2-sv(p).txt
 ECP accounts for 46 core electrons

          Coeff         R^n       Exponent                                       

 Local part

        -33.47317400      2         3.58946500                                   

 L = 0

        427.84581600      2         9.52698600                                   
        204.41753000      2         4.48751000                                   
         33.47317400      2         3.58946500                                   

 L = 1

        293.60586400      2         8.31593000                                   
        294.19331600      2         4.29221700                                   
         33.47317400      2         3.58946500                                   

 L = 2

        112.55040200      2         5.91610800                                   
        181.78262100      2         2.87484200                                   
         33.47317400      2         3.58946500                                   

 ----------------------------------------------------------------------------
 Spherical harmonic basis contains 30 vectors
 Linear independence thresh: Eig(S) > 1.0E-006
 Computations will be carried out in the space of 30 MOs
 Threshold for J, K: |Rho(r,s)*(pq|rs)|,|Rho(q,s)*(pq|rs)| > 1.0E-011
 Convergence conditions
 ----------------------
 RhoDiff < 1.0E-006
 OrbGrad < 1.0E-006
 Max number of macroiters: 1024
 ------------------------------------------------------------------------------
 #           Energy        EDiff    RhoDiff  OrbGrad  OrbShift NStored Time     
 ------------------------------------------------------------------------------
 0           -8.6526168111                                        0    2.4E-002 
 1          -23.3936772190           1.4E+01                      0    3.1E-003 
 2          -23.9699302612 -5.8E-01  8.0E-01  3.8E-01  7.3E-01    1    3.3E-003 
 3          -24.2412708896 -2.7E-01  7.0E-01  1.2E-01  5.7E-01    2    3.3E-003 
 4          -24.6615624028 -4.2E-01  1.2E+00  2.0E-01  6.3E-01    3    4.2E-003 
 5          -24.9041161281 -2.4E-01  9.1E-01  1.7E-01  7.2E-02    4    3.8E-003 
 6          -24.9103661048 -6.2E-03  9.9E-02  4.0E-02  0.0E+00    5    3.4E-003 
 7          -24.9104001991 -3.4E-05  8.8E-03  1.8E-03  0.0E+00    6    3.4E-003 
 8          -24.9104005372 -3.4E-07  5.2E-04  2.2E-04  0.0E+00    7    3.4E-003 
 9          -24.9104005466 -9.4E-09  1.9E-04  3.0E-05  0.0E+00    8    3.4E-003 
 10         -24.9104005467 -1.5E-10  1.5E-05  5.1E-06  0.0E+00    8    3.4E-003 
 11         -24.9104005468 -6.7E-12  2.4E-06  1.0E-06  0.0E+00    8    3.5E-003 
 12         -24.9104005468 -4.3E-13  5.6E-07  2.3E-07  0.0E+00    8    3.5E-003 
 ------------------------------------------------------------------------------
 SCF converged
 Converged energy                        -24.910400546751    
 ------------------------------------------------------------------------------
 Ehomo [eV]                              -2.445023031066     
 Elumo [eV]                              -1.603821904836     

 dipole moment (Debye)
        x              y              z       
      4.322E-009     5.421E-010     9.727E-011

 traceless quadrupole moment (Debye*Angs)
                       x              y              z       
 x                  -4.404E+001    -8.352E+000    -1.483E+000
 y                  -8.352E+000     2.151E+001    -1.860E-001
 z                  -1.483E+000    -1.860E-001     2.252E+001

 ----------------------------------------------------------------------------
 Timings (seconds)
 * mean-field hamiltonian     4.0E-002
 * solver (setting up eqns)   1.4E-003
 * solver (energy estimate)   5.8E-004
 * solver (orthogonalization) 2.0E-004
 * solver (rotation matrix X) 2.0E-003
 * solver (exponential of X)  4.0E-004
 * solver (total)             4.9E-003
 * total SCF                  6.8E-002
 Atomic guess: BA, ../../../../basis-sets/bse/def2-sv(p).txt
 -----------------------------------------------------------
 E(HF) [a.u.]                            -2.4910400547E+001
 Tr(RhoAvg S), Cartesian AOs              1.0000000000E+001
 Tr(RhoAvg S), spherical AOs              1.0000000000E+001
 max|T RhoAvg T**T - RhoAvg_sao|                  4.44E-016
 max|c(RhoAvg) - c(Rho)|                          2.22E-016
 max|RhoAvg - Rho|                                1.56E+000
 Saved /mnt/storage_6/project_data/pl0415-03/marcin/beyond-rpa/guess/electron-densities/bse/def2-sv(p)/ba.txt
 ----------------------------------------------------------------------------
                             SCF for LA (2S+1=2)                             
 ----------------------------------------------------------------------------
 NUMBER OF ATOMS                         1
 CHARGE                                  0
 Prescreening (pq|pq) integrals for the Cholesky decomposition
 Shell pairs will be sorted according to their max elements
 Max diagonal integral MaxDrs=2.1E+000
 Applying Eq. 15 in J. Chem. Phys. 150, 194112 (2019); doi: 10.1063/1.5083802
 Schwarz inequality: Dpq<min(10**(-8),Tau)**2/MaxDrs=4.7E-017
 Trace of exact Coulomb matrix: 2.2E+001
 Trace of discarded integrals: 0.0E+000
 Discarded 0 out of 66 shell pairs
 (0 out of 325 orbital pairs)

 Step 1 of Cholesky decomposition: locating pivots
 -------------------------------------------------
 Dimensions of the Coulomb matrix: (325,325)
 Threshold for diagonal matrix elements: Dpq > 1.0E-007
 Max number of Cholesky vectors: 325
 Rk storage block size: 500
 Max dimension of 2e integrals buffer: (325,325)

 ----------------------------------------------------------------------------
 #    Dmax        Memory (MB)    NPivots     %    Time        
 ----------------------------------------------------------------------------
 1    2.1E-002    2.0E+000       24          8    7.9E-003    
 2    2.0E-004    2.0E+000       100         46   7.7E-003    
 3    2.0E-006    1.3E+000       132         78   1.4E-003    
 4    3.5E-008    5.7E-001       161         100  6.3E-004    

 Step 1 of the Cholesky decomposition completed
 Computed 161 pivots
 Largest residual Dpq: 3.5E-008
 NCholesky/NAO = 6.4E+000
 Step 1 of Cholesky decomposition completed in 1.8E-002 seconds
 Detailed timings in seconds
 Subtract prev contribs I (M-R**T*R)     6.1E-004
 Subtract prev contribs II (Rk)          6.5E-004
 Two-electron integrals                  1.6E-002
 Reallocation                            2.7E-004

 Step 2 of Cholesky decomposition completed in 2.9E-003 seconds
 Detailed timings in seconds
 Reduced-dimension matrix V    2.4E-003
 V=L*L**T                      2.5E-004
 L**(-1)                       1.7E-004

 Full-dimension Cholesky vectors of the Coulomb matrix will be stored in memory
 Cholesky vectors computed in 3.8E-003 seconds

 ┌─────────────────────────────────────────┐
 │          Self-consistent field          │
 └─────────────────────────────────────────┘

 Atomic orbital basis set
 . . . . . . . . . . . . . . . . . . . . . . . . . . . . . . . . . . . . . . 
 atomic centers                               1
 shell parameter sets                         11
 spherical AOs                                25
 max angular momentum                         2
 parameter set                                ../../../../basis-sets/bse/def2-sv(p).txt
 . . . . . . . . . . . . . . . . . . . . . . . . . . . . . . . . . . . . . . 
 SCF guess: bare nuclei Hamiltonian
 Starting self-consistent field iterations (spin-unrestricted)
 Alpha electrons: 6
 Beta electrons: 5
 ----------------------------------------------------------------------------
 Exchange-correlation: Hartree-Fock
 ----------------------------------------------------------------------------
 Replicated-data parallel SCF
 ----------------------------
 Processes                               1
 Threads/process                         16
 Allocated 1.1E-004 GiB of scratch space for the KS matrix build
 ----------------------------------------------------------------------------
 Loaded pseudopotential parameters
 ----------------------------------------------------------------------------

 LANTHANUM   
 Parameters file: ../../../../basis-sets/bse/def2-sv(p).txt
 ECP accounts for 46 core electrons

          Coeff         R^n       Exponent                                       

 Local part

        -36.01001600      2         4.02860000                                   

 L = 0

         91.93217700      2         3.30990000                                   
         -3.78876400      2         1.65500000                                   
         36.01001600      2         4.02860000                                   

 L = 1

         63.75948600      2         2.83680000                                   
         -0.64795800      2         1.41840000                                   
         36.01001600      2         4.02860000                                   

 L = 2

         36.11617300      2         2.02130000                                   
          0.21911400      2         1.01070000                                   
         36.01001600      2         4.02860000                                   

 ----------------------------------------------------------------------------
 Spherical harmonic basis contains 25 vectors
 Linear independence thresh: Eig(S) > 1.0E-006
 Computations will be carried out in the space of 25 MOs
 Threshold for J, K: |Rho(r,s)*(pq|rs)|,|Rho(q,s)*(pq|rs)| > 1.0E-011
 Convergence conditions
 ----------------------
 RhoDiff < 1.0E-006
 OrbGrad < 1.0E-006
 Max number of macroiters: 1024
 ------------------------------------------------------------------------------
 #           Energy        EDiff    RhoDiff  OrbGrad  OrbShift NStored Time     
 ------------------------------------------------------------------------------
 0           19.3156411641                                        0    2.2E-002 
 1          -30.4968691030           3.5E+01                      0    4.2E-003 
 2          -31.0502053979 -5.5E-01  4.0E+00  3.5E-01  2.0E-01    1    4.9E-003 
 3          -31.0688017105 -1.9E-02  8.5E-01  4.3E-02  0.0E+00    2    4.5E-003 
 4          -31.0721708574 -3.4E-03  3.7E-01  1.4E-02  0.0E+00    3    4.6E-003 
 5          -31.0728784423 -7.1E-04  3.2E-02  6.4E-03  0.0E+00    4    4.6E-003 
 6          -31.0731021899 -2.2E-04  2.4E-02  3.1E-03  0.0E+00    5    4.7E-003 
 7          -31.0731296940 -2.8E-05  1.0E-02  1.8E-03  0.0E+00    6    4.6E-003 
 8          -31.0731318792 -2.2E-06  7.3E-03  4.6E-04  0.0E+00    7    4.7E-003 
 9          -31.0731319538 -7.5E-08  1.5E-03  8.1E-05  0.0E+00    8    4.7E-003 
 10         -31.0731319607 -6.9E-09  5.1E-04  1.9E-05  0.0E+00    8    4.7E-003 
 11         -31.0731319608 -1.0E-10  4.0E-05  2.3E-06  0.0E+00    8    4.8E-003 
 12         -31.0731319608 -9.2E-12  7.0E-06  1.0E-06  0.0E+00    8    4.7E-003 
 13         -31.0731319608 -1.9E-12  3.0E-06  4.1E-07  0.0E+00    8    4.8E-003 
 14         -31.0731319608 -5.2E-13  2.3E-06  2.1E-07  0.0E+00    8    4.8E-003 
 15         -31.0731319608 -3.2E-14  5.1E-07  5.7E-08  0.0E+00    8    4.8E-003 
 ------------------------------------------------------------------------------
 SCF converged
 Converged energy                        -31.073131960848    
 ------------------------------------------------------------------------------
 Ehomo(Alpha) [eV]                       -5.075060036154     
 Elumo(Alpha) [eV]                       0.496288189302      
 Ehomo(Beta) [eV]                        -4.724321660969     
 Elumo(Beta) [eV]                        0.553984956704      

 dipole moment (Debye)
        x              y              z       
     -4.788E-017     7.754E-015    -1.564E-015

 traceless quadrupole moment (Debye*Angs)
                       x              y              z       
 x                   2.872E-001     1.542E-002     5.299E-002
 y                   1.542E-002    -1.465E-001     1.882E-003
 z                   5.299E-002     1.882E-003    -1.406E-001

 ----------------------------------------------------------------------------
 Timings (seconds)
 * mean-field hamiltonian     6.6E-002
 * solver (setting up eqns)   2.6E-003
 * solver (energy estimate)   1.4E-003
 * solver (orthogonalization) 2.3E-004
 * solver (rotation matrix X) 2.2E-003
 * solver (exponential of X)  7.9E-004
 * solver (total)             7.7E-003
 * total SCF                  9.4E-002
 Atomic guess: LA, ../../../../basis-sets/bse/def2-sv(p).txt
 -----------------------------------------------------------
 E(HF) [a.u.]                            -3.1073131961E+001
 Tr(RhoAvg S), Cartesian AOs              1.1000000000E+001
 Tr(RhoAvg S), spherical AOs              1.1000000000E+001
 max|T RhoAvg T**T - RhoAvg_sao|                  1.94E-016
 max|c(RhoAvg) - c(Rho)|                          4.44E-016
 max|RhoAvg - Rho|                                6.12E-001
 Saved /mnt/storage_6/project_data/pl0415-03/marcin/beyond-rpa/guess/electron-densities/bse/def2-sv(p)/la.txt
 ----------------------------------------------------------------------------
                             SCF for CE (2S+1=3)                             
 ----------------------------------------------------------------------------
 NUMBER OF ATOMS                         1
 CHARGE                                  0
 Prescreening (pq|pq) integrals for the Cholesky decomposition
 Shell pairs will be sorted according to their max elements
 Max diagonal integral MaxDrs=1.4E+001
 Applying Eq. 15 in J. Chem. Phys. 150, 194112 (2019); doi: 10.1063/1.5083802
 Schwarz inequality: Dpq<min(10**(-8),Tau)**2/MaxDrs=6.9E-018
 Trace of exact Coulomb matrix: 2.0E+002
 Trace of discarded integrals: 0.0E+000
 Discarded 0 out of 276 shell pairs
 (0 out of 2415 orbital pairs)

 Step 1 of Cholesky decomposition: locating pivots
 -------------------------------------------------
 Dimensions of the Coulomb matrix: (2415,2415)
 Threshold for diagonal matrix elements: Dpq > 1.0E-007
 Max number of Cholesky vectors: 1035
 Rk storage block size: 500
 Max dimension of 2e integrals buffer: (2415,1000)

 ----------------------------------------------------------------------------
 #    Dmax        Memory (MB)    NPivots     %    Time        
 ----------------------------------------------------------------------------
 1    1.4E-001    2.7E+001       11          3    2.3E-001    
 2    6.5E-003    2.7E+001       258         26   3.1E-001    
 3    6.5E-005    2.4E+001       372         55   2.2E-001    
 4    6.8E-007    1.8E+001       472         90   1.7E-001    
 5    9.2E-008    9.6E+000       528         100  1.1E-001    

 Step 1 of the Cholesky decomposition completed
 Computed 528 pivots
 Largest residual Dpq: 9.2E-008
 NCholesky/NAO = 7.7E+000
 Step 1 of Cholesky decomposition completed in 1.0E+000 seconds
 Detailed timings in seconds
 Subtract prev contribs I (M-R**T*R)     1.1E-002
 Subtract prev contribs II (Rk)          1.9E-002
 Two-electron integrals                  1.0E+000
 Reallocation                            3.5E-003

 Step 2 of Cholesky decomposition completed in 8.3E-002 seconds
 Detailed timings in seconds
 Reduced-dimension matrix V    8.1E-002
 V=L*L**T                      6.5E-004
 L**(-1)                       1.0E-003

 Full-dimension Cholesky vectors of the Coulomb matrix will be stored in memory
 Cholesky vectors computed in 1.6E-001 seconds

 ┌─────────────────────────────────────────┐
 │          Self-consistent field          │
 └─────────────────────────────────────────┘

 Atomic orbital basis set
 . . . . . . . . . . . . . . . . . . . . . . . . . . . . . . . . . . . . . . 
 atomic centers                               1
 shell parameter sets                         23
 spherical AOs                                69
 max angular momentum                         3
 parameter set                                ../../../../basis-sets/bse/def2-sv(p).txt
 . . . . . . . . . . . . . . . . . . . . . . . . . . . . . . . . . . . . . . 
 SCF guess: bare nuclei Hamiltonian
 Starting self-consistent field iterations (spin-unrestricted)
 Alpha electrons: 16
 Beta electrons: 14
 ----------------------------------------------------------------------------
 Exchange-correlation: Hartree-Fock
 ----------------------------------------------------------------------------
 Replicated-data parallel SCF
 ----------------------------
 Processes                               1
 Threads/process                         16
 Allocated 9.7E-004 GiB of scratch space for the KS matrix build
 ----------------------------------------------------------------------------
 Loaded pseudopotential parameters
 ----------------------------------------------------------------------------

 CERIUM      
 Parameters file: ../../../../basis-sets/bse/def2-sv(p).txt
 ECP accounts for 28 core electrons

          Coeff         R^n       Exponent                                       

 Local part

 (Local part not present)
          0.00000000      2         1.00000000                                   

 L = 0

        580.08345700      2        20.13782900                                   

 L = 1

        310.30283300      2        15.99848200                                   

 L = 2

        167.81394400      2        14.97418700                                   

 L = 3

        -49.39022900      2        23.40245500                                   

 L = 4

        -21.33187900      2        16.57055300                                   

 ----------------------------------------------------------------------------
 Spherical harmonic basis contains 69 vectors
 Linear independence thresh: Eig(S) > 1.0E-006
 Computations will be carried out in the space of 69 MOs
 Threshold for J, K: |Rho(r,s)*(pq|rs)|,|Rho(q,s)*(pq|rs)| > 1.0E-011
 Convergence conditions
 ----------------------
 RhoDiff < 1.0E-006
 OrbGrad < 1.0E-006
 Max number of macroiters: 1024
 ------------------------------------------------------------------------------
 #           Energy        EDiff    RhoDiff  OrbGrad  OrbShift NStored Time     
 ------------------------------------------------------------------------------
 0          717.6016011466                                        0    1.4E-001 
 1         -428.6007128912           4.5E+02                      0    1.1E-001 
 2         -460.0905688662 -3.1E+01  6.3E+00  3.7E+00  7.2E+00    1    1.0E-001 
 3         -464.3022994126 -4.2E+00  2.7E+00  7.1E-01  2.1E+00    2    1.0E-001 
 4         -465.2439624091 -9.4E-01  4.7E-01  4.8E-01  9.9E-01    3    1.1E-001 
 5         -466.3724750510 -1.1E+00  1.4E-01  2.0E-01  1.1E+00    4    1.1E-001 
 6         -468.7586160440 -2.4E+00  2.0E-01  3.8E-01  1.2E+00    5    1.1E-001 
 7         -470.4301473198 -1.7E+00  1.5E-01  4.6E-01  1.1E+00    6    1.1E-001 
 8         -470.9035052561 -4.7E-01  5.6E-02  3.1E-01  1.1E+00    7    1.1E-001 
 9         -471.1892399245 -2.9E-01  1.1E-01  2.0E-01  1.1E+00    8    1.1E-001 
 10        -471.9384531510 -7.5E-01  2.1E-01  3.1E-01  2.0E+00    8    1.2E-001 
 11        -472.8836530464 -9.5E-01  2.6E-01  7.7E-01  1.4E+00    8    1.2E-001 
 12        -473.0982856614 -2.1E-01  1.7E-01  2.7E-01  5.9E-02    8    1.1E-001 
 13        -473.1397318396 -4.1E-02  1.4E-01  5.2E-02  3.3E-02    8    1.1E-001 
 14        -473.2694701291 -1.3E-01  5.5E-01  3.9E-02  1.0E-01    8    1.2E-001 
 15        -473.2853352344 -1.6E-02  2.2E-01  5.8E-02  0.0E+00    8    1.1E-001 
 16        -473.3132732043 -2.8E-02  3.3E-01  8.5E-02  0.0E+00    8    1.1E-001 
 17        -473.3475385255 -3.4E-02  4.9E-01  3.5E-02  5.3E-02    8    1.2E-001 
 18        -473.3806484276 -3.3E-02  1.5E-01  7.2E-02  0.0E+00    8    1.2E-001 
 19        -473.3897215441 -9.1E-03  8.9E-02  3.9E-02  0.0E+00    8    1.2E-001 
 20        -473.3939788782 -4.3E-03  6.2E-02  1.4E-02  0.0E+00    8    1.1E-001 
 21        -473.4049881063 -1.1E-02  1.1E-01  1.6E-02  0.0E+00    8    1.1E-001 
 22        -473.4392969575 -3.4E-02  2.9E-01  2.7E-02  1.1E-01    8    1.2E-001 
 23        -473.4550808441 -1.6E-02  3.2E-01  2.6E-02  0.0E+00    8    1.1E-001 
 24        -473.4578600674 -2.8E-03  5.4E-02  1.4E-02  0.0E+00    8    1.1E-001 
 25        -473.4590042563 -1.1E-03  5.2E-02  8.0E-03  0.0E+00    8    1.1E-001 
 26        -473.4599693416 -9.7E-04  2.7E-02  1.4E-02  0.0E+00    8    1.1E-001 
 27        -473.4607612191 -7.9E-04  1.8E-02  9.6E-03  4.6E-03    8    1.2E-001 
 28        -473.4613304217 -5.7E-04  2.7E-02  5.7E-03  2.5E-03    8    1.2E-001 
 29        -473.4619353678 -6.0E-04  2.4E-02  4.8E-03  0.0E+00    8    1.1E-001 
 30        -473.4623850260 -4.5E-04  2.5E-02  3.4E-03  0.0E+00    8    1.1E-001 
 31        -473.4626106513 -2.3E-04  1.3E-02  3.4E-03  0.0E+00    8    1.1E-001 
 32        -473.4626420207 -3.1E-05  5.9E-03  7.6E-04  0.0E+00    8    1.1E-001 
 33        -473.4626542045 -1.2E-05  4.8E-03  8.7E-04  0.0E+00    8    1.1E-001 
 34        -473.4626663453 -1.2E-05  3.1E-03  1.1E-03  0.0E+00    8    1.1E-001 
 35        -473.4626704129 -4.1E-06  3.6E-03  5.8E-04  0.0E+00    8    1.1E-001 
 36        -473.4626762634 -5.9E-06  1.9E-03  1.1E-03  0.0E+00    8    1.1E-001 
 37        -473.4626795726 -3.3E-06  2.7E-03  3.7E-04  0.0E+00    8    1.2E-001 
 38        -473.4626837113 -4.1E-06  4.6E-03  1.5E-04  0.0E+00    8    1.1E-001 
 39        -473.4626857009 -2.0E-06  3.9E-03  2.9E-04  0.0E+00    8    1.1E-001 
 40        -473.4626873331 -1.6E-06  1.4E-03  4.0E-04  0.0E+00    8    1.2E-001 
 41        -473.4626876437 -3.1E-07  4.8E-04  2.0E-04  0.0E+00    8    1.2E-001 
 42        -473.4626878417 -2.0E-07  3.4E-04  9.7E-05  0.0E+00    8    1.1E-001 
 43        -473.4626882934 -4.5E-07  5.7E-04  7.2E-05  0.0E+00    8    1.1E-001 
 44        -473.4626888263 -5.3E-07  1.3E-03  1.5E-04  0.0E+00    8    1.1E-001 
 45        -473.4626890638 -2.4E-07  5.6E-04  1.7E-04  0.0E+00    8    1.1E-001 
 46        -473.4626892871 -2.2E-07  7.3E-04  9.3E-05  0.0E+00    8    1.2E-001 
 47        -473.4626896112 -3.2E-07  1.1E-03  1.0E-04  0.0E+00    8    1.1E-001 
 48        -473.4626904397 -8.3E-07  2.3E-03  2.6E-04  5.3E-05    8    1.2E-001 
 49        -473.4626917330 -1.3E-06  1.9E-03  2.2E-04  2.3E-03    8    1.2E-001 
 50        -473.4626930003 -1.3E-06  2.1E-03  8.8E-05  2.1E-03    8    1.2E-001 
 51        -473.4626939690 -9.7E-07  1.1E-03  1.3E-04  0.0E+00    8    1.1E-001 
 52        -473.4626961329 -2.2E-06  1.6E-03  1.1E-04  5.0E-03    8    1.2E-001 
 53        -473.4627001917 -4.1E-06  1.8E-03  3.0E-04  8.9E-03    8    1.2E-001 
 54        -473.4627053375 -5.1E-06  2.2E-03  2.1E-04  1.2E-02    8    1.2E-001 
 55        -473.4627134240 -8.1E-06  2.4E-03  3.1E-04  1.1E-02    8    1.2E-001 
 56        -473.4627256812 -1.2E-05  2.8E-03  3.2E-04  1.5E-02    8    1.2E-001 
 57        -473.4627412008 -1.6E-05  3.4E-03  2.2E-04  1.4E-02    8    1.2E-001 
 58        -473.4627623267 -2.1E-05  4.2E-03  2.7E-04  1.4E-02    8    1.2E-001 
 59        -473.4627892744 -2.7E-05  4.9E-03  2.8E-04  1.0E-02    8    1.2E-001 
 60        -473.4628209282 -3.2E-05  5.7E-03  2.6E-04  9.4E-03    8    1.2E-001 
 61        -473.4628536811 -3.3E-05  6.4E-03  2.9E-04  6.4E-03    8    1.2E-001 
 62        -473.4628709660 -1.7E-05  6.2E-03  3.7E-04  0.0E+00    8    1.1E-001 
 63        -473.4628902055 -1.9E-05  1.2E-02  5.6E-04  1.7E-03    8    1.2E-001 
 64        -473.4628951597 -5.0E-06  5.3E-03  8.8E-04  0.0E+00    8    1.1E-001 
 65        -473.4629464705 -5.1E-05  6.4E-03  6.4E-04  1.3E-02    8    1.2E-001 
 66        -473.4631063708 -1.6E-04  8.1E-03  7.8E-04  2.0E-02    8    1.2E-001 
 67        -473.4635640777 -4.6E-04  1.2E-02  2.3E-03  5.8E-02    8    1.2E-001 
 68        -473.4646451123 -1.1E-03  1.6E-02  4.1E-03  8.9E-02    8    1.2E-001 
 69        -473.4669505341 -2.3E-03  2.2E-02  7.9E-03  1.3E-01    8    1.2E-001 
 70        -473.4714213580 -4.5E-03  2.6E-02  1.4E-02  1.8E-01    8    1.2E-001 
 71        -473.4792168892 -7.8E-03  3.6E-02  2.1E-02  2.1E-01    8    1.2E-001 
 72        -473.4909083220 -1.2E-02  4.2E-02  3.0E-02  2.2E-01    8    1.2E-001 
 73        -473.5046766571 -1.4E-02  5.0E-02  3.4E-02  1.7E-01    8    1.2E-001 
 74        -473.5137129294 -9.0E-03  7.5E-02  2.8E-02  5.0E-02    8    1.2E-001 
 75        -473.5142865144 -5.7E-04  1.8E-02  6.7E-03  0.0E+00    8    1.2E-001 
 76        -473.5143375287 -5.1E-05  2.8E-03  1.9E-03  0.0E+00    8    1.2E-001 
 77        -473.5143502980 -1.3E-05  3.6E-03  9.0E-04  0.0E+00    8    1.2E-001 
 78        -473.5143852919 -3.5E-05  1.2E-02  1.2E-03  0.0E+00    8    1.2E-001 
 79        -473.5146745689 -2.9E-04  2.7E-02  2.6E-03  1.2E-02    8    1.3E-001 
 80        -473.5154074917 -7.3E-04  3.1E-02  5.2E-03  2.2E-02    8    1.2E-001 
 81        -473.5165394524 -1.1E-03  3.7E-02  4.8E-03  1.7E-02    8    1.2E-001 
 82        -473.5171614833 -6.2E-04  4.2E-02  5.4E-03  0.0E+00    8    1.2E-001 
 83        -473.5175797295 -4.2E-04  1.9E-02  8.5E-03  0.0E+00    8    1.2E-001 
 84        -473.5178392269 -2.6E-04  1.9E-02  2.2E-03  0.0E+00    8    1.2E-001 
 85        -473.5179948935 -1.6E-04  1.5E-02  2.4E-03  0.0E+00    8    1.2E-001 
 86        -473.5180488488 -5.4E-05  1.2E-02  2.0E-03  0.0E+00    8    1.2E-001 
 87        -473.5180711779 -2.2E-05  5.8E-03  1.3E-03  0.0E+00    8    1.2E-001 
 88        -473.5180957425 -2.5E-05  3.1E-03  1.5E-03  0.0E+00    8    1.2E-001 
 89        -473.5181187243 -2.3E-05  2.0E-03  1.3E-03  0.0E+00    8    1.2E-001 
 90        -473.5181371595 -1.8E-05  1.8E-03  1.3E-03  0.0E+00    8    1.1E-001 
 91        -473.5181770902 -4.0E-05  3.6E-03  1.3E-03  0.0E+00    8    1.2E-001 
 92        -473.5182609266 -8.4E-05  8.5E-03  1.3E-03  1.9E-03    8    1.3E-001 
 93        -473.5183796241 -1.2E-04  1.0E-02  1.4E-03  1.0E-02    8    1.3E-001 
 94        -473.5185232364 -1.4E-04  1.3E-02  2.3E-03  9.2E-03    8    1.3E-001 
 95        -473.5186575365 -1.3E-04  1.6E-02  1.2E-03  4.3E-03    8    1.3E-001 
 96        -473.5187578807 -1.0E-04  1.8E-02  1.1E-03  0.0E+00    8    1.2E-001 
 97        -473.5188074975 -5.0E-05  1.3E-02  1.7E-03  0.0E+00    8    1.2E-001 
 98        -473.5188265340 -1.9E-05  3.6E-03  1.7E-03  0.0E+00    8    1.2E-001 
 99        -473.5188396426 -1.3E-05  3.8E-03  1.1E-03  0.0E+00    8    1.2E-001 
 100       -473.5188492192 -9.6E-06  4.5E-03  6.9E-04  0.0E+00    8    1.2E-001 
 101       -473.5188536862 -4.5E-06  1.2E-03  4.6E-04  0.0E+00    8    1.1E-001 
 102       -473.5188572186 -3.5E-06  1.7E-03  3.4E-04  0.0E+00    8    1.1E-001 
 103       -473.5188604839 -3.3E-06  2.4E-03  4.5E-04  0.0E+00    8    1.1E-001 
 104       -473.5188626678 -2.2E-06  1.4E-03  4.5E-04  0.0E+00    8    1.1E-001 
 105       -473.5188656750 -3.0E-06  1.7E-03  3.5E-04  0.0E+00    8    1.1E-001 
 106       -473.5188680056 -2.3E-06  3.0E-03  3.0E-04  0.0E+00    8    1.2E-001 
 107       -473.5188708283 -2.8E-06  1.8E-03  3.4E-04  0.0E+00    8    1.1E-001 
 108       -473.5188726923 -1.9E-06  1.2E-03  2.6E-04  0.0E+00    8    1.1E-001 
 109       -473.5188743792 -1.7E-06  9.0E-04  4.1E-04  0.0E+00    8    1.1E-001 
 110       -473.5188761091 -1.7E-06  1.5E-03  3.0E-04  0.0E+00    8    1.2E-001 
 111       -473.5188769486 -8.4E-07  9.6E-04  2.0E-04  0.0E+00    8    1.1E-001 
 112       -473.5188774026 -4.5E-07  6.3E-04  1.3E-04  0.0E+00    8    1.1E-001 
 113       -473.5188776289 -2.3E-07  2.5E-04  1.2E-04  0.0E+00    8    1.1E-001 
 114       -473.5188778171 -1.9E-07  3.7E-04  1.1E-04  0.0E+00    8    1.1E-001 
 115       -473.5188779623 -1.5E-07  3.3E-04  1.1E-04  0.0E+00    8    1.1E-001 
 116       -473.5188781598 -2.0E-07  5.3E-04  5.9E-05  0.0E+00    8    1.1E-001 
 117       -473.5188782772 -1.2E-07  5.0E-04  8.0E-05  0.0E+00    8    1.2E-001 
 118       -473.5188783452 -6.8E-08  3.5E-04  5.4E-05  0.0E+00    8    1.1E-001 
 119       -473.5188783734 -2.8E-08  3.0E-04  5.0E-05  0.0E+00    8    1.2E-001 
 120       -473.5188784035 -3.0E-08  8.1E-05  5.8E-05  0.0E+00    8    1.1E-001 
 121       -473.5188784446 -4.1E-08  2.8E-04  5.9E-05  0.0E+00    8    1.1E-001 
 122       -473.5188784712 -2.7E-08  2.0E-04  3.5E-05  0.0E+00    8    1.2E-001 
 123       -473.5188784926 -2.1E-08  1.3E-04  3.0E-05  0.0E+00    8    1.1E-001 
 124       -473.5188785204 -2.8E-08  1.3E-04  4.0E-05  0.0E+00    8    1.1E-001 
 125       -473.5188785515 -3.1E-08  2.3E-04  3.1E-05  0.0E+00    8    1.1E-001 
 126       -473.5188785856 -3.4E-08  1.7E-04  5.0E-05  0.0E+00    8    1.1E-001 
 127       -473.5188786256 -4.0E-08  1.9E-04  4.1E-05  0.0E+00    8    1.1E-001 
 128       -473.5188786443 -1.9E-08  2.3E-04  2.5E-05  0.0E+00    8    1.1E-001 
 129       -473.5188786606 -1.6E-08  1.8E-04  2.3E-05  0.0E+00    8    1.1E-001 
 130       -473.5188786775 -1.7E-08  2.2E-04  2.7E-05  0.0E+00    8    1.1E-001 
 131       -473.5188786880 -1.1E-08  1.2E-04  2.9E-05  0.0E+00    8    1.1E-001 
 132       -473.5188787044 -1.6E-08  1.9E-04  2.9E-05  0.0E+00    8    1.1E-001 
 133       -473.5188787234 -1.9E-08  2.1E-04  2.6E-05  0.0E+00    8    1.1E-001 
 134       -473.5188787399 -1.6E-08  2.0E-04  2.7E-05  0.0E+00    8    1.1E-001 
 135       -473.5188787489 -9.0E-09  8.0E-05  2.7E-05  0.0E+00    8    1.1E-001 
 136       -473.5188787543 -5.5E-09  8.7E-05  1.7E-05  0.0E+00    8    1.2E-001 
 137       -473.5188787580 -3.7E-09  5.3E-05  1.2E-05  0.0E+00    8    1.1E-001 
 138       -473.5188787613 -3.3E-09  7.1E-05  1.8E-05  0.0E+00    8    1.1E-001 
 139       -473.5188787650 -3.6E-09  6.8E-05  2.0E-05  0.0E+00    8    1.1E-001 
 140       -473.5188787658 -8.2E-10  2.1E-05  6.5E-06  0.0E+00    8    1.1E-001 
 141       -473.5188787661 -3.5E-10  1.9E-05  3.2E-06  0.0E+00    8    1.1E-001 
 142       -473.5188787664 -2.3E-10  1.5E-05  5.3E-06  0.0E+00    8    1.1E-001 
 143       -473.5188787666 -2.1E-10  6.0E-06  5.7E-06  0.0E+00    8    1.2E-001 
 144       -473.5188787667 -1.0E-10  7.8E-06  2.0E-06  0.0E+00    8    1.2E-001 
 145       -473.5188787668 -9.5E-11  6.6E-06  2.1E-06  0.0E+00    8    1.1E-001 
 146       -473.5188787669 -1.7E-10  7.0E-06  2.8E-06  0.0E+00    8    1.1E-001 
 147       -473.5188787671 -1.6E-10  1.2E-05  1.7E-06  0.0E+00    8    1.2E-001 
 148       -473.5188787674 -2.7E-10  2.2E-05  1.5E-06  3.5E-04    8    1.2E-001 
 149       -473.5188787675 -1.1E-10  1.8E-05  3.9E-06  0.0E+00    8    1.1E-001 
 150       -473.5188787676 -1.2E-10  1.6E-05  3.4E-06  0.0E+00    8    1.1E-001 
 151       -473.5188787676 -3.3E-11  8.1E-06  1.3E-06  0.0E+00    8    1.1E-001 
 152       -473.5188787677 -6.7E-11  6.9E-06  1.3E-06  0.0E+00    8    1.1E-001 
 153       -473.5188787677 -4.2E-11  4.2E-06  1.3E-06  0.0E+00    8    1.2E-001 
 154       -473.5188787678 -4.3E-11  4.8E-06  1.7E-06  0.0E+00    8    1.2E-001 
 155       -473.5188787678 -4.6E-11  6.1E-06  1.1E-06  0.0E+00    8    1.1E-001 
 156       -473.5188787679 -4.0E-11  4.9E-06  1.7E-06  0.0E+00    8    1.2E-001 
 157       -473.5188787679 -3.1E-11  4.8E-06  1.1E-06  0.0E+00    8    1.1E-001 
 158       -473.5188787679 -2.5E-11  5.6E-06  5.5E-07  0.0E+00    8    1.1E-001 
 159       -473.5188787679  5.2E-11  1.3E-05  7.0E-07  3.4E-04    8    1.2E-001 
 159*      -473.5188787679 -1.3E-11  3.8E-06  7.0E-07  0.0E+00    8    1.1E-001 
 160       -473.5188787679 -1.8E-12  1.1E-06  2.6E-07  0.0E+00    8    1.1E-001 
 161       -473.5188787679 -8.0E-13  4.4E-07  2.3E-07  0.0E+00    8    1.1E-001 
 ------------------------------------------------------------------------------
 SCF converged
 Converged energy                        -473.518878767938   
 ------------------------------------------------------------------------------
 Ehomo(Alpha) [eV]                       -5.150712918753     
 Elumo(Alpha) [eV]                       0.800445041395      
 Ehomo(Beta) [eV]                        -4.849632386660     
 Elumo(Beta) [eV]                        0.758969154985      

 dipole moment (Debye)
        x              y              z       
      3.038E-005    -2.128E-005     1.169E-005

 traceless quadrupole moment (Debye*Angs)
                       x              y              z       
 x                  -4.540E-002    -8.837E-001     5.878E-001
 y                  -8.837E-001     1.657E-001    -1.518E-001
 z                   5.878E-001    -1.518E-001    -1.203E-001

 ----------------------------------------------------------------------------
 Timings (seconds)
 * mean-field hamiltonian     1.8E+001
 * solver (setting up eqns)   1.9E-001
 * solver (energy estimate)   2.8E-002
 * solver (orthogonalization) 1.0E-002
 * solver (rotation matrix X) 4.8E-001
 * solver (exponential of X)  1.3E-001
 * solver (total)             8.5E-001
 * total SCF                  1.9E+001
 Atomic guess: CE, ../../../../basis-sets/bse/def2-sv(p).txt
 -----------------------------------------------------------
 E(HF) [a.u.]                            -4.7351887877E+002
 Tr(RhoAvg S), Cartesian AOs              3.0000000000E+001
 Tr(RhoAvg S), spherical AOs              3.0000000000E+001
 max|T RhoAvg T**T - RhoAvg_sao|                  1.55E-015
 max|c(RhoAvg) - c(Rho)|                          1.78E-015
 max|RhoAvg - Rho|                                1.94E-001
 Saved /mnt/storage_6/project_data/pl0415-03/marcin/beyond-rpa/guess/electron-densities/bse/def2-sv(p)/ce.txt
 ----------------------------------------------------------------------------
                             SCF for PR (2S+1=4)                             
 ----------------------------------------------------------------------------
 NUMBER OF ATOMS                         1
 CHARGE                                  0
 Prescreening (pq|pq) integrals for the Cholesky decomposition
 Shell pairs will be sorted according to their max elements
 Max diagonal integral MaxDrs=1.6E+001
 Applying Eq. 15 in J. Chem. Phys. 150, 194112 (2019); doi: 10.1063/1.5083802
 Schwarz inequality: Dpq<min(10**(-8),Tau)**2/MaxDrs=6.4E-018
 Trace of exact Coulomb matrix: 2.0E+002
 Trace of discarded integrals: 0.0E+000
 Discarded 0 out of 276 shell pairs
 (0 out of 2415 orbital pairs)

 Step 1 of Cholesky decomposition: locating pivots
 -------------------------------------------------
 Dimensions of the Coulomb matrix: (2415,2415)
 Threshold for diagonal matrix elements: Dpq > 1.0E-007
 Max number of Cholesky vectors: 1035
 Rk storage block size: 500
 Max dimension of 2e integrals buffer: (2415,1000)

 ----------------------------------------------------------------------------
 #    Dmax        Memory (MB)    NPivots     %    Time        
 ----------------------------------------------------------------------------
 1    1.4E-001    2.7E+001       11          3    2.2E-001    
 2    8.7E-003    2.7E+001       241         20   2.7E-001    
 3    9.6E-005    2.6E+001       354         44   1.8E-001    
 4    1.7E-006    2.2E+001       472         92   2.7E-001    
 5    9.4E-008    5.1E+000       523         100  8.6E-002    

 Step 1 of the Cholesky decomposition completed
 Computed 523 pivots
 Largest residual Dpq: 9.4E-008
 NCholesky/NAO = 7.6E+000
 Step 1 of Cholesky decomposition completed in 1.0E+000 seconds
 Detailed timings in seconds
 Subtract prev contribs I (M-R**T*R)     1.1E-002
 Subtract prev contribs II (Rk)          1.8E-002
 Two-electron integrals                  9.9E-001
 Reallocation                            4.0E-003

 Step 2 of Cholesky decomposition completed in 9.0E-002 seconds
 Detailed timings in seconds
 Reduced-dimension matrix V    8.7E-002
 V=L*L**T                      9.5E-004
 L**(-1)                       2.5E-003

 Full-dimension Cholesky vectors of the Coulomb matrix will be stored in memory
 Cholesky vectors computed in 2.7E-001 seconds

 ┌─────────────────────────────────────────┐
 │          Self-consistent field          │
 └─────────────────────────────────────────┘

 Atomic orbital basis set
 . . . . . . . . . . . . . . . . . . . . . . . . . . . . . . . . . . . . . . 
 atomic centers                               1
 shell parameter sets                         23
 spherical AOs                                69
 max angular momentum                         3
 parameter set                                ../../../../basis-sets/bse/def2-sv(p).txt
 . . . . . . . . . . . . . . . . . . . . . . . . . . . . . . . . . . . . . . 
 SCF guess: bare nuclei Hamiltonian
 Starting self-consistent field iterations (spin-unrestricted)
 Alpha electrons: 17
 Beta electrons: 14
 ----------------------------------------------------------------------------
 Exchange-correlation: Hartree-Fock
 ----------------------------------------------------------------------------
 Replicated-data parallel SCF
 ----------------------------
 Processes                               1
 Threads/process                         16
 Allocated 9.7E-004 GiB of scratch space for the KS matrix build
 ----------------------------------------------------------------------------
 Loaded pseudopotential parameters
 ----------------------------------------------------------------------------

 PRASEODYMIUM
 Parameters file: ../../../../basis-sets/bse/def2-sv(p).txt
 ECP accounts for 28 core electrons

          Coeff         R^n       Exponent                                       

 Local part

 (Local part not present)
          0.00000000      2         1.00000000                                   

 L = 0

        577.57312200      2        20.76627800                                   

 L = 1

        295.78584600      2        16.07844800                                   

 L = 2

        150.86705500      2        14.70508900                                   

 L = 3

        -48.73676600      2        23.37896900                                   

 L = 4

        -22.32948800      2        17.44713800                                   

 ----------------------------------------------------------------------------
 Spherical harmonic basis contains 69 vectors
 Linear independence thresh: Eig(S) > 1.0E-006
 Computations will be carried out in the space of 69 MOs
 Threshold for J, K: |Rho(r,s)*(pq|rs)|,|Rho(q,s)*(pq|rs)| > 1.0E-011
 Convergence conditions
 ----------------------
 RhoDiff < 1.0E-006
 OrbGrad < 1.0E-006
 Max number of macroiters: 1024
 ------------------------------------------------------------------------------
 #           Energy        EDiff    RhoDiff  OrbGrad  OrbShift NStored Time     
 ------------------------------------------------------------------------------
 0          717.2678336475                                        0    1.5E-001 
 1         -462.1940181256           4.3E+02                      0    1.0E-001 
 2         -500.7937403310 -3.9E+01  7.0E+00  4.1E+00  8.2E+00    1    1.1E-001 
 3         -505.5236902220 -4.7E+00  2.9E+00  8.0E-01  2.4E+00    2    1.1E-001 
 4         -506.8858829545 -1.4E+00  5.5E-01  5.7E-01  1.0E+00    3    1.1E-001 
 5         -508.8490906592 -2.0E+00  1.9E-01  2.9E-01  1.1E+00    4    1.2E-001 
 6         -511.3882697772 -2.5E+00  2.2E-01  3.9E-01  1.1E+00    5    1.1E-001 
 7         -512.3374528182 -9.5E-01  1.1E-01  4.6E-01  1.1E+00    6    1.1E-001 
 8         -512.7251394688 -3.9E-01  5.4E-02  3.4E-01  1.1E+00    7    1.1E-001 
 9         -513.4820725448 -7.6E-01  2.2E-01  1.7E-01  1.1E+00    8    1.2E-001 
 10        -514.5280530355 -1.0E+00  3.1E-01  6.8E-01  1.3E+00    8    1.3E-001 
 11        -514.8825859787 -3.5E-01  3.5E-01  1.6E-01  1.6E-01    8    1.2E-001 
 12        -515.0237974338 -1.4E-01  1.6E-01  1.2E-01  0.0E+00    8    1.1E-001 
 13        -515.1577861844 -1.3E-01  2.2E-01  9.2E-02  0.0E+00    8    1.1E-001 
 14        -515.2549995483 -9.7E-02  3.2E-01  4.0E-02  0.0E+00    8    1.1E-001 
 15        -515.2738813455 -1.9E-02  1.2E-01  3.3E-02  0.0E+00    8    1.1E-001 
 16        -515.2799413899 -6.1E-03  4.9E-02  2.4E-02  0.0E+00    8    1.1E-001 
 17        -515.2836146299 -3.7E-03  5.7E-02  1.3E-02  0.0E+00    8    1.2E-001 
 18        -515.2872401365 -3.6E-03  3.2E-02  1.3E-02  4.8E-02    8    1.2E-001 
 19        -515.2909689645 -3.7E-03  4.1E-02  1.2E-02  3.9E-02    8    1.1E-001 
 20        -515.2951414007 -4.2E-03  4.7E-02  1.1E-02  1.3E-02    8    1.1E-001 
 21        -515.2995009274 -4.4E-03  4.9E-02  9.7E-03  1.3E-02    8    1.1E-001 
 22        -515.3010573735 -1.6E-03  3.3E-02  8.1E-03  0.0E+00    8    1.1E-001 
 23        -515.3019855346 -9.3E-04  1.5E-02  6.7E-03  0.0E+00    8    1.1E-001 
 24        -515.3030447536 -1.1E-03  1.6E-02  7.0E-03  0.0E+00    8    1.1E-001 
 25        -515.3043404643 -1.3E-03  2.6E-02  7.3E-03  0.0E+00    8    1.1E-001 
 26        -515.3050270262 -6.9E-04  2.5E-02  3.0E-03  0.0E+00    8    1.1E-001 
 27        -515.3057517186 -7.2E-04  2.1E-02  3.5E-03  0.0E+00    8    1.1E-001 
 28        -515.3067567902 -1.0E-03  2.8E-02  4.3E-03  0.0E+00    8    1.1E-001 
 29        -515.3074354877 -6.8E-04  2.0E-02  5.0E-03  0.0E+00    8    1.1E-001 
 30        -515.3078832972 -4.5E-04  9.5E-03  6.5E-03  0.0E+00    8    1.0E-001 
 31        -515.3081920933 -3.1E-04  1.1E-02  2.4E-03  0.0E+00    8    1.1E-001 
 32        -515.3083898328 -2.0E-04  8.7E-03  1.7E-03  0.0E+00    8    1.1E-001 
 33        -515.3085046430 -1.1E-04  4.6E-03  2.5E-03  0.0E+00    8    1.1E-001 
 34        -515.3086202349 -1.2E-04  5.5E-03  2.1E-03  0.0E+00    8    1.1E-001 
 35        -515.3086828549 -6.3E-05  3.9E-03  1.6E-03  0.0E+00    8    1.1E-001 
 36        -515.3088864858 -2.0E-04  1.2E-02  2.2E-03  0.0E+00    8    1.1E-001 
 37        -515.3089708812 -8.4E-05  9.7E-03  1.3E-03  0.0E+00    8    1.1E-001 
 38        -515.3089855615 -1.5E-05  2.3E-03  9.0E-04  0.0E+00    8    1.1E-001 
 39        -515.3089905162 -5.0E-06  1.3E-03  4.8E-04  0.0E+00    8    1.1E-001 
 40        -515.3089968293 -6.3E-06  1.0E-03  4.3E-04  0.0E+00    8    1.1E-001 
 41        -515.3090025158 -5.7E-06  1.3E-03  2.9E-04  0.0E+00    8    1.1E-001 
 42        -515.3090045023 -2.0E-06  1.0E-03  1.9E-04  0.0E+00    8    1.1E-001 
 43        -515.3090053430 -8.4E-07  6.0E-04  1.7E-04  0.0E+00    8    1.1E-001 
 44        -515.3090058256 -4.8E-07  4.4E-04  1.3E-04  0.0E+00    8    1.1E-001 
 45        -515.3090062303 -4.0E-07  9.4E-04  1.4E-04  0.0E+00    8    1.1E-001 
 46        -515.3090066157 -3.9E-07  7.2E-04  2.9E-04  0.0E+00    8    1.1E-001 
 47        -515.3090070083 -3.9E-07  8.9E-04  2.4E-04  0.0E+00    8    1.1E-001 
 48        -515.3090075150 -5.1E-07  8.3E-04  1.4E-04  0.0E+00    8    1.1E-001 
 49        -515.3090077803 -2.7E-07  7.1E-04  6.6E-05  0.0E+00    8    1.1E-001 
 50        -515.3090078358 -5.6E-08  3.9E-04  7.2E-05  0.0E+00    8    1.1E-001 
 51        -515.3090078895 -5.4E-08  1.6E-04  7.7E-05  0.0E+00    8    1.1E-001 
 52        -515.3090079036 -1.4E-08  6.4E-05  2.8E-05  0.0E+00    8    1.1E-001 
 53        -515.3090079157 -1.2E-08  7.1E-05  2.4E-05  0.0E+00    8    1.1E-001 
 54        -515.3090079242 -8.5E-09  6.6E-05  1.9E-05  0.0E+00    8    1.1E-001 
 55        -515.3090079286 -4.5E-09  5.7E-05  1.4E-05  0.0E+00    8    1.1E-001 
 56        -515.3090079323 -3.6E-09  5.9E-05  2.0E-05  0.0E+00    8    1.1E-001 
 57        -515.3090079366 -4.3E-09  6.1E-05  2.5E-05  0.0E+00    8    1.1E-001 
 58        -515.3090079378 -1.2E-09  3.8E-05  9.2E-06  0.0E+00    8    1.1E-001 
 59        -515.3090079393 -1.4E-09  2.8E-05  6.4E-06  0.0E+00    8    1.1E-001 
 60        -515.3090079413 -2.0E-09  4.6E-05  7.4E-06  0.0E+00    8    1.1E-001 
 61        -515.3090079428 -1.5E-09  5.1E-05  5.7E-06  0.0E+00    8    1.1E-001 
 62        -515.3090079432 -4.5E-10  2.9E-05  4.3E-06  0.0E+00    8    1.1E-001 
 63        -515.3090079433 -1.3E-10  8.5E-06  2.7E-06  0.0E+00    8    1.2E-001 
 64        -515.3090079435 -1.5E-10  4.8E-06  4.1E-06  0.0E+00    8    1.1E-001 
 65        -515.3090079435 -4.6E-11  2.4E-06  1.5E-06  0.0E+00    8    1.1E-001 
 66        -515.3090079436 -4.1E-11  3.2E-06  1.5E-06  0.0E+00    8    1.2E-001 
 67        -515.3090079436 -4.3E-11  3.3E-06  1.3E-06  0.0E+00    8    1.1E-001 
 68        -515.3090079436 -2.3E-11  2.2E-06  1.0E-06  0.0E+00    8    1.1E-001 
 69        -515.3090079436 -1.4E-11  2.1E-06  7.1E-07  0.0E+00    8    1.1E-001 
 70        -515.3090079437 -1.4E-11  2.7E-06  4.3E-07  0.0E+00    8    1.1E-001 
 71        -515.3090079437 -1.1E-11  2.8E-06  6.4E-07  0.0E+00    8    1.1E-001 
 72        -515.3090079437 -6.5E-12  1.7E-06  6.9E-07  0.0E+00    8    1.1E-001 
 73        -515.3090079437 -6.6E-12  2.0E-06  5.7E-07  0.0E+00    8    1.1E-001 
 74        -515.3090079437 -5.0E-12  2.1E-06  4.0E-07  0.0E+00    8    1.1E-001 
 75        -515.3090079437 -1.7E-12  9.7E-07  3.5E-07  0.0E+00    8    1.1E-001 
 ------------------------------------------------------------------------------
 SCF converged
 Converged energy                        -515.309007943694   
 ------------------------------------------------------------------------------
 Ehomo(Alpha) [eV]                       -4.742967308982     
 Elumo(Alpha) [eV]                       0.944334758504      
 Ehomo(Beta) [eV]                        -4.643780115520     
 Elumo(Beta) [eV]                        0.986138441993      

 dipole moment (Debye)
        x              y              z       
      8.110E-008    -1.879E-006     1.305E-006

 traceless quadrupole moment (Debye*Angs)
                       x              y              z       
 x                  -3.791E-005    -3.519E-006    -4.181E-006
 y                  -3.519E-006    -1.464E-005     3.019E-007
 z                  -4.181E-006     3.019E-007     5.254E-005

 ----------------------------------------------------------------------------
 Timings (seconds)
 * mean-field hamiltonian     8.0E+000
 * solver (setting up eqns)   9.0E-002
 * solver (energy estimate)   1.3E-002
 * solver (orthogonalization) 4.4E-003
 * solver (rotation matrix X) 1.1E-001
 * solver (exponential of X)  6.0E-002
 * solver (total)             2.8E-001
 * total SCF                  8.4E+000
 Atomic guess: PR, ../../../../basis-sets/bse/def2-sv(p).txt
 -----------------------------------------------------------
 E(HF) [a.u.]                            -5.1530900794E+002
 Tr(RhoAvg S), Cartesian AOs              3.1000000000E+001
 Tr(RhoAvg S), spherical AOs              3.1000000000E+001
 max|T RhoAvg T**T - RhoAvg_sao|                  1.33E-015
 max|c(RhoAvg) - c(Rho)|                          1.78E-015
 max|RhoAvg - Rho|                                2.25E-001
 Saved /mnt/storage_6/project_data/pl0415-03/marcin/beyond-rpa/guess/electron-densities/bse/def2-sv(p)/pr.txt
 ----------------------------------------------------------------------------
                             SCF for ND (2S+1=5)                             
 ----------------------------------------------------------------------------
 NUMBER OF ATOMS                         1
 CHARGE                                  0
 Prescreening (pq|pq) integrals for the Cholesky decomposition
 Shell pairs will be sorted according to their max elements
 Max diagonal integral MaxDrs=1.7E+001
 Applying Eq. 15 in J. Chem. Phys. 150, 194112 (2019); doi: 10.1063/1.5083802
 Schwarz inequality: Dpq<min(10**(-8),Tau)**2/MaxDrs=5.8E-018
 Trace of exact Coulomb matrix: 2.1E+002
 Trace of discarded integrals: 0.0E+000
 Discarded 0 out of 276 shell pairs
 (0 out of 2415 orbital pairs)

 Step 1 of Cholesky decomposition: locating pivots
 -------------------------------------------------
 Dimensions of the Coulomb matrix: (2415,2415)
 Threshold for diagonal matrix elements: Dpq > 1.0E-007
 Max number of Cholesky vectors: 1035
 Rk storage block size: 500
 Max dimension of 2e integrals buffer: (2415,1000)

 ----------------------------------------------------------------------------
 #    Dmax        Memory (MB)    NPivots     %    Time        
 ----------------------------------------------------------------------------
 1    1.7E-001    2.7E+001       8           2    2.9E-001    
 2    2.6E-003    2.7E+001       243         22   3.4E-001    
 3    5.1E-005    2.4E+001       394         60   2.8E-001    
 4    7.5E-007    1.9E+001       481         94   3.1E-001    
 5    8.3E-008    7.0E+000       534         100  6.3E-002    

 Step 1 of the Cholesky decomposition completed
 Computed 534 pivots
 Largest residual Dpq: 8.3E-008
 NCholesky/NAO = 7.7E+000
 Step 1 of Cholesky decomposition completed in 1.3E+000 seconds
 Detailed timings in seconds
 Subtract prev contribs I (M-R**T*R)     1.1E-002
 Subtract prev contribs II (Rk)          1.6E-002
 Two-electron integrals                  1.3E+000
 Reallocation                            3.6E-003

 Step 2 of Cholesky decomposition completed in 8.8E-002 seconds
 Detailed timings in seconds
 Reduced-dimension matrix V    8.6E-002
 V=L*L**T                      7.6E-004
 L**(-1)                       1.0E-003

 Full-dimension Cholesky vectors of the Coulomb matrix will be stored in memory
 Cholesky vectors computed in 1.5E-001 seconds

 ┌─────────────────────────────────────────┐
 │          Self-consistent field          │
 └─────────────────────────────────────────┘

 Atomic orbital basis set
 . . . . . . . . . . . . . . . . . . . . . . . . . . . . . . . . . . . . . . 
 atomic centers                               1
 shell parameter sets                         23
 spherical AOs                                69
 max angular momentum                         3
 parameter set                                ../../../../basis-sets/bse/def2-sv(p).txt
 . . . . . . . . . . . . . . . . . . . . . . . . . . . . . . . . . . . . . . 
 SCF guess: bare nuclei Hamiltonian
 Starting self-consistent field iterations (spin-unrestricted)
 Alpha electrons: 18
 Beta electrons: 14
 ----------------------------------------------------------------------------
 Exchange-correlation: Hartree-Fock
 ----------------------------------------------------------------------------
 Replicated-data parallel SCF
 ----------------------------
 Processes                               1
 Threads/process                         16
 Allocated 9.7E-004 GiB of scratch space for the KS matrix build
 ----------------------------------------------------------------------------
 Loaded pseudopotential parameters
 ----------------------------------------------------------------------------

 NEODYMIUM   
 Parameters file: ../../../../basis-sets/bse/def2-sv(p).txt
 ECP accounts for 28 core electrons

          Coeff         R^n       Exponent                                       

 Local part

 (Local part not present)
          0.00000000      2         1.00000000                                   

 L = 0

        574.37098000      2        21.35226700                                   

 L = 1

        280.94644000      2        16.11926500                                   

 L = 2

        138.67062700      2        14.49410300                                   

 L = 3

        -47.52266800      2        23.18386000                                   

 L = 4

        -23.34458700      2        18.34417400                                   

 ----------------------------------------------------------------------------
 Spherical harmonic basis contains 69 vectors
 Linear independence thresh: Eig(S) > 1.0E-006
 Computations will be carried out in the space of 69 MOs
 Threshold for J, K: |Rho(r,s)*(pq|rs)|,|Rho(q,s)*(pq|rs)| > 1.0E-011
 Convergence conditions
 ----------------------
 RhoDiff < 1.0E-006
 OrbGrad < 1.0E-006
 Max number of macroiters: 1024
 ------------------------------------------------------------------------------
 #           Energy        EDiff    RhoDiff  OrbGrad  OrbShift NStored Time     
 ------------------------------------------------------------------------------
 0          739.2016303313                                        0    1.5E-001 
 1         -509.7637562852           4.1E+02                      0    1.1E-001 
 2         -546.2121272703 -3.6E+01  6.5E+00  4.0E+00  8.0E+00    1    1.2E-001 
 3         -551.2913581340 -5.1E+00  2.5E+00  1.1E+00  2.4E+00    2    1.1E-001 
 4         -553.3938949367 -2.1E+00  4.8E-01  5.3E-01  9.6E-01    3    1.1E-001 
 5         -554.8743195620 -1.5E+00  1.1E-01  3.9E-01  1.1E+00    4    1.1E-001 
 6         -556.0596879751 -1.2E+00  1.1E-01  4.4E-01  1.1E+00    5    1.1E-001 
 7         -556.6848268310 -6.3E-01  9.4E-02  4.5E-01  1.2E+00    6    1.1E-001 
 8         -556.9250501779 -2.4E-01  3.9E-02  3.2E-01  1.1E+00    7    1.1E-001 
 9         -557.6950384456 -7.7E-01  2.2E-01  1.2E-01  1.4E+00    8    1.2E-001 
 10        -558.7990121236 -1.1E+00  3.4E-01  7.8E-01  1.3E+00    8    1.2E-001 
 11        -559.0904099318 -2.9E-01  3.5E-01  1.6E-01  2.7E-01    8    1.2E-001 
 12        -559.3866524292 -3.0E-01  2.6E-01  2.1E-01  0.0E+00    8    1.1E-001 
 13        -559.4335946746 -4.7E-02  7.1E-02  8.4E-02  0.0E+00    8    1.1E-001 
 14        -559.4522041697 -1.9E-02  7.8E-02  3.0E-02  0.0E+00    8    1.1E-001 
 15        -559.4880385836 -3.6E-02  1.1E-01  2.1E-02  0.0E+00    8    1.1E-001 
 16        -559.5731517687 -8.5E-02  4.1E-01  3.9E-02  8.4E-02    8    1.2E-001 
 17        -559.5939696140 -2.1E-02  1.0E-01  3.4E-02  0.0E+00    8    1.1E-001 
 18        -559.6068882429 -1.3E-02  8.2E-02  3.1E-02  0.0E+00    8    1.1E-001 
 19        -559.6127678610 -5.9E-03  4.2E-02  2.0E-02  0.0E+00    8    1.1E-001 
 20        -559.6164635902 -3.7E-03  4.6E-02  1.3E-02  3.2E-02    8    1.2E-001 
 21        -559.6202121348 -3.7E-03  3.1E-02  1.1E-02  1.9E-02    8    1.2E-001 
 22        -559.6230717380 -2.9E-03  4.1E-02  7.8E-03  6.1E-03    8    1.2E-001 
 23        -559.6242686585 -1.2E-03  2.7E-02  5.3E-03  0.0E+00    8    1.1E-001 
 24        -559.6250250528 -7.6E-04  1.9E-02  5.7E-03  0.0E+00    8    1.1E-001 
 25        -559.6257698338 -7.4E-04  2.2E-02  5.2E-03  0.0E+00    8    1.1E-001 
 26        -559.6262366635 -4.7E-04  1.4E-02  3.5E-03  0.0E+00    8    1.1E-001 
 27        -559.6266367650 -4.0E-04  1.3E-02  3.0E-03  0.0E+00    8    1.1E-001 
 28        -559.6268777057 -2.4E-04  9.4E-03  1.9E-03  0.0E+00    8    1.1E-001 
 29        -559.6271368087 -2.6E-04  1.2E-02  2.5E-03  0.0E+00    8    1.1E-001 
 30        -559.6274208982 -2.8E-04  1.3E-02  3.0E-03  0.0E+00    8    1.1E-001 
 31        -559.6276979944 -2.8E-04  1.3E-02  2.9E-03  0.0E+00    8    1.1E-001 
 32        -559.6281930447 -5.0E-04  2.2E-02  2.9E-03  5.5E-03    8    1.2E-001 
 33        -559.6288876330 -6.9E-04  2.9E-02  3.1E-03  1.1E-02    8    1.2E-001 
 34        -559.6295875541 -7.0E-04  3.2E-02  3.0E-03  1.5E-03    8    1.2E-001 
 35        -559.6303600539 -7.7E-04  2.8E-02  4.1E-03  0.0E+00    8    1.1E-001 
 36        -559.6310553030 -7.0E-04  2.3E-02  3.6E-03  0.0E+00    8    1.1E-001 
 37        -559.6316308168 -5.8E-04  2.2E-02  4.3E-03  0.0E+00    8    1.1E-001 
 38        -559.6322324363 -6.0E-04  2.9E-02  4.1E-03  0.0E+00    8    1.1E-001 
 39        -559.6326445727 -4.1E-04  1.1E-02  4.7E-03  0.0E+00    8    1.1E-001 
 40        -559.6332850458 -6.4E-04  2.2E-02  4.1E-03  0.0E+00    8    1.1E-001 
 41        -559.6337989109 -5.1E-04  2.2E-02  3.1E-03  0.0E+00    8    1.1E-001 
 42        -559.6339729222 -1.7E-04  9.1E-03  2.7E-03  0.0E+00    8    1.1E-001 
 43        -559.6341241198 -1.5E-04  1.1E-02  2.1E-03  0.0E+00    8    1.1E-001 
 44        -559.6342264017 -1.0E-04  8.8E-03  1.7E-03  0.0E+00    8    1.1E-001 
 45        -559.6342544174 -2.8E-05  6.5E-03  1.3E-03  0.0E+00    8    1.1E-001 
 46        -559.6343077692 -5.3E-05  5.6E-03  1.5E-03  0.0E+00    8    1.1E-001 
 47        -559.6343315846 -2.4E-05  4.8E-03  6.2E-04  0.0E+00    8    1.1E-001 
 48        -559.6343373854 -5.8E-06  1.7E-03  6.2E-04  0.0E+00    8    1.1E-001 
 49        -559.6343448494 -7.5E-06  3.5E-03  6.7E-04  0.0E+00    8    1.1E-001 
 50        -559.6343486397 -3.8E-06  1.4E-03  4.3E-04  0.0E+00    8    1.2E-001 
 51        -559.6343514642 -2.8E-06  1.3E-03  3.1E-04  0.0E+00    8    1.2E-001 
 52        -559.6343533236 -1.9E-06  1.1E-03  2.3E-04  0.0E+00    8    1.2E-001 
 53        -559.6343544147 -1.1E-06  9.8E-04  2.5E-04  0.0E+00    8    1.1E-001 
 54        -559.6343557070 -1.3E-06  9.5E-04  1.4E-04  0.0E+00    8    1.2E-001 
 55        -559.6343561767 -4.7E-07  6.1E-04  1.0E-04  0.0E+00    8    1.2E-001 
 56        -559.6343566024 -4.3E-07  5.5E-04  9.9E-05  0.0E+00    8    1.2E-001 
 57        -559.6343569486 -3.5E-07  5.1E-04  9.1E-05  0.0E+00    8    1.2E-001 
 58        -559.6343571448 -2.0E-07  2.8E-04  9.4E-05  0.0E+00    8    1.1E-001 
 59        -559.6343572330 -8.8E-08  2.0E-04  4.4E-05  0.0E+00    8    1.2E-001 
 60        -559.6343572631 -3.0E-08  1.7E-04  2.8E-05  0.0E+00    8    1.2E-001 
 61        -559.6343572738 -1.1E-08  7.0E-05  2.4E-05  0.0E+00    8    1.2E-001 
 62        -559.6343572873 -1.3E-08  8.3E-05  3.1E-05  0.0E+00    8    1.2E-001 
 63        -559.6343573048 -1.8E-08  1.1E-04  2.7E-05  0.0E+00    8    1.2E-001 
 64        -559.6343573077 -2.9E-09  8.1E-05  1.2E-05  0.0E+00    8    1.2E-001 
 65        -559.6343573118 -4.1E-09  9.0E-05  1.2E-05  0.0E+00    8    1.2E-001 
 66        -559.6343573151 -3.4E-09  4.1E-05  9.7E-06  0.0E+00    8    1.2E-001 
 67        -559.6343573183 -3.1E-09  5.8E-05  1.2E-05  0.0E+00    8    1.2E-001 
 68        -559.6343573191 -8.1E-10  2.2E-05  8.2E-06  0.0E+00    8    1.2E-001 
 69        -559.6343573194 -3.3E-10  2.2E-05  4.0E-06  0.0E+00    8    1.2E-001 
 70        -559.6343573195 -1.4E-10  5.0E-06  3.3E-06  0.0E+00    8    1.2E-001 
 71        -559.6343573197 -1.8E-10  8.8E-06  2.4E-06  0.0E+00    8    1.2E-001 
 72        -559.6343573198 -7.9E-11  6.0E-06  2.2E-06  0.0E+00    8    1.2E-001 
 73        -559.6343573199 -8.6E-11  7.1E-06  2.0E-06  0.0E+00    8    1.2E-001 
 74        -559.6343573199 -4.7E-11  5.4E-06  1.5E-06  0.0E+00    8    1.2E-001 
 75        -559.6343573200 -3.2E-11  4.3E-06  9.2E-07  0.0E+00    8    1.2E-001 
 76        -559.6343573200 -3.5E-11  6.2E-06  8.0E-07  0.0E+00    8    1.2E-001 
 77        -559.6343573200 -3.0E-11  4.1E-06  7.8E-07  0.0E+00    8    1.2E-001 
 78        -559.6343573201 -2.3E-11  5.1E-06  6.6E-07  0.0E+00    8    1.2E-001 
 79        -559.6343573201 -9.2E-12  2.9E-06  5.0E-07  0.0E+00    8    1.2E-001 
 80        -559.6343573201 -1.3E-11  2.9E-06  1.0E-06  0.0E+00    8    1.2E-001 
 81        -559.6343573201 -1.8E-12  1.2E-06  3.0E-07  0.0E+00    8    1.2E-001 
 82        -559.6343573201 -8.0E-13  1.1E-06  2.3E-07  0.0E+00    8    1.2E-001 
 83        -559.6343573201 -1.1E-12  5.7E-07  2.0E-07  0.0E+00    8    1.2E-001 
 ------------------------------------------------------------------------------
 SCF converged
 Converged energy                        -559.634357320083   
 ------------------------------------------------------------------------------
 Ehomo(Alpha) [eV]                       -4.827458595363     
 Elumo(Alpha) [eV]                       0.831774214042      
 Ehomo(Beta) [eV]                        -4.695412959284     
 Elumo(Beta) [eV]                        0.875107090163      

 dipole moment (Debye)
        x              y              z       
     -1.477E-006     2.634E-006     1.691E-006

 traceless quadrupole moment (Debye*Angs)
                       x              y              z       
 x                   9.644E-007    -6.206E-008     3.615E-007
 y                  -6.206E-008     5.090E-007     4.032E-007
 z                   3.615E-007     4.032E-007    -1.473E-006

 ----------------------------------------------------------------------------
 Timings (seconds)
 * mean-field hamiltonian     9.4E+000
 * solver (setting up eqns)   1.0E-001
 * solver (energy estimate)   1.3E-002
 * solver (orthogonalization) 5.0E-003
 * solver (rotation matrix X) 1.5E-001
 * solver (exponential of X)  7.0E-002
 * solver (total)             3.4E-001
 * total SCF                  9.8E+000
 Atomic guess: ND, ../../../../basis-sets/bse/def2-sv(p).txt
 -----------------------------------------------------------
 E(HF) [a.u.]                            -5.5963435732E+002
 Tr(RhoAvg S), Cartesian AOs              3.2000000000E+001
 Tr(RhoAvg S), spherical AOs              3.2000000000E+001
 max|T RhoAvg T**T - RhoAvg_sao|                  8.88E-016
 max|c(RhoAvg) - c(Rho)|                          3.33E-016
 max|RhoAvg - Rho|                                2.52E-001
 Saved /mnt/storage_6/project_data/pl0415-03/marcin/beyond-rpa/guess/electron-densities/bse/def2-sv(p)/nd.txt
 ----------------------------------------------------------------------------
                             SCF for PM (2S+1=6)                             
 ----------------------------------------------------------------------------
 NUMBER OF ATOMS                         1
 CHARGE                                  0
 Prescreening (pq|pq) integrals for the Cholesky decomposition
 Shell pairs will be sorted according to their max elements
 Max diagonal integral MaxDrs=1.9E+001
 Applying Eq. 15 in J. Chem. Phys. 150, 194112 (2019); doi: 10.1063/1.5083802
 Schwarz inequality: Dpq<min(10**(-8),Tau)**2/MaxDrs=5.2E-018
 Trace of exact Coulomb matrix: 2.0E+002
 Trace of discarded integrals: 0.0E+000
 Discarded 0 out of 276 shell pairs
 (0 out of 2415 orbital pairs)

 Step 1 of Cholesky decomposition: locating pivots
 -------------------------------------------------
 Dimensions of the Coulomb matrix: (2415,2415)
 Threshold for diagonal matrix elements: Dpq > 1.0E-007
 Max number of Cholesky vectors: 1035
 Rk storage block size: 500
 Max dimension of 2e integrals buffer: (2415,1000)

 ----------------------------------------------------------------------------
 #    Dmax        Memory (MB)    NPivots     %    Time        
 ----------------------------------------------------------------------------
 1    1.7E-001    2.7E+001       9           2    1.9E-001    
 2    2.6E-003    2.7E+001       241         20   3.2E-001    
 3    7.5E-005    2.6E+001       398         66   2.1E-001    
 4    7.4E-007    1.6E+001       471         90   2.0E-001    
 5    8.8E-008    8.2E+000       537         100  1.0E-001    

 Step 1 of the Cholesky decomposition completed
 Computed 537 pivots
 Largest residual Dpq: 8.8E-008
 NCholesky/NAO = 7.8E+000
 Step 1 of Cholesky decomposition completed in 1.0E+000 seconds
 Detailed timings in seconds
 Subtract prev contribs I (M-R**T*R)     8.9E-003
 Subtract prev contribs II (Rk)          1.6E-002
 Two-electron integrals                  1.0E+000
 Reallocation                            3.5E-003

 Step 2 of Cholesky decomposition completed in 9.9E-002 seconds
 Detailed timings in seconds
 Reduced-dimension matrix V    9.7E-002
 V=L*L**T                      8.2E-004
 L**(-1)                       1.1E-003

 Full-dimension Cholesky vectors of the Coulomb matrix will be stored in memory
 Cholesky vectors computed in 1.7E-001 seconds

 ┌─────────────────────────────────────────┐
 │          Self-consistent field          │
 └─────────────────────────────────────────┘

 Atomic orbital basis set
 . . . . . . . . . . . . . . . . . . . . . . . . . . . . . . . . . . . . . . 
 atomic centers                               1
 shell parameter sets                         23
 spherical AOs                                69
 max angular momentum                         3
 parameter set                                ../../../../basis-sets/bse/def2-sv(p).txt
 . . . . . . . . . . . . . . . . . . . . . . . . . . . . . . . . . . . . . . 
 SCF guess: bare nuclei Hamiltonian
 Starting self-consistent field iterations (spin-unrestricted)
 Alpha electrons: 19
 Beta electrons: 14
 ----------------------------------------------------------------------------
 Exchange-correlation: Hartree-Fock
 ----------------------------------------------------------------------------
 Replicated-data parallel SCF
 ----------------------------
 Processes                               1
 Threads/process                         16
 Allocated 9.7E-004 GiB of scratch space for the KS matrix build
 ----------------------------------------------------------------------------
 Loaded pseudopotential parameters
 ----------------------------------------------------------------------------

 PROMETHIUM  
 Parameters file: ../../../../basis-sets/bse/def2-sv(p).txt
 ECP accounts for 28 core electrons

          Coeff         R^n       Exponent                                       

 Local part

 (Local part not present)
          0.00000000      2         1.00000000                                   

 L = 0

        575.39574900      2        21.94286500                                   

 L = 1

        281.70451400      2        16.55516100                                   

 L = 2

        123.52473700      2        13.96030800                                   

 L = 3

        -50.74151100      2        24.03354600                                   

 L = 4

        -24.37251000      2        19.26024500                                   

 ----------------------------------------------------------------------------
 Spherical harmonic basis contains 69 vectors
 Linear independence thresh: Eig(S) > 1.0E-006
 Computations will be carried out in the space of 69 MOs
 Threshold for J, K: |Rho(r,s)*(pq|rs)|,|Rho(q,s)*(pq|rs)| > 1.0E-011
 Convergence conditions
 ----------------------
 RhoDiff < 1.0E-006
 OrbGrad < 1.0E-006
 Max number of macroiters: 1024
 ------------------------------------------------------------------------------
 #           Energy        EDiff    RhoDiff  OrbGrad  OrbShift NStored Time     
 ------------------------------------------------------------------------------
 0          801.2515222465                                        0    1.6E-001 
 1         -573.9810269130           2.8E+02                      0    1.2E-001 
 2         -596.7989814085 -2.3E+01  5.2E+00  3.4E+00  6.3E+00    1    1.1E-001 
 3         -600.5643286877 -3.8E+00  2.2E+00  8.8E-01  1.8E+00    2    1.1E-001 
 4         -601.0338730339 -4.7E-01  4.3E-01  3.0E-01  7.9E-01    3    1.1E-001 
 5         -601.5868155764 -5.5E-01  8.1E-02  2.8E-01  1.4E+00    4    1.2E-001 
 6         -602.7420010875 -1.2E+00  1.1E-01  4.7E-01  9.9E-01    5    1.2E-001 
 7         -604.3056296822 -1.6E+00  2.0E-01  5.6E-01  6.6E-01    6    1.2E-001 
 8         -605.5435019107 -1.2E+00  1.8E-01  3.9E-01  4.7E-01    7    1.3E-001 
 9         -605.9042201212 -3.6E-01  6.3E-01  1.1E-01  2.9E-01    8    1.2E-001 
 10        -606.1459320697 -2.4E-01  1.9E-01  1.8E-01  1.1E-02    8    1.3E-001 
 11        -606.1875142441 -4.2E-02  7.6E-02  9.8E-02  0.0E+00    8    1.2E-001 
 12        -606.1910206528 -3.5E-03  3.8E-02  1.3E-02  0.0E+00    8    1.2E-001 
 13        -606.1915711328 -5.5E-04  1.2E-02  6.7E-03  0.0E+00    8    1.2E-001 
 14        -606.1920130600 -4.4E-04  1.0E-02  1.0E-02  0.0E+00    8    1.1E-001 
 15        -606.1922452006 -2.3E-04  5.3E-03  6.7E-03  0.0E+00    8    1.2E-001 
 16        -606.1922670766 -2.2E-05  3.1E-03  1.0E-03  0.0E+00    8    1.2E-001 
 17        -606.1922870178 -2.0E-05  2.7E-03  1.1E-03  0.0E+00    8    1.2E-001 
 18        -606.1923114465 -2.4E-05  3.4E-03  1.1E-03  0.0E+00    8    1.2E-001 
 19        -606.1924007552 -8.9E-05  1.2E-02  1.2E-03  1.3E-02    8    1.3E-001 
 20        -606.1925829127 -1.8E-04  2.2E-02  1.6E-03  5.2E-02    8    1.3E-001 
 21        -606.1929187097 -3.4E-04  3.8E-02  2.4E-03  0.0E+00    8    1.2E-001 
 22        -606.1938697009 -9.5E-04  4.3E-02  4.8E-03  1.4E-01    8    1.3E-001 
 23        -606.1956517231 -1.8E-03  4.6E-02  8.8E-03  1.9E-01    8    1.3E-001 
 24        -606.1987067832 -3.1E-03  4.9E-02  1.3E-02  2.2E-01    8    1.3E-001 
 25        -606.2035408379 -4.8E-03  5.5E-02  1.8E-02  2.3E-01    8    1.3E-001 
 26        -606.2106971118 -7.2E-03  8.1E-02  2.3E-02  2.4E-01    8    1.3E-001 
 27        -606.2206028506 -9.9E-03  1.1E-01  2.7E-02  2.2E-01    8    1.2E-001 
 28        -606.2332333188 -1.3E-02  1.3E-01  2.9E-02  1.9E-01    8    1.2E-001 
 29        -606.2485874990 -1.5E-02  1.2E-01  2.7E-02  1.5E-01    8    1.3E-001 
 30        -606.2696492058 -2.1E-02  5.9E-02  2.2E-02  1.7E-01    8    1.3E-001 
 31        -606.3096776450 -4.0E-02  1.2E-01  2.4E-02  2.1E-01    8    1.3E-001 
 32        -606.3802502431 -7.1E-02  1.9E-01  5.3E-02  3.0E-01    8    1.3E-001 
 33        -606.4486459564 -6.8E-02  1.7E-01  8.2E-02  2.0E-01    8    1.3E-001 
 34        -606.4691130863 -2.0E-02  1.2E-01  2.4E-02  0.0E+00    8    1.2E-001 
 35        -606.4772483055 -8.1E-03  1.7E-01  2.1E-02  0.0E+00    8    1.2E-001 
 36        -606.4888509654 -1.2E-02  3.2E-02  3.5E-02  0.0E+00    8    1.2E-001 
 37        -606.4942677952 -5.4E-03  3.0E-02  1.8E-02  0.0E+00    8    1.2E-001 
 38        -606.5006229852 -6.4E-03  6.2E-02  2.2E-02  0.0E+00    8    1.3E-001 
 39        -606.5013790677 -7.6E-04  9.0E-03  1.1E-02  0.0E+00    8    1.2E-001 
 40        -606.5016527400 -2.7E-04  4.9E-03  3.0E-03  0.0E+00    8    1.2E-001 
 41        -606.5018691543 -2.2E-04  7.4E-03  3.3E-03  0.0E+00    8    1.2E-001 
 42        -606.5019441920 -7.5E-05  5.1E-03  3.3E-03  0.0E+00    8    1.2E-001 
 43        -606.5020161644 -7.2E-05  2.9E-03  3.5E-03  0.0E+00    8    1.2E-001 
 44        -606.5020460053 -3.0E-05  2.9E-03  9.2E-04  0.0E+00    8    1.2E-001 
 45        -606.5020777606 -3.2E-05  3.9E-03  9.0E-04  0.0E+00    8    1.3E-001 
 46        -606.5021213267 -4.4E-05  6.7E-03  9.1E-04  0.0E+00    8    1.1E-001 
 47        -606.5022000916 -7.9E-05  9.5E-03  1.3E-03  0.0E+00    8    1.2E-001 
 48        -606.5023762319 -1.8E-04  1.5E-02  2.3E-03  0.0E+00    8    1.2E-001 
 49        -606.5024419149 -6.6E-05  4.9E-03  1.5E-03  0.0E+00    8    1.2E-001 
 50        -606.5025435870 -1.0E-04  7.9E-03  1.2E-03  0.0E+00    8    1.2E-001 
 51        -606.5026591438 -1.2E-04  7.6E-03  1.2E-03  0.0E+00    8    1.2E-001 
 52        -606.5029068256 -2.5E-04  1.6E-02  1.3E-03  7.2E-03    8    1.3E-001 
 53        -606.5031558743 -2.5E-04  2.0E-02  1.5E-03  4.9E-03    8    1.3E-001 
 54        -606.5034156398 -2.6E-04  2.4E-02  2.9E-03  1.5E-03    8    1.3E-001 
 55        -606.5035759162 -1.6E-04  1.8E-02  1.6E-03  0.0E+00    8    1.2E-001 
 56        -606.5036753656 -9.9E-05  1.3E-02  1.7E-03  0.0E+00    8    1.2E-001 
 57        -606.5037426517 -6.7E-05  8.7E-03  1.5E-03  0.0E+00    8    1.2E-001 
 58        -606.5037743648 -3.2E-05  4.8E-03  1.2E-03  0.0E+00    8    1.2E-001 
 59        -606.5038023602 -2.8E-05  3.1E-03  1.0E-03  0.0E+00    8    1.2E-001 
 60        -606.5038284229 -2.6E-05  3.8E-03  1.2E-03  0.0E+00    8    1.2E-001 
 61        -606.5038444614 -1.6E-05  2.5E-03  1.0E-03  0.0E+00    8    1.2E-001 
 62        -606.5038561080 -1.2E-05  2.2E-03  6.5E-04  0.0E+00    8    1.3E-001 
 63        -606.5038681864 -1.2E-05  2.8E-03  4.6E-04  0.0E+00    8    1.2E-001 
 64        -606.5038830665 -1.5E-05  4.2E-03  4.7E-04  0.0E+00    8    1.2E-001 
 65        -606.5038978054 -1.5E-05  4.8E-03  5.8E-04  0.0E+00    8    1.2E-001 
 66        -606.5039076128 -9.8E-06  3.5E-03  3.6E-04  0.0E+00    8    1.1E-001 
 67        -606.5039142103 -6.6E-06  2.6E-03  3.7E-04  0.0E+00    8    1.1E-001 
 68        -606.5039210704 -6.9E-06  2.6E-03  3.6E-04  0.0E+00    8    1.2E-001 
 69        -606.5039254397 -4.4E-06  1.4E-03  4.2E-04  0.0E+00    8    1.2E-001 
 70        -606.5039287514 -3.3E-06  1.2E-03  3.7E-04  0.0E+00    8    1.2E-001 
 71        -606.5039354898 -6.7E-06  2.2E-03  3.7E-04  0.0E+00    8    1.2E-001 
 72        -606.5039416913 -6.2E-06  1.8E-03  3.6E-04  0.0E+00    8    1.2E-001 
 73        -606.5039546099 -1.3E-05  3.7E-03  4.2E-04  0.0E+00    8    1.2E-001 
 74        -606.5039682584 -1.4E-05  4.6E-03  4.5E-04  0.0E+00    8    1.8E-001 
 75        -606.5039842160 -1.6E-05  5.2E-03  4.8E-04  0.0E+00    8    2.7E-001 
 76        -606.5039945534 -1.0E-05  3.5E-03  4.9E-04  0.0E+00    8    2.8E-001 
 77        -606.5040008267 -6.3E-06  2.9E-03  3.1E-04  0.0E+00    8    1.5E-001 
 78        -606.5040097024 -8.9E-06  4.7E-03  3.3E-04  0.0E+00    8    1.2E-001 
 79        -606.5040222722 -1.3E-05  8.1E-03  3.2E-04  0.0E+00    8    1.2E-001 
 80        -606.5040335433 -1.1E-05  9.1E-03  7.2E-04  0.0E+00    8    1.2E-001 
 81        -606.5040435172 -1.0E-05  6.8E-03  8.1E-04  0.0E+00    8    1.2E-001 
 82        -606.5040490069 -5.5E-06  6.5E-03  3.5E-04  0.0E+00    8    1.2E-001 
 83        -606.5040527314 -3.7E-06  2.2E-03  3.6E-04  0.0E+00    8    1.2E-001 
 84        -606.5040562709 -3.5E-06  2.3E-03  3.7E-04  0.0E+00    8    1.2E-001 
 85        -606.5040581001 -1.8E-06  1.4E-03  2.7E-04  0.0E+00    8    1.2E-001 
 86        -606.5040597861 -1.7E-06  1.3E-03  2.3E-04  0.0E+00    8    1.2E-001 
 87        -606.5040610873 -1.3E-06  8.3E-04  1.4E-04  0.0E+00    8    1.2E-001 
 88        -606.5040618096 -7.2E-07  8.6E-04  1.4E-04  0.0E+00    8    1.2E-001 
 89        -606.5040629317 -1.1E-06  1.1E-03  2.2E-04  0.0E+00    8    1.2E-001 
 90        -606.5040646807 -1.7E-06  1.8E-03  1.4E-04  0.0E+00    8    1.2E-001 
 91        -606.5040664179 -1.7E-06  1.7E-03  3.0E-04  0.0E+00    8    1.2E-001 
 92        -606.5040678527 -1.4E-06  8.8E-04  2.3E-04  0.0E+00    8    1.2E-001 
 93        -606.5040685517 -7.0E-07  6.7E-04  1.2E-04  0.0E+00    8    1.2E-001 
 94        -606.5040692391 -6.9E-07  7.4E-04  1.1E-04  0.0E+00    8    1.2E-001 
 95        -606.5040697265 -4.9E-07  7.4E-04  1.1E-04  0.0E+00    8    1.2E-001 
 96        -606.5040702108 -4.8E-07  7.0E-04  1.0E-04  0.0E+00    8    1.2E-001 
 97        -606.5040708063 -6.0E-07  8.4E-04  9.6E-05  0.0E+00    8    1.2E-001 
 98        -606.5040717697 -9.6E-07  1.2E-03  9.6E-05  0.0E+00    8    1.2E-001 
 99        -606.5040729548 -1.2E-06  1.4E-03  1.4E-04  0.0E+00    8    1.2E-001 
 100       -606.5040738146 -8.6E-07  1.2E-03  8.3E-05  0.0E+00    8    1.2E-001 
 101       -606.5040746237 -8.1E-07  1.2E-03  1.3E-04  0.0E+00    8    1.1E-001 
 102       -606.5040751743 -5.5E-07  1.0E-03  1.1E-04  0.0E+00    8    1.1E-001 
 103       -606.5040755353 -3.6E-07  5.9E-04  1.5E-04  0.0E+00    8    1.7E-001 
 104       -606.5040759964 -4.6E-07  9.3E-04  1.1E-04  0.0E+00    8    1.2E-001 
 105       -606.5040762354 -2.4E-07  7.1E-04  7.7E-05  0.0E+00    8    1.2E-001 
 106       -606.5040764365 -2.0E-07  4.9E-04  8.4E-05  0.0E+00    8    1.2E-001 
 107       -606.5040766165 -1.8E-07  4.4E-04  7.8E-05  0.0E+00    8    1.2E-001 
 108       -606.5040767412 -1.2E-07  3.2E-04  6.7E-05  0.0E+00    8    1.2E-001 
 109       -606.5040768646 -1.2E-07  3.0E-04  6.1E-05  0.0E+00    8    1.2E-001 
 110       -606.5040769920 -1.3E-07  3.6E-04  6.5E-05  0.0E+00    8    1.2E-001 
 111       -606.5040770610 -6.9E-08  2.3E-04  3.5E-05  0.0E+00    8    1.1E-001 
 112       -606.5040770845 -2.3E-08  1.6E-04  3.5E-05  0.0E+00    8    1.2E-001 
 113       -606.5040771395 -5.5E-08  1.8E-04  7.3E-05  0.0E+00    8    1.2E-001 
 114       -606.5040771694 -3.0E-08  1.8E-04  3.8E-05  0.0E+00    8    1.2E-001 
 115       -606.5040772251 -5.6E-08  2.9E-04  3.8E-05  0.0E+00    8    1.2E-001 
 116       -606.5040772719 -4.7E-08  1.9E-04  3.0E-05  0.0E+00    8    1.2E-001 
 117       -606.5040773116 -4.0E-08  2.0E-04  3.3E-05  0.0E+00    8    1.1E-001 
 118       -606.5040773360 -2.4E-08  1.5E-04  2.6E-05  0.0E+00    8    1.1E-001 
 119       -606.5040773622 -2.6E-08  1.8E-04  2.3E-05  0.0E+00    8    1.1E-001 
 120       -606.5040773849 -2.3E-08  2.0E-04  1.8E-05  0.0E+00    8    1.2E-001 
 121       -606.5040774215 -3.7E-08  3.2E-04  3.2E-05  0.0E+00    8    1.2E-001 
 122       -606.5040774472 -2.6E-08  2.4E-04  1.6E-05  0.0E+00    8    1.2E-001 
 123       -606.5040774709 -2.4E-08  2.9E-04  1.7E-05  0.0E+00    8    1.1E-001 
 124       -606.5040774916 -2.1E-08  2.4E-04  2.8E-05  0.0E+00    8    1.1E-001 
 125       -606.5040775104 -1.9E-08  3.1E-04  1.9E-05  0.0E+00    8    1.1E-001 
 126       -606.5040775367 -2.6E-08  4.2E-04  2.3E-05  0.0E+00    8    1.1E-001 
 127       -606.5040775503 -1.4E-08  1.6E-04  2.2E-05  0.0E+00    8    1.1E-001 
 128       -606.5040775675 -1.7E-08  2.1E-04  2.1E-05  0.0E+00    8    1.1E-001 
 129       -606.5040775769 -9.3E-09  1.8E-04  1.6E-05  0.0E+00    8    1.1E-001 
 130       -606.5040775817 -4.9E-09  8.6E-05  1.5E-05  0.0E+00    8    1.2E-001 
 131       -606.5040775884 -6.6E-09  1.3E-04  1.5E-05  0.0E+00    8    1.2E-001 
 132       -606.5040775946 -6.3E-09  8.3E-05  1.5E-05  0.0E+00    8    1.2E-001 
 133       -606.5040776106 -1.6E-08  1.8E-04  1.4E-05  0.0E+00    8    1.2E-001 
 134       -606.5040776296 -1.9E-08  3.7E-04  1.5E-05  0.0E+00    8    1.2E-001 
 135       -606.5040776504 -2.1E-08  5.5E-04  1.6E-05  1.2E-04    8    1.2E-001 
 136       -606.5040776628 -1.2E-08  4.4E-04  1.4E-05  0.0E+00    8    1.1E-001 
 137       -606.5040776771 -1.4E-08  2.9E-04  1.1E-05  0.0E+00    8    1.1E-001 
 138       -606.5040776874 -1.0E-08  2.7E-04  2.4E-05  0.0E+00    8    1.1E-001 
 139       -606.5040776923 -4.9E-09  1.2E-04  1.6E-05  0.0E+00    8    1.1E-001 
 140       -606.5040776947 -2.4E-09  9.0E-05  8.4E-06  0.0E+00    8    1.1E-001 
 141       -606.5040776959 -1.2E-09  5.6E-05  6.3E-06  0.0E+00    8    1.1E-001 
 142       -606.5040776966 -7.0E-10  4.3E-05  3.8E-06  0.0E+00    8    1.1E-001 
 143       -606.5040776972 -6.4E-10  2.9E-05  5.2E-06  0.0E+00    8    1.1E-001 
 144       -606.5040776979 -7.1E-10  4.9E-05  3.5E-06  0.0E+00    8    1.1E-001 
 145       -606.5040776993 -1.4E-09  7.4E-05  4.3E-06  0.0E+00    8    1.2E-001 
 146       -606.5040777001 -7.9E-10  3.1E-05  3.8E-06  0.0E+00    8    1.2E-001 
 147       -606.5040777008 -7.7E-10  5.1E-05  3.6E-06  0.0E+00    8    1.1E-001 
 148       -606.5040777021 -1.2E-09  5.5E-05  3.6E-06  0.0E+00    8    1.1E-001 
 149       -606.5040777028 -7.7E-10  6.5E-05  3.5E-06  0.0E+00    8    1.1E-001 
 150       -606.5040777034 -5.4E-10  2.4E-05  5.2E-06  0.0E+00    8    1.1E-001 
 151       -606.5040777037 -2.8E-10  2.0E-05  3.1E-06  0.0E+00    8    1.1E-001 
 152       -606.5040777040 -3.9E-10  2.7E-05  3.0E-06  0.0E+00    8    1.2E-001 
 153       -606.5040777044 -3.6E-10  2.7E-05  4.1E-06  0.0E+00    8    1.1E-001 
 154       -606.5040777053 -8.5E-10  6.0E-05  6.1E-06  0.0E+00    8    1.1E-001 
 155       -606.5040777061 -8.5E-10  8.6E-05  3.8E-06  0.0E+00    8    1.1E-001 
 156       -606.5040777062 -1.4E-10  3.7E-05  2.2E-06  0.0E+00    8    1.1E-001 
 157       -606.5040777064 -1.4E-10  1.5E-05  1.8E-06  0.0E+00    8    1.1E-001 
 158       -606.5040777065 -8.6E-11  8.8E-06  1.8E-06  0.0E+00    8    1.1E-001 
 159       -606.5040777065 -6.4E-11  5.8E-06  1.6E-06  0.0E+00    8    1.1E-001 
 160       -606.5040777067 -1.4E-10  2.2E-05  9.5E-07  0.0E+00    8    1.1E-001 
 161       -606.5040777068 -1.2E-10  2.2E-05  1.2E-06  0.0E+00    8    1.1E-001 
 162       -606.5040777069 -8.7E-11  1.3E-05  1.1E-06  0.0E+00    8    1.1E-001 
 163       -606.5040777070 -8.8E-11  2.0E-05  1.1E-06  0.0E+00    8    1.1E-001 
 164       -606.5040777071 -7.9E-11  8.8E-06  4.2E-06  0.0E+00    8    1.2E-001 
 165       -606.5040777072 -1.6E-10  1.3E-05  3.7E-06  0.0E+00    8    1.2E-001 
 166       -606.5040777073 -1.2E-10  1.1E-05  1.5E-06  0.0E+00    8    1.2E-001 
 167       -606.5040777074 -8.8E-11  8.7E-06  1.1E-06  0.0E+00    8    1.2E-001 
 168       -606.5040777075 -1.2E-10  1.8E-05  1.3E-06  0.0E+00    8    1.2E-001 
 169       -606.5040777076 -6.0E-11  1.3E-05  1.2E-06  0.0E+00    8    1.2E-001 
 170       -606.5040777077 -5.9E-11  9.5E-06  1.6E-06  0.0E+00    8    1.2E-001 
 171       -606.5040777077 -7.1E-11  1.7E-05  1.3E-06  0.0E+00    8    1.2E-001 
 172       -606.5040777078 -6.4E-11  1.2E-05  1.5E-06  0.0E+00    8    1.2E-001 
 173       -606.5040777079 -1.0E-10  1.7E-05  1.6E-06  0.0E+00    8    1.1E-001 
 174       -606.5040777080 -7.7E-11  2.2E-05  1.8E-06  0.0E+00    8    1.1E-001 
 175       -606.5040777081 -1.0E-10  6.6E-06  3.9E-06  0.0E+00    8    1.3E-001 
 176       -606.5040777082 -9.0E-11  1.1E-05  1.6E-06  0.0E+00    8    1.2E-001 
 177       -606.5040777082 -5.5E-11  5.3E-06  9.3E-07  0.0E+00    8    1.2E-001 
 178       -606.5040777083 -6.9E-11  8.6E-06  9.3E-07  0.0E+00    8    1.1E-001 
 179       -606.5040777084 -1.5E-10  2.1E-05  1.0E-06  1.3E-03    8    1.3E-001 
 180       -606.5040777086 -1.6E-10  2.2E-05  2.0E-06  0.0E+00    8    1.2E-001 
 181       -606.5040777088 -2.3E-10  3.0E-05  1.9E-06  5.4E-04    8    1.3E-001 
 182       -606.5040777091 -2.9E-10  3.6E-05  2.2E-06  1.2E-03    8    1.3E-001 
 183       -606.5040777094 -3.2E-10  4.6E-05  2.0E-06  8.5E-04    8    1.3E-001 
 184       -606.5040777098 -3.4E-10  5.7E-05  1.9E-06  1.4E-03    8    1.3E-001 
 185       -606.5040777101 -3.2E-10  6.2E-05  4.1E-06  4.7E-04    8    1.2E-001 
 186       -606.5040777105 -4.4E-10  7.4E-05  4.6E-06  8.4E-05    8    1.3E-001 
 187       -606.5040777109 -3.9E-10  5.9E-05  2.5E-06  0.0E+00    8    1.2E-001 
 188       -606.5040777112 -3.0E-10  4.6E-05  2.3E-06  0.0E+00    8    1.2E-001 
 189       -606.5040777115 -2.8E-10  4.5E-05  2.6E-06  0.0E+00    8    1.2E-001 
 190       -606.5040777120 -4.9E-10  9.2E-05  2.9E-06  5.7E-05    8    1.3E-001 
 191       -606.5040777128 -8.4E-10  1.1E-04  4.4E-06  2.2E-04    8    1.3E-001 
 192       -606.5040777137 -9.0E-10  1.4E-04  3.4E-06  2.0E-04    8    1.3E-001 
 193       -606.5040777150 -1.3E-09  1.6E-04  3.6E-06  2.2E-04    8    1.3E-001 
 194       -606.5040777172 -2.2E-09  2.0E-04  5.1E-06  4.4E-04    8    1.3E-001 
 195       -606.5040777194 -2.2E-09  2.4E-04  5.8E-06  4.4E-04    8    1.3E-001 
 196       -606.5040777215 -2.0E-09  2.7E-04  9.0E-06  2.0E-04    8    1.3E-001 
 197       -606.5040777242 -2.8E-09  3.4E-04  8.7E-06  3.3E-05    8    2.3E-001 
 198       -606.5040777260 -1.8E-09  2.3E-04  2.9E-06  0.0E+00    8    2.9E-001 
 199       -606.5040777299 -3.9E-09  5.2E-04  4.1E-06  1.4E-06    8    3.2E-001 
 200       -606.5040777349 -5.0E-09  6.3E-04  4.9E-06  1.0E-04    8    3.2E-001 
 201       -606.5040777394 -4.5E-09  7.5E-04  4.6E-06  2.8E-05    8    3.2E-001 
 202       -606.5040777459 -6.5E-09  9.0E-04  8.1E-06  5.3E-05    8    3.0E-001 
 203       -606.5040777531 -7.2E-09  1.1E-03  8.0E-06  3.6E-05    8    3.0E-001 
 204       -606.5040777599 -6.8E-09  1.2E-03  7.8E-06  0.0E+00    8    2.9E-001 
 205       -606.5040777704 -1.0E-08  1.4E-03  9.1E-06  0.0E+00    8    2.8E-001 
 206       -606.5040777803 -9.9E-09  1.5E-03  1.2E-05  0.0E+00    8    2.9E-001 
 207       -606.5040777974 -1.7E-08  2.0E-03  2.5E-05  0.0E+00    8    2.9E-001 
 208       -606.5040778217 -2.4E-08  2.6E-03  1.7E-05  3.0E-05    8    3.1E-001 
 209       -606.5040778510 -2.9E-08  3.2E-03  1.1E-05  3.9E-05    8    3.3E-001 
 210       -606.5040778865 -3.6E-08  3.9E-03  1.9E-05  3.9E-05    8    3.2E-001 
 211       -606.5040779395 -5.3E-08  4.6E-03  2.9E-05  5.0E-05    8    3.2E-001 
 212       -606.5040780055 -6.6E-08  5.5E-03  3.7E-05  3.6E-05    8    1.9E-001 
 213       -606.5040780876 -8.2E-08  6.5E-03  4.5E-05  1.8E-05    8    1.3E-001 
 214       -606.5040781718 -8.4E-08  7.8E-03  5.2E-05  1.6E-05    8    1.3E-001 
 215       -606.5040782264 -5.5E-08  4.4E-03  6.4E-05  0.0E+00    8    1.2E-001 
 216       -606.5040782657 -3.9E-08  2.0E-03  6.9E-05  0.0E+00    8    1.2E-001 
 217       -606.5040783705 -1.0E-07  6.4E-03  6.6E-05  4.4E-05    8    1.3E-001 
 218       -606.5040784593 -8.9E-08  6.9E-03  6.8E-05  0.0E+00    8    1.2E-001 
 219       -606.5040786211 -1.6E-07  7.5E-03  9.9E-05  3.5E-05    8    1.3E-001 
 220       -606.5040787274 -1.1E-07  8.8E-03  2.3E-05  3.5E-06    8    1.3E-001 
 221       -606.5040787504 -2.3E-08  9.3E-04  3.1E-05  0.0E+00    8    1.1E-001 
 222       -606.5040787881 -3.8E-08  3.9E-03  3.6E-05  0.0E+00    8    1.1E-001 
 223       -606.5040788205 -3.2E-08  6.5E-03  2.8E-05  0.0E+00    8    1.2E-001 
 224       -606.5040788399 -1.9E-08  1.9E-04  2.6E-05  0.0E+00    8    1.2E-001 
 225       -606.5040788733 -3.3E-08  7.2E-03  2.5E-05  2.8E-05    8    1.4E-001 
 226       -606.5040788776 -4.3E-09  6.0E-03  2.6E-05  0.0E+00    8    1.2E-001 
 227       -606.5040788817 -4.1E-09  2.6E-03  2.7E-05  0.0E+00    8    1.2E-001 
 228       -606.5040789197 -3.8E-08  5.6E-04  4.9E-05  0.0E+00    8    1.2E-001 
 229       -606.5040789384 -1.9E-08  2.9E-04  3.6E-05  0.0E+00    8    1.2E-001 
 230       -606.5040789636 -2.5E-08  5.2E-04  3.0E-05  0.0E+00    8    1.2E-001 
 231       -606.5040790632 -1.0E-07  3.0E-03  3.0E-05  0.0E+00    8    1.2E-001 
 232       -606.5040791548 -9.2E-08  3.6E-03  4.5E-05  1.1E-04    8    1.3E-001 
 233       -606.5040792374 -8.3E-08  4.3E-03  4.6E-05  9.0E-05    8    1.3E-001 
 234       -606.5040793111 -7.4E-08  3.2E-03  6.3E-05  0.0E+00    8    1.2E-001 
 235       -606.5040793832 -7.2E-08  1.7E-03  4.5E-05  0.0E+00    8    1.2E-001 
 236       -606.5040795040 -1.2E-07  4.7E-03  5.0E-05  1.5E-05    8    1.3E-001 
 237       -606.5040796752 -1.7E-07  5.8E-03  5.9E-05  2.2E-05    8    1.3E-001 
 238       -606.5040798165 -1.4E-07  7.2E-03  6.4E-05  2.4E-06    8    1.3E-001 
 239       -606.5040799392 -1.2E-07  6.3E-03  7.2E-05  0.0E+00    8    1.2E-001 
 240       -606.5040799845 -4.5E-08  3.3E-04  5.7E-05  0.0E+00    8    1.2E-001 
 241       -606.5040801187 -1.3E-07  8.9E-03  5.4E-05  0.0E+00    8    1.2E-001 
 242       -606.5040802278 -1.1E-07  4.3E-03  5.7E-05  0.0E+00    8    1.2E-001 
 243       -606.5040802586 -3.1E-08  7.5E-04  4.5E-05  0.0E+00    8    1.2E-001 
 244       -606.5040803034 -4.5E-08  1.0E-03  4.3E-05  0.0E+00    8    1.2E-001 
 245       -606.5040803469 -4.4E-08  3.6E-04  3.3E-05  0.0E+00    8    1.2E-001 
 246       -606.5040803947 -4.8E-08  1.7E-03  2.2E-05  0.0E+00    8    1.2E-001 
 247       -606.5040804141 -1.9E-08  1.1E-03  4.0E-05  0.0E+00    8    1.2E-001 
 248       -606.5040804297 -1.6E-08  8.3E-04  2.6E-05  0.0E+00    8    1.2E-001 
 249       -606.5040804680 -3.8E-08  9.3E-04  2.5E-05  0.0E+00    8    1.2E-001 
 250       -606.5040805010 -3.3E-08  4.8E-04  2.5E-05  0.0E+00    8    1.2E-001 
 251       -606.5040805804 -7.9E-08  1.2E-03  2.8E-05  0.0E+00    8    1.2E-001 
 252       -606.5040807159 -1.4E-07  2.5E-03  3.8E-05  0.0E+00    8    1.2E-001 
 253       -606.5040808536 -1.4E-07  2.1E-03  5.9E-05  0.0E+00    8    1.2E-001 
 254       -606.5040810460 -1.9E-07  3.0E-03  4.3E-05  0.0E+00    8    1.2E-001 
 255       -606.5040811996 -1.5E-07  2.5E-03  4.2E-05  0.0E+00    8    1.2E-001 
 256       -606.5040812665 -6.7E-08  1.2E-03  4.4E-05  0.0E+00    8    1.2E-001 
 257       -606.5040812995 -3.3E-08  8.5E-04  3.7E-05  0.0E+00    8    1.2E-001 
 258       -606.5040813268 -2.7E-08  1.3E-03  3.1E-05  0.0E+00    8    1.2E-001 
 259       -606.5040813599 -3.3E-08  1.2E-03  6.2E-05  0.0E+00    8    1.2E-001 
 260       -606.5040814479 -8.8E-08  2.9E-03  3.4E-05  1.1E-04    8    1.3E-001 
 261       -606.5040815481 -1.0E-07  3.5E-03  4.6E-05  2.1E-06    8    1.4E-001 
 262       -606.5040817217 -1.7E-07  4.2E-03  6.1E-05  1.7E-04    8    1.3E-001 
 263       -606.5040818707 -1.5E-07  5.0E-03  6.5E-05  3.5E-05    8    1.3E-001 
 264       -606.5040819777 -1.1E-07  3.1E-03  6.9E-05  0.0E+00    8    1.2E-001 
 265       -606.5040821704 -1.9E-07  7.1E-03  6.3E-05  1.8E-05    8    1.3E-001 
 266       -606.5040822839 -1.1E-07  3.4E-03  4.4E-05  0.0E+00    8    1.2E-001 
 267       -606.5040823771 -9.3E-08  3.3E-03  4.2E-05  0.0E+00    8    1.1E-001 
 268       -606.5040824224 -4.5E-08  2.1E-03  4.1E-05  0.0E+00    8    1.2E-001 
 269       -606.5040824572 -3.5E-08  1.9E-03  5.5E-05  0.0E+00    8    1.2E-001 
 270       -606.5040825137 -5.6E-08  3.4E-03  4.6E-05  0.0E+00    8    1.2E-001 
 271       -606.5040825760 -6.2E-08  3.5E-03  4.0E-05  0.0E+00    8    1.2E-001 
 272       -606.5040826123 -3.6E-08  2.6E-04  3.7E-05  0.0E+00    8    1.2E-001 
 273       -606.5040826531 -4.1E-08  2.5E-03  2.8E-05  0.0E+00    8    1.2E-001 
 274       -606.5040826928 -4.0E-08  3.3E-03  3.5E-05  0.0E+00    8    1.1E-001 
 275       -606.5040827155 -2.3E-08  1.8E-03  3.4E-05  0.0E+00    8    1.1E-001 
 276       -606.5040827322 -1.7E-08  9.2E-04  3.2E-05  0.0E+00    8    1.1E-001 
 277       -606.5040827491 -1.7E-08  6.3E-04  2.3E-05  0.0E+00    8    1.1E-001 
 278       -606.5040827978 -4.9E-08  2.9E-03  2.3E-05  0.0E+00    8    1.1E-001 
 279       -606.5040828437 -4.6E-08  2.5E-03  5.4E-05  0.0E+00    8    1.1E-001 
 280       -606.5040829339 -9.0E-08  3.6E-03  7.5E-05  4.7E-05    8    1.3E-001 
 281       -606.5040830324 -9.8E-08  4.2E-03  4.6E-05  0.0E+00    8    1.1E-001 
 282       -606.5040831202 -8.8E-08  3.1E-03  5.5E-05  0.0E+00    8    1.1E-001 
 283       -606.5040832264 -1.1E-07  3.8E-03  5.1E-05  0.0E+00    8    1.2E-001 
 284       -606.5040834171 -1.9E-07  7.1E-03  4.8E-05  3.6E-05    8    1.3E-001 
 285       -606.5040836586 -2.4E-07  7.8E-03  6.2E-05  0.0E+00    8    1.2E-001 
 286       -606.5040837654 -1.1E-07  2.8E-03  4.6E-05  0.0E+00    8    1.1E-001 
 287       -606.5040839645 -2.0E-07  7.1E-03  4.6E-05  0.0E+00    8    1.2E-001 
 288       -606.5040840954 -1.3E-07  9.5E-03  2.6E-05  5.0E-06    8    1.3E-001 
 289       -606.5040841314 -3.6E-08  3.4E-03  4.6E-05  0.0E+00    8    1.2E-001 
 290       -606.5040841956 -6.4E-08  7.5E-03  8.0E-05  4.4E-06    8    1.3E-001 
 291       -606.5040842270 -3.1E-08  2.0E-03  6.0E-05  0.0E+00    8    1.1E-001 
 292       -606.5040842545 -2.8E-08  5.1E-04  3.3E-05  0.0E+00    8    1.2E-001 
 293       -606.5040843309 -7.6E-08  5.1E-03  4.7E-05  0.0E+00    8    1.1E-001 
 294       -606.5040843908 -6.0E-08  3.2E-03  3.5E-05  0.0E+00    8    1.2E-001 
 295       -606.5040844273 -3.7E-08  1.4E-03  3.4E-05  0.0E+00    8    1.2E-001 
 296       -606.5040844845 -5.7E-08  1.4E-03  4.3E-05  0.0E+00    8    1.2E-001 
 297       -606.5040845196 -3.5E-08  1.1E-03  3.3E-05  0.0E+00    8    1.2E-001 
 298       -606.5040845894 -7.0E-08  3.2E-03  3.4E-05  4.1E-05    8    1.3E-001 
 299       -606.5040846371 -4.8E-08  3.8E-03  3.4E-05  3.2E-05    8    1.3E-001 
 300       -606.5040846890 -5.2E-08  3.7E-03  5.4E-05  0.0E+00    8    1.2E-001 
 301       -606.5040847141 -2.5E-08  7.3E-04  3.5E-05  0.0E+00    8    1.2E-001 
 302       -606.5040847525 -3.8E-08  3.9E-03  3.6E-05  0.0E+00    8    1.2E-001 
 303       -606.5040848146 -6.2E-08  3.0E-03  5.7E-05  0.0E+00    8    1.2E-001 
 304       -606.5040849082 -9.4E-08  2.2E-03  4.5E-05  0.0E+00    8    1.2E-001 
 305       -606.5040850240 -1.2E-07  3.8E-03  3.4E-05  0.0E+00    8    1.1E-001 
 306       -606.5040851981 -1.7E-07  4.1E-03  8.0E-05  0.0E+00    8    1.1E-001 
 307       -606.5040852268 -2.9E-08  3.4E-04  4.3E-05  0.0E+00    8    1.1E-001 
 308       -606.5040853476 -1.2E-07  5.9E-03  3.5E-05  0.0E+00    8    1.1E-001 
 309       -606.5040854546 -1.1E-07  3.4E-03  4.8E-05  0.0E+00    8    1.1E-001 
 310       -606.5040854641 -9.5E-09  9.8E-04  2.9E-05  0.0E+00    8    1.1E-001 
 311       -606.5040855015 -3.7E-08  3.4E-04  2.2E-05  0.0E+00    8    1.1E-001 
 312       -606.5040855238 -2.2E-08  4.0E-04  2.6E-05  0.0E+00    8    1.2E-001 
 313       -606.5040855627 -3.9E-08  2.8E-03  4.5E-05  5.3E-06    8    1.3E-001 
 314       -606.5040856178 -5.5E-08  2.8E-03  8.9E-05  1.1E-05    8    1.3E-001 
 315       -606.5040856575 -4.0E-08  2.1E-04  4.7E-05  0.0E+00    8    1.2E-001 
 316       -606.5040856871 -3.0E-08  1.4E-03  2.4E-05  0.0E+00    8    1.2E-001 
 317       -606.5040857058 -1.9E-08  5.0E-04  2.8E-05  0.0E+00    8    1.2E-001 
 318       -606.5040857142 -8.3E-09  4.5E-04  2.1E-05  0.0E+00    8    1.1E-001 
 319       -606.5040857438 -3.0E-08  4.7E-04  2.0E-05  0.0E+00    8    1.1E-001 
 320       -606.5040857636 -2.0E-08  3.3E-04  2.3E-05  0.0E+00    8    1.2E-001 
 321       -606.5040858060 -4.2E-08  2.4E-04  1.9E-05  0.0E+00    8    1.2E-001 
 322       -606.5040858461 -4.0E-08  3.1E-04  1.8E-05  0.0E+00    8    1.2E-001 
 323       -606.5040858659 -2.0E-08  1.7E-04  2.3E-05  0.0E+00    8    1.1E-001 
 324       -606.5040858836 -1.8E-08  1.8E-04  2.9E-05  0.0E+00    8    1.2E-001 
 325       -606.5040859062 -2.3E-08  2.6E-04  2.2E-05  0.0E+00    8    1.2E-001 
 326       -606.5040859213 -1.5E-08  5.0E-04  1.6E-05  0.0E+00    8    1.2E-001 
 327       -606.5040859289 -7.6E-09  2.2E-04  1.6E-05  0.0E+00    8    1.2E-001 
 328       -606.5040859417 -1.3E-08  3.3E-04  2.0E-05  0.0E+00    8    1.1E-001 
 329       -606.5040859589 -1.7E-08  4.1E-04  1.7E-05  0.0E+00    8    1.2E-001 
 330       -606.5040859727 -1.4E-08  5.9E-04  1.8E-05  0.0E+00    8    1.2E-001 
 331       -606.5040859978 -2.5E-08  9.0E-04  2.4E-05  2.3E-04    8    1.3E-001 
 332       -606.5040860285 -3.1E-08  1.1E-03  2.6E-05  1.9E-04    8    1.3E-001 
 333       -606.5040860617 -3.3E-08  1.2E-03  3.6E-05  0.0E+00    8    1.2E-001 
 334       -606.5040860898 -2.8E-08  1.1E-03  2.5E-05  0.0E+00    8    1.2E-001 
 335       -606.5040861088 -1.9E-08  9.3E-04  1.8E-05  0.0E+00    8    1.2E-001 
 336       -606.5040861178 -9.0E-09  4.6E-04  1.3E-05  0.0E+00    8    1.1E-001 
 337       -606.5040861282 -1.0E-08  2.4E-04  1.3E-05  0.0E+00    8    1.1E-001 
 338       -606.5040861381 -9.9E-09  1.5E-04  1.4E-05  0.0E+00    8    1.2E-001 
 339       -606.5040861447 -6.6E-09  1.2E-04  1.3E-05  0.0E+00    8    1.2E-001 
 340       -606.5040861500 -5.3E-09  1.1E-04  1.1E-05  0.0E+00    8    1.2E-001 
 341       -606.5040861557 -5.7E-09  2.2E-04  1.2E-05  0.0E+00    8    1.2E-001 
 342       -606.5040861645 -8.8E-09  4.0E-04  1.9E-05  0.0E+00    8    1.2E-001 
 343       -606.5040861730 -8.5E-09  2.7E-04  1.1E-05  0.0E+00    8    1.1E-001 
 344       -606.5040861776 -4.7E-09  1.6E-04  1.0E-05  0.0E+00    8    1.2E-001 
 345       -606.5040861805 -2.8E-09  5.7E-05  1.0E-05  0.0E+00    8    1.2E-001 
 346       -606.5040861866 -6.2E-09  2.0E-04  1.3E-05  0.0E+00    8    1.2E-001 
 347       -606.5040861909 -4.2E-09  2.2E-04  9.8E-06  0.0E+00    8    1.1E-001 
 348       -606.5040861969 -6.0E-09  3.3E-04  1.7E-05  0.0E+00    8    1.1E-001 
 349       -606.5040862046 -7.6E-09  4.2E-04  1.0E-05  0.0E+00    8    1.2E-001 
 350       -606.5040862108 -6.2E-09  3.5E-04  1.2E-05  0.0E+00    8    1.2E-001 
 351       -606.5040862165 -5.7E-09  2.8E-04  1.3E-05  0.0E+00    8    1.2E-001 
 352       -606.5040862261 -9.6E-09  2.6E-04  1.3E-05  0.0E+00    8    1.2E-001 
 353       -606.5040862335 -7.4E-09  1.7E-04  1.1E-05  0.0E+00    8    1.2E-001 
 354       -606.5040862423 -8.8E-09  2.7E-04  1.2E-05  0.0E+00    8    1.2E-001 
 355       -606.5040862507 -8.4E-09  5.0E-04  1.2E-05  0.0E+00    8    1.2E-001 
 356       -606.5040862578 -7.1E-09  4.2E-04  1.9E-05  0.0E+00    8    1.2E-001 
 357       -606.5040862660 -8.2E-09  4.1E-04  1.6E-05  0.0E+00    8    1.2E-001 
 358       -606.5040862731 -7.2E-09  3.7E-04  1.2E-05  0.0E+00    8    1.2E-001 
 359       -606.5040862767 -3.5E-09  1.2E-04  9.9E-06  0.0E+00    8    1.2E-001 
 360       -606.5040862798 -3.1E-09  1.2E-04  1.3E-05  0.0E+00    8    1.1E-001 
 361       -606.5040862814 -1.7E-09  1.3E-04  6.7E-06  0.0E+00    8    1.2E-001 
 362       -606.5040862825 -1.0E-09  7.1E-05  6.8E-06  0.0E+00    8    1.1E-001 
 363       -606.5040862831 -6.7E-10  4.4E-05  4.5E-06  0.0E+00    8    1.1E-001 
 364       -606.5040862843 -1.2E-09  5.5E-05  5.7E-06  0.0E+00    8    1.2E-001 
 365       -606.5040862856 -1.4E-09  6.6E-05  4.8E-06  0.0E+00    8    1.2E-001 
 366       -606.5040862884 -2.8E-09  2.0E-04  5.0E-06  3.8E-04    8    1.3E-001 
 367       -606.5040862913 -2.9E-09  2.6E-04  6.2E-06  4.5E-04    8    1.3E-001 
 368       -606.5040862944 -3.1E-09  3.1E-04  7.7E-06  2.8E-04    8    1.3E-001 
 369       -606.5040862981 -3.7E-09  3.8E-04  5.6E-06  1.5E-04    8    1.3E-001 
 370       -606.5040863021 -4.0E-09  4.5E-04  6.8E-06  0.0E+00    8    1.1E-001 
 371       -606.5040863059 -3.8E-09  3.2E-04  1.0E-05  0.0E+00    8    1.2E-001 
 372       -606.5040863110 -5.1E-09  5.1E-04  6.3E-06  0.0E+00    8    1.2E-001 
 373       -606.5040863155 -4.5E-09  5.1E-04  5.6E-06  0.0E+00    8    1.2E-001 
 374       -606.5040863190 -3.5E-09  3.4E-04  1.2E-05  0.0E+00    8    1.2E-001 
 375       -606.5040863242 -5.1E-09  3.9E-04  1.1E-05  0.0E+00    8    1.2E-001 
 376       -606.5040863295 -5.4E-09  5.5E-04  8.5E-06  0.0E+00    8    1.2E-001 
 377       -606.5040863358 -6.3E-09  6.1E-04  1.3E-05  0.0E+00    8    1.2E-001 
 378       -606.5040863442 -8.4E-09  9.5E-04  1.5E-05  0.0E+00    8    1.2E-001 
 379       -606.5040863525 -8.3E-09  9.6E-04  1.5E-05  0.0E+00    8    1.2E-001 
 380       -606.5040863574 -5.0E-09  7.5E-04  1.2E-05  0.0E+00    8    1.2E-001 
 381       -606.5040863639 -6.5E-09  8.5E-04  1.9E-05  0.0E+00    8    1.2E-001 
 382       -606.5040863706 -6.7E-09  1.1E-03  1.1E-05  0.0E+00    8    1.1E-001 
 383       -606.5040863790 -8.5E-09  1.5E-03  9.6E-06  0.0E+00    8    1.2E-001 
 384       -606.5040863917 -1.3E-08  2.0E-03  1.1E-05  0.0E+00    8    1.1E-001 
 385       -606.5040864075 -1.6E-08  3.0E-03  1.3E-05  0.0E+00    8    1.2E-001 
 386       -606.5040864176 -1.0E-08  1.8E-03  1.5E-05  0.0E+00    8    1.2E-001 
 387       -606.5040864294 -1.2E-08  2.5E-03  1.7E-05  0.0E+00    8    1.2E-001 
 388       -606.5040864422 -1.3E-08  2.2E-03  1.9E-05  0.0E+00    8    1.2E-001 
 389       -606.5040864498 -7.6E-09  7.1E-04  2.0E-05  0.0E+00    8    1.2E-001 
 390       -606.5040864613 -1.2E-08  1.1E-03  1.9E-05  0.0E+00    8    1.2E-001 
 391       -606.5040864784 -1.7E-08  1.3E-03  2.3E-05  0.0E+00    8    1.2E-001 
 392       -606.5040865063 -2.8E-08  2.0E-03  2.8E-05  0.0E+00    8    1.2E-001 
 393       -606.5040865477 -4.1E-08  2.4E-03  1.8E-05  0.0E+00    8    1.2E-001 
 394       -606.5040866107 -6.3E-08  4.0E-03  1.9E-05  1.8E-05    8    1.3E-001 
 395       -606.5040866406 -3.0E-08  2.3E-03  2.2E-05  0.0E+00    8    1.2E-001 
 396       -606.5040866603 -2.0E-08  2.0E-03  2.9E-05  0.0E+00    8    1.2E-001 
 397       -606.5040866745 -1.4E-08  1.7E-03  1.9E-05  0.0E+00    8    1.2E-001 
 398       -606.5040866803 -5.8E-09  1.1E-03  1.4E-05  0.0E+00    8    1.2E-001 
 399       -606.5040866858 -5.5E-09  9.0E-04  1.4E-05  0.0E+00    8    1.1E-001 
 400       -606.5040866895 -3.7E-09  7.0E-04  1.4E-05  0.0E+00    8    1.2E-001 
 401       -606.5040866936 -4.0E-09  6.3E-04  1.8E-05  0.0E+00    8    1.2E-001 
 402       -606.5040867006 -7.1E-09  3.8E-04  2.4E-05  0.0E+00    8    1.2E-001 
 403       -606.5040867070 -6.3E-09  7.1E-04  1.3E-05  0.0E+00    8    1.2E-001 
 404       -606.5040867123 -5.3E-09  3.5E-04  1.3E-05  0.0E+00    8    1.1E-001 
 405       -606.5040867199 -7.6E-09  4.3E-04  1.4E-05  0.0E+00    8    1.2E-001 
 406       -606.5040867318 -1.2E-08  4.4E-04  1.2E-05  0.0E+00    8    1.2E-001 
 407       -606.5040867397 -7.9E-09  1.3E-04  2.5E-05  0.0E+00    8    1.2E-001 
 408       -606.5040867474 -7.7E-09  8.5E-05  1.3E-05  0.0E+00    8    1.2E-001 
 409       -606.5040867554 -8.0E-09  3.4E-04  9.8E-06  0.0E+00    8    1.2E-001 
 410       -606.5040867610 -5.6E-09  3.3E-04  9.1E-06  0.0E+00    8    1.2E-001 
 411       -606.5040867683 -7.3E-09  2.9E-04  1.2E-05  0.0E+00    8    1.2E-001 
 412       -606.5040867770 -8.8E-09  3.2E-04  1.2E-05  0.0E+00    8    1.2E-001 
 413       -606.5040867835 -6.4E-09  2.5E-04  1.6E-05  0.0E+00    8    1.2E-001 
 414       -606.5040867880 -4.6E-09  1.0E-04  1.3E-05  0.0E+00    8    1.2E-001 
 415       -606.5040867903 -2.3E-09  8.1E-05  7.7E-06  0.0E+00    8    1.2E-001 
 416       -606.5040867928 -2.5E-09  1.1E-04  1.0E-05  0.0E+00    8    1.2E-001 
 417       -606.5040867946 -1.8E-09  1.3E-04  8.1E-06  0.0E+00    8    1.2E-001 
 418       -606.5040867968 -2.2E-09  2.2E-04  9.3E-06  0.0E+00    8    1.2E-001 
 419       -606.5040867996 -2.7E-09  2.8E-04  7.4E-06  0.0E+00    8    1.1E-001 
 420       -606.5040868038 -4.2E-09  4.5E-04  6.9E-06  1.2E-04    8    1.3E-001 
 421       -606.5040868077 -3.9E-09  5.5E-04  6.3E-06  1.5E-04    8    1.3E-001 
 422       -606.5040868105 -2.8E-09  6.6E-04  7.2E-06  6.7E-06    8    1.3E-001 
 423       -606.5040868118 -1.2E-09  3.3E-04  5.7E-06  0.0E+00    8    1.2E-001 
 424       -606.5040868129 -1.1E-09  2.8E-04  5.2E-06  0.0E+00    8    1.1E-001 
 425       -606.5040868139 -1.0E-09  1.9E-04  6.8E-06  0.0E+00    8    1.2E-001 
 426       -606.5040868147 -8.6E-10  1.4E-04  5.5E-06  0.0E+00    8    1.1E-001 
 427       -606.5040868158 -1.1E-09  2.7E-04  5.1E-06  0.0E+00    8    1.2E-001 
 428       -606.5040868172 -1.3E-09  3.0E-04  6.4E-06  0.0E+00    8    1.2E-001 
 429       -606.5040868185 -1.4E-09  4.0E-04  5.2E-06  0.0E+00    8    1.2E-001 
 430       -606.5040868195 -9.7E-10  2.5E-04  4.6E-06  0.0E+00    8    1.2E-001 
 431       -606.5040868204 -8.8E-10  1.3E-04  7.3E-06  0.0E+00    8    1.1E-001 
 432       -606.5040868216 -1.2E-09  8.4E-05  8.1E-06  0.0E+00    8    1.1E-001 
 433       -606.5040868222 -6.1E-10  2.3E-05  4.4E-06  0.0E+00    8    1.1E-001 
 434       -606.5040868227 -5.1E-10  4.0E-05  4.7E-06  0.0E+00    8    1.1E-001 
 435       -606.5040868235 -7.8E-10  1.1E-04  4.5E-06  0.0E+00    8    1.2E-001 
 436       -606.5040868247 -1.3E-09  2.4E-04  3.6E-06  2.0E-06    8    1.3E-001 
 437       -606.5040868255 -7.7E-10  1.8E-04  5.4E-06  0.0E+00    8    1.2E-001 
 438       -606.5040868263 -8.5E-10  1.4E-04  6.7E-06  0.0E+00    8    1.2E-001 
 439       -606.5040868284 -2.1E-09  2.9E-04  5.0E-06  1.1E-04    8    1.3E-001 
 440       -606.5040868312 -2.8E-09  3.5E-04  4.6E-06  2.4E-04    8    1.3E-001 
 441       -606.5040868344 -3.2E-09  4.3E-04  8.5E-06  2.9E-04    8    1.3E-001 
 442       -606.5040868383 -3.9E-09  5.0E-04  1.3E-05  2.6E-04    8    1.3E-001 
 443       -606.5040868427 -4.5E-09  6.0E-04  8.2E-06  2.3E-04    8    1.3E-001 
 444       -606.5040868487 -5.9E-09  7.2E-04  8.2E-06  2.3E-04    8    1.3E-001 
 445       -606.5040868559 -7.3E-09  8.7E-04  7.1E-06  1.8E-04    8    1.3E-001 
 446       -606.5040868626 -6.6E-09  1.1E-03  5.4E-06  8.4E-05    8    1.3E-001 
 447       -606.5040868703 -7.7E-09  1.3E-03  8.4E-06  5.3E-05    8    1.3E-001 
 448       -606.5040868786 -8.4E-09  1.5E-03  9.6E-06  3.8E-05    8    1.3E-001 
 449       -606.5040868867 -8.0E-09  1.8E-03  7.7E-06  1.2E-06    8    1.3E-001 
 450       -606.5040868938 -7.2E-09  1.8E-03  9.2E-06  0.0E+00    8    1.2E-001 
 451       -606.5040868977 -3.8E-09  1.1E-03  1.0E-05  0.0E+00    8    1.2E-001 
 452       -606.5040868997 -2.0E-09  4.0E-04  8.0E-06  0.0E+00    8    1.1E-001 
 453       -606.5040869019 -2.2E-09  6.2E-04  8.4E-06  0.0E+00    8    1.2E-001 
 454       -606.5040869041 -2.2E-09  1.1E-03  7.3E-06  0.0E+00    8    1.2E-001 
 455       -606.5040869054 -1.3E-09  3.3E-04  1.1E-05  0.0E+00    8    1.2E-001 
 456       -606.5040869075 -2.2E-09  8.7E-04  7.4E-06  0.0E+00    8    1.1E-001 
 457       -606.5040869128 -5.2E-09  1.1E-03  8.4E-06  0.0E+00    8    1.1E-001 
 458       -606.5040869179 -5.1E-09  1.2E-03  7.7E-06  0.0E+00    8    1.1E-001 
 459       -606.5040869239 -6.0E-09  2.2E-03  6.1E-06  0.0E+00    8    1.1E-001 
 460       -606.5040869285 -4.6E-09  1.8E-03  1.1E-05  0.0E+00    8    1.1E-001 
 461       -606.5040869306 -2.1E-09  1.1E-03  5.0E-06  0.0E+00    8    1.1E-001 
 462       -606.5040869328 -2.1E-09  3.4E-04  1.3E-05  0.0E+00    8    1.1E-001 
 463       -606.5040869343 -1.5E-09  7.7E-04  7.2E-06  0.0E+00    8    1.1E-001 
 464       -606.5040869355 -1.2E-09  2.0E-03  5.8E-06  0.0E+00    8    1.1E-001 
 465       -606.5040869359 -4.5E-10  2.1E-04  5.1E-06  0.0E+00    8    1.1E-001 
 466       -606.5040869361 -1.8E-10  5.0E-04  3.2E-06  0.0E+00    8    1.1E-001 
 467       -606.5040869364 -2.8E-10  6.2E-05  3.2E-06  0.0E+00    8    1.1E-001 
 468       -606.5040869375 -1.1E-09  1.2E-03  3.1E-06  1.1E-06    8    1.3E-001 
 469       -606.5040869379 -4.4E-10  4.9E-04  6.0E-06  0.0E+00    8    1.1E-001 
 470       -606.5040869386 -6.2E-10  3.4E-04  4.7E-06  0.0E+00    8    1.2E-001 
 471       -606.5040869402 -1.6E-09  2.5E-04  4.6E-06  0.0E+00    8    1.2E-001 
 472       -606.5040869416 -1.4E-09  1.3E-04  8.3E-06  0.0E+00    8    1.2E-001 
 473       -606.5040869433 -1.7E-09  7.2E-04  6.0E-06  5.0E-06    8    1.3E-001 
 474       -606.5040869448 -1.5E-09  7.2E-04  6.9E-06  0.0E+00    8    1.1E-001 
 475       -606.5040869453 -4.6E-10  7.9E-05  7.3E-06  0.0E+00    8    1.1E-001 
 476       -606.5040869462 -9.3E-10  1.2E-04  2.9E-06  0.0E+00    8    1.1E-001 
 477       -606.5040869467 -4.3E-10  1.1E-04  4.0E-06  0.0E+00    8    1.2E-001 
 478       -606.5040869476 -8.9E-10  1.7E-04  8.5E-06  0.0E+00    8    1.2E-001 
 479       -606.5040869507 -3.1E-09  4.6E-04  7.0E-06  1.1E-04    8    1.3E-001 
 480       -606.5040869520 -1.4E-09  2.9E-04  6.4E-06  0.0E+00    8    1.2E-001 
 481       -606.5040869533 -1.2E-09  4.2E-04  2.8E-06  0.0E+00    8    1.1E-001 
 482       -606.5040869534 -1.8E-10  7.2E-05  2.8E-06  0.0E+00    8    1.1E-001 
 483       -606.5040869537 -3.0E-10  2.9E-05  2.7E-06  0.0E+00    8    1.2E-001 
 484       -606.5040869541 -3.8E-10  1.1E-04  2.4E-06  0.0E+00    8    1.1E-001 
 485       -606.5040869548 -7.1E-10  3.1E-04  2.4E-06  0.0E+00    8    1.2E-001 
 486       -606.5040869552 -3.2E-10  5.5E-05  2.4E-06  0.0E+00    8    1.2E-001 
 487       -606.5040869555 -3.3E-10  5.6E-05  6.1E-06  0.0E+00    8    1.1E-001 
 488       -606.5040869560 -5.6E-10  1.5E-04  6.8E-06  0.0E+00    8    1.2E-001 
 489       -606.5040869571 -1.1E-09  3.1E-04  4.1E-06  1.8E-04    8    1.3E-001 
 490       -606.5040869577 -6.2E-10  3.7E-04  2.3E-06  2.7E-05    8    1.3E-001 
 491       -606.5040869585 -7.8E-10  4.0E-04  4.6E-06  0.0E+00    8    1.2E-001 
 492       -606.5040869589 -4.0E-10  3.3E-04  3.6E-06  0.0E+00    8    1.2E-001 
 493       -606.5040869595 -5.7E-10  4.0E-04  3.4E-06  0.0E+00    8    1.1E-001 
 494       -606.5040869599 -3.8E-10  2.5E-04  4.1E-06  0.0E+00    8    1.2E-001 
 495       -606.5040869603 -4.1E-10  5.6E-04  4.2E-06  0.0E+00    8    1.2E-001 
 496       -606.5040869611 -8.7E-10  5.9E-05  3.5E-06  0.0E+00    8    1.2E-001 
 497       -606.5040869621 -9.7E-10  4.3E-04  3.5E-06  0.0E+00    8    1.2E-001 
 498       -606.5040869631 -1.0E-09  6.6E-04  4.4E-06  0.0E+00    8    1.2E-001 
 499       -606.5040869638 -7.2E-10  2.0E-04  6.4E-06  0.0E+00    8    1.1E-001 
 500       -606.5040869647 -8.6E-10  3.5E-05  5.5E-06  0.0E+00    8    1.1E-001 
 501       -606.5040869663 -1.6E-09  3.9E-04  6.4E-06  0.0E+00    8    1.2E-001 
 502       -606.5040869684 -2.1E-09  7.7E-04  6.2E-06  3.2E-05    8    1.3E-001 
 503       -606.5040869696 -1.3E-09  7.9E-04  4.1E-06  0.0E+00    8    1.1E-001 
 504       -606.5040869702 -5.8E-10  2.0E-04  4.3E-06  0.0E+00    8    1.2E-001 
 505       -606.5040869722 -2.0E-09  6.0E-04  4.4E-06  0.0E+00    8    1.2E-001 
 506       -606.5040869738 -1.6E-09  6.6E-04  5.1E-06  0.0E+00    8    1.2E-001 
 507       -606.5040869750 -1.3E-09  4.0E-04  1.4E-05  0.0E+00    8    1.2E-001 
 508       -606.5040869774 -2.3E-09  2.0E-04  1.2E-05  0.0E+00    8    1.2E-001 
 509       -606.5040869806 -3.2E-09  1.7E-04  9.9E-06  0.0E+00    8    1.1E-001 
 510       -606.5040869830 -2.5E-09  1.6E-04  7.4E-06  0.0E+00    8    1.1E-001 
 511       -606.5040869841 -1.1E-09  1.5E-04  6.0E-06  0.0E+00    8    1.1E-001 
 512       -606.5040869848 -6.6E-10  2.8E-04  3.5E-06  0.0E+00    8    1.1E-001 
 513       -606.5040869855 -7.2E-10  3.3E-04  6.6E-06  0.0E+00    8    1.2E-001 
 514       -606.5040869859 -4.2E-10  2.7E-04  4.1E-06  0.0E+00    8    1.2E-001 
 515       -606.5040869870 -1.1E-09  5.7E-04  3.6E-06  1.8E-05    8    1.3E-001 
 516       -606.5040869893 -2.3E-09  6.9E-04  7.9E-06  5.3E-05    8    1.4E-001 
 517       -606.5040869907 -1.4E-09  2.9E-04  8.1E-06  0.0E+00    8    1.1E-001 
 518       -606.5040869922 -1.4E-09  3.1E-05  8.4E-06  0.0E+00    8    1.1E-001 
 519       -606.5040869939 -1.7E-09  2.8E-04  7.9E-06  0.0E+00    8    1.1E-001 
 520       -606.5040869973 -3.4E-09  4.8E-04  5.6E-06  1.6E-06    8    1.3E-001 
 521       -606.5040870015 -4.2E-09  5.8E-04  4.6E-06  6.9E-05    8    1.3E-001 
 522       -606.5040870041 -2.6E-09  6.9E-04  5.2E-06  1.1E-06    8    1.3E-001 
 523       -606.5040870086 -4.5E-09  1.2E-04  8.1E-06  0.0E+00    8    1.2E-001 
 524       -606.5040870147 -6.1E-09  5.2E-04  7.4E-06  0.0E+00    8    1.2E-001 
 525       -606.5040870205 -5.8E-09  7.8E-04  6.3E-06  5.9E-05    8    1.3E-001 
 526       -606.5040870260 -5.5E-09  9.3E-04  1.4E-05  2.4E-05    8    1.3E-001 
 527       -606.5040870282 -2.2E-09  5.9E-04  8.0E-06  0.0E+00    8    1.2E-001 
 528       -606.5040870317 -3.5E-09  3.0E-04  1.1E-05  0.0E+00    8    1.1E-001 
 529       -606.5040870352 -3.5E-09  1.8E-04  9.5E-06  0.0E+00    8    1.2E-001 
 530       -606.5040870369 -1.7E-09  9.6E-05  8.9E-06  0.0E+00    8    1.2E-001 
 531       -606.5040870397 -2.8E-09  3.0E-04  7.7E-06  0.0E+00    8    1.2E-001 
 532       -606.5040870406 -9.8E-10  7.6E-05  7.2E-06  0.0E+00    8    1.1E-001 
 533       -606.5040870418 -1.2E-09  4.5E-05  6.7E-06  0.0E+00    8    1.2E-001 
 534       -606.5040870440 -2.2E-09  1.1E-04  9.6E-06  0.0E+00    8    1.1E-001 
 535       -606.5040870462 -2.2E-09  2.5E-04  7.5E-06  0.0E+00    8    1.2E-001 
 536       -606.5040870490 -2.8E-09  4.3E-04  1.0E-05  0.0E+00    8    1.1E-001 
 537       -606.5040870548 -5.8E-09  5.7E-04  6.1E-06  1.5E-05    8    1.3E-001 
 538       -606.5040870594 -4.6E-09  3.8E-04  1.2E-05  0.0E+00    8    1.2E-001 
 539       -606.5040870638 -4.5E-09  3.6E-04  8.2E-06  0.0E+00    8    1.2E-001 
 540       -606.5040870683 -4.5E-09  5.3E-04  5.7E-06  0.0E+00    8    1.2E-001 
 541       -606.5040870731 -4.8E-09  6.4E-04  6.0E-06  0.0E+00    8    1.2E-001 
 542       -606.5040870757 -2.6E-09  7.0E-04  7.3E-06  0.0E+00    8    1.2E-001 
 543       -606.5040870793 -3.5E-09  5.6E-04  9.6E-06  0.0E+00    8    1.2E-001 
 544       -606.5040870821 -2.8E-09  4.9E-04  1.0E-05  0.0E+00    8    1.2E-001 
 545       -606.5040870860 -3.9E-09  1.1E-04  7.2E-06  0.0E+00    8    1.2E-001 
 546       -606.5040870893 -3.3E-09  2.8E-04  6.6E-06  0.0E+00    8    1.2E-001 
 547       -606.5040870907 -1.4E-09  1.9E-04  6.2E-06  0.0E+00    8    1.2E-001 
 548       -606.5040870929 -2.1E-09  3.1E-04  1.3E-05  0.0E+00    8    1.2E-001 
 549       -606.5040870940 -1.1E-09  1.5E-04  7.3E-06  0.0E+00    8    1.2E-001 
 550       -606.5040870948 -8.9E-10  9.7E-05  6.3E-06  0.0E+00    8    1.2E-001 
 551       -606.5040870960 -1.1E-09  4.3E-05  7.4E-06  0.0E+00    8    1.2E-001 
 552       -606.5040870985 -2.5E-09  1.6E-04  6.0E-06  0.0E+00    8    1.2E-001 
 553       -606.5040871006 -2.1E-09  1.9E-04  5.8E-06  0.0E+00    8    1.2E-001 
 554       -606.5040871015 -8.8E-10  9.4E-05  4.9E-06  0.0E+00    8    1.2E-001 
 555       -606.5040871026 -1.1E-09  4.3E-05  4.4E-06  0.0E+00    8    1.2E-001 
 556       -606.5040871039 -1.3E-09  1.1E-04  4.4E-06  0.0E+00    8    1.2E-001 
 557       -606.5040871050 -1.1E-09  8.7E-05  6.3E-06  0.0E+00    8    1.2E-001 
 558       -606.5040871060 -1.0E-09  1.4E-04  7.0E-06  0.0E+00    8    1.2E-001 
 559       -606.5040871067 -6.1E-10  7.3E-05  3.9E-06  0.0E+00    8    1.2E-001 
 560       -606.5040871074 -7.2E-10  5.4E-05  5.8E-06  0.0E+00    8    1.2E-001 
 561       -606.5040871085 -1.1E-09  9.2E-05  4.1E-06  0.0E+00    8    1.2E-001 
 562       -606.5040871107 -2.2E-09  1.7E-04  6.9E-06  0.0E+00    8    1.2E-001 
 563       -606.5040871140 -3.3E-09  2.3E-04  9.2E-06  5.2E-04    8    1.3E-001 
 564       -606.5040871177 -3.7E-09  2.6E-04  4.3E-06  8.6E-04    8    1.3E-001 
 565       -606.5040871214 -3.7E-09  3.2E-04  6.2E-06  3.9E-04    8    1.3E-001 
 566       -606.5040871245 -3.2E-09  3.9E-04  5.9E-06  6.8E-05    8    1.3E-001 
 567       -606.5040871257 -1.2E-09  1.4E-04  7.7E-06  0.0E+00    8    1.2E-001 
 568       -606.5040871266 -9.2E-10  1.4E-04  6.0E-06  0.0E+00    8    1.2E-001 
 569       -606.5040871283 -1.6E-09  1.4E-04  8.5E-06  0.0E+00    8    1.2E-001 
 570       -606.5040871306 -2.3E-09  1.9E-04  1.2E-05  0.0E+00    8    1.2E-001 
 571       -606.5040871340 -3.5E-09  3.3E-04  1.2E-05  0.0E+00    8    1.2E-001 
 572       -606.5040871356 -1.5E-09  2.2E-04  7.2E-06  0.0E+00    8    1.2E-001 
 573       -606.5040871393 -3.7E-09  4.9E-04  9.8E-06  1.5E-05    8    1.3E-001 
 574       -606.5040871439 -4.6E-09  5.5E-04  1.1E-05  0.0E+00    8    1.2E-001 
 575       -606.5040871461 -2.2E-09  2.6E-04  1.0E-05  0.0E+00    8    2.5E-001 
 576       -606.5040871482 -2.1E-09  1.4E-04  8.1E-06  0.0E+00    8    2.9E-001 
 577       -606.5040871495 -1.2E-09  1.4E-04  5.5E-06  0.0E+00    8    1.8E-001 
 578       -606.5040871505 -1.0E-09  1.2E-04  8.6E-06  0.0E+00    8    1.2E-001 
 579       -606.5040871519 -1.4E-09  1.9E-04  7.3E-06  0.0E+00    8    1.2E-001 
 580       -606.5040871536 -1.7E-09  2.4E-04  8.0E-06  0.0E+00    8    1.2E-001 
 581       -606.5040871567 -3.1E-09  3.7E-04  9.3E-06  0.0E+00    8    1.2E-001 
 582       -606.5040871626 -5.9E-09  5.9E-04  1.3E-05  4.1E-05    8    1.3E-001 
 583       -606.5040871691 -6.6E-09  7.2E-04  1.2E-05  6.5E-05    8    1.3E-001 
 584       -606.5040871745 -5.4E-09  8.7E-04  9.2E-06  1.0E-05    8    1.3E-001 
 585       -606.5040871792 -4.7E-09  8.8E-04  1.2E-05  0.0E+00    8    1.2E-001 
 586       -606.5040871840 -4.8E-09  6.0E-04  1.5E-05  0.0E+00    8    1.2E-001 
 587       -606.5040871949 -1.1E-08  8.0E-04  1.6E-05  0.0E+00    8    1.2E-001 
 588       -606.5040872029 -8.0E-09  6.9E-04  1.4E-05  0.0E+00    8    1.2E-001 
 589       -606.5040872104 -7.6E-09  8.0E-04  1.7E-05  0.0E+00    8    1.2E-001 
 590       -606.5040872162 -5.8E-09  3.1E-04  2.8E-05  0.0E+00    8    1.2E-001 
 591       -606.5040872250 -8.8E-09  1.1E-03  1.1E-05  0.0E+00    8    1.2E-001 
 592       -606.5040872316 -6.6E-09  8.8E-04  1.3E-05  0.0E+00    8    1.2E-001 
 593       -606.5040872410 -9.4E-09  1.1E-03  2.3E-05  0.0E+00    8    1.2E-001 
 594       -606.5040872558 -1.5E-08  1.9E-03  1.9E-05  3.4E-05    8    1.3E-001 
 595       -606.5040872672 -1.1E-08  2.3E-03  1.2E-05  9.9E-06    8    1.3E-001 
 596       -606.5040872724 -5.2E-09  1.5E-03  1.1E-05  0.0E+00    8    1.2E-001 
 597       -606.5040872758 -3.4E-09  9.6E-04  8.9E-06  0.0E+00    8    1.2E-001 
 598       -606.5040872795 -3.7E-09  6.0E-04  7.4E-06  0.0E+00    8    1.2E-001 
 599       -606.5040872837 -4.2E-09  1.3E-03  8.4E-06  0.0E+00    8    1.2E-001 
 600       -606.5040872866 -2.9E-09  5.2E-04  9.8E-06  0.0E+00    8    1.2E-001 
 601       -606.5040872914 -4.7E-09  9.9E-04  9.9E-06  0.0E+00    8    1.2E-001 
 602       -606.5040873009 -9.5E-09  1.0E-03  1.5E-05  0.0E+00    8    1.2E-001 
 603       -606.5040873050 -4.2E-09  6.1E-04  1.4E-05  0.0E+00    8    1.2E-001 
 604       -606.5040873090 -4.0E-09  8.2E-04  1.6E-05  0.0E+00    8    1.2E-001 
 605       -606.5040873139 -4.9E-09  1.0E-03  1.5E-05  0.0E+00    8    1.2E-001 
 606       -606.5040873166 -2.7E-09  6.9E-04  9.4E-06  0.0E+00    8    1.2E-001 
 607       -606.5040873193 -2.7E-09  7.6E-04  9.5E-06  0.0E+00    8    1.2E-001 
 608       -606.5040873224 -3.1E-09  8.7E-04  9.7E-06  0.0E+00    8    1.2E-001 
 609       -606.5040873255 -3.2E-09  1.1E-03  9.7E-06  0.0E+00    8    1.2E-001 
 610       -606.5040873286 -3.1E-09  1.2E-03  9.6E-06  0.0E+00    8    1.2E-001 
 611       -606.5040873319 -3.2E-09  1.2E-03  9.5E-06  0.0E+00    8    1.2E-001 
 612       -606.5040873366 -4.7E-09  1.3E-03  1.1E-05  0.0E+00    8    1.2E-001 
 613       -606.5040873433 -6.8E-09  1.5E-03  1.5E-05  0.0E+00    8    1.2E-001 
 614       -606.5040873511 -7.8E-09  1.6E-03  2.3E-05  0.0E+00    8    1.2E-001 
 615       -606.5040873552 -4.0E-09  4.0E-04  1.6E-05  0.0E+00    8    1.2E-001 
 616       -606.5040873580 -2.9E-09  3.5E-04  9.6E-06  0.0E+00    8    1.2E-001 
 617       -606.5040873600 -1.9E-09  1.6E-04  7.0E-06  0.0E+00    8    1.2E-001 
 618       -606.5040873608 -8.3E-10  7.5E-05  5.7E-06  0.0E+00    8    1.2E-001 
 619       -606.5040873613 -5.2E-10  3.2E-04  4.6E-06  0.0E+00    8    1.2E-001 
 620       -606.5040873621 -8.0E-10  1.2E-04  4.7E-06  0.0E+00    8    1.2E-001 
 621       -606.5040873629 -7.3E-10  2.7E-04  4.5E-06  0.0E+00    8    1.2E-001 
 622       -606.5040873646 -1.8E-09  5.8E-05  5.1E-06  0.0E+00    8    1.2E-001 
 623       -606.5040873665 -1.9E-09  1.7E-04  5.6E-06  0.0E+00    8    1.2E-001 
 624       -606.5040873686 -2.1E-09  9.3E-05  1.1E-05  0.0E+00    8    1.2E-001 
 625       -606.5040873706 -1.9E-09  3.6E-04  1.0E-05  0.0E+00    8    1.2E-001 
 626       -606.5040873714 -8.7E-10  2.8E-04  6.2E-06  0.0E+00    8    1.2E-001 
 627       -606.5040873718 -3.7E-10  9.7E-05  4.5E-06  0.0E+00    8    1.2E-001 
 628       -606.5040873720 -1.5E-10  4.6E-05  2.9E-06  0.0E+00    8    1.2E-001 
 629       -606.5040873722 -2.2E-10  1.2E-05  2.5E-06  0.0E+00    8    1.2E-001 
 630       -606.5040873725 -3.6E-10  3.4E-05  2.4E-06  0.0E+00    8    1.2E-001 
 631       -606.5040873726 -1.1E-10  8.1E-05  2.1E-06  0.0E+00    8    1.2E-001 
 632       -606.5040873728 -1.9E-10  8.1E-05  3.9E-06  0.0E+00    8    1.2E-001 
 633       -606.5040873730 -1.3E-10  3.9E-05  2.2E-06  0.0E+00    8    1.2E-001 
 634       -606.5040873731 -1.1E-10  9.3E-05  3.9E-06  0.0E+00    8    1.2E-001 
 635       -606.5040873733 -2.1E-10  1.5E-04  5.7E-06  1.3E-05    8    1.3E-001 
 636       -606.5040873736 -3.1E-10  1.5E-04  3.9E-06  6.9E-05    8    1.3E-001 
 637       -606.5040873739 -3.0E-10  1.8E-04  2.3E-06  3.0E-06    8    1.3E-001 
 638       -606.5040873741 -2.2E-10  1.3E-04  2.0E-06  0.0E+00    8    1.2E-001 
 639       -606.5040873742 -1.1E-10  9.3E-05  2.6E-06  0.0E+00    8    1.2E-001 
 640       -606.5040873743 -6.1E-11  3.1E-05  1.6E-06  0.0E+00    8    1.2E-001 
 641       -606.5040873736  6.4E-10  2.0E-04  1.4E-06  1.0E-04    8    1.3E-001 
 641*      -606.5040873743 -4.5E-12  6.0E-05  1.4E-06  0.0E+00    8    1.2E-001 
 642       -606.5040873745 -2.1E-10  8.1E-05  1.9E-06  1.6E-04    8    1.3E-001 
 643       -606.5040873748 -2.7E-10  9.9E-05  5.3E-06  6.2E-05    8    1.3E-001 
 644       -606.5040873723  2.5E-09  7.4E-05  1.8E-06  0.0E+00    8    1.2E-001 
 644*      -606.5040873743  4.4E-10  1.0E-04  1.8E-06  6.2E-05    8    1.3E-001 
 644*      -606.5040873743  4.5E-10  7.3E-05  1.8E-06  2.2E-04    8    1.3E-001 
 644*      -606.5040873744  4.1E-10  4.8E-05  1.8E-06  6.5E-04    8    1.3E-001 
 644*      -606.5040873745  2.6E-10  2.7E-05  1.8E-06  2.4E-03    8    1.3E-001 
 644*      -606.5040873747  1.2E-10  1.8E-05  1.8E-06  5.8E-03    8    1.3E-001 
 644*      -606.5040873747  3.9E-11  1.3E-05  1.8E-06  1.1E-02    8    1.2E-001 
 644*      -606.5040873748 -1.1E-11  8.9E-06  1.8E-06  2.0E-02    8    1.3E-001 
 645       -606.5040873749 -1.2E-10  1.1E-05  4.7E-06  2.5E-02    8    1.3E-001 
 646       -606.5040873752 -2.7E-10  1.3E-05  3.4E-06  7.5E-03    8    3.1E-001 
 647       -606.5040873753 -1.1E-10  1.5E-05  1.5E-06  6.7E-03    8    3.1E-001 
 648       -606.5040873755 -2.2E-10  1.8E-05  4.1E-06  5.5E-03    8    3.1E-001 
 649       -606.5040873757 -1.9E-10  1.8E-05  1.8E-06  3.5E-03    8    1.5E-001 
 650       -606.5040873758 -1.4E-10  2.3E-05  1.9E-06  1.8E-03    8    1.3E-001 
 651       -606.5040873760 -1.4E-10  2.9E-05  1.9E-06  1.6E-03    8    1.3E-001 
 652       -606.5040873761 -1.3E-10  3.6E-05  2.0E-06  1.1E-03    8    1.3E-001 
 653       -606.5040873763 -1.6E-10  4.2E-05  2.0E-06  2.1E-03    8    1.3E-001 
 654       -606.5040873765 -2.4E-10  5.3E-05  1.9E-06  1.0E-03    8    1.3E-001 
 655       -606.5040873766 -8.5E-11  6.2E-05  1.9E-06  3.6E-04    8    1.3E-001 
 656       -606.5040873767 -1.5E-10  8.0E-05  1.8E-06  1.1E-03    8    1.3E-001 
 657       -606.5040873776 -8.7E-10  8.4E-05  7.9E-06  4.4E-04    8    1.3E-001 
 658       -606.5040873777 -1.4E-10  7.5E-05  3.6E-06  0.0E+00    8    1.2E-001 
 659       -606.5040873780 -2.5E-10  3.6E-05  2.0E-06  0.0E+00    8    1.2E-001 
 660       -606.5040873785 -5.2E-10  1.1E-04  3.1E-06  5.4E-04    8    1.3E-001 
 661       -606.5040873788 -3.1E-10  6.5E-05  3.1E-06  0.0E+00    8    1.2E-001 
 662       -606.5040873794 -5.9E-10  1.4E-04  2.9E-06  0.0E+00    8    1.2E-001 
 663       -606.5040873787  6.9E-10  2.1E-04  4.9E-06  8.2E-04    8    1.3E-001 
 663*      -606.5040873802 -8.1E-10  1.4E-04  4.9E-06  3.1E-04    8    1.3E-001 
 664       -606.5040873809 -6.4E-10  1.5E-04  3.9E-06  0.0E+00    8    1.2E-001 
 665       -606.5040873810 -1.5E-10  1.7E-06  2.4E-06  0.0E+00    8    1.1E-001 
 666       -606.5040873824 -1.4E-09  1.9E-04  2.2E-06  1.1E-03    8    1.3E-001 
 667       -606.5040873837 -1.3E-09  2.2E-04  5.7E-06  8.4E-04    8    1.3E-001 
 668       -606.5040873849 -1.2E-09  2.8E-04  2.8E-06  9.6E-04    8    1.3E-001 
 669       -606.5040873865 -1.6E-09  2.7E-04  9.2E-06  6.0E-04    8    1.3E-001 
 670       -606.5040873837  2.9E-09  2.6E-04  3.0E-06  1.3E-03    8    1.3E-001 
 670*      -606.5040873877 -1.2E-09  2.3E-04  3.0E-06  8.4E-04    8    1.2E-001 
 671       -606.5040873891 -1.4E-09  2.8E-04  4.5E-06  6.7E-04    8    1.3E-001 
 672       -606.5040873911 -1.9E-09  3.4E-04  4.5E-06  4.8E-04    8    1.3E-001 
 673       -606.5040873944 -3.3E-09  4.1E-04  4.4E-06  4.7E-04    8    1.3E-001 
 674       -606.5040873971 -2.7E-09  4.9E-04  4.3E-06  3.4E-04    8    1.3E-001 
 675       -606.5040874003 -3.2E-09  5.8E-04  4.3E-06  2.4E-04    8    1.3E-001 
 676       -606.5040874040 -3.7E-09  6.9E-04  4.5E-06  2.1E-04    8    1.3E-001 
 677       -606.5040874080 -4.0E-09  8.4E-04  5.4E-06  1.3E-04    8    1.3E-001 
 678       -606.5040874124 -4.4E-09  1.0E-03  5.5E-06  4.7E-05    8    1.3E-001 
 679       -606.5040874146 -2.2E-09  5.9E-04  7.5E-06  0.0E+00    8    1.2E-001 
 680       -606.5040874218 -7.2E-09  1.0E-03  1.5E-05  9.4E-05    8    1.3E-001 
 681       -606.5040874287 -7.0E-09  1.2E-03  1.5E-05  6.7E-05    8    1.3E-001 
 682       -606.5040874343 -5.6E-09  1.3E-03  6.7E-06  0.0E+00    8    1.2E-001 
 683       -606.5040874428 -8.5E-09  1.8E-03  9.3E-06  5.0E-05    8    1.4E-001 
 684       -606.5040874534 -1.1E-08  2.1E-03  1.0E-05  5.1E-05    8    1.3E-001 
 685       -606.5040874629 -9.5E-09  2.5E-03  9.9E-06  1.2E-05    8    1.3E-001 
 686       -606.5040874720 -9.1E-09  2.3E-03  1.2E-05  0.0E+00    8    1.2E-001 
 Max error in S = C**T C = 1.0E-012
 MOs were orthonormalized
 687       -606.5040874834 -1.1E-08  3.4E-03  1.5E-05  0.0E+00    8    1.2E-001 
 688       -606.5040874901 -6.7E-09  1.3E-03  2.0E-05  0.0E+00    8    1.2E-001 
 689       -606.5040875018 -1.2E-08  3.0E-03  2.0E-05  0.0E+00    8    1.2E-001 
 690       -606.5040875076 -5.8E-09  1.1E-03  1.9E-05  0.0E+00    8    1.3E-001 
 691       -606.5040875175 -9.9E-09  3.6E-03  1.4E-05  4.5E-06    8    1.3E-001 
 692       -606.5040875207 -3.2E-09  1.6E-03  1.9E-05  0.0E+00    8    1.2E-001 
 693       -606.5040875239 -3.2E-09  1.1E-03  1.9E-05  0.0E+00    8    1.2E-001 
 694       -606.5040875270 -3.1E-09  2.5E-03  6.1E-06  1.0E-05    8    1.3E-001 
 695       -606.5040875285 -1.4E-09  4.7E-04  9.7E-06  0.0E+00    8    1.2E-001 
 696       -606.5040875295 -9.7E-10  5.1E-04  7.4E-06  0.0E+00    8    1.2E-001 
 697       -606.5040875315 -2.1E-09  4.8E-04  6.8E-06  0.0E+00    8    1.2E-001 
 698       -606.5040875324 -8.9E-10  6.1E-04  8.3E-06  0.0E+00    8    1.2E-001 
 699       -606.5040875342 -1.8E-09  7.1E-04  8.7E-06  0.0E+00    8    1.2E-001 
 700       -606.5040875374 -3.1E-09  6.7E-04  6.9E-06  0.0E+00    8    1.2E-001 
 701       -606.5040875392 -1.8E-09  3.4E-04  1.1E-05  0.0E+00    8    1.2E-001 
 702       -606.5040875411 -1.9E-09  1.5E-04  5.8E-06  0.0E+00    8    1.2E-001 
 703       -606.5040875433 -2.2E-09  5.0E-05  1.7E-05  0.0E+00    8    1.2E-001 
 704       -606.5040875451 -1.8E-09  2.2E-04  8.2E-06  0.0E+00    8    1.2E-001 
 705       -606.5040875464 -1.3E-09  2.0E-04  5.1E-06  0.0E+00    8    1.2E-001 
 706       -606.5040875477 -1.3E-09  1.1E-04  5.1E-06  0.0E+00    8    1.2E-001 
 707       -606.5040875501 -2.4E-09  2.9E-04  5.2E-06  0.0E+00    8    1.2E-001 
 708       -606.5040875537 -3.7E-09  1.8E-04  5.3E-06  0.0E+00    8    1.2E-001 
 709       -606.5040875554 -1.6E-09  2.7E-04  6.1E-06  0.0E+00    8    1.2E-001 
 710       -606.5040875565 -1.1E-09  6.6E-05  5.8E-06  0.0E+00    8    1.2E-001 
 711       -606.5040875579 -1.4E-09  2.6E-04  3.2E-06  0.0E+00    8    1.2E-001 
 712       -606.5040875584 -5.4E-10  1.3E-04  4.3E-06  0.0E+00    8    1.2E-001 
 713       -606.5040875596 -1.3E-09  1.5E-04  9.0E-06  0.0E+00    8    1.2E-001 
 714       -606.5040875606 -9.3E-10  4.7E-05  8.5E-06  0.0E+00    8    1.2E-001 
 715       -606.5040875619 -1.3E-09  2.7E-04  6.4E-06  0.0E+00    8    1.2E-001 
 716       -606.5040875631 -1.2E-09  3.3E-04  5.3E-06  0.0E+00    8    1.2E-001 
 717       -606.5040875640 -9.5E-10  2.5E-04  5.4E-06  0.0E+00    8    1.2E-001 
 718       -606.5040875650 -9.8E-10  2.4E-04  5.2E-06  0.0E+00    8    1.2E-001 
 719       -606.5040875658 -8.1E-10  2.4E-04  4.6E-06  0.0E+00    8    1.2E-001 
 720       -606.5040875662 -4.5E-10  1.2E-04  3.9E-06  0.0E+00    8    1.2E-001 
 721       -606.5040875666 -3.1E-10  1.1E-04  3.2E-06  0.0E+00    8    1.2E-001 
 722       -606.5040875671 -5.4E-10  2.3E-04  2.8E-06  0.0E+00    8    1.2E-001 
 723       -606.5040875679 -7.4E-10  2.8E-04  4.9E-06  0.0E+00    8    1.2E-001 
 724       -606.5040875686 -7.3E-10  2.4E-04  6.6E-06  0.0E+00    8    1.2E-001 
 725       -606.5040875695 -9.3E-10  2.7E-04  4.3E-06  0.0E+00    8    1.2E-001 
 726       -606.5040875703 -7.5E-10  1.8E-04  3.6E-06  0.0E+00    8    1.2E-001 
 727       -606.5040875708 -5.2E-10  1.2E-04  3.9E-06  0.0E+00    8    1.2E-001 
 728       -606.5040875713 -5.4E-10  1.2E-04  3.1E-06  0.0E+00    8    1.2E-001 
 729       -606.5040875716 -3.0E-10  8.2E-05  1.8E-06  0.0E+00    8    1.2E-001 
 730       -606.5040875719 -3.1E-10  8.7E-05  1.7E-06  0.0E+00    8    1.2E-001 
 731       -606.5040875723 -4.1E-10  1.2E-04  1.9E-06  0.0E+00    8    1.2E-001 
 732       -606.5040875729 -5.5E-10  1.6E-04  3.6E-06  0.0E+00    8    1.2E-001 
 733       -606.5040875735 -6.0E-10  2.0E-04  5.7E-06  0.0E+00    8    1.2E-001 
 734       -606.5040875745 -1.1E-09  3.1E-04  8.6E-06  2.6E-05    8    1.3E-001 
 735       -606.5040875755 -9.4E-10  3.6E-04  4.2E-06  0.0E+00    8    1.2E-001 
 736       -606.5040875762 -6.9E-10  2.7E-04  4.0E-06  0.0E+00    8    1.2E-001 
 737       -606.5040875764 -2.7E-10  1.1E-04  2.8E-06  0.0E+00    8    1.2E-001 
 738       -606.5040875767 -2.4E-10  1.1E-04  2.6E-06  0.0E+00    8    1.2E-001 
 739       -606.5040875769 -2.5E-10  1.3E-04  1.9E-06  0.0E+00    8    1.2E-001 
 740       -606.5040875771 -1.5E-10  6.8E-05  1.9E-06  0.0E+00    8    1.2E-001 
 741       -606.5040875773 -2.4E-10  7.5E-05  1.7E-06  0.0E+00    8    1.2E-001 
 742       -606.5040875775 -1.9E-10  9.4E-05  2.2E-06  0.0E+00    8    1.2E-001 
 743       -606.5040875778 -2.6E-10  1.2E-04  3.4E-06  0.0E+00    8    1.2E-001 
 744       -606.5040875780 -2.5E-10  1.4E-04  4.3E-06  0.0E+00    8    1.2E-001 
 745       -606.5040875785 -5.0E-10  2.7E-04  5.7E-06  3.6E-06    8    1.4E-001 
 746       -606.5040875790 -4.5E-10  2.5E-04  2.2E-06  0.0E+00    8    1.2E-001 
 747       -606.5040875795 -4.9E-10  2.6E-04  2.2E-06  0.0E+00    8    1.2E-001 
 748       -606.5040875797 -2.6E-10  1.2E-04  2.4E-06  0.0E+00    8    1.2E-001 
 749       -606.5040875800 -2.9E-10  1.1E-04  2.4E-06  0.0E+00    8    1.3E-001 
 750       -606.5040875804 -3.5E-10  1.0E-04  2.2E-06  0.0E+00    8    1.2E-001 
 751       -606.5040875806 -2.0E-10  4.6E-05  1.9E-06  0.0E+00    8    1.2E-001 
 752       -606.5040875811 -5.2E-10  1.6E-04  1.9E-06  0.0E+00    8    1.2E-001 
 753       -606.5040875815 -4.5E-10  2.7E-04  2.4E-06  6.4E-05    8    1.3E-001 
 754       -606.5040875818 -3.1E-10  2.7E-04  2.9E-06  0.0E+00    8    1.2E-001 
 755       -606.5040875820 -1.5E-10  1.7E-04  1.7E-06  0.0E+00    8    1.2E-001 
 756       -606.5040875821 -9.7E-11  1.6E-04  1.9E-06  0.0E+00    8    1.2E-001 
 757       -606.5040875823 -1.8E-10  1.9E-04  4.7E-06  0.0E+00    8    1.2E-001 
 758       -606.5040875824 -1.1E-10  1.0E-04  2.6E-06  0.0E+00    8    1.2E-001 
 759       -606.5040875824 -7.6E-11  2.9E-05  1.6E-06  0.0E+00    8    1.2E-001 
 760       -606.5040875825 -1.0E-10  2.9E-05  1.5E-06  0.0E+00    8    1.2E-001 
 761       -606.5040875828 -2.7E-10  1.3E-04  2.4E-06  0.0E+00    8    1.2E-001 
 762       -606.5040875829 -1.1E-10  1.2E-04  1.6E-06  0.0E+00    8    1.2E-001 
 763       -606.5040875831 -2.2E-10  2.9E-04  1.6E-06  1.2E-05    8    1.3E-001 
 764       -606.5040875832 -8.2E-11  1.2E-04  1.8E-06  0.0E+00    8    1.2E-001 
 765       -606.5040875805  2.7E-09  2.4E-04  1.9E-06  0.0E+00    8    1.2E-001 
 765*      -606.5040875833 -5.3E-11  6.4E-05  1.9E-06  0.0E+00    8    1.2E-001 
 766       -606.5040875837 -3.7E-10  7.1E-05  1.0E-05  0.0E+00    8    1.2E-001 
 767       -606.5040875844 -7.0E-10  8.0E-05  6.3E-06  0.0E+00    8    1.2E-001 
 768       -606.5040875847 -3.4E-10  1.3E-04  1.6E-06  0.0E+00    8    1.2E-001 
 769       -606.5040875856 -8.9E-10  1.8E-04  1.7E-06  1.6E-05    8    1.3E-001 
 770       -606.5040875861 -5.3E-10  1.0E-04  5.7E-06  0.0E+00    8    1.2E-001 
 771       -606.5040875869 -7.9E-10  1.4E-04  3.5E-06  0.0E+00    8    1.2E-001 
 772       -606.5040875874 -4.6E-10  2.4E-04  1.7E-06  8.2E-05    8    1.3E-001 
 773       -606.5040875881 -7.7E-10  2.8E-04  3.4E-06  6.2E-06    8    1.3E-001 
 774       -606.5040875890 -9.0E-10  3.4E-04  3.5E-06  5.9E-05    8    1.4E-001 
 775       -606.5040875898 -7.9E-10  4.1E-04  4.6E-06  0.0E+00    8    1.2E-001 
 776       -606.5040875902 -3.4E-10  1.4E-04  3.1E-06  0.0E+00    8    1.2E-001 
 777       -606.5040875907 -5.1E-10  4.2E-04  2.1E-06  3.1E-05    8    1.3E-001 
 778       -606.5040875911 -4.5E-10  5.1E-04  4.1E-06  9.0E-06    8    1.3E-001 
 779       -606.5040875917 -5.9E-10  6.1E-04  5.9E-06  2.1E-05    8    1.3E-001 
 780       -606.5040875925 -8.2E-10  7.2E-04  3.6E-06  3.6E-05    8    1.3E-001 
 781       -606.5040875931 -5.9E-10  8.7E-04  2.6E-06  1.0E-05    8    1.3E-001 
 782       -606.5040875935 -4.1E-10  6.7E-04  2.7E-06  0.0E+00    8    1.2E-001 
 783       -606.5040875939 -3.7E-10  9.9E-04  3.0E-06  0.0E+00    8    1.2E-001 
 784       -606.5040875940 -1.3E-10  7.8E-04  2.6E-06  0.0E+00    8    1.2E-001 
 785       -606.5040875941 -5.4E-11  5.1E-04  2.7E-06  0.0E+00    8    1.2E-001 
 786       -606.5040875941 -3.5E-11  5.0E-04  2.8E-06  0.0E+00    8    1.2E-001 
 787       -606.5040875942 -7.2E-11  4.1E-05  2.8E-06  0.0E+00    8    1.2E-001 
 788       -606.5040875943 -1.2E-10  1.2E-04  2.8E-06  0.0E+00    8    1.2E-001 
 789       -606.5040875945 -1.6E-10  2.4E-04  3.6E-06  0.0E+00    8    1.2E-001 
 790       -606.5040875942  2.5E-10  6.3E-04  3.7E-06  8.5E-05    8    1.3E-001 
 790*      -606.5040875927  1.8E-09  4.1E-04  3.7E-06  2.7E-05    8    1.3E-001 
 790*      -606.5040875929  1.6E-09  2.8E-04  3.7E-06  4.9E-05    8    1.3E-001 
 790*      -606.5040875930  1.5E-09  1.8E-04  3.7E-06  8.1E-05    8    1.3E-001 
 790*      -606.5040875931  1.4E-09  1.1E-04  3.7E-06  1.3E-04    8    1.3E-001 
 790*      -606.5040875932  1.3E-09  8.5E-05  3.7E-06  2.3E-04    8    1.3E-001 
 790*      -606.5040875934  1.0E-09  6.8E-05  3.7E-06  5.8E-04    8    1.2E-001 
 790*      -606.5040875940  4.4E-10  4.9E-05  3.7E-06  2.3E-03    8    1.3E-001 
 790*      -606.5040875944  5.5E-11  3.5E-05  3.7E-06  5.5E-03    8    1.2E-001 
 790*      -606.5040875946 -1.2E-10  2.5E-05  3.7E-06  1.0E-02    8    1.3E-001 
 791       -606.5040875952 -6.0E-10  2.3E-05  9.3E-06  3.0E-03    8    1.3E-001 
 792       -606.5040875954 -2.2E-10  2.8E-05  2.4E-06  6.1E-04    8    1.3E-001 
 793       -606.5040875960 -5.9E-10  3.1E-05  3.0E-06  1.7E-03    8    1.3E-001 
 794       -606.5040875965 -5.4E-10  3.6E-05  5.2E-06  3.9E-04    8    1.3E-001 
 795       -606.5040875969 -3.6E-10  4.9E-05  2.0E-06  5.2E-04    8    1.4E-001 
 796       -606.5040875974 -5.3E-10  5.0E-05  1.5E-06  9.5E-04    8    1.3E-001 
 797       -606.5040875976 -1.1E-10  7.7E-05  1.2E-06  1.2E-04    8    1.3E-001 
 798       -606.5040875976 -6.2E-11  9.0E-05  1.4E-06  3.3E-04    8    1.3E-001 
 799       -606.5040875977 -7.7E-11  1.1E-04  1.3E-06  2.9E-04    8    1.3E-001 
 800       -606.5040875978 -1.5E-10  1.1E-04  2.1E-06  2.7E-04    8    1.3E-001 
 801       -606.5040875979 -7.3E-11  1.3E-04  2.3E-06  3.0E-05    8    1.3E-001 
 802       -606.5040875981 -1.5E-10  1.5E-05  3.7E-06  0.0E+00    8    1.2E-001 
 803       -606.5040875981 -3.0E-11  3.3E-05  1.1E-06  0.0E+00    8    1.2E-001 
 804       -606.5040875982 -7.4E-11  3.0E-05  1.3E-06  0.0E+00    8    1.2E-001 
 805       -606.5040875983 -1.1E-10  5.3E-05  2.2E-06  0.0E+00    8    1.2E-001 
 806       -606.5040875984 -1.6E-10  8.4E-05  1.5E-06  5.1E-05    8    1.3E-001 
 807       -606.5040875986 -1.9E-10  9.6E-05  2.1E-06  1.7E-04    8    1.3E-001 
 808       -606.5040875989 -2.2E-10  5.4E-05  1.4E-06  0.0E+00    8    1.1E-001 
 809       -606.5040875989 -2.4E-11  7.6E-07  1.9E-06  0.0E+00    8    1.2E-001 
 810       -606.5040875989 -6.9E-11  6.3E-05  1.0E-06  9.6E-05    8    1.3E-001 
 811       -606.5040875990 -3.5E-11  6.6E-05  1.9E-06  2.8E-04    8    1.3E-001 
 812       -606.5040875991 -1.3E-10  3.1E-05  3.8E-06  0.0E+00    8    1.2E-001 
 813       -606.5040875992 -4.5E-11  4.7E-05  1.3E-06  0.0E+00    8    1.1E-001 
 814       -606.5040875992 -8.5E-11  5.2E-05  1.2E-06  0.0E+00    8    1.1E-001 
 815       -606.5040875993 -7.4E-11  6.3E-05  2.3E-06  0.0E+00    8    1.2E-001 
 816       -606.5040875995 -1.8E-10  4.3E-05  2.7E-06  0.0E+00    8    1.2E-001 
 817       -606.5040875988  6.5E-10  9.3E-05  1.2E-06  2.3E-03    8    1.3E-001 
 817*      -606.5040875997 -1.6E-10  5.7E-05  1.2E-06  2.1E-06    8    1.3E-001 
 818       -606.5040875999 -2.3E-10  8.0E-05  2.7E-06  7.6E-05    8    1.3E-001 
 819       -606.5040875999 -4.6E-11  2.1E-06  1.9E-06  0.0E+00    8    1.2E-001 
 820       -606.5040876002 -2.2E-10  7.3E-05  1.3E-06  0.0E+00    8    1.2E-001 
 821       -606.5040876005 -3.3E-10  6.5E-05  2.7E-06  0.0E+00    8    1.1E-001 
 822       -606.5040876008 -2.7E-10  7.5E-05  3.5E-06  0.0E+00    8    1.2E-001 
 823       -606.5040876011 -3.4E-10  1.6E-04  2.5E-06  6.3E-05    8    1.3E-001 
 824       -606.5040876016 -4.9E-10  1.9E-04  2.4E-06  1.9E-05    8    1.3E-001 
 825       -606.5040876020 -3.9E-10  1.9E-04  1.8E-06  0.0E+00    8    1.2E-001 
 826       -606.5040876027 -6.9E-10  2.8E-04  2.8E-06  1.3E-04    8    1.3E-001 
 827       -606.5040876031 -4.6E-10  2.3E-04  2.9E-06  0.0E+00    8    1.2E-001 
 828       -606.5040876036 -5.0E-10  2.4E-04  3.4E-06  0.0E+00    8    1.2E-001 
 829       -606.5040876052 -1.5E-09  4.8E-04  3.4E-06  1.4E-05    8    1.3E-001 
 830       -606.5040876068 -1.6E-09  5.8E-04  4.2E-06  2.9E-05    8    1.3E-001 
 831       -606.5040876083 -1.5E-09  7.0E-04  4.6E-06  7.4E-05    8    1.3E-001 
 832       -606.5040876103 -2.0E-09  8.4E-04  9.0E-06  9.3E-05    8    1.3E-001 
 833       -606.5040876122 -1.9E-09  1.0E-03  3.3E-06  5.6E-05    8    1.3E-001 
 834       -606.5040876147 -2.5E-09  1.2E-03  8.1E-06  5.2E-05    8    1.3E-001 
 835       -606.5040876168 -2.1E-09  1.5E-03  3.4E-06  2.3E-06    8    1.3E-001 
 836       -606.5040876180 -1.2E-09  8.1E-04  3.1E-06  0.0E+00    8    1.2E-001 
 837       -606.5040876192 -1.2E-09  9.5E-04  7.0E-06  0.0E+00    8    1.2E-001 
 838       -606.5040876206 -1.4E-09  1.1E-03  6.3E-06  0.0E+00    8    1.2E-001 
 839       -606.5040876224 -1.8E-09  2.1E-03  8.0E-06  0.0E+00    8    1.2E-001 
 840       -606.5040876234 -9.9E-10  1.3E-03  5.5E-06  0.0E+00    8    1.2E-001 
 841       -606.5040876242 -8.2E-10  1.5E-03  4.2E-06  0.0E+00    8    1.2E-001 
 842       -606.5040876247 -5.0E-10  1.1E-03  6.3E-06  0.0E+00    8    1.2E-001 
 843       -606.5040876251 -4.3E-10  6.3E-06  6.4E-06  0.0E+00    8    1.2E-001 
 844       -606.5040876256 -5.3E-10  1.0E-03  3.4E-06  0.0E+00    8    1.2E-001 
 845       -606.5040876261 -4.3E-10  6.0E-04  4.5E-06  0.0E+00    8    1.2E-001 
 846       -606.5040876265 -4.7E-10  5.7E-05  7.6E-06  0.0E+00    8    1.2E-001 
 847       -606.5040876270 -4.3E-10  7.5E-04  5.7E-06  0.0E+00    8    1.2E-001 
 848       -606.5040876274 -4.4E-10  4.4E-04  3.2E-06  0.0E+00    8    1.2E-001 
 849       -606.5040876285 -1.1E-09  3.5E-04  4.9E-06  0.0E+00    8    1.2E-001 
 850       -606.5040876295 -9.9E-10  3.6E-04  9.8E-06  0.0E+00    8    1.2E-001 
 851       -606.5040876299 -4.5E-10  1.9E-04  2.9E-06  0.0E+00    8    1.2E-001 
 852       -606.5040876303 -3.4E-10  4.1E-05  2.7E-06  0.0E+00    8    1.2E-001 
 853       -606.5040876305 -2.0E-10  1.6E-04  4.8E-06  0.0E+00    8    1.2E-001 
 854       -606.5040876306 -1.6E-10  3.5E-04  1.5E-06  0.0E+00    8    1.2E-001 
 855       -606.5040876308 -2.0E-10  1.4E-04  2.4E-06  0.0E+00    8    1.2E-001 
 856       -606.5040876309 -8.9E-11  4.3E-05  1.2E-06  0.0E+00    8    1.2E-001 
 857       -606.5040876310 -9.5E-11  3.9E-05  1.1E-06  0.0E+00    8    1.2E-001 
 858       -606.5040876312 -1.8E-10  1.7E-04  1.7E-06  0.0E+00    8    1.2E-001 
 859       -606.5040876314 -1.6E-10  8.1E-05  3.4E-06  0.0E+00    8    1.2E-001 
 860       -606.5040876315 -1.7E-10  3.2E-04  6.3E-06  3.6E-05    8    1.3E-001 
 861       -606.5040876318 -2.7E-10  2.9E-04  6.1E-06  0.0E+00    8    1.2E-001 
 862       -606.5040876136  1.8E-08  3.0E-04  1.4E-06  1.1E-03    8    1.3E-001 
 862*      -606.5040876318 -5.3E-11  2.8E-04  1.4E-06  1.6E-05    8    1.3E-001 
 863       -606.5040876319 -9.8E-11  1.2E-04  5.7E-06  0.0E+00    8    1.2E-001 
 864       -606.5040876320 -6.3E-11  1.4E-05  1.1E-06  0.0E+00    8    1.2E-001 
 865       -606.5040876321 -8.6E-11  3.0E-05  2.1E-06  0.0E+00    8    1.2E-001 
 866       -606.5040876322 -9.8E-11  4.3E-05  1.8E-06  0.0E+00    8    1.2E-001 
 867       -606.5040876323 -1.1E-10  7.8E-05  2.1E-06  0.0E+00    8    1.2E-001 
 868       -606.5040876325 -1.5E-10  1.6E-04  2.3E-06  0.0E+00    8    1.2E-001 
 869       -606.5040876325 -4.6E-11  2.5E-05  1.1E-06  0.0E+00    8    1.2E-001 
 870       -606.5040876326 -1.3E-10  7.2E-05  2.1E-06  0.0E+00    8    1.2E-001 
 871       -606.5040876327 -1.2E-10  3.9E-05  3.7E-06  0.0E+00    8    1.2E-001 
 872       -606.5040876329 -1.1E-10  6.0E-05  1.1E-06  0.0E+00    8    1.1E-001 
 873       -606.5040876331 -2.8E-10  8.6E-05  2.2E-06  0.0E+00    8    1.2E-001 
 874       -606.5040876334 -2.4E-10  1.0E-04  1.9E-06  0.0E+00    8    1.2E-001 
 875       -606.5040876335 -1.5E-10  2.1E-05  3.5E-06  0.0E+00    8    1.2E-001 
 876       -606.5040876336 -6.6E-11  5.7E-05  2.5E-06  0.0E+00    8    1.2E-001 
 877       -606.5040876339 -3.3E-10  6.7E-05  6.1E-06  0.0E+00    8    1.1E-001 
 878       -606.5040876341 -1.6E-10  3.2E-05  3.7E-06  0.0E+00    8    1.2E-001 
 879       -606.5040876344 -3.4E-10  8.2E-05  2.2E-06  0.0E+00    8    1.1E-001 
 880       -606.5040876347 -2.8E-10  7.9E-05  4.0E-06  0.0E+00    8    1.2E-001 
 881       -606.5040876352 -5.0E-10  1.4E-04  3.5E-06  4.4E-04    8    1.3E-001 
 882       -606.5040876356 -4.0E-10  1.6E-04  4.9E-06  1.4E-04    8    1.3E-001 
 883       -606.5040876357 -8.2E-11  1.8E-06  3.4E-06  0.0E+00    8    1.3E-001 
 884       -606.5040876364 -7.3E-10  1.7E-04  3.1E-06  2.5E-04    8    1.3E-001 
 885       -606.5040876372 -7.7E-10  2.2E-04  3.7E-06  7.6E-05    8    1.3E-001 
 886       -606.5040876377 -5.2E-10  2.3E-04  2.9E-06  3.3E-04    8    1.3E-001 
 887       -606.5040876383 -5.7E-10  2.2E-04  7.8E-06  0.0E+00    8    1.2E-001 
 888       -606.5040876378  4.8E-10  1.9E-04  2.9E-06  0.0E+00    8    1.2E-001 
 888*      -606.5040876376  6.5E-10  1.3E-04  2.9E-06  9.6E-07    8    1.3E-001 
 888*      -606.5040876376  6.8E-10  9.2E-05  2.9E-06  1.7E-04    8    1.3E-001 
 888*      -606.5040876231  1.5E-08  6.3E-05  2.9E-06  4.5E-02    8    1.2E-001 
 888*      -606.5040876309  7.3E-09  4.5E-05  2.9E-06  5.0E-02    8    1.2E-001 
 888*      -606.5040876348  3.5E-09  3.3E-05  2.9E-06  5.7E-02    8    1.2E-001 
 888*      -606.5040876367  1.6E-09  2.4E-05  2.9E-06  6.7E-02    8    1.2E-001 
 888*      -606.5040876376  6.8E-10  1.7E-05  2.9E-06  8.3E-02    8    1.2E-001 
 888*      -606.5040876380  2.4E-10  1.3E-05  2.9E-06  1.1E-01    8    1.2E-001 
 888*      -606.5040876382  3.0E-11  9.1E-06  2.9E-06  1.4E-01    8    1.3E-001 
 888*      -606.5040876383 -6.2E-11  6.5E-06  2.9E-06  2.0E-01    8    1.2E-001 
 889       -606.5040876385 -1.8E-10  7.1E-06  5.7E-06  7.3E-02    8    1.2E-001 
 890       -606.5040876387 -2.1E-10  8.0E-06  3.8E-06  2.0E-01    8    1.2E-001 
 891       -606.5040876389 -2.1E-10  7.9E-06  2.8E-06  1.8E-01    8    1.3E-001 
 892       -606.5040876392 -2.3E-10  1.0E-05  2.7E-06  1.5E-01    8    1.2E-001 
 893       -606.5040876394 -2.7E-10  1.1E-05  2.6E-06  1.2E-01    8    1.3E-001 
 894       -606.5040876397 -3.0E-10  1.4E-05  2.5E-06  9.4E-02    8    1.2E-001 
 895       -606.5040876400 -3.2E-10  1.6E-05  2.3E-06  7.0E-02    8    1.3E-001 
 896       -606.5040876404 -3.4E-10  1.9E-05  2.1E-06  5.2E-02    8    1.4E-001 
 897       -606.5040876407 -3.5E-10  2.5E-05  1.8E-06  3.8E-02    8    1.2E-001 
 898       -606.5040876403  4.2E-10  2.3E-05  2.3E-06  1.0E-01    8    1.3E-001 
 898*      -606.5040876409 -2.1E-10  1.7E-05  2.3E-06  4.1E-02    8    1.3E-001 
 899       -606.5040876409  5.1E-11  1.7E-05  2.4E-06  6.6E-02    8    1.3E-001 
 899*      -606.5040876411 -1.5E-10  1.4E-05  2.4E-06  5.1E-02    8    1.3E-001 
 900       -606.5040876409  2.2E-10  1.3E-05  2.0E-06  9.5E-02    8    1.3E-001 
 900*      -606.5040876412 -1.3E-10  1.2E-05  2.0E-06  5.3E-02    8    1.2E-001 
 901       -606.5040876413 -1.1E-10  1.2E-05  1.7E-06  3.7E-02    8    1.3E-001 
 902       -606.5040876415 -1.3E-10  1.7E-05  2.1E-06  2.6E-02    8    1.3E-001 
 903       -606.5040876416 -1.2E-10  1.9E-05  1.6E-06  3.3E-02    8    1.3E-001 
 904       -606.5040876417 -1.7E-10  2.2E-05  2.7E-06  1.3E-02    8    1.3E-001 
 905       -606.5040876420 -2.1E-10  2.5E-05  2.0E-06  8.6E-03    8    1.3E-001 
 906       -606.5040876420 -7.8E-11  2.4E-05  2.8E-06  1.7E-02    8    1.3E-001 
 907       -606.5040876421 -6.8E-11  2.8E-06  4.2E-06  0.0E+00    8    1.3E-001 
 908       -606.5040876422 -1.2E-10  2.3E-05  2.5E-06  6.1E-03    8    1.2E-001 
 909       -606.5040876423 -8.7E-11  2.7E-05  1.7E-06  3.1E-03    8    1.3E-001 
 910       -606.5040876424 -9.4E-11  2.9E-05  2.3E-06  1.6E-04    8    1.3E-001 
 911       -606.5040876424 -2.2E-11  1.0E-05  1.5E-06  0.0E+00    8    1.2E-001 
 912       -606.5040876425 -1.0E-10  2.1E-05  2.2E-06  3.8E-03    8    1.3E-001 
 913       -606.5040876426 -4.8E-11  1.9E-05  9.9E-07  0.0E+00    8    1.2E-001 
 914       -606.5040876426 -2.6E-11  5.0E-06  1.1E-06  0.0E+00    8    1.2E-001 
 915       -606.5040876427 -7.9E-11  1.6E-05  8.7E-07  0.0E+00    8    1.2E-001 
 916       -606.5040876427 -6.0E-11  1.3E-05  2.0E-06  0.0E+00    8    1.2E-001 
 917       -606.5040876428 -6.2E-11  1.5E-05  7.7E-07  0.0E+00    8    1.2E-001 
 918       -606.5040876430 -1.8E-10  3.0E-05  2.0E-06  1.2E-03    8    1.3E-001 
 919       -606.5040876431 -1.0E-10  3.6E-05  1.0E-06  0.0E+00    8    1.2E-001 
 920       -606.5040876432 -8.1E-11  1.6E-05  2.1E-06  0.0E+00    8    1.2E-001 
 921       -606.5040876432 -3.2E-11  2.6E-05  8.3E-07  0.0E+00    8    1.2E-001 
 922       -606.5040876432 -4.9E-11  1.0E-05  3.2E-06  0.0E+00    8    1.2E-001 
 923       -606.5040876433 -9.8E-11  3.0E-05  2.2E-06  3.4E-03    8    1.3E-001 
 924       -606.5040876433  8.7E-11  1.9E-05  2.3E-06  0.0E+00    8    1.2E-001 
 924*      -606.5040876434 -1.0E-10  1.2E-05  2.3E-06  2.2E-04    8    1.3E-001 
 925       -606.5040876436 -1.4E-10  1.5E-05  1.2E-06  9.8E-03    8    1.3E-001 
 926       -606.5040876437 -1.0E-10  1.9E-05  8.7E-07  7.3E-03    8    1.4E-001 
 927       -606.5040876438 -1.0E-10  2.0E-05  1.4E-06  1.2E-02    8    1.3E-001 
 928       -606.5040876439 -1.2E-10  2.3E-05  1.8E-06  5.8E-03    8    1.3E-001 
 929       -606.5040876440 -1.3E-10  2.6E-05  1.7E-06  3.7E-03    8    1.3E-001 
 930       -606.5040876437  3.0E-10  2.2E-05  6.4E-07  6.2E-02    8    1.3E-001 
 930*      -606.5040876441 -8.0E-11  2.1E-05  6.4E-07  4.3E-03    8    1.2E-001 
 931       -606.5040876442 -1.2E-10  2.4E-05  1.5E-06  5.4E-03    8    1.3E-001 
 932       -606.5040876444 -1.5E-10  2.4E-05  1.6E-06  3.2E-03    8    1.3E-001 
 933       -606.5040876445 -1.5E-10  3.1E-05  1.2E-06  2.3E-03    8    1.3E-001 
 934       -606.5040876447 -2.1E-10  4.9E-05  1.6E-06  2.7E-03    8    1.3E-001 
 935       -606.5040876450 -3.0E-10  5.6E-05  2.3E-06  2.6E-03    8    1.3E-001 
 936       -606.5040876452 -1.9E-10  6.4E-05  1.7E-06  1.6E-03    8    1.3E-001 
 937       -606.5040876457 -4.2E-10  7.1E-05  1.9E-06  1.4E-03    8    1.3E-001 
 938       -606.5040876462 -5.2E-10  8.2E-05  1.4E-06  1.4E-03    8    1.3E-001 
 939       -606.5040876467 -5.5E-10  1.1E-04  2.1E-06  1.2E-03    8    1.3E-001 
 940       -606.5040876474 -7.2E-10  1.3E-04  4.2E-06  8.6E-04    8    1.3E-001 
 941       -606.5040876481 -7.0E-10  1.5E-04  1.6E-06  6.7E-04    8    1.3E-001 
 942       -606.5040876490 -8.2E-10  1.7E-04  1.4E-06  5.5E-04    8    1.3E-001 
 943       -606.5040876497 -7.5E-10  2.2E-04  8.5E-07  4.2E-04    8    1.3E-001 
 944       -606.5040876507 -9.4E-10  2.5E-04  2.0E-06  9.3E-05    8    1.3E-001 
 945       -606.5040876515 -8.1E-10  3.2E-04  2.6E-06  1.2E-06    8    1.3E-001 
 946       -606.5040876517 -2.0E-10  6.9E-05  1.7E-06  0.0E+00    8    1.2E-001 
 947       -606.5040876521 -4.5E-10  2.7E-04  2.0E-06  0.0E+00    8    1.2E-001 
 948       -606.5040876531 -1.0E-09  3.7E-04  5.2E-06  1.2E-05    8    1.3E-001 
 949       -606.5040876478  5.4E-09  4.4E-04  4.8E-06  2.1E-04    8    1.3E-001 
 949*      -606.5040876453  7.9E-09  2.9E-04  4.8E-06  5.3E-04    8    1.3E-001 
 949*      -606.5040876460  7.1E-09  2.0E-04  4.8E-06  1.0E-03    8    1.3E-001 
 949*      -606.5040876484  4.7E-09  1.4E-04  4.8E-06  2.1E-03    8    1.2E-001 
 949*      -606.5040876511  2.1E-09  1.0E-04  4.8E-06  4.3E-03    8    1.2E-001 
 949*      -606.5040876526  5.4E-10  7.2E-05  4.8E-06  7.8E-03    8    1.2E-001 
 949*      -606.5040876533 -1.7E-10  4.9E-05  4.8E-06  1.3E-02    8    1.2E-001 
 950       -606.5040876541 -8.0E-10  2.8E-05  1.1E-05  0.0E+00    8    1.2E-001 
 951       -606.5040876545 -4.2E-10  4.7E-05  6.8E-06  2.0E-04    8    1.3E-001 
 952       -606.5040876549 -4.1E-10  5.4E-05  4.8E-06  3.1E-03    8    1.3E-001 
 953       -606.5040876553 -3.5E-10  5.9E-05  3.6E-06  1.2E-03    8    1.3E-001 
 954       -606.5040876557 -3.8E-10  6.9E-05  2.0E-06  5.1E-04    8    1.3E-001 
 955       -606.5040876562 -5.1E-10  8.5E-05  3.1E-06  2.1E-04    8    1.3E-001 
 956       -606.5040876567 -5.0E-10  1.1E-04  2.0E-06  9.4E-04    8    1.3E-001 
 957       -606.5040876575 -8.5E-10  1.1E-04  2.8E-06  1.2E-03    8    1.3E-001 
 958       -606.5040876585 -9.2E-10  1.4E-04  2.3E-06  5.4E-04    8    1.3E-001 
 959       -606.5040876594 -9.3E-10  1.7E-04  2.9E-06  1.2E-04    8    1.3E-001 
 960       -606.5040876602 -8.5E-10  2.2E-04  4.6E-06  3.3E-04    8    1.3E-001 
 961       -606.5040876615 -1.3E-09  2.7E-04  8.1E-06  2.3E-04    8    1.3E-001 
 962       -606.5040876632 -1.7E-09  3.1E-04  6.6E-06  1.1E-04    8    1.4E-001 
 963       -606.5040876648 -1.5E-09  3.8E-04  3.2E-06  7.5E-05    8    1.3E-001 
 964       -606.5040876670 -2.2E-09  4.5E-04  5.9E-06  1.7E-04    8    1.3E-001 
 965       -606.5040876692 -2.2E-09  5.5E-04  3.1E-06  1.8E-04    8    1.3E-001 
 966       -606.5040876718 -2.6E-09  6.7E-04  3.5E-06  1.6E-04    8    1.3E-001 
 967       -606.5040876746 -2.8E-09  8.0E-04  3.6E-06  7.1E-05    8    1.3E-001 
 968       -606.5040876773 -2.8E-09  9.5E-04  2.8E-06  3.0E-05    8    1.3E-001 
 969       -606.5040876805 -3.2E-09  1.1E-03  5.4E-06  5.8E-06    8    1.3E-001 
 970       -606.5040876831 -2.6E-09  1.4E-03  4.5E-06  0.0E+00    8    1.2E-001 
 971       -606.5040876844 -1.3E-09  9.1E-04  5.7E-06  0.0E+00    8    1.2E-001 
 972       -606.5040876856 -1.2E-09  1.0E-03  6.5E-06  0.0E+00    8    1.2E-001 
 973       -606.5040876875 -1.9E-09  7.6E-04  9.6E-06  0.0E+00    8    1.2E-001 
 974       -606.5040876902 -2.7E-09  3.2E-04  6.6E-06  0.0E+00    8    1.2E-001 
 975       -606.5040876926 -2.4E-09  1.6E-03  5.3E-06  4.7E-07    8    1.4E-001 
 976       -606.5040876932 -6.3E-10  1.8E-04  4.9E-06  0.0E+00    8    1.2E-001 
 977       -606.5040876949 -1.7E-09  1.6E-03  4.5E-06  3.1E-06    8    1.4E-001 
 978       -606.5040876954 -4.9E-10  2.5E-04  4.4E-06  0.0E+00    8    1.2E-001 
 979       -606.5040876956 -1.6E-10  4.2E-04  4.3E-06  0.0E+00    8    1.2E-001 
 980       -606.5040876961 -4.9E-10  1.1E-03  4.3E-06  0.0E+00    8    1.2E-001 
 981       -606.5040876964 -3.2E-10  3.5E-04  4.0E-06  0.0E+00    8    1.2E-001 
 982       -606.5040876962  2.2E-10  1.4E-03  4.5E-06  4.5E-06    8    1.3E-001 
 982*      -606.5040876966 -2.2E-10  9.5E-04  4.5E-06  1.4E-05    8    1.3E-001 
 983       -606.5040876977 -1.1E-09  9.9E-04  5.2E-06  1.7E-05    8    1.3E-001 
 984       -606.5040876984 -6.6E-10  9.0E-04  7.5E-06  0.0E+00    8    1.2E-001 
 985       -606.5040876997 -1.4E-09  4.5E-05  8.0E-06  0.0E+00    8    1.2E-001 
 986       -606.5040877013 -1.6E-09  8.0E-04  7.6E-06  3.4E-05    8    1.3E-001 
 987       -606.5040877024 -1.2E-09  9.7E-04  5.6E-06  8.5E-06    8    1.3E-001 
 988       -606.5040877023  1.2E-10  1.1E-03  6.2E-06  7.0E-06    8    1.3E-001 
 988*      -606.5040877037 -1.3E-09  7.1E-04  6.2E-06  0.0E+00    8    1.2E-001 
 989       -606.5040877042 -5.2E-10  4.8E-04  5.2E-06  0.0E+00    8    1.2E-001 
 990       -606.5040877053 -1.1E-09  2.9E-04  3.3E-06  0.0E+00    8    1.2E-001 
 991       -606.5040877073 -1.9E-09  7.6E-04  4.0E-06  0.0E+00    8    1.2E-001 
 992       -606.5040877087 -1.5E-09  5.6E-04  4.9E-06  0.0E+00    8    1.2E-001 
 993       -606.5040877091 -3.4E-10  5.5E-04  4.0E-06  0.0E+00    8    1.2E-001 
 994       -606.5040877099 -8.5E-10  5.8E-04  3.1E-06  0.0E+00    8    1.2E-001 
 995       -606.5040877102 -3.0E-10  2.8E-04  4.2E-06  0.0E+00    8    1.2E-001 
 996       -606.5040877105 -2.5E-10  4.3E-04  4.4E-06  0.0E+00    8    1.2E-001 
 997       -606.5040877109 -4.0E-10  4.9E-04  4.6E-06  0.0E+00    8    1.2E-001 
 998       -606.5040877110 -1.3E-10  2.4E-04  3.6E-06  0.0E+00    8    1.2E-001 
 999       -606.5040877111 -9.1E-11  1.9E-04  3.5E-06  0.0E+00    8    1.2E-001 
 1000      -606.5040877112 -7.3E-11  2.1E-04  1.6E-06  0.0E+00    8    1.2E-001 
 1001      -606.5040877112 -8.2E-11  1.7E-04  1.7E-06  0.0E+00    8    1.2E-001 
 1002      -606.5040877113 -6.4E-11  3.2E-05  1.7E-06  0.0E+00    8    1.2E-001 
 1003      -606.5040877114 -9.1E-11  1.2E-04  1.5E-06  0.0E+00    8    1.2E-001 
 1004      -606.5040877001  1.1E-08  2.8E-04  1.2E-06  4.0E-03    8    1.3E-001 
 1004*     -606.5040877062  5.2E-09  2.0E-04  1.2E-06  4.2E-03    8    1.3E-001 
 1004*     -606.5040877091  2.3E-09  1.4E-04  1.2E-06  5.0E-03    8    1.3E-001 
 1004*     -606.5040877104  9.6E-10  9.4E-05  1.2E-06  6.0E-03    8    1.3E-001 
 1004*     -606.5040877111  3.2E-10  6.7E-05  1.2E-06  7.6E-03    8    1.2E-001 
 1004*     -606.5040877114  3.4E-11  4.7E-05  1.2E-06  9.9E-03    8    1.2E-001 
 1004*     -606.5040877115 -8.6E-11  3.4E-05  1.2E-06  1.3E-02    8    1.3E-001 
 1005      -606.5040877117 -2.2E-10  4.0E-05  2.8E-06  6.0E-04    8    1.3E-001 
 1006      -606.5040877116  1.2E-10  3.7E-05  1.5E-06  1.0E-03    8    1.3E-001 
 1006*     -606.5040877116  8.5E-11  2.6E-05  1.5E-06  1.7E-03    8    1.2E-001 
 1006*     -606.5040877117  3.8E-11  1.7E-05  1.5E-06  3.5E-03    8    1.3E-001 
 1006*     -606.5040877117 -6.5E-12  1.1E-05  1.5E-06  7.6E-03    8    1.2E-001 
 1007      -606.5040877118 -1.0E-10  1.4E-05  3.2E-06  8.1E-03    8    1.3E-001 
 1008      -606.5040877119 -7.6E-11  1.5E-05  2.1E-06  3.3E-03    8    1.3E-001 
 1009      -606.5040877119 -5.2E-11  1.8E-05  1.7E-06  2.3E-03    8    1.3E-001 
 1010      -606.5040877120 -7.3E-11  2.3E-05  1.1E-06  1.7E-03    8    1.3E-001 
 1011      -606.5040877120  2.0E-11  1.9E-05  8.9E-07  2.4E-03    8    1.3E-001 
 1011*     -606.5040877121 -4.8E-11  1.8E-05  8.9E-07  0.0E+00    8    1.2E-001 
 1012      -606.5040877111  9.5E-10  1.7E-05  1.0E-06  1.8E-02    8    1.3E-001 
 1012*     -606.5040877120  3.2E-11  1.4E-05  1.0E-06  4.8E-03    8    1.2E-001 
 1012*     -606.5040877120  6.4E-12  9.5E-06  1.0E-06  7.5E-03    8    1.2E-001 
 1012*     -606.5040877121 -6.6E-12  6.3E-06  1.0E-06  1.2E-02    8    1.2E-001 
 1013      -606.5040877121 -2.5E-11  6.7E-06  2.3E-06  2.1E-02    8    1.2E-001 
 1014      -606.5040877121 -3.9E-11  1.0E-05  1.7E-06  4.2E-03    8    1.3E-001 
 1015      -606.5040877121 -4.1E-12  1.1E-05  9.4E-07  1.8E-03    8    1.3E-001 
 1016      -606.5040877121 -4.0E-12  1.1E-05  9.6E-07  1.4E-03    8    1.3E-001 
 1017      -606.5040877121  6.1E-12  1.1E-05  9.4E-07  4.8E-04    8    1.3E-001 
 1017*     -606.5040877121 -8.5E-12  4.9E-07  9.4E-07  0.0E+00    8    1.3E-001 
 ------------------------------------------------------------------------------
 SCF converged
 Converged energy                        -606.504087712142   
 ------------------------------------------------------------------------------
 Ehomo(Alpha) [eV]                       -4.889832825948     
 Elumo(Alpha) [eV]                       0.709407876226      
 Ehomo(Beta) [eV]                        -4.739804802048     
 Elumo(Beta) [eV]                        0.746059705714      

 dipole moment (Debye)
        x              y              z       
      4.576E-006     1.024E-005     2.771E-007

 traceless quadrupole moment (Debye*Angs)
                       x              y              z       
 x                   1.292E-002     1.706E-001    -2.513E-002
 y                   1.706E-001     1.163E-001     4.576E-003
 z                  -2.513E-002     4.576E-003    -1.292E-001

 ----------------------------------------------------------------------------
 Timings (seconds)
 * mean-field hamiltonian     1.3E+002
 * solver (setting up eqns)   1.3E+000
 * solver (energy estimate)   1.9E-001
 * solver (orthogonalization) 6.9E-002
 * solver (rotation matrix X) 5.0E+000
 * solver (exponential of X)  6.5E-001
 * solver (total)             7.3E+000
 * total SCF                  1.3E+002
 Atomic guess: PM, ../../../../basis-sets/bse/def2-sv(p).txt
 -----------------------------------------------------------
 E(HF) [a.u.]                            -6.0650408771E+002
 Tr(RhoAvg S), Cartesian AOs              3.3000000000E+001
 Tr(RhoAvg S), spherical AOs              3.3000000000E+001
 max|T RhoAvg T**T - RhoAvg_sao|                  1.33E-015
 max|c(RhoAvg) - c(Rho)|                          3.55E-015
 max|RhoAvg - Rho|                                2.35E-001
 Saved /mnt/storage_6/project_data/pl0415-03/marcin/beyond-rpa/guess/electron-densities/bse/def2-sv(p)/pm.txt
 ----------------------------------------------------------------------------
                             SCF for SM (2S+1=7)                             
 ----------------------------------------------------------------------------
 NUMBER OF ATOMS                         1
 CHARGE                                  0
 Prescreening (pq|pq) integrals for the Cholesky decomposition
 Shell pairs will be sorted according to their max elements
 Max diagonal integral MaxDrs=2.3E+001
 Applying Eq. 15 in J. Chem. Phys. 150, 194112 (2019); doi: 10.1063/1.5083802
 Schwarz inequality: Dpq<min(10**(-8),Tau)**2/MaxDrs=4.4E-018
 Trace of exact Coulomb matrix: 2.1E+002
 Trace of discarded integrals: 0.0E+000
 Discarded 0 out of 276 shell pairs
 (0 out of 2415 orbital pairs)

 Step 1 of Cholesky decomposition: locating pivots
 -------------------------------------------------
 Dimensions of the Coulomb matrix: (2415,2415)
 Threshold for diagonal matrix elements: Dpq > 1.0E-007
 Max number of Cholesky vectors: 1035
 Rk storage block size: 500
 Max dimension of 2e integrals buffer: (2415,1000)

 ----------------------------------------------------------------------------
 #    Dmax        Memory (MB)    NPivots     %    Time        
 ----------------------------------------------------------------------------
 1    1.8E-001    2.7E+001       8           3    2.5E-001    
 2    2.9E-003    2.7E+001       254         27   3.1E-001    
 3    2.4E-005    2.4E+001       402         62   2.8E-001    
 4    2.4E-007    2.2E+001       512         95   1.8E-001    
 5    1.0E-007    4.1E+000       551         100  5.3E-002    

 Step 1 of the Cholesky decomposition completed
 Computed 551 pivots
 Largest residual Dpq: 1.0E-007
 NCholesky/NAO = 8.0E+000
 Step 1 of Cholesky decomposition completed in 1.1E+000 seconds
 Detailed timings in seconds
 Subtract prev contribs I (M-R**T*R)     1.1E-002
 Subtract prev contribs II (Rk)          1.9E-002
 Two-electron integrals                  1.0E+000
 Reallocation                            3.8E-003

 Step 2 of Cholesky decomposition completed in 9.0E-002 seconds
 Detailed timings in seconds
 Reduced-dimension matrix V    8.8E-002
 V=L*L**T                      8.1E-004
 L**(-1)                       1.2E-003

 Full-dimension Cholesky vectors of the Coulomb matrix will be stored in memory
 Cholesky vectors computed in 1.7E-001 seconds

 ┌─────────────────────────────────────────┐
 │          Self-consistent field          │
 └─────────────────────────────────────────┘

 Atomic orbital basis set
 . . . . . . . . . . . . . . . . . . . . . . . . . . . . . . . . . . . . . . 
 atomic centers                               1
 shell parameter sets                         23
 spherical AOs                                69
 max angular momentum                         3
 parameter set                                ../../../../basis-sets/bse/def2-sv(p).txt
 . . . . . . . . . . . . . . . . . . . . . . . . . . . . . . . . . . . . . . 
 SCF guess: bare nuclei Hamiltonian
 Starting self-consistent field iterations (spin-unrestricted)
 Alpha electrons: 20
 Beta electrons: 14
 ----------------------------------------------------------------------------
 Exchange-correlation: Hartree-Fock
 ----------------------------------------------------------------------------
 Replicated-data parallel SCF
 ----------------------------
 Processes                               1
 Threads/process                         16
 Allocated 9.7E-004 GiB of scratch space for the KS matrix build
 ----------------------------------------------------------------------------
 Loaded pseudopotential parameters
 ----------------------------------------------------------------------------

 SAMARIUM    
 Parameters file: ../../../../basis-sets/bse/def2-sv(p).txt
 ECP accounts for 28 core electrons

          Coeff         R^n       Exponent                                       

 Local part

 (Local part not present)
          0.00000000      2         1.00000000                                   

 L = 0

        572.98533200      2        22.34447100                                   

 L = 1

        272.35914500      2        16.69459000                                   

 L = 2

        115.29390000      2        13.72770500                                   

 L = 3

        -51.10839200      2        24.05909200                                   

 L = 4

        -25.42188500      2        20.19724900                                   

 ----------------------------------------------------------------------------
 Spherical harmonic basis contains 69 vectors
 Linear independence thresh: Eig(S) > 1.0E-006
 Computations will be carried out in the space of 69 MOs
 Threshold for J, K: |Rho(r,s)*(pq|rs)|,|Rho(q,s)*(pq|rs)| > 1.0E-011
 Convergence conditions
 ----------------------
 RhoDiff < 1.0E-006
 OrbGrad < 1.0E-006
 Max number of macroiters: 1024
 ------------------------------------------------------------------------------
 #           Energy        EDiff    RhoDiff  OrbGrad  OrbShift NStored Time     
 ------------------------------------------------------------------------------
 0          712.6902951696                                        0    1.6E-001 
 1         -625.0326550008           4.8E+02                      0    1.2E-001 
 2         -647.5834161660 -2.3E+01  5.2E+00  3.4E+00  6.2E+00    1    1.2E-001 
 3         -651.4428095318 -3.9E+00  2.1E+00  8.9E-01  1.7E+00    2    1.2E-001 
 4         -652.8151613964 -1.4E+00  3.9E-01  2.8E-01  7.0E-01    3    1.2E-001 
 5         -654.6592807849 -1.8E+00  3.3E-01  2.5E-01  6.3E-01    4    1.3E-001 
 6         -655.4555734765 -8.0E-01  4.6E-01  5.0E-01  3.4E-01    5    1.2E-001 
 7         -655.7395431944 -2.8E-01  2.1E-01  2.2E-01  5.7E-03    6    1.2E-001 
 8         -655.7848295251 -4.5E-02  6.9E-02  1.2E-01  0.0E+00    7    1.2E-001 
 9         -655.7864691521 -1.6E-03  2.9E-02  1.3E-02  0.0E+00    8    1.2E-001 
 10        -655.7867465368 -2.8E-04  1.4E-02  2.9E-03  0.0E+00    8    1.2E-001 
 11        -655.7867932003 -4.7E-05  8.3E-03  1.7E-03  0.0E+00    8    1.2E-001 
 12        -655.7868067098 -1.4E-05  1.6E-03  2.0E-03  0.0E+00    8    1.3E-001 
 13        -655.7868079395 -1.2E-06  4.4E-04  5.2E-04  0.0E+00    8    1.3E-001 
 14        -655.7868083673 -4.3E-07  5.2E-04  2.3E-04  0.0E+00    8    1.3E-001 
 15        -655.7868084042 -3.7E-08  9.0E-05  8.3E-05  0.0E+00    8    1.2E-001 
 16        -655.7868084055 -1.3E-09  1.4E-05  1.1E-05  0.0E+00    8    1.2E-001 
 17        -655.7868084060 -4.4E-10  1.7E-05  1.9E-06  0.0E+00    8    1.2E-001 
 18        -655.7868084060 -6.1E-11  5.2E-06  2.0E-06  0.0E+00    8    1.2E-001 
 19        -655.7868084061 -2.8E-11  9.0E-06  6.6E-07  0.0E+00    8    1.2E-001 
 20        -655.7868084062 -9.0E-11  1.8E-05  1.2E-06  0.0E+00    8    1.2E-001 
 21        -655.7868084065 -3.7E-10  3.7E-05  2.5E-06  0.0E+00    8    1.2E-001 
 22        -655.7868084080 -1.5E-09  7.5E-05  5.1E-06  0.0E+00    8    1.2E-001 
 23        -655.7868084141 -6.1E-09  1.5E-04  1.0E-05  0.0E+00    8    1.2E-001 
 24        -655.7868084392 -2.5E-08  3.1E-04  2.1E-05  0.0E+00    8    1.2E-001 
 25        -655.7868085418 -1.0E-07  6.2E-04  4.2E-05  0.0E+00    8    1.2E-001 
 26        -655.7868087811 -2.4E-07  6.5E-04  8.5E-05  1.5E-01    8    1.3E-001 
 27        -655.7868092214 -4.4E-07  7.3E-04  1.5E-04  2.0E-01    8    1.3E-001 
 28        -655.7868099735 -7.5E-07  8.7E-04  2.2E-04  2.3E-01    8    1.3E-001 
 29        -655.7868111967 -1.2E-06  1.1E-03  3.0E-04  2.5E-01    8    1.4E-001 
 30        -655.7868131254 -1.9E-06  1.3E-03  4.1E-04  2.8E-01    8    1.4E-001 
 31        -655.7868161028 -3.0E-06  1.6E-03  5.3E-04  2.9E-01    8    1.4E-001 
 32        -655.7868206310 -4.5E-06  1.9E-03  6.8E-04  3.1E-01    8    1.4E-001 
 33        -655.7868274436 -6.8E-06  2.3E-03  8.5E-04  3.2E-01    8    1.4E-001 
 34        -655.7868376000 -1.0E-05  2.7E-03  1.1E-03  3.3E-01    8    1.4E-001 
 35        -655.7868526435 -1.5E-05  3.3E-03  1.3E-03  3.4E-01    8    1.4E-001 
 36        -655.7868747989 -2.2E-05  3.9E-03  1.6E-03  3.5E-01    8    1.4E-001 
 37        -655.7869072893 -3.2E-05  4.7E-03  2.0E-03  3.5E-01    8    1.4E-001 
 38        -655.7869547110 -4.7E-05  5.7E-03  2.4E-03  3.6E-01    8    1.3E-001 
 39        -655.7870238717 -6.9E-05  6.8E-03  2.9E-03  3.6E-01    8    1.3E-001 
 40        -655.7871242626 -1.0E-04  8.1E-03  3.6E-03  3.6E-01    8    1.3E-001 
 41        -655.7872699139 -1.5E-04  9.7E-03  4.3E-03  3.7E-01    8    1.3E-001 
 42        -655.7874804500 -2.1E-04  1.2E-02  5.2E-03  3.7E-01    8    1.3E-001 
 43        -655.7877846545 -3.0E-04  1.4E-02  6.3E-03  3.7E-01    8    1.3E-001 
 44        -655.7882227070 -4.4E-04  1.6E-02  7.6E-03  3.7E-01    8    1.3E-001 
 45        -655.7888516251 -6.3E-04  1.9E-02  9.1E-03  3.7E-01    8    1.4E-001 
 46        -655.7897500772 -9.0E-04  2.3E-02  1.1E-02  3.6E-01    8    1.4E-001 
 47        -655.7910267478 -1.3E-03  2.6E-02  1.3E-02  3.6E-01    8    1.4E-001 
 48        -655.7928283521 -1.8E-03  3.0E-02  1.5E-02  3.5E-01    8    1.3E-001 
 49        -655.7953453005 -2.5E-03  3.4E-02  1.8E-02  3.4E-01    8    1.3E-001 
 50        -655.7988065952 -3.5E-03  4.8E-02  2.1E-02  3.2E-01    8    1.3E-001 
 51        -655.8034634762 -4.7E-03  6.5E-02  2.3E-02  3.0E-01    8    1.3E-001 
 52        -655.8095173950 -6.1E-03  8.7E-02  2.6E-02  2.7E-01    8    1.4E-001 
 53        -655.8169957720 -7.5E-03  1.1E-01  2.8E-02  2.2E-01    8    1.3E-001 
 54        -655.8254970790 -8.5E-03  1.3E-01  2.7E-02  1.7E-01    8    1.3E-001 
 55        -655.8338565420 -8.4E-03  1.5E-01  2.5E-02  1.1E-01    8    1.3E-001 
 56        -655.8401081207 -6.3E-03  1.4E-01  1.8E-02  4.3E-02    8    1.3E-001 
 57        -655.8385476671  1.6E-03  1.2E-01  8.5E-03  0.0E+00    8    1.2E-001 
 57*       -655.8399658449  1.4E-04  6.3E-02  8.5E-03  6.2E-02    8    1.3E-001 
 57*       -655.8410263518 -9.2E-04  4.4E-02  8.5E-03  7.6E-02    8    1.3E-001 
 58        -655.8473041559 -6.3E-03  5.6E-02  1.9E-02  1.0E-01    8    1.3E-001 
 59        -655.8582461110 -1.1E-02  1.1E-01  1.8E-02  2.6E-01    8    1.3E-001 
 60        -655.8840512550 -2.6E-02  1.6E-01  3.1E-02  4.1E-01    8    1.3E-001 
 61        -655.9313842677 -4.7E-02  2.0E-01  5.2E-02  5.5E-01    8    1.3E-001 
 62        -655.9982164462 -6.7E-02  1.9E-01  1.0E-01  5.2E-01    8    1.3E-001 
 63        -656.0500372341 -5.2E-02  1.6E-01  1.1E-01  2.2E-01    8    1.4E-001 
 64        -656.0560909488 -6.1E-03  1.8E-01  3.4E-02  0.0E+00    8    1.3E-001 
 65        -656.0565752356 -4.8E-04  8.0E-02  4.8E-03  0.0E+00    8    1.3E-001 
 66        -656.0566424736 -6.7E-05  1.1E-02  1.4E-03  0.0E+00    8    1.3E-001 
 67        -656.0566684020 -2.6E-05  7.7E-03  8.6E-04  0.0E+00    8    1.3E-001 
 68        -656.0566754423 -7.0E-06  4.5E-03  7.7E-04  0.0E+00    8    1.3E-001 
 69        -656.0566737998  1.6E-06  4.1E-03  3.5E-04  0.0E+00    8    1.3E-001 
 69*       -656.0566749352  5.1E-07  3.3E-03  3.5E-04  0.0E+00    8    1.3E-001 
 69*       -656.0566758133 -3.7E-07  2.5E-03  3.5E-04  1.3E-02    8    1.3E-001 
 70        -656.0566794231 -3.6E-06  1.2E-03  9.0E-04  4.0E-02    8    1.3E-001 
 71        -656.0566841931 -4.8E-06  1.1E-03  7.6E-04  5.1E-02    8    1.3E-001 
 72        -656.0566869879 -2.8E-06  1.4E-03  1.8E-04  4.0E-02    8    1.3E-001 
 73        -656.0566900662 -3.1E-06  1.7E-03  1.6E-04  2.9E-02    8    1.3E-001 
 74        -656.0566932065 -3.1E-06  2.0E-03  1.4E-04  2.1E-02    8    1.3E-001 
 75        -656.0566962929 -3.1E-06  2.4E-03  1.2E-04  1.4E-02    8    1.3E-001 
 76        -656.0566991321 -2.8E-06  2.9E-03  1.0E-04  8.3E-03    8    1.3E-001 
 77        -656.0567013813 -2.2E-06  3.5E-03  7.0E-05  3.9E-03    8    1.4E-001 
 78        -656.0567024894 -1.1E-06  4.2E-03  3.9E-05  3.2E-04    8    1.4E-001 
 79        -656.0567025177 -2.8E-08  5.7E-04  5.7E-05  0.0E+00    8    1.2E-001 
 80        -656.0567025181 -3.6E-10  7.5E-05  8.7E-06  0.0E+00    8    1.2E-001 
 81        -656.0567025187 -6.1E-10  1.4E-05  1.4E-05  0.0E+00    8    1.3E-001 
 82        -656.0567025189 -2.3E-10  8.6E-06  7.2E-06  0.0E+00    8    1.3E-001 
 83        -656.0567025189 -1.2E-11  4.2E-06  7.7E-07  0.0E+00    8    1.3E-001 
 84        -656.0567025190 -6.5E-12  5.3E-06  5.1E-07  0.0E+00    8    1.3E-001 
 85        -656.0567025190 -1.5E-12  9.6E-07  4.1E-07  0.0E+00    8    1.3E-001 
 ------------------------------------------------------------------------------
 SCF converged
 Converged energy                        -656.056702518953   
 ------------------------------------------------------------------------------
 Ehomo(Alpha) [eV]                       -4.953784964506     
 Elumo(Alpha) [eV]                       0.660609434062      
 Ehomo(Beta) [eV]                        -4.771263813866     
 Elumo(Beta) [eV]                        0.697352819482      

 dipole moment (Debye)
        x              y              z       
     -6.531E-007    -2.735E-007    -1.079E-006

 traceless quadrupole moment (Debye*Angs)
                       x              y              z       
 x                   1.368E-002     8.711E-002     1.438E-001
 y                   8.711E-002    -5.739E-002     9.667E-002
 z                   1.438E-001     9.667E-002     4.371E-002

 ----------------------------------------------------------------------------
 Timings (seconds)
 * mean-field hamiltonian     1.1E+001
 * solver (setting up eqns)   1.1E-001
 * solver (energy estimate)   1.4E-002
 * solver (orthogonalization) 5.4E-003
 * solver (rotation matrix X) 5.3E-001
 * solver (exponential of X)  6.9E-002
 * solver (total)             7.3E-001
 * total SCF                  1.2E+001
 Atomic guess: SM, ../../../../basis-sets/bse/def2-sv(p).txt
 -----------------------------------------------------------
 E(HF) [a.u.]                            -6.5605670252E+002
 Tr(RhoAvg S), Cartesian AOs              3.4000000000E+001
 Tr(RhoAvg S), spherical AOs              3.4000000000E+001
 max|T RhoAvg T**T - RhoAvg_sao|                  8.88E-016
 max|c(RhoAvg) - c(Rho)|                          1.78E-015
 max|RhoAvg - Rho|                                1.91E-001
 Saved /mnt/storage_6/project_data/pl0415-03/marcin/beyond-rpa/guess/electron-densities/bse/def2-sv(p)/sm.txt
 ----------------------------------------------------------------------------
                             SCF for EU (2S+1=8)                             
 ----------------------------------------------------------------------------
 NUMBER OF ATOMS                         1
 CHARGE                                  0
 Prescreening (pq|pq) integrals for the Cholesky decomposition
 Shell pairs will be sorted according to their max elements
 Max diagonal integral MaxDrs=2.3E+001
 Applying Eq. 15 in J. Chem. Phys. 150, 194112 (2019); doi: 10.1063/1.5083802
 Schwarz inequality: Dpq<min(10**(-8),Tau)**2/MaxDrs=4.3E-018
 Trace of exact Coulomb matrix: 2.1E+002
 Trace of discarded integrals: 0.0E+000
 Discarded 0 out of 276 shell pairs
 (0 out of 2415 orbital pairs)

 Step 1 of Cholesky decomposition: locating pivots
 -------------------------------------------------
 Dimensions of the Coulomb matrix: (2415,2415)
 Threshold for diagonal matrix elements: Dpq > 1.0E-007
 Max number of Cholesky vectors: 1035
 Rk storage block size: 500
 Max dimension of 2e integrals buffer: (2415,1000)

 ----------------------------------------------------------------------------
 #    Dmax        Memory (MB)    NPivots     %    Time        
 ----------------------------------------------------------------------------
 1    2.0E-001    2.7E+001       8           3    2.5E-001    
 2    8.0E-003    2.7E+001       244         25   3.6E-001    
 3    7.4E-005    2.4E+001       372         51   2.9E-001    
 4    7.2E-007    1.9E+001       475         89   2.5E-001    
 5    9.4E-008    8.6E+000       549         100  1.7E-001    

 Step 1 of the Cholesky decomposition completed
 Computed 549 pivots
 Largest residual Dpq: 9.4E-008
 NCholesky/NAO = 8.0E+000
 Step 1 of Cholesky decomposition completed in 1.3E+000 seconds
 Detailed timings in seconds
 Subtract prev contribs I (M-R**T*R)     1.1E-002
 Subtract prev contribs II (Rk)          1.8E-002
 Two-electron integrals                  1.3E+000
 Reallocation                            3.8E-003

 Step 2 of Cholesky decomposition completed in 8.6E-002 seconds
 Detailed timings in seconds
 Reduced-dimension matrix V    8.4E-002
 V=L*L**T                      8.0E-004
 L**(-1)                       1.1E-003

 Full-dimension Cholesky vectors of the Coulomb matrix will be stored in memory
 Cholesky vectors computed in 1.6E-001 seconds

 ┌─────────────────────────────────────────┐
 │          Self-consistent field          │
 └─────────────────────────────────────────┘

 Atomic orbital basis set
 . . . . . . . . . . . . . . . . . . . . . . . . . . . . . . . . . . . . . . 
 atomic centers                               1
 shell parameter sets                         23
 spherical AOs                                69
 max angular momentum                         3
 parameter set                                ../../../../basis-sets/bse/def2-sv(p).txt
 . . . . . . . . . . . . . . . . . . . . . . . . . . . . . . . . . . . . . . 
 SCF guess: bare nuclei Hamiltonian
 Starting self-consistent field iterations (spin-unrestricted)
 Alpha electrons: 21
 Beta electrons: 14
 ----------------------------------------------------------------------------
 Exchange-correlation: Hartree-Fock
 ----------------------------------------------------------------------------
 Replicated-data parallel SCF
 ----------------------------
 Processes                               1
 Threads/process                         16
 Allocated 9.7E-004 GiB of scratch space for the KS matrix build
 ----------------------------------------------------------------------------
 Loaded pseudopotential parameters
 ----------------------------------------------------------------------------

 EUROPIUM    
 Parameters file: ../../../../basis-sets/bse/def2-sv(p).txt
 ECP accounts for 28 core electrons

          Coeff         R^n       Exponent                                       

 Local part

 (Local part not present)
          0.00000000      2         1.00000000                                   

 L = 0

        607.65933100      2        23.47138400                                   

 L = 1

        264.38547600      2        16.77247900                                   

 L = 2

        115.38137500      2        13.98134300                                   

 L = 3

        -49.40079400      2        23.96288800                                   

 L = 4

        -26.74827300      2        21.23245800                                   

 ----------------------------------------------------------------------------
 Spherical harmonic basis contains 69 vectors
 Linear independence thresh: Eig(S) > 1.0E-006
 Computations will be carried out in the space of 69 MOs
 Threshold for J, K: |Rho(r,s)*(pq|rs)|,|Rho(q,s)*(pq|rs)| > 1.0E-011
 Convergence conditions
 ----------------------
 RhoDiff < 1.0E-006
 OrbGrad < 1.0E-006
 Max number of macroiters: 1024
 ------------------------------------------------------------------------------
 #           Energy        EDiff    RhoDiff  OrbGrad  OrbShift NStored Time     
 ------------------------------------------------------------------------------
 0          729.4112887064                                        0    1.6E-001 
 1         -671.6912563133           4.7E+02                      0    1.2E-001 
 2         -697.9133962257 -2.6E+01  5.4E+00  3.8E+00  6.7E+00    1    1.2E-001 
 3         -702.3518171837 -4.4E+00  2.0E+00  9.4E-01  1.7E+00    2    1.2E-001 
 4         -703.0463707704 -6.9E-01  4.0E-01  3.1E-01  9.8E-01    3    1.2E-001 
 5         -704.3440702002 -1.3E+00  1.7E-01  3.1E-01  9.9E-01    4    1.2E-001 
 6         -705.3079157888 -9.6E-01  1.6E-01  3.4E-01  1.0E+00    5    1.2E-001 
 7         -705.6873423513 -3.8E-01  1.0E-01  4.4E-01  1.1E+00    6    1.2E-001 
 8         -705.7934925516 -1.1E-01  4.0E-02  2.4E-01  1.2E+00    7    1.2E-001 
 9         -705.9712501266 -1.8E-01  1.1E-01  1.0E-01  1.2E+00    8    1.3E-001 
 10        -706.9855468231 -1.0E+00  2.7E-01  5.0E-01  2.3E+00    8    1.4E-001 
 11        -707.4371202349 -4.5E-01  2.7E-01  6.6E-01  4.6E-01    8    1.4E-001 
 12        -707.8106234880 -3.7E-01  2.9E-01  6.2E-01  3.3E-01    8    1.3E-001 
 13        -708.1923697446 -3.8E-01  3.9E-01  9.5E-02  2.4E-01    8    1.4E-001 
 14        -708.2240726092 -3.2E-02  1.7E-01  8.9E-02  0.0E+00    8    1.2E-001 
 15        -708.2687536871 -4.5E-02  5.3E-01  2.2E-02  5.2E-02    8    1.3E-001 
 16        -708.3014996683 -3.3E-02  2.2E-01  4.2E-02  0.0E+00    8    1.2E-001 
 17        -708.2712238405  3.0E-02  4.3E-01  2.9E-02  1.4E-02    8    1.3E-001 
 17*       -708.2824017282  1.9E-02  3.5E-01  2.9E-02  1.9E-02    8    1.3E-001 
 17*       -708.3065147052 -5.0E-03  2.6E-01  2.9E-02  4.0E-02    8    1.3E-001 
 18        -708.3501168867 -4.4E-02  9.4E-02  1.0E-01  0.0E+00    8    1.2E-001 
 19        -708.3679464302 -1.8E-02  4.8E-02  5.1E-02  0.0E+00    8    1.2E-001 
 20        -708.3687769448 -8.3E-04  2.8E-02  8.7E-03  0.0E+00    8    1.2E-001 
 21        -708.3689325604 -1.6E-04  1.2E-02  8.5E-03  0.0E+00    8    1.2E-001 
 22        -708.3692833185 -3.5E-04  5.8E-03  7.4E-03  0.0E+00    8    1.2E-001 
 23        -708.3692986512 -1.5E-05  2.3E-03  6.5E-04  0.0E+00    8    1.2E-001 
 24        -708.3693166791 -1.8E-05  6.7E-03  5.4E-04  0.0E+00    8    1.2E-001 
 25        -708.3693436409 -2.7E-05  9.4E-03  1.1E-03  0.0E+00    8    1.2E-001 
 26        -708.3693570110 -1.3E-05  5.5E-03  1.1E-03  0.0E+00    8    1.2E-001 
 27        -708.3693625528 -5.5E-06  2.7E-03  1.1E-03  0.0E+00    8    1.2E-001 
 28        -708.3693676635 -5.1E-06  2.3E-03  8.6E-04  0.0E+00    8    1.2E-001 
 29        -708.3693682487 -5.9E-07  6.1E-04  1.8E-04  0.0E+00    8    1.2E-001 
 30        -708.3693683595 -1.1E-07  4.7E-04  7.6E-05  0.0E+00    8    1.3E-001 
 31        -708.3693684768 -1.2E-07  4.4E-04  7.4E-05  0.0E+00    8    1.2E-001 
 32        -708.3693686861 -2.1E-07  8.8E-04  3.4E-05  0.0E+00    8    1.2E-001 
 33        -708.3693688374 -1.5E-07  9.4E-04  6.0E-05  0.0E+00    8    1.2E-001 
 34        -708.3693688819 -4.5E-08  3.7E-04  4.8E-05  0.0E+00    8    1.2E-001 
 35        -708.3693688922 -1.0E-08  1.8E-04  2.7E-05  0.0E+00    8    1.2E-001 
 36        -708.3693688962 -4.0E-09  1.0E-04  2.0E-05  0.0E+00    8    1.2E-001 
 37        -708.3693688967 -5.3E-10  3.8E-05  5.1E-06  0.0E+00    8    1.2E-001 
 38        -708.3693688969 -1.7E-10  9.5E-06  6.1E-06  0.0E+00    8    1.2E-001 
 39        -708.3693688969 -7.9E-11  8.1E-06  3.6E-06  0.0E+00    8    1.2E-001 
 40        -708.3693688970 -1.9E-11  4.4E-06  1.7E-06  0.0E+00    8    1.2E-001 
 41        -708.3693688970 -2.6E-12  1.4E-06  5.3E-07  0.0E+00    8    1.2E-001 
 42        -708.3693688970 -2.3E-13  5.2E-07  2.4E-07  0.0E+00    8    1.2E-001 
 ------------------------------------------------------------------------------
 SCF converged
 Converged energy                        -708.369368896954   
 ------------------------------------------------------------------------------
 Ehomo(Alpha) [eV]                       -5.017190407368     
 Elumo(Alpha) [eV]                       0.682048713914      
 Ehomo(Beta) [eV]                        -4.810021319411     
 Elumo(Beta) [eV]                        0.724730754471      

 dipole moment (Debye)
        x              y              z       
     -2.856E-006     2.242E-006    -1.039E-008

 traceless quadrupole moment (Debye*Angs)
                       x              y              z       
 x                   5.717E-008     1.420E-006    -2.742E-006
 y                   1.420E-006     3.434E-006    -3.542E-007
 z                  -2.742E-006    -3.542E-007    -3.491E-006

 ----------------------------------------------------------------------------
 Timings (seconds)
 * mean-field hamiltonian     5.4E+000
 * solver (setting up eqns)   5.2E-002
 * solver (energy estimate)   6.3E-003
 * solver (orthogonalization) 2.7E-003
 * solver (rotation matrix X) 9.7E-002
 * solver (exponential of X)  4.0E-002
 * solver (total)             2.0E-001
 * total SCF                  5.7E+000
 Atomic guess: EU, ../../../../basis-sets/bse/def2-sv(p).txt
 -----------------------------------------------------------
 E(HF) [a.u.]                            -7.0836936890E+002
 Tr(RhoAvg S), Cartesian AOs              3.5000000000E+001
 Tr(RhoAvg S), spherical AOs              3.5000000000E+001
 max|T RhoAvg T**T - RhoAvg_sao|                  1.78E-015
 max|c(RhoAvg) - c(Rho)|                          8.88E-016
 max|RhoAvg - Rho|                                1.94E-007
 Saved /mnt/storage_6/project_data/pl0415-03/marcin/beyond-rpa/guess/electron-densities/bse/def2-sv(p)/eu.txt
 ----------------------------------------------------------------------------
                             SCF for GD (2S+1=9)                             
 ----------------------------------------------------------------------------
 NUMBER OF ATOMS                         1
 CHARGE                                  0
 Prescreening (pq|pq) integrals for the Cholesky decomposition
 Shell pairs will be sorted according to their max elements
 Max diagonal integral MaxDrs=2.4E+001
 Applying Eq. 15 in J. Chem. Phys. 150, 194112 (2019); doi: 10.1063/1.5083802
 Schwarz inequality: Dpq<min(10**(-8),Tau)**2/MaxDrs=4.1E-018
 Trace of exact Coulomb matrix: 2.2E+002
 Trace of discarded integrals: 0.0E+000
 Discarded 0 out of 276 shell pairs
 (0 out of 2415 orbital pairs)

 Step 1 of Cholesky decomposition: locating pivots
 -------------------------------------------------
 Dimensions of the Coulomb matrix: (2415,2415)
 Threshold for diagonal matrix elements: Dpq > 1.0E-007
 Max number of Cholesky vectors: 1035
 Rk storage block size: 500
 Max dimension of 2e integrals buffer: (2415,1000)

 ----------------------------------------------------------------------------
 #    Dmax        Memory (MB)    NPivots     %    Time        
 ----------------------------------------------------------------------------
 1    1.8E-001    2.7E+001       8           3    2.8E-001    
 2    9.3E-003    2.7E+001       238         20   3.0E-001    
 3    9.2E-005    2.6E+001       367         51   2.2E-001    
 4    9.2E-007    1.9E+001       471         87   3.6E-001    
 5    8.3E-008    1.0E+001       543         100  1.7E-001    

 Step 1 of the Cholesky decomposition completed
 Computed 543 pivots
 Largest residual Dpq: 8.3E-008
 NCholesky/NAO = 7.9E+000
 Step 1 of Cholesky decomposition completed in 1.3E+000 seconds
 Detailed timings in seconds
 Subtract prev contribs I (M-R**T*R)     1.1E-002
 Subtract prev contribs II (Rk)          1.7E-002
 Two-electron integrals                  1.3E+000
 Reallocation                            3.7E-003

 Step 2 of Cholesky decomposition completed in 8.7E-002 seconds
 Detailed timings in seconds
 Reduced-dimension matrix V    8.5E-002
 V=L*L**T                      9.2E-004
 L**(-1)                       1.1E-003

 Full-dimension Cholesky vectors of the Coulomb matrix will be stored in memory
 Cholesky vectors computed in 1.6E-001 seconds

 ┌─────────────────────────────────────────┐
 │          Self-consistent field          │
 └─────────────────────────────────────────┘

 Atomic orbital basis set
 . . . . . . . . . . . . . . . . . . . . . . . . . . . . . . . . . . . . . . 
 atomic centers                               1
 shell parameter sets                         23
 spherical AOs                                69
 max angular momentum                         3
 parameter set                                ../../../../basis-sets/bse/def2-sv(p).txt
 . . . . . . . . . . . . . . . . . . . . . . . . . . . . . . . . . . . . . . 
 SCF guess: bare nuclei Hamiltonian
 Starting self-consistent field iterations (spin-unrestricted)
 Alpha electrons: 22
 Beta electrons: 14
 ----------------------------------------------------------------------------
 Exchange-correlation: Hartree-Fock
 ----------------------------------------------------------------------------
 Replicated-data parallel SCF
 ----------------------------
 Processes                               1
 Threads/process                         16
 Allocated 9.7E-004 GiB of scratch space for the KS matrix build
 ----------------------------------------------------------------------------
 Loaded pseudopotential parameters
 ----------------------------------------------------------------------------

 GADOLINIUM  
 Parameters file: ../../../../basis-sets/bse/def2-sv(p).txt
 ECP accounts for 28 core electrons

          Coeff         R^n       Exponent                                       

 Local part

 (Local part not present)
          0.00000000      2         1.00000000                                   

 L = 0

        637.20086900      2        24.60215100                                   

 L = 1

        261.68960100      2        16.88925000                                   

 L = 2

        106.85653300      2        13.64335800                                   

 L = 3

        -50.68359000      2        24.12691700                                   

 L = 4

        -27.57963000      2        22.13188700                                   

 ----------------------------------------------------------------------------
 Spherical harmonic basis contains 69 vectors
 Linear independence thresh: Eig(S) > 1.0E-006
 Computations will be carried out in the space of 69 MOs
 Threshold for J, K: |Rho(r,s)*(pq|rs)|,|Rho(q,s)*(pq|rs)| > 1.0E-011
 Convergence conditions
 ----------------------
 RhoDiff < 1.0E-006
 OrbGrad < 1.0E-006
 Max number of macroiters: 1024
 ------------------------------------------------------------------------------
 #           Energy        EDiff    RhoDiff  OrbGrad  OrbShift NStored Time     
 ------------------------------------------------------------------------------
 0          669.1216245443                                        0    1.6E-001 
 1         -703.3181099954           4.9E+02                      0    1.3E-001 
 2         -745.6482261364 -4.2E+01  7.5E+00  4.9E+00  1.1E+01    1    1.3E-001 
 3         -755.2818813798 -9.6E+00  1.6E+00  2.2E+00  3.8E+00    2    1.2E-001 
 4         -757.8889179744 -2.6E+00  1.3E+00  1.0E+00  1.0E+00    3    1.3E-001 
 5         -758.5825196519 -6.9E-01  2.0E-01  2.9E-01  1.2E+00    4    1.2E-001 
 6         -759.9402290310 -1.4E+00  1.8E-01  3.5E-01  8.8E-01    5    1.3E-001 
 7         -760.7026200771 -7.6E-01  1.9E-01  4.5E-01  1.1E+00    6    1.3E-001 
 8         -760.9852425240 -2.8E-01  8.1E-02  3.5E-01  1.0E+00    7    1.3E-001 
 9         -761.6612307504 -6.8E-01  2.0E-01  1.6E-01  1.1E+00    8    1.3E-001 
 10        -762.8607938915 -1.2E+00  3.9E-01  8.5E-01  1.6E+00    8    1.4E-001 
 11        -762.9828891155 -1.2E-01  1.1E-01  3.8E-01  0.0E+00    8    1.3E-001 
 12        -762.9947452575 -1.2E-02  1.7E-01  2.1E-02  0.0E+00    8    1.3E-001 
 13        -763.0395669053 -4.5E-02  4.4E-01  3.0E-02  0.0E+00    8    1.3E-001 
 14        -763.1205289355 -8.1E-02  3.3E-01  5.2E-02  8.5E-02    8    1.4E-001 
 15        -763.1330584169 -1.3E-02  1.4E-01  4.8E-02  0.0E+00    8    1.2E-001 
 16        -763.1334042935 -3.5E-04  8.9E-02  5.6E-03  0.0E+00    8    1.2E-001 
 17        -763.1338486629 -4.4E-04  3.4E-02  8.3E-03  0.0E+00    8    1.3E-001 
 18        -763.1342365048 -3.9E-04  2.0E-02  3.1E-03  1.1E-02    8    1.3E-001 
 19        -763.1348316915 -6.0E-04  2.6E-02  3.4E-03  5.4E-02    8    1.3E-001 
 20        -763.1361380328 -1.3E-03  3.0E-02  7.7E-03  8.0E-02    8    1.4E-001 
 21        -763.1380462343 -1.9E-03  3.3E-02  5.1E-03  9.7E-02    8    1.4E-001 
 22        -763.1408467104 -2.8E-03  3.6E-02  7.5E-03  1.1E-01    8    1.4E-001 
 23        -763.1449597436 -4.1E-03  4.8E-02  9.8E-03  1.1E-01    8    1.4E-001 
 24        -763.1508382890 -5.9E-03  6.7E-02  1.2E-02  1.1E-01    8    1.4E-001 
 25        -763.1589739260 -8.1E-03  8.3E-02  1.4E-02  1.0E-01    8    1.4E-001 
 26        -763.1715162338 -1.3E-02  1.2E-01  1.3E-02  9.2E-02    8    1.3E-001 
 27        -763.2030878497 -3.2E-02  2.8E-01  2.2E-02  2.3E-01    8    1.4E-001 
 28        -763.2749872713 -7.2E-02  3.5E-01  5.0E-02  3.7E-01    8    1.4E-001 
 29        -763.3458329364 -7.1E-02  1.9E-01  1.1E-01  2.5E-01    8    1.4E-001 
 30        -763.3701648921 -2.4E-02  1.8E-01  2.9E-02  4.0E-02    8    1.3E-001 
 31        -763.3848676462 -1.5E-02  3.6E-01  2.3E-02  0.0E+00    8    1.3E-001 
 32        -763.3878516348 -3.0E-03  4.0E-02  1.6E-02  0.0E+00    8    1.3E-001 
 33        -763.3883263101 -4.7E-04  3.9E-02  1.3E-02  0.0E+00    8    1.3E-001 
 34        -763.3890044279 -6.8E-04  1.4E-02  1.3E-02  0.0E+00    8    1.3E-001 
 35        -763.3891075764 -1.0E-04  1.0E-02  1.9E-03  0.0E+00    8    1.3E-001 
 36        -763.3891797138 -7.2E-05  1.1E-02  2.0E-03  0.0E+00    8    1.3E-001 
 37        -763.3892126746 -3.3E-05  5.5E-03  1.8E-03  0.0E+00    8    1.3E-001 
 38        -763.3892311354 -1.8E-05  6.4E-03  9.9E-04  0.0E+00    8    1.3E-001 
 39        -763.3892417667 -1.1E-05  5.2E-03  1.7E-03  0.0E+00    8    1.3E-001 
 40        -763.3893536685 -1.1E-04  1.6E-02  3.4E-03  0.0E+00    8    1.3E-001 
 41        -763.3894174737 -6.4E-05  1.2E-02  1.3E-03  0.0E+00    8    1.3E-001 
 42        -763.3894623720 -4.5E-05  1.0E-02  7.8E-04  0.0E+00    8    1.3E-001 
 43        -763.3895410834 -7.9E-05  2.1E-02  1.1E-03  0.0E+00    8    1.3E-001 
 44        -763.3895732469 -3.2E-05  1.2E-02  1.9E-03  0.0E+00    8    1.3E-001 
 45        -763.3896102381 -3.7E-05  7.3E-03  2.6E-03  0.0E+00    8    1.3E-001 
 46        -763.3896442606 -3.4E-05  8.6E-03  1.9E-03  0.0E+00    8    1.3E-001 
 47        -763.3896495718 -5.3E-06  2.9E-03  6.6E-04  0.0E+00    8    1.3E-001 
 48        -763.3896533082 -3.7E-06  1.7E-03  5.5E-04  0.0E+00    8    1.3E-001 
 49        -763.3896549164 -1.6E-06  2.4E-03  2.9E-04  0.0E+00    8    1.3E-001 
 50        -763.3896555196 -6.0E-07  5.7E-04  3.2E-04  0.0E+00    8    1.3E-001 
 51        -763.3896563955 -8.8E-07  6.6E-04  3.8E-04  0.0E+00    8    1.3E-001 
 52        -763.3896566982 -3.0E-07  7.6E-04  1.5E-04  0.0E+00    8    1.3E-001 
 53        -763.3896569282 -2.3E-07  7.0E-04  9.8E-05  0.0E+00    8    1.3E-001 
 54        -763.3896570985 -1.7E-07  7.3E-04  1.0E-04  0.0E+00    8    1.3E-001 
 55        -763.3896571453 -4.7E-08  3.2E-04  4.5E-05  0.0E+00    8    1.2E-001 
 56        -763.3896571559 -1.1E-08  1.5E-04  3.3E-05  0.0E+00    8    1.2E-001 
 57        -763.3896571696 -1.4E-08  7.7E-05  7.0E-05  0.0E+00    8    1.3E-001 
 58        -763.3896571881 -1.9E-08  1.2E-04  5.4E-05  0.0E+00    8    1.2E-001 
 59        -763.3896571948 -6.7E-09  1.2E-04  1.2E-05  0.0E+00    8    1.3E-001 
 60        -763.3896572000 -5.2E-09  1.2E-04  2.2E-05  0.0E+00    8    1.3E-001 
 61        -763.3896572019 -1.9E-09  5.6E-05  2.1E-05  0.0E+00    8    1.3E-001 
 62        -763.3896572040 -2.0E-09  3.5E-05  2.2E-05  0.0E+00    8    1.3E-001 
 63        -763.3896572044 -4.1E-10  2.7E-05  5.0E-06  0.0E+00    8    1.3E-001 
 64        -763.3896572045 -1.4E-10  1.2E-05  4.1E-06  0.0E+00    8    1.2E-001 
 65        -763.3896572046 -6.4E-11  1.2E-05  1.8E-06  0.0E+00    8    1.3E-001 
 66        -763.3896572046 -2.2E-11  6.6E-06  1.3E-06  0.0E+00    8    1.3E-001 
 67        -763.3896572046 -9.1E-13  3.3E-06  3.3E-07  0.0E+00    8    1.3E-001 
 68        -763.3896572046 -5.1E-12  1.2E-06  9.1E-07  0.0E+00    8    1.3E-001 
 69        -763.3896572046 -3.4E-12  1.6E-06  5.6E-07  0.0E+00    8    1.2E-001 
 70        -763.3896572046 -6.4E-12  3.9E-06  6.9E-07  0.0E+00    8    1.2E-001 
 71        -763.3896572046 -2.4E-12  2.1E-06  3.6E-07  0.0E+00    8    1.3E-001 
 72        -763.3896572046 -1.6E-12  2.2E-06  3.6E-07  0.0E+00    8    1.3E-001 
 73        -763.3896572046 -1.1E-12  5.2E-07  3.2E-07  0.0E+00    8    1.3E-001 
 ------------------------------------------------------------------------------
 SCF converged
 Converged energy                        -763.389657204628   
 ------------------------------------------------------------------------------
 Ehomo(Alpha) [eV]                       -5.683915209437     
 Elumo(Alpha) [eV]                       0.750246976850      
 Ehomo(Beta) [eV]                        -5.050227103440     
 Elumo(Beta) [eV]                        0.678187037169      

 dipole moment (Debye)
        x              y              z       
      1.341E-006     9.912E-006    -7.017E-007

 traceless quadrupole moment (Debye*Angs)
                       x              y              z       
 x                  -6.595E-001     7.210E-001     5.968E-002
 y                   7.210E-001     1.519E+000     1.982E-001
 z                   5.968E-002     1.982E-001    -8.599E-001

 ----------------------------------------------------------------------------
 Timings (seconds)
 * mean-field hamiltonian     9.1E+000
 * solver (setting up eqns)   8.9E-002
 * solver (energy estimate)   1.3E-002
 * solver (orthogonalization) 4.5E-003
 * solver (rotation matrix X) 2.0E-001
 * solver (exponential of X)  6.3E-002
 * solver (total)             3.7E-001
 * total SCF                  9.6E+000
 Atomic guess: GD, ../../../../basis-sets/bse/def2-sv(p).txt
 -----------------------------------------------------------
 E(HF) [a.u.]                            -7.6338965720E+002
 Tr(RhoAvg S), Cartesian AOs              3.6000000000E+001
 Tr(RhoAvg S), spherical AOs              3.6000000000E+001
 max|T RhoAvg T**T - RhoAvg_sao|                  1.78E-015
 max|c(RhoAvg) - c(Rho)|                          8.88E-016
 max|RhoAvg - Rho|                                2.99E-001
 Saved /mnt/storage_6/project_data/pl0415-03/marcin/beyond-rpa/guess/electron-densities/bse/def2-sv(p)/gd.txt
 ----------------------------------------------------------------------------
                             SCF for TB (2S+1=6)                             
 ----------------------------------------------------------------------------
 NUMBER OF ATOMS                         1
 CHARGE                                  0
 Prescreening (pq|pq) integrals for the Cholesky decomposition
 Shell pairs will be sorted according to their max elements
 Max diagonal integral MaxDrs=2.5E+001
 Applying Eq. 15 in J. Chem. Phys. 150, 194112 (2019); doi: 10.1063/1.5083802
 Schwarz inequality: Dpq<min(10**(-8),Tau)**2/MaxDrs=4.1E-018
 Trace of exact Coulomb matrix: 2.2E+002
 Trace of discarded integrals: 0.0E+000
 Discarded 0 out of 276 shell pairs
 (0 out of 2415 orbital pairs)

 Step 1 of Cholesky decomposition: locating pivots
 -------------------------------------------------
 Dimensions of the Coulomb matrix: (2415,2415)
 Threshold for diagonal matrix elements: Dpq > 1.0E-007
 Max number of Cholesky vectors: 1035
 Rk storage block size: 500
 Max dimension of 2e integrals buffer: (2415,1000)

 ----------------------------------------------------------------------------
 #    Dmax        Memory (MB)    NPivots     %    Time        
 ----------------------------------------------------------------------------
 1    1.8E-001    2.7E+001       9           3    2.8E-001    
 2    3.1E-003    2.7E+001       234         19   2.3E-001    
 3    9.7E-005    2.6E+001       401         65   3.0E-001    
 4    9.6E-007    1.6E+001       481         88   1.6E-001    
 5    7.9E-008    1.1E+001       544         100  1.5E-001    

 Step 1 of the Cholesky decomposition completed
 Computed 544 pivots
 Largest residual Dpq: 7.9E-008
 NCholesky/NAO = 7.9E+000
 Step 1 of Cholesky decomposition completed in 1.1E+000 seconds
 Detailed timings in seconds
 Subtract prev contribs I (M-R**T*R)     1.0E-002
 Subtract prev contribs II (Rk)          1.7E-002
 Two-electron integrals                  1.1E+000
 Reallocation                            3.3E-003

 Step 2 of Cholesky decomposition completed in 9.4E-002 seconds
 Detailed timings in seconds
 Reduced-dimension matrix V    9.2E-002
 V=L*L**T                      7.7E-004
 L**(-1)                       9.2E-004

 Full-dimension Cholesky vectors of the Coulomb matrix will be stored in memory
 Cholesky vectors computed in 1.8E-001 seconds

 ┌─────────────────────────────────────────┐
 │          Self-consistent field          │
 └─────────────────────────────────────────┘

 Atomic orbital basis set
 . . . . . . . . . . . . . . . . . . . . . . . . . . . . . . . . . . . . . . 
 atomic centers                               1
 shell parameter sets                         23
 spherical AOs                                69
 max angular momentum                         3
 parameter set                                ../../../../basis-sets/bse/def2-sv(p).txt
 . . . . . . . . . . . . . . . . . . . . . . . . . . . . . . . . . . . . . . 
 SCF guess: bare nuclei Hamiltonian
 Starting self-consistent field iterations (spin-unrestricted)
 Alpha electrons: 21
 Beta electrons: 16
 ----------------------------------------------------------------------------
 Exchange-correlation: Hartree-Fock
 ----------------------------------------------------------------------------
 Replicated-data parallel SCF
 ----------------------------
 Processes                               1
 Threads/process                         16
 Allocated 9.7E-004 GiB of scratch space for the KS matrix build
 ----------------------------------------------------------------------------
 Loaded pseudopotential parameters
 ----------------------------------------------------------------------------

 TERBIUM     
 Parameters file: ../../../../basis-sets/bse/def2-sv(p).txt
 ECP accounts for 28 core electrons

          Coeff         R^n       Exponent                                       

 Local part

 (Local part not present)
          0.00000000      2         1.00000000                                   

 L = 0

        668.59715500      2        24.95295600                                   

 L = 1

        266.98047500      2        17.61089900                                   

 L = 2

         97.50659600      2        12.97600900                                   

 L = 3

        -52.17575700      2        24.24886900                                   

 L = 4

        -28.69426800      2        23.13067200                                   

 ----------------------------------------------------------------------------
 Spherical harmonic basis contains 69 vectors
 Linear independence thresh: Eig(S) > 1.0E-006
 Computations will be carried out in the space of 69 MOs
 Threshold for J, K: |Rho(r,s)*(pq|rs)|,|Rho(q,s)*(pq|rs)| > 1.0E-011
 Convergence conditions
 ----------------------
 RhoDiff < 1.0E-006
 OrbGrad < 1.0E-006
 Max number of macroiters: 1024
 ------------------------------------------------------------------------------
 #           Energy        EDiff    RhoDiff  OrbGrad  OrbShift NStored Time     
 ------------------------------------------------------------------------------
 0          720.9667902865                                        0    1.7E-001 
 1         -767.1185846560           3.4E+02                      0    1.3E-001 
 2         -805.8419876847 -3.9E+01  6.9E+00  4.8E+00  1.0E+01    1    1.4E-001 
 3         -812.9848223821 -7.1E+00  2.1E+00  1.9E+00  3.1E+00    2    1.4E-001 
 4         -815.1786892625 -2.2E+00  9.8E-01  1.0E+00  8.7E-01    3    1.3E-001 
 5         -816.0357498899 -8.6E-01  1.9E-01  2.9E-01  1.1E+00    4    1.3E-001 
 6         -817.8547647443 -1.8E+00  2.3E-01  3.5E-01  7.8E-01    5    1.3E-001 
 7         -818.2337197226 -3.8E-01  1.1E-01  4.6E-01  1.3E+00    6    1.3E-001 
 8         -818.3590811285 -1.3E-01  4.8E-02  2.5E-01  1.1E+00    7    1.3E-001 
 9         -818.4031665998 -4.4E-02  2.6E-02  1.4E-01  1.2E+00    8    1.3E-001 
 10        -818.4486784436 -4.6E-02  7.8E-02  1.3E-01  1.2E+00    8    1.3E-001 
 11        -819.0806326122 -6.3E-01  1.9E-01  2.8E-01  1.1E+00    8    1.4E-001 
 12        -820.1578940822 -1.1E+00  2.9E-01  8.7E-01  1.8E+00    8    1.4E-001 
 13        -820.5133777086 -3.6E-01  6.1E-01  5.2E-01  5.6E-02    8    1.4E-001 
 14        -820.7549196398 -2.4E-01  3.7E-01  1.2E-01  1.1E-01    8    1.4E-001 
 15        -820.8533519290 -9.8E-02  7.6E-01  1.4E-01  0.0E+00    8    1.3E-001 
 16        -820.8671645966 -1.4E-02  2.0E-01  2.1E-02  0.0E+00    8    1.3E-001 
 17        -820.8517721096  1.5E-02  4.2E-01  2.5E-02  0.0E+00    8    1.3E-001 
 17*       -820.8616943495  5.5E-03  3.2E-01  2.5E-02  1.5E-02    8    1.3E-001 
 17*       -820.8670208839  1.4E-04  2.4E-01  2.5E-02  3.8E-02    8    1.3E-001 
 17*       -820.8691154377 -2.0E-03  1.8E-01  2.5E-02  7.1E-02    8    1.4E-001 
 18        -820.8693815707 -2.7E-04  7.1E-02  6.3E-02  1.8E-01    8    1.4E-001 
 19        -820.9163778141 -4.7E-02  1.2E-01  9.1E-02  2.5E-01    8    1.4E-001 
 20        -820.9425397054 -2.6E-02  1.8E-01  3.8E-02  2.0E-01    8    1.5E-001 
 21        -820.9648441793 -2.2E-02  1.5E-01  3.4E-02  1.1E-01    8    1.4E-001 
 22        -820.9715149441 -6.7E-03  1.3E-01  1.8E-02  0.0E+00    8    1.3E-001 
 23        -820.9721370520 -6.2E-04  5.5E-02  6.2E-03  0.0E+00    8    1.3E-001 
 24        -820.9723271378 -1.9E-04  1.2E-02  3.4E-03  0.0E+00    8    1.3E-001 
 25        -820.9724029607 -7.6E-05  1.2E-02  2.9E-03  0.0E+00    8    1.3E-001 
 26        -820.9724356233 -3.3E-05  6.2E-03  2.5E-03  0.0E+00    8    1.3E-001 
 27        -820.9724825313 -4.7E-05  3.7E-03  2.2E-03  0.0E+00    8    1.3E-001 
 28        -820.9725524632 -7.0E-05  9.4E-03  1.8E-03  0.0E+00    8    1.3E-001 
 29        -820.9725925697 -4.0E-05  7.6E-03  1.9E-03  0.0E+00    8    1.3E-001 
 30        -820.9726072681 -1.5E-05  1.8E-03  1.5E-03  0.0E+00    8    1.3E-001 
 31        -820.9726355732 -2.8E-05  3.4E-03  1.6E-03  0.0E+00    8    1.3E-001 
 32        -820.9727214830 -8.6E-05  1.1E-02  1.5E-03  8.7E-04    8    1.4E-001 
 33        -820.9728242294 -1.0E-04  1.5E-02  1.4E-03  9.1E-03    8    1.4E-001 
 34        -820.9729177628 -9.4E-05  1.7E-02  1.1E-03  3.5E-03    8    1.4E-001 
 35        -820.9729758317 -5.8E-05  1.4E-02  9.3E-04  0.0E+00    8    1.3E-001 
 36        -820.9730161679 -4.0E-05  9.7E-03  7.9E-04  0.0E+00    8    1.3E-001 
 37        -820.9730691698 -5.3E-05  1.6E-02  8.5E-04  0.0E+00    8    1.3E-001 
 38        -820.9731157945 -4.7E-05  2.2E-02  8.8E-04  0.0E+00    8    1.3E-001 
 39        -820.9731637743 -4.8E-05  1.1E-02  2.6E-03  0.0E+00    8    1.4E-001 
 40        -820.9731913502 -2.8E-05  8.9E-03  7.5E-04  0.0E+00    8    1.3E-001 
 41        -820.9731987539 -7.4E-06  4.4E-03  1.1E-03  0.0E+00    8    1.4E-001 
 42        -820.9732017076 -3.0E-06  2.4E-03  5.2E-04  0.0E+00    8    1.3E-001 
 43        -820.9732046653 -3.0E-06  1.4E-03  2.8E-04  0.0E+00    8    1.4E-001 
 44        -820.9732079197 -3.3E-06  2.1E-03  2.9E-04  0.0E+00    8    1.4E-001 
 45        -820.9732095935 -1.7E-06  1.2E-03  3.0E-04  0.0E+00    8    1.4E-001 
 46        -820.9732100622 -4.7E-07  9.4E-04  3.1E-04  0.0E+00    8    1.4E-001 
 47        -820.9732114404 -1.4E-06  6.7E-04  3.7E-04  0.0E+00    8    1.4E-001 
 48        -820.9732132596 -1.8E-06  2.9E-03  3.2E-04  0.0E+00    8    1.4E-001 
 49        -820.9732158257 -2.6E-06  5.3E-03  3.4E-04  3.2E-04    8    1.5E-001 
 50        -820.9732186832 -2.9E-06  4.4E-03  3.6E-04  0.0E+00    8    1.4E-001 
 51        -820.9732220238 -3.3E-06  3.6E-03  3.8E-04  0.0E+00    8    1.4E-001 
 52        -820.9732265283 -4.5E-06  3.8E-03  3.8E-04  0.0E+00    8    1.3E-001 
 53        -820.9732305168 -4.0E-06  2.3E-03  4.4E-04  0.0E+00    8    1.3E-001 
 54        -820.9732349707 -4.5E-06  2.8E-03  3.6E-04  0.0E+00    8    1.4E-001 
 55        -820.9732435159 -8.5E-06  6.1E-03  3.5E-04  0.0E+00    8    1.4E-001 
 56        -820.9732549574 -1.1E-05  8.3E-03  3.3E-04  3.3E-03    8    1.5E-001 
 57        -820.9732697773 -1.5E-05  1.0E-02  7.6E-04  3.1E-03    8    1.5E-001 
 58        -820.9732806294 -1.1E-05  1.2E-02  5.5E-04  1.3E-03    8    1.5E-001 
 59        -820.9732840169 -3.4E-06  5.0E-03  5.2E-04  0.0E+00    8    1.3E-001 
 60        -820.9732870693 -3.1E-06  3.8E-03  4.4E-04  0.0E+00    8    1.4E-001 
 61        -820.9732896806 -2.6E-06  2.2E-03  3.6E-04  0.0E+00    8    2.4E-001 
 62        -820.9732908699 -1.2E-06  1.5E-03  2.2E-04  0.0E+00    8    1.3E-001 
 63        -820.9732918663 -1.0E-06  1.1E-03  2.0E-04  0.0E+00    8    1.3E-001 
 64        -820.9732931396 -1.3E-06  1.5E-03  1.7E-04  0.0E+00    8    1.3E-001 
 65        -820.9732938153 -6.8E-07  8.1E-04  1.8E-04  0.0E+00    8    1.3E-001 
 66        -820.9732941237 -3.1E-07  4.0E-04  1.3E-04  0.0E+00    8    1.3E-001 
 67        -820.9732945309 -4.1E-07  1.0E-03  9.8E-05  0.0E+00    8    1.4E-001 
 68        -820.9732947351 -2.0E-07  1.1E-03  8.2E-05  0.0E+00    8    1.3E-001 
 69        -820.9732948148 -8.0E-08  3.6E-04  1.0E-04  0.0E+00    8    1.3E-001 
 70        -820.9732948209 -6.2E-09  1.7E-04  3.6E-05  0.0E+00    8    1.4E-001 
 71        -820.9732949638 -1.4E-07  4.6E-04  1.4E-04  0.0E+00    8    1.4E-001 
 72        -820.9732950292 -6.5E-08  4.5E-04  6.1E-05  0.0E+00    8    1.4E-001 
 73        -820.9732950859 -5.7E-08  3.8E-04  5.7E-05  0.0E+00    8    1.3E-001 
 74        -820.9732951252 -3.9E-08  2.0E-04  4.3E-05  0.0E+00    8    1.3E-001 
 75        -820.9732951762 -5.1E-08  1.5E-04  4.3E-05  0.0E+00    8    1.4E-001 
 76        -820.9732952044 -2.8E-08  1.5E-04  3.7E-05  0.0E+00    8    1.5E-001 
 77        -820.9732952807 -7.6E-08  1.8E-04  7.2E-05  0.0E+00    8    1.5E-001 
 78        -820.9732953718 -9.1E-08  3.9E-04  4.0E-05  0.0E+00    8    1.4E-001 
 79        -820.9732954162 -4.4E-08  2.6E-04  2.5E-05  0.0E+00    8    1.3E-001 
 80        -820.9732954372 -2.1E-08  2.5E-04  4.8E-05  0.0E+00    8    1.3E-001 
 81        -820.9732954642 -2.7E-08  2.6E-04  7.2E-05  0.0E+00    8    1.4E-001 
 82        -820.9732955090 -4.5E-08  3.0E-04  7.0E-05  0.0E+00    8    1.3E-001 
 83        -820.9732955433 -3.4E-08  4.6E-04  2.1E-05  0.0E+00    8    1.3E-001 
 84        -820.9732955600 -1.7E-08  2.0E-04  2.7E-05  0.0E+00    8    1.3E-001 
 85        -820.9732955751 -1.5E-08  1.3E-04  1.9E-05  0.0E+00    8    1.3E-001 
 86        -820.9732955954 -2.0E-08  1.1E-04  1.8E-05  0.0E+00    8    1.3E-001 
 87        -820.9732956237 -2.8E-08  3.3E-04  2.4E-05  2.0E-03    8    1.4E-001 
 88        -820.9732956504 -2.7E-08  4.2E-04  2.3E-05  4.9E-04    8    1.4E-001 
 89        -820.9732956785 -2.8E-08  5.0E-04  3.0E-05  1.5E-04    8    1.5E-001 
 90        -820.9732956948 -1.6E-08  1.5E-04  1.4E-05  0.0E+00    8    1.3E-001 
 91        -820.9732957165 -2.2E-08  2.4E-04  1.6E-05  0.0E+00    8    1.3E-001 
 92        -820.9732957257 -9.2E-09  1.2E-04  2.0E-05  0.0E+00    8    1.3E-001 
 93        -820.9732957340 -8.3E-09  9.3E-05  3.4E-05  0.0E+00    8    1.3E-001 
 94        -820.9732957484 -1.4E-08  2.4E-04  2.9E-05  0.0E+00    8    1.3E-001 
 95        -820.9732957682 -2.0E-08  2.7E-04  1.9E-05  0.0E+00    8    1.3E-001 
 96        -820.9732957856 -1.7E-08  2.5E-04  1.4E-05  0.0E+00    8    1.3E-001 
 97        -820.9732957974 -1.2E-08  1.9E-04  2.3E-05  0.0E+00    8    1.3E-001 
 98        -820.9732958050 -7.6E-09  1.1E-04  2.2E-05  0.0E+00    8    1.3E-001 
 99        -820.9732958127 -7.7E-09  1.6E-04  1.1E-05  0.0E+00    8    1.3E-001 
 100       -820.9732958182 -5.4E-09  1.7E-04  1.0E-05  0.0E+00    8    1.4E-001 
 101       -820.9732958236 -5.4E-09  9.6E-05  7.8E-06  0.0E+00    8    1.3E-001 
 102       -820.9732958277 -4.1E-09  9.3E-05  1.0E-05  0.0E+00    8    1.4E-001 
 103       -820.9732958317 -4.0E-09  7.5E-05  3.2E-05  0.0E+00    8    1.3E-001 
 104       -820.9732958380 -6.3E-09  8.9E-05  2.8E-05  0.0E+00    8    1.3E-001 
 105       -820.9732958460 -8.0E-09  1.4E-04  9.8E-06  7.6E-04    8    1.4E-001 
 106       -820.9732958504 -4.4E-09  7.8E-05  1.7E-05  0.0E+00    8    1.3E-001 
 107       -820.9732958571 -6.7E-09  1.1E-04  1.5E-05  0.0E+00    8    1.3E-001 
 108       -820.9732958630 -5.9E-09  1.4E-04  1.0E-05  0.0E+00    8    1.3E-001 
 109       -820.9732958705 -7.5E-09  2.8E-04  2.1E-05  1.5E-04    8    1.4E-001 
 110       -820.9732958746 -4.1E-09  1.3E-04  1.3E-05  0.0E+00    8    1.3E-001 
 111       -820.9732958768 -2.2E-09  1.3E-04  1.2E-05  0.0E+00    8    1.3E-001 
 112       -820.9732958782 -1.4E-09  7.3E-05  9.8E-06  0.0E+00    8    1.3E-001 
 113       -820.9732958787 -5.0E-10  6.7E-05  5.4E-06  0.0E+00    8    1.3E-001 
 114       -820.9732958796 -8.5E-10  4.7E-05  1.2E-05  0.0E+00    8    1.3E-001 
 115       -820.9732958812 -1.6E-09  5.8E-05  1.2E-05  0.0E+00    8    1.3E-001 
 116       -820.9732958837 -2.6E-09  1.1E-04  7.5E-06  9.3E-04    8    1.4E-001 
 117       -820.9732958863 -2.6E-09  1.2E-04  5.7E-06  2.5E-03    8    1.4E-001 
 118       -820.9732958888 -2.5E-09  1.5E-04  1.2E-05  1.6E-03    8    1.4E-001 
 119       -820.9732958915 -2.7E-09  1.6E-04  1.2E-05  0.0E+00    8    1.3E-001 
 120       -820.9732958927 -1.2E-09  7.2E-05  6.7E-06  0.0E+00    8    1.3E-001 
 121       -820.9732958947 -2.0E-09  1.5E-04  1.1E-05  0.0E+00    8    1.3E-001 
 122       -820.9732958959 -1.2E-09  1.0E-04  3.4E-06  0.0E+00    8    1.3E-001 
 123       -820.9732958966 -7.4E-10  5.7E-05  3.2E-06  0.0E+00    8    1.3E-001 
 124       -820.9732958979 -1.3E-09  8.5E-05  5.2E-06  0.0E+00    8    1.3E-001 
 125       -820.9732958998 -1.9E-09  1.3E-04  7.6E-06  0.0E+00    8    1.3E-001 
 126       -820.9732959003 -5.0E-10  8.2E-05  1.7E-05  0.0E+00    8    1.3E-001 
 127       -820.9732959020 -1.7E-09  9.4E-05  1.9E-05  0.0E+00    8    1.3E-001 
 128       -820.9732959032 -1.3E-09  1.2E-04  7.5E-06  0.0E+00    8    1.4E-001 
 129       -820.9732959047 -1.4E-09  1.2E-04  5.5E-06  0.0E+00    8    1.3E-001 
 130       -820.9732959056 -9.8E-10  6.2E-05  1.0E-05  0.0E+00    8    1.3E-001 
 131       -820.9732959063 -6.6E-10  2.6E-05  7.1E-06  0.0E+00    8    1.4E-001 
 132       -820.9732959075 -1.2E-09  5.4E-05  4.6E-06  0.0E+00    8    1.4E-001 
 133       -820.9732959080 -5.3E-10  2.9E-05  3.2E-06  0.0E+00    8    1.3E-001 
 134       -820.9732959089 -8.4E-10  5.1E-05  2.3E-06  0.0E+00    8    1.3E-001 
 135       -820.9732959097 -7.9E-10  1.0E-04  3.0E-06  0.0E+00    8    1.3E-001 
 136       -820.9732959100 -2.9E-10  6.2E-05  5.6E-06  0.0E+00    8    1.3E-001 
 137       -820.9732959103 -3.6E-10  2.4E-05  8.1E-06  0.0E+00    8    1.4E-001 
 138       -820.9732959112 -8.5E-10  7.3E-05  7.5E-06  0.0E+00    8    1.3E-001 
 139       -820.9732959114 -2.3E-10  2.9E-05  3.7E-06  0.0E+00    8    1.4E-001 
 140       -820.9732959116 -2.1E-10  2.3E-05  2.4E-06  0.0E+00    8    1.3E-001 
 141       -820.9732959118 -1.9E-10  2.1E-05  4.2E-06  0.0E+00    8    1.3E-001 
 142       -820.9732959121 -2.6E-10  2.3E-05  3.7E-06  0.0E+00    8    1.3E-001 
 143       -820.9732959124 -3.1E-10  4.9E-05  2.2E-06  0.0E+00    8    1.3E-001 
 144       -820.9732959126 -2.6E-10  5.6E-05  2.1E-06  7.3E-04    8    1.4E-001 
 145       -820.9732959129 -2.8E-10  6.4E-05  2.7E-06  0.0E+00    8    1.3E-001 
 146       -820.9732959130 -9.8E-11  1.3E-05  2.0E-06  0.0E+00    8    1.4E-001 
 147       -820.9732959131 -6.9E-11  2.3E-05  3.1E-06  0.0E+00    8    1.3E-001 
 148       -820.9732959132 -1.7E-10  2.6E-05  3.7E-06  0.0E+00    8    1.3E-001 
 149       -820.9732959135 -2.7E-10  5.1E-05  4.1E-06  0.0E+00    8    1.3E-001 
 150       -820.9732959137 -1.8E-10  1.5E-05  1.9E-06  0.0E+00    8    1.3E-001 
 151       -820.9732959140 -2.6E-10  4.3E-05  2.2E-06  0.0E+00    8    1.3E-001 
 152       -820.9732959141 -1.8E-10  1.7E-05  4.0E-06  0.0E+00    8    1.3E-001 
 153       -820.9732959142 -1.0E-10  1.4E-05  1.2E-06  0.0E+00    8    1.3E-001 
 154       -820.9732959146 -3.2E-10  3.7E-05  2.8E-06  5.4E-05    8    1.4E-001 
 155       -820.9732959148 -2.1E-10  3.3E-05  2.8E-06  0.0E+00    8    1.4E-001 
 156       -820.9732959148 -8.9E-11  1.2E-05  2.1E-06  0.0E+00    8    1.3E-001 
 157       -820.9732959149 -4.4E-11  8.5E-06  1.3E-06  0.0E+00    8    1.3E-001 
 158       -820.9732959149 -4.3E-11  1.2E-05  1.3E-06  0.0E+00    8    1.3E-001 
 159       -820.9732959150 -4.8E-11  8.1E-06  2.6E-06  0.0E+00    8    1.3E-001 
 160       -820.9732959151 -7.0E-11  1.3E-05  1.7E-06  0.0E+00    8    3.0E-001 
 161       -820.9732959152 -1.1E-10  2.0E-05  2.4E-06  0.0E+00    8    3.1E-001 
 162       -820.9732959152 -3.1E-11  7.9E-06  1.2E-06  0.0E+00    8    2.8E-001 
 163       -820.9732959152 -1.4E-11  1.7E-05  1.9E-06  0.0E+00    8    3.0E-001 
 164       -820.9732959153 -9.7E-11  2.0E-05  2.0E-06  0.0E+00    8    2.9E-001 
 165       -820.9732959153 -1.7E-11  8.3E-06  1.0E-06  0.0E+00    8    2.9E-001 
 166       -820.9732959154 -3.6E-11  2.0E-05  8.5E-07  0.0E+00    8    2.6E-001 
 167       -820.9732959154 -1.4E-11  6.1E-06  7.8E-07  0.0E+00    8    1.3E-001 
 168       -820.9732959154 -7.5E-11  2.5E-05  8.5E-07  0.0E+00    8    1.8E-001 
 169       -820.9732959155 -2.5E-11  1.4E-05  1.4E-06  0.0E+00    8    2.9E-001 
 170       -820.9732959155  5.7E-13  1.4E-05  1.3E-06  0.0E+00    8    2.8E-001 
 170*      -820.9732959155 -1.0E-11  9.5E-06  1.3E-06  5.1E-03    8    1.4E-001 
 171       -820.9732959156 -1.1E-10  1.0E-05  4.3E-06  1.0E-02    8    1.4E-001 
 172       -820.9732959156 -2.9E-11  9.4E-06  1.6E-06  2.7E-02    8    1.4E-001 
 173       -820.9732959157 -8.2E-11  1.3E-05  2.3E-06  1.7E-02    8    1.5E-001 
 174       -820.9732959158 -6.3E-11  1.4E-05  9.3E-07  1.4E-02    8    1.4E-001 
 175       -820.9732959158 -8.1E-11  1.6E-05  9.1E-07  1.2E-02    8    1.4E-001 
 176       -820.9732959159 -1.1E-10  1.9E-05  8.4E-07  1.1E-02    8    1.4E-001 
 177       -820.9732959161 -1.3E-10  1.9E-05  8.2E-07  9.8E-03    8    1.4E-001 
 178       -820.9732959162 -1.5E-10  2.6E-05  8.5E-07  9.2E-03    8    1.4E-001 
 179       -820.9732959164 -1.7E-10  3.2E-05  1.2E-06  5.9E-03    8    1.5E-001 
 180       -820.9732959165 -7.5E-11  4.1E-05  1.6E-06  4.0E-03    8    1.4E-001 
 181       -820.9732959119  4.5E-09  3.0E-05  3.4E-06  3.9E-02    8    1.4E-001 
 181*      -820.9732959165  5.0E-12  2.1E-05  3.4E-06  9.1E-03    8    1.4E-001 
 181*      -820.9732959165 -7.0E-11  1.4E-05  3.4E-06  1.3E-02    8    1.4E-001 
 182       -820.9732959162  3.0E-10  1.2E-05  6.3E-06  4.1E-02    8    1.4E-001 
 182*      -820.9732959167 -1.1E-10  1.4E-05  6.3E-06  1.7E-02    8    1.4E-001 
 183       -820.9732959169 -2.2E-10  1.1E-05  5.9E-06  2.4E-02    8    1.4E-001 
 184       -820.9732959170 -1.1E-10  1.3E-05  1.3E-06  2.0E-02    8    1.4E-001 
 185       -820.9732959171 -1.1E-10  1.8E-05  9.8E-07  1.5E-02    8    1.5E-001 
 186       -820.9732959172 -1.3E-10  2.2E-05  9.9E-07  1.3E-02    8    1.5E-001 
 187       -820.9732959174 -1.5E-10  2.8E-05  1.0E-06  1.0E-02    8    1.4E-001 
 188       -820.9732959175 -1.6E-10  3.2E-05  1.0E-06  7.8E-03    8    1.4E-001 
 189       -820.9732959177 -1.7E-10  3.8E-05  1.0E-06  5.4E-03    8    1.5E-001 
 190       -820.9732959172  5.5E-10  3.8E-05  1.1E-06  5.4E-02    8    1.4E-001 
 190*      -820.9732959178 -9.1E-11  3.0E-05  1.1E-06  5.9E-03    8    1.4E-001 
 191       -820.9732959180 -2.1E-10  3.7E-05  1.1E-06  9.0E-03    8    1.4E-001 
 192       -820.9732959178  2.3E-10  4.0E-05  3.7E-06  7.4E-03    8    1.4E-001 
 192*      -820.9732959182 -1.7E-10  2.7E-05  3.7E-06  7.4E-03    8    1.4E-001 
 193       -820.9732959183 -1.3E-10  3.5E-05  2.5E-06  5.7E-03    8    1.4E-001 
 194       -820.9732959170  1.3E-09  1.6E-05  4.4E-06  3.2E-02    8    1.4E-001 
 194*      -820.9732959185 -2.4E-10  2.8E-05  4.4E-06  1.2E-02    8    1.4E-001 
 195       -820.9732959187 -1.4E-10  3.3E-05  1.2E-06  9.8E-03    8    1.5E-001 
 196       -820.9732959183  3.7E-10  2.8E-05  2.5E-06  2.5E-02    8    1.5E-001 
 196*      -820.9732959168  1.8E-09  1.4E-05  2.5E-06  1.6E-01    8    1.5E-001 
 196*      -820.9732959178  9.1E-10  1.0E-05  2.5E-06  1.7E-01    8    1.5E-001 
 196*      -820.9732959182  4.5E-10  7.4E-06  2.5E-06  2.0E-01    8    1.5E-001 
 196*      -820.9732959185  2.1E-10  5.4E-06  2.5E-06  2.3E-01    8    1.4E-001 
 196*      -820.9732959186  9.3E-11  3.9E-06  2.5E-06  2.8E-01    8    1.4E-001 
 196*      -820.9732959187  3.2E-11  3.1E-06  2.5E-06  3.5E-01    8    1.4E-001 
 196*      -820.9732959187  2.3E-13  2.6E-06  2.5E-06  4.7E-01    8    1.4E-001 
 196*      -820.9732959187 -1.7E-11  2.2E-06  2.5E-06  6.6E-01    8    1.4E-001 
 197       -820.9732959187 -3.4E-11  2.3E-06  3.0E-06  2.5E-01    8    1.5E-001 
 198       -820.9732959188 -2.9E-11  2.2E-06  1.9E-06  2.3E-01    8    1.5E-001 
 199       -820.9732959188 -2.3E-11  2.3E-06  1.1E-06  2.6E-01    8    1.4E-001 
 200       -820.9732959188 -2.4E-11  3.0E-06  1.1E-06  1.8E-01    8    1.4E-001 
 201       -820.9732959188 -2.9E-11  3.8E-06  1.1E-06  1.4E-01    8    1.5E-001 
 202       -820.9732959189 -3.0E-11  4.8E-06  1.1E-06  1.0E-01    8    1.5E-001 
 203       -820.9732959189 -3.1E-11  5.9E-06  1.1E-06  7.9E-02    8    1.4E-001 
 204       -820.9732959189 -3.3E-11  7.0E-06  1.5E-06  6.7E-02    8    1.5E-001 
 205       -820.9732959190 -4.7E-11  6.9E-06  1.8E-06  6.6E-02    8    1.4E-001 
 206       -820.9732959191 -7.6E-11  9.7E-06  1.9E-06  4.6E-02    8    1.4E-001 
 207       -820.9732959191 -7.0E-11  1.1E-05  1.1E-06  3.8E-02    8    1.4E-001 
 208       -820.9732959192 -9.2E-11  1.4E-05  1.6E-06  3.2E-02    8    1.4E-001 
 209       -820.9732959193 -8.3E-11  1.3E-05  1.1E-06  3.2E-02    8    1.5E-001 
 210       -820.9732959194 -1.1E-10  1.7E-05  2.4E-06  2.8E-02    8    1.4E-001 
 211       -820.9732959195 -1.2E-10  2.0E-05  1.0E-06  2.1E-02    8    1.4E-001 
 212       -820.9732959195  3.0E-11  1.6E-05  1.0E-06  3.8E-02    8    1.5E-001 
 212*      -820.9732959195  3.5E-11  1.1E-05  1.0E-06  7.2E-02    8    1.4E-001 
 212*      -820.9732959195 -1.5E-11  7.9E-06  1.0E-06  8.2E-02    8    1.4E-001 
 213       -820.9732959196 -1.0E-10  1.2E-05  3.5E-06  3.7E-02    8    1.4E-001 
 214       -820.9732959197 -5.2E-11  1.5E-05  1.0E-06  2.9E-02    8    1.4E-001 
 215       -820.9732959198 -1.1E-10  1.4E-05  2.4E-06  3.4E-02    8    1.5E-001 
 216       -820.9732959199 -9.9E-11  1.7E-05  9.9E-07  2.4E-02    8    1.4E-001 
 217       -820.9732959200 -1.2E-10  2.0E-05  9.8E-07  2.1E-02    8    1.4E-001 
 218       -820.9732959202 -1.4E-10  2.3E-05  9.7E-07  1.8E-02    8    1.4E-001 
 219       -820.9732959199  2.4E-10  2.1E-05  9.6E-07  2.2E-02    8    1.5E-001 
 219*      -820.9732959203 -1.1E-10  2.1E-05  9.6E-07  2.1E-02    8    1.4E-001 
 220       -820.9732959204 -1.4E-10  2.5E-05  1.1E-06  1.7E-02    8    1.4E-001 
 221       -820.9732959206 -1.6E-10  3.0E-05  9.4E-07  1.4E-02    8    1.5E-001 
 222       -820.9732959208 -1.9E-10  3.6E-05  9.3E-07  1.2E-02    8    1.5E-001 
 223       -820.9732959210 -2.2E-10  4.3E-05  9.3E-07  9.2E-03    8    1.5E-001 
 224       -820.9732959212 -2.5E-10  5.1E-05  9.1E-07  7.2E-03    8    1.4E-001 
 225       -820.9732959209  3.7E-10  5.9E-05  1.1E-06  2.2E-02    8    1.5E-001 
 225*      -820.9732959212  4.1E-11  4.3E-05  1.1E-06  2.4E-02    8    1.4E-001 
 225*      -820.9732959213 -6.1E-11  3.1E-05  1.1E-06  2.8E-02    8    1.4E-001 
 226       -820.9732959215 -2.1E-10  2.5E-05  2.4E-06  1.4E-02    8    1.4E-001 
 227       -820.9732959214  1.2E-10  2.9E-05  8.7E-07  1.4E-02    8    1.4E-001 
 227*      -820.9732959216 -6.3E-11  2.5E-05  8.7E-07  1.5E-02    8    1.4E-001 
 228       -820.9732959217 -1.4E-10  2.4E-05  3.7E-06  1.7E-02    8    1.4E-001 
 229       -820.9732959219 -2.0E-10  2.6E-05  3.1E-06  1.6E-02    8    1.4E-001 
 230       -820.9732959220 -9.1E-11  3.1E-05  3.5E-06  2.1E-02    8    1.4E-001 
 231       -820.9732959223 -2.9E-10  3.3E-05  2.5E-06  1.2E-02    8    1.4E-001 
 232       -820.9732959225 -2.5E-10  4.4E-05  1.1E-06  9.9E-03    8    1.4E-001 
 233       -820.9732959228 -2.6E-10  5.2E-05  9.2E-07  8.4E-03    8    1.4E-001 
 234       -820.9732959232 -3.8E-10  6.6E-05  1.7E-06  7.0E-03    8    1.4E-001 
 235       -820.9732959236 -4.2E-10  7.7E-05  9.1E-07  5.7E-03    8    1.4E-001 
 236       -820.9732959239 -2.8E-10  9.9E-05  9.1E-07  5.5E-03    8    1.5E-001 
 237       -820.9732959243 -4.3E-10  8.7E-05  3.6E-06  5.1E-03    8    1.5E-001 
 238       -820.9732959248 -5.0E-10  7.2E-05  5.7E-06  5.1E-03    8    1.4E-001 
 239       -820.9732959255 -6.9E-10  9.1E-05  4.9E-06  5.0E-03    8    1.5E-001 
 240       -820.9732959261 -6.1E-10  1.1E-04  1.0E-06  4.0E-03    8    1.5E-001 
 241       -820.9732959268 -7.2E-10  1.3E-04  9.0E-07  3.3E-03    8    1.4E-001 
 242       -820.9732959277 -8.7E-10  1.6E-04  8.9E-07  2.8E-03    8    1.5E-001 
 243       -820.9732959287 -1.0E-09  1.9E-04  8.8E-07  2.3E-03    8    1.5E-001 
 244       -820.9732959300 -1.2E-09  2.3E-04  8.7E-07  1.9E-03    8    1.4E-001 
 245       -820.9732959311 -1.1E-09  2.4E-04  8.8E-07  1.8E-03    8    1.4E-001 
 246       -820.9732959328 -1.7E-09  2.8E-04  2.6E-06  1.6E-03    8    1.4E-001 
 247       -820.9732959345 -1.8E-09  3.3E-04  1.3E-06  1.3E-03    8    1.4E-001 
 248       -820.9732959367 -2.1E-09  4.0E-04  2.8E-06  1.1E-03    8    1.4E-001 
 249       -820.9732959388 -2.1E-09  4.8E-04  1.2E-06  9.5E-04    8    1.4E-001 
 250       -820.9732959422 -3.4E-09  5.8E-04  4.6E-06  7.3E-04    8    1.4E-001 
 251       -820.9732959458 -3.6E-09  6.9E-04  1.4E-06  6.1E-04    8    1.4E-001 
 252       -820.9732959501 -4.3E-09  8.4E-04  1.8E-06  5.0E-04    8    1.4E-001 
 253       -820.9732959552 -5.1E-09  1.0E-03  1.1E-06  4.2E-04    8    1.4E-001 
 254       -820.9732959613 -6.1E-09  1.2E-03  1.5E-06  3.5E-04    8    1.4E-001 
 255       -820.9732959685 -7.3E-09  1.5E-03  2.6E-06  2.9E-04    8    1.4E-001 
 256       -820.9732959772 -8.7E-09  1.8E-03  3.4E-06  2.4E-04    8    1.4E-001 
 257       -820.9732959875 -1.0E-08  2.1E-03  4.2E-06  2.0E-04    8    1.5E-001 
 258       -820.9732959997 -1.2E-08  2.6E-03  3.1E-06  1.6E-04    8    1.5E-001 
 259       -820.9732960139 -1.4E-08  3.1E-03  3.3E-06  1.3E-04    8    1.4E-001 
 260       -820.9732960303 -1.6E-08  3.7E-03  4.2E-06  1.0E-04    8    1.5E-001 
 261       -820.9732960484 -1.8E-08  4.5E-03  4.9E-06  7.8E-05    8    1.5E-001 
 262       -820.9732960670 -1.9E-08  5.5E-03  6.4E-06  5.2E-05    8    1.5E-001 
 263       -820.9732960825 -1.6E-08  6.7E-03  8.9E-06  2.6E-05    8    1.5E-001 
 264       -820.9732960880 -5.5E-09  6.4E-03  1.3E-05  0.0E+00    8    1.3E-001 
 265       -820.9732960898 -1.8E-09  5.9E-04  1.7E-05  0.0E+00    8    1.4E-001 
 266       -820.9732960934 -3.6E-09  2.7E-03  1.7E-05  0.0E+00    8    1.4E-001 
 267       -820.9732961025 -9.1E-09  4.6E-04  3.2E-05  0.0E+00    8    1.4E-001 
 268       -820.9732961033 -8.7E-10  1.0E-04  1.4E-05  0.0E+00    8    1.3E-001 
 269       -820.9732961186 -1.5E-08  2.5E-03  2.4E-05  0.0E+00    8    1.4E-001 
 270       -820.9732961253 -6.7E-09  4.1E-03  9.9E-06  6.8E-06    8    1.5E-001 
 271       -820.9732961340 -8.7E-09  5.0E-03  1.2E-05  6.4E-06    8    1.5E-001 
 272       -820.9732961476 -1.4E-08  6.1E-03  1.7E-05  1.6E-05    8    1.5E-001 
 273       -820.9732961540 -6.4E-09  5.7E-04  1.7E-05  0.0E+00    8    1.3E-001 
 274       -820.9732961574 -3.3E-09  2.5E-03  9.7E-06  0.0E+00    8    1.3E-001 
 275       -820.9732961581 -7.2E-10  1.7E-03  9.8E-06  0.0E+00    8    1.3E-001 
 276       -820.9732961622 -4.1E-09  3.6E-03  9.7E-06  2.3E-05    8    1.5E-001 
 277       -820.9732961646 -2.5E-09  4.2E-03  1.5E-05  0.0E+00    8    1.3E-001 
 278       -820.9732961664 -1.7E-09  2.5E-03  2.8E-05  0.0E+00    8    1.3E-001 
 279       -820.9732961725 -6.1E-09  4.3E-03  1.0E-05  7.2E-06    8    1.6E-001 
 280       -820.9732961765 -4.0E-09  1.4E-03  1.1E-05  0.0E+00    8    1.4E-001 
 281       -820.9732961821 -5.6E-09  3.5E-03  1.3E-05  0.0E+00    8    1.3E-001 
 282       -820.9732961845 -2.4E-09  2.0E-03  1.2E-05  0.0E+00    8    1.4E-001 
 283       -820.9732961912 -6.8E-09  4.5E-03  1.3E-05  8.7E-06    8    1.5E-001 
 284       -820.9732961983 -7.1E-09  5.4E-03  1.3E-05  1.2E-05    8    1.5E-001 
 285       -820.9732962033 -5.0E-09  6.2E-03  1.4E-05  0.0E+00    8    1.3E-001 
 286       -820.9732962038 -5.0E-10  9.9E-04  1.5E-05  0.0E+00    8    1.4E-001 
 287       -820.9732962061 -2.3E-09  3.5E-03  1.4E-05  0.0E+00    8    1.4E-001 
 288       -820.9732962074 -1.3E-09  1.5E-03  2.9E-05  0.0E+00    8    1.4E-001 
 289       -820.9732962188 -1.1E-08  2.6E-03  4.0E-05  0.0E+00    8    1.3E-001 
 290       -820.9732962322 -1.3E-08  5.6E-03  1.4E-05  1.6E-05    8    1.5E-001 
 291       -820.9732962442 -1.2E-08  6.8E-03  1.4E-05  2.1E-05    8    1.5E-001 
 292       -820.9732962544 -1.0E-08  8.2E-03  1.4E-05  4.7E-06    8    1.5E-001 
 293       -820.9732962597 -5.3E-09  5.5E-03  1.5E-05  0.0E+00    8    1.3E-001 
 294       -820.9732962632 -3.4E-09  2.5E-04  1.6E-05  0.0E+00    8    1.3E-001 
 295       -820.9732962844 -2.1E-08  5.7E-03  1.4E-05  0.0E+00    8    1.3E-001 
 296       -820.9732962981 -1.4E-08  1.2E-02  1.4E-05  7.0E-06    8    1.5E-001 
 297       -820.9732962963  1.8E-09  1.4E-02  1.6E-05  3.2E-06    8    1.5E-001 
 297*      -820.9732963020 -3.9E-09  1.0E-02  1.6E-05  1.6E-07    8    1.4E-001 
 298       -820.9732963031 -1.1E-09  1.0E-02  2.2E-05  2.7E-07    8    1.5E-001 
 299       -820.9732963105 -7.4E-09  1.0E-02  1.4E-05  6.2E-08    8    1.5E-001 
 300       -820.9732963131 -2.6E-09  1.2E-02  1.8E-05  0.0E+00    8    1.3E-001 
 301       -820.9732963225 -9.4E-09  5.8E-03  2.2E-05  0.0E+00    8    1.3E-001 
 302       -820.9732963336 -1.1E-08  1.0E-02  2.5E-05  3.8E-06    8    1.4E-001 
 303       -820.9732963389 -5.3E-09  9.0E-04  2.6E-05  0.0E+00    8    1.3E-001 
 304       -820.9732963466 -7.7E-09  3.0E-03  2.8E-05  0.0E+00    8    1.3E-001 
 305       -820.9732963493 -2.7E-09  1.7E-03  1.3E-05  0.0E+00    8    1.3E-001 
 306       -820.9732963572 -7.8E-09  4.1E-03  1.0E-05  0.0E+00    8    1.4E-001 
 307       -820.9732963681 -1.1E-08  7.1E-03  9.7E-06  6.5E-06    8    1.6E-001 
 308       -820.9732963749 -6.8E-09  7.9E-03  9.2E-06  0.0E+00    8    1.4E-001 
 309       -820.9732963784 -3.5E-09  3.2E-05  1.4E-05  0.0E+00    8    1.4E-001 
 310       -820.9732963916 -1.3E-08  1.2E-03  8.6E-06  0.0E+00    8    1.3E-001 
 311       -820.9732964057 -1.4E-08  7.2E-03  1.6E-05  2.1E-05    8    1.4E-001 
 312       -820.9732964060 -3.3E-10  5.1E-03  1.7E-05  0.0E+00    8    1.3E-001 
 313       -820.9732964246 -1.9E-08  8.6E-03  1.4E-05  4.9E-05    8    1.5E-001 
 314       -820.9732964313 -6.6E-09  7.0E-03  1.2E-05  0.0E+00    8    1.3E-001 
 315       -820.9732964357 -4.4E-09  1.5E-03  3.5E-05  0.0E+00    8    1.3E-001 
 316       -820.9732964373 -1.6E-09  2.2E-03  1.3E-05  0.0E+00    8    1.3E-001 
 317       -820.9732964387 -1.5E-09  2.1E-03  8.2E-06  0.0E+00    8    1.3E-001 
 318       -820.9732964408 -2.1E-09  5.8E-03  7.9E-06  0.0E+00    8    1.3E-001 
 319       -820.9732964424 -1.6E-09  3.5E-04  6.4E-06  0.0E+00    8    1.3E-001 
 320       -820.9732964430 -5.5E-10  1.5E-03  4.6E-06  0.0E+00    8    1.3E-001 
 321       -820.9732964434 -3.9E-10  1.6E-03  3.6E-06  0.0E+00    8    1.5E-001 
 322       -820.9732964443 -9.0E-10  2.1E-03  4.5E-06  0.0E+00    8    1.4E-001 
 323       -820.9732964447 -4.0E-10  2.3E-03  4.8E-06  0.0E+00    8    1.4E-001 
 324       -820.9732964452 -5.3E-10  2.3E-03  5.0E-06  0.0E+00    8    1.4E-001 
 325       -820.9732964455 -2.5E-10  1.0E-03  4.8E-06  0.0E+00    8    1.3E-001 
 326       -820.9732964463 -8.5E-10  2.0E-03  8.1E-06  0.0E+00    8    1.3E-001 
 327       -820.9732964466 -3.1E-10  1.6E-04  4.6E-06  0.0E+00    8    1.3E-001 
 328       -820.9732964468 -1.9E-10  5.7E-05  5.6E-06  0.0E+00    8    1.3E-001 
 329       -820.9732964491 -2.3E-09  2.0E-03  1.0E-05  8.7E-06    8    1.4E-001 
 330       -820.9732964498 -7.4E-10  1.5E-03  5.6E-06  0.0E+00    8    1.3E-001 
 331       -820.9732964504 -5.7E-10  3.3E-04  3.3E-06  0.0E+00    8    1.4E-001 
 332       -820.9732964523 -1.9E-09  2.2E-03  3.4E-06  1.3E-05    8    1.6E-001 
 333       -820.9732964536 -1.3E-09  2.3E-03  3.5E-06  0.0E+00    8    1.4E-001 
 334       -820.9732964550 -1.4E-09  2.6E-03  4.6E-06  0.0E+00    8    1.3E-001 
 335       -820.9732964562 -1.2E-09  2.6E-03  5.3E-06  0.0E+00    8    1.3E-001 
 336       -820.9732964571 -8.4E-10  2.0E-03  5.1E-06  0.0E+00    8    1.3E-001 
 337       -820.9732964578 -7.9E-10  1.5E-03  4.5E-06  0.0E+00    8    1.4E-001 
 338       -820.9732964584 -5.3E-10  1.7E-03  7.7E-06  0.0E+00    8    1.4E-001 
 339       -820.9732964585 -1.7E-10  1.3E-05  1.5E-05  0.0E+00    8    1.3E-001 
 340       -820.9732964595 -9.2E-10  4.8E-04  1.4E-05  0.0E+00    8    1.3E-001 
 341       -820.9732964596 -1.3E-10  2.3E-04  2.0E-06  0.0E+00    8    1.3E-001 
 342       -820.9732964597 -1.2E-10  3.8E-04  1.3E-06  0.0E+00    8    1.3E-001 
 343       -820.9732964600 -3.3E-10  1.3E-03  1.5E-06  3.8E-05    8    1.4E-001 
 344       -820.9732964608 -7.4E-10  1.3E-03  4.8E-06  5.9E-06    8    1.5E-001 
 345       -820.9732964614 -5.8E-10  1.5E-03  1.5E-06  0.0E+00    8    1.3E-001 
 346       -820.9732964620 -6.4E-10  1.9E-03  2.0E-06  5.2E-06    8    1.5E-001 
 347       -820.9732964626 -5.7E-10  2.0E-03  3.7E-06  0.0E+00    8    1.3E-001 
 348       -820.9732964630 -4.3E-10  1.3E-03  3.5E-06  0.0E+00    8    1.3E-001 
 349       -820.9732964639 -8.5E-10  2.2E-03  3.5E-06  7.1E-06    8    1.5E-001 
 350       -820.9732964641 -2.8E-10  2.7E-03  8.3E-06  7.3E-07    8    1.5E-001 
 351       -820.9732964651 -9.5E-10  8.2E-04  1.6E-05  0.0E+00    8    1.3E-001 
 352       -820.9732964657 -6.4E-10  1.5E-03  5.1E-06  0.0E+00    8    1.4E-001 
 353       -820.9732964660 -2.8E-10  3.4E-04  3.0E-06  0.0E+00    8    1.4E-001 
 354       -820.9732964662 -2.4E-10  1.3E-05  2.7E-06  0.0E+00    8    1.3E-001 
 355       -820.9732964668 -5.1E-10  8.1E-04  2.5E-06  0.0E+00    8    1.3E-001 
 356       -820.9732964670 -2.6E-10  4.3E-04  2.0E-06  0.0E+00    8    1.3E-001 
 357       -820.9732964675 -4.6E-10  6.9E-04  1.8E-06  0.0E+00    8    1.3E-001 
 358       -820.9732964678 -2.8E-10  9.7E-05  3.0E-06  0.0E+00    8    1.3E-001 
 359       -820.9732964681 -3.6E-10  4.1E-04  2.4E-06  0.0E+00    8    1.3E-001 
 360       -820.9732964687 -6.1E-10  6.8E-04  2.5E-06  0.0E+00    8    1.3E-001 
 361       -820.9732964681  6.3E-10  1.2E-03  3.8E-06  0.0E+00    8    1.3E-001 
 361*      -820.9732964687  3.8E-11  7.5E-04  3.8E-06  0.0E+00    8    1.3E-001 
 361*      -820.9732964687  2.3E-11  6.8E-04  3.8E-06  4.1E-06    8    1.5E-001 
 361*      -820.9732964687 -7.3E-12  4.8E-04  3.8E-06  2.3E-05    8    1.6E-001 
 362       -820.9732964693 -5.5E-10  4.7E-04  1.0E-05  5.6E-05    8    1.5E-001 
 363       -820.9732964697 -3.7E-10  5.6E-04  3.3E-06  4.6E-05    8    1.5E-001 
 364       -820.9732964701 -4.6E-10  6.8E-04  3.8E-06  3.5E-05    8    1.4E-001 
 365       -820.9732964705 -4.2E-10  8.1E-04  2.5E-06  1.0E-05    8    1.4E-001 
 366       -820.9732964712 -6.5E-10  9.7E-04  2.9E-06  3.6E-05    8    1.6E-001 
 367       -820.9732964717 -5.1E-10  1.1E-03  2.7E-06  0.0E+00    8    1.4E-001 
 368       -820.9732964724 -6.9E-10  1.4E-03  3.0E-06  1.7E-06    8    1.5E-001 
 369       -820.9732964729 -4.9E-10  8.5E-04  2.7E-06  0.0E+00    8    1.4E-001 
 370       -820.9732964739 -9.8E-10  2.0E-03  3.1E-06  3.8E-06    8    1.5E-001 
 371       -820.9732964741 -2.8E-10  1.8E-03  2.8E-06  0.0E+00    8    1.3E-001 
 372       -820.9732964744 -2.6E-10  1.3E-04  1.0E-05  0.0E+00    8    1.3E-001 
 373       -820.9732964748 -4.1E-10  9.6E-04  8.4E-06  0.0E+00    8    1.3E-001 
 374       -820.9732964751 -3.2E-10  1.0E-03  4.0E-06  0.0E+00    8    1.3E-001 
 375       -820.9732964756 -4.5E-10  2.4E-03  4.1E-06  4.8E-06    8    1.5E-001 
 376       -820.9732964759 -3.4E-10  2.1E-03  5.3E-06  0.0E+00    8    1.3E-001 
 377       -820.9732964775 -1.6E-09  3.5E-03  6.5E-06  5.1E-07    8    1.5E-001 
 378       -820.9732964790 -1.5E-09  4.1E-03  5.9E-06  1.1E-06    8    1.6E-001 
 379       -820.9732964805 -1.5E-09  4.7E-03  6.0E-06  0.0E+00    8    1.4E-001 
 380       -820.9732964814 -9.1E-10  5.9E-03  5.6E-06  1.8E-06    8    1.5E-001 
 381       -820.9732964820 -5.6E-10  2.0E-03  5.3E-06  0.0E+00    8    1.3E-001 
 382       -820.9732964823 -3.3E-10  1.1E-03  5.3E-06  0.0E+00    8    1.4E-001 
 383       -820.9732964832 -9.1E-10  1.8E-03  1.3E-05  0.0E+00    8    1.4E-001 
 384       -820.9732964841 -8.9E-10  8.4E-04  1.7E-05  0.0E+00    8    1.4E-001 
 385       -820.9732964845 -3.9E-10  5.6E-04  9.7E-06  0.0E+00    8    1.4E-001 
 386       -820.9732964851 -6.2E-10  1.4E-03  3.9E-06  0.0E+00    8    1.4E-001 
 387       -820.9732964855 -4.1E-10  1.8E-03  3.6E-06  0.0E+00    8    1.4E-001 
 388       -820.9732964862 -7.3E-10  1.8E-03  3.2E-06  0.0E+00    8    1.4E-001 
 389       -820.9732964868 -6.0E-10  9.5E-04  3.2E-06  0.0E+00    8    1.4E-001 
 390       -820.9732964873 -4.7E-10  2.5E-04  3.9E-06  0.0E+00    8    1.3E-001 
 391       -820.9732964878 -5.3E-10  1.3E-03  3.8E-06  0.0E+00    8    1.3E-001 
 392       -820.9732964885 -6.5E-10  2.5E-04  5.3E-06  0.0E+00    8    1.3E-001 
 393       -820.9732964895 -1.1E-09  1.7E-03  5.0E-06  0.0E+00    8    1.4E-001 
 394       -820.9732964904 -8.5E-10  1.7E-03  2.9E-06  0.0E+00    8    1.4E-001 
 395       -820.9732964905 -1.5E-10  1.1E-03  1.1E-05  0.0E+00    8    1.3E-001 
 396       -820.9732964911 -5.7E-10  1.2E-03  1.4E-05  0.0E+00    8    1.3E-001 
 397       -820.9732964914 -2.6E-10  1.2E-03  4.1E-06  0.0E+00    8    1.4E-001 
 398       -820.9732964924 -1.0E-09  1.7E-03  8.5E-06  5.3E-06    8    1.5E-001 
 399       -820.9732964945 -2.1E-09  2.0E-03  5.0E-06  1.7E-05    8    1.6E-001 
 400       -820.9732964957 -1.2E-09  2.4E-03  2.6E-06  1.7E-06    8    1.6E-001 
 401       -820.9732964971 -1.4E-09  1.2E-03  2.9E-06  0.0E+00    8    1.4E-001 
 402       -820.9732964991 -2.0E-09  2.4E-03  3.5E-06  3.7E-06    8    1.5E-001 
 403       -820.9732965000 -9.5E-10  1.1E-03  5.3E-06  0.0E+00    8    1.3E-001 
 404       -820.9732965013 -1.3E-09  2.0E-03  3.3E-06  0.0E+00    8    1.3E-001 
 405       -820.9732965032 -1.9E-09  2.9E-03  3.7E-06  3.0E-06    8    1.5E-001 
 406       -820.9732965046 -1.4E-09  3.4E-03  4.5E-06  6.5E-06    8    1.6E-001 
 407       -820.9732965060 -1.4E-09  3.4E-03  1.4E-05  4.2E-06    8    1.6E-001 
 408       -820.9732965066 -5.5E-10  9.0E-04  1.4E-05  0.0E+00    8    1.5E-001 
 409       -820.9732965076 -1.0E-09  2.4E-03  6.8E-06  3.8E-06    8    1.5E-001 
 410       -820.9732965082 -5.7E-10  7.2E-04  7.7E-06  0.0E+00    8    1.4E-001 
 411       -820.9732965099 -1.8E-09  2.0E-03  9.2E-06  2.9E-05    8    1.6E-001 
 412       -820.9732965114 -1.4E-09  2.4E-03  6.7E-06  2.3E-05    8    1.5E-001 
 413       -820.9732965129 -1.6E-09  2.8E-03  6.9E-06  5.4E-06    8    1.5E-001 
 414       -820.9732965143 -1.4E-09  2.8E-03  6.9E-06  0.0E+00    8    1.3E-001 
 415       -820.9732965150 -6.9E-10  8.5E-04  6.8E-06  0.0E+00    8    1.3E-001 
 416       -820.9732965163 -1.3E-09  2.2E-03  6.1E-06  0.0E+00    8    1.3E-001 
 417       -820.9732965176 -1.3E-09  2.6E-03  5.3E-06  0.0E+00    8    1.4E-001 
 418       -820.9732965171  5.1E-10  2.4E-03  1.3E-05  0.0E+00    8    1.4E-001 
 418*      -820.9732965176 -2.4E-11  2.4E-03  1.3E-05  2.5E-06    8    1.5E-001 
 419       -820.9732965178 -1.7E-10  2.6E-06  5.2E-06  0.0E+00    8    1.4E-001 
 420       -820.9732965174  4.1E-10  2.0E-03  5.1E-06  0.0E+00    8    1.3E-001 
 420*      -820.9732965177  1.0E-10  1.4E-03  5.1E-06  5.2E-06    8    1.5E-001 
 420*      -820.9732965179 -1.2E-10  9.8E-04  5.1E-06  1.4E-05    8    1.4E-001 
 421       -820.9732965181 -1.8E-10  8.5E-04  7.4E-06  0.0E+00    8    2.1E-001 
 422       -820.9732965190 -9.5E-10  1.1E-03  4.5E-06  0.0E+00    8    2.8E-001 
 423       -820.9732965200 -1.0E-09  1.4E-03  4.6E-06  1.2E-06    8    3.3E-001 
 424       -820.9732965221 -2.1E-09  1.6E-03  1.6E-05  0.0E+00    8    2.8E-001 
 425       -820.9732965267 -4.6E-09  1.2E-03  1.7E-05  0.0E+00    8    2.8E-001 
 426       -820.9732965303 -3.6E-09  2.0E-03  7.2E-06  0.0E+00    8    2.9E-001 
 427       -820.9732965326 -2.3E-09  1.5E-03  5.1E-06  0.0E+00    8    2.8E-001 
 428       -820.9732965354 -2.8E-09  2.9E-03  4.3E-06  2.3E-05    8    3.3E-001 
 429       -820.9732965377 -2.3E-09  3.4E-03  6.3E-06  9.6E-06    8    3.3E-001 
 430       -820.9732965387 -1.0E-09  9.9E-04  8.7E-06  0.0E+00    8    2.9E-001 
 431       -820.9732965398 -1.1E-09  5.5E-04  9.1E-06  0.0E+00    8    2.8E-001 
 432       -820.9732965418 -2.0E-09  2.2E-03  8.8E-06  0.0E+00    8    1.3E-001 
 433       -820.9732965457 -3.9E-09  3.1E-03  1.2E-05  0.0E+00    8    1.3E-001 
 434       -820.9732965498 -4.1E-09  3.1E-03  1.1E-05  0.0E+00    8    1.3E-001 
 435       -820.9732965531 -3.3E-09  2.6E-03  1.6E-05  0.0E+00    8    1.4E-001 
 436       -820.9732965553 -2.2E-09  2.5E-04  2.0E-05  0.0E+00    8    1.4E-001 
 437       -820.9732965637 -8.4E-09  4.0E-03  1.9E-05  2.8E-06    8    1.6E-001 
 438       -820.9732965678 -4.1E-09  2.6E-03  7.1E-06  0.0E+00    8    1.3E-001 
 439       -820.9732965706 -2.8E-09  2.0E-03  6.0E-06  0.0E+00    8    1.3E-001 
 440       -820.9732965774 -6.9E-09  4.7E-03  1.0E-05  5.5E-06    8    1.5E-001 
 441       -820.9732965815 -4.1E-09  2.8E-03  6.5E-06  0.0E+00    8    1.3E-001 
 442       -820.9732965868 -5.3E-09  3.9E-03  7.4E-06  0.0E+00    8    1.3E-001 
 443       -820.9732965922 -5.4E-09  6.0E-03  8.1E-06  0.0E+00    8    1.3E-001 
 444       -820.9732965932 -1.1E-09  6.8E-04  1.1E-05  0.0E+00    8    1.3E-001 
 445       -820.9732965980 -4.8E-09  2.2E-03  8.4E-06  0.0E+00    8    1.3E-001 
 446       -820.9732966008 -2.8E-09  2.3E-03  4.8E-06  0.0E+00    8    1.3E-001 
 447       -820.9732966018 -9.7E-10  7.3E-04  5.0E-06  0.0E+00    8    1.3E-001 
 448       -820.9732966028 -1.1E-09  2.0E-03  4.7E-06  0.0E+00    8    1.3E-001 
 449       -820.9732966033 -5.4E-10  3.1E-03  1.7E-05  0.0E+00    8    1.4E-001 
 450       -820.9732966098 -6.5E-09  7.2E-05  3.8E-05  0.0E+00    8    1.3E-001 
 451       -820.9732966131 -3.3E-09  2.8E-03  3.7E-06  1.2E-05    8    1.5E-001 
 452       -820.9732966169 -3.8E-09  3.4E-03  4.1E-06  4.8E-06    8    1.5E-001 
 453       -820.9732966210 -4.2E-09  4.1E-03  6.9E-06  1.9E-05    8    1.5E-001 
 454       -820.9732966230 -2.0E-09  5.0E-03  8.0E-06  1.2E-05    8    1.5E-001 
 455       -820.9732966249 -1.9E-09  1.8E-03  1.6E-05  0.0E+00    8    1.4E-001 
 456       -820.9732966308 -5.8E-09  4.3E-03  1.5E-05  1.0E-05    8    1.5E-001 
 Max error in S = C**T C = 1.0E-012
 MOs were orthonormalized
 457       -820.9732966340 -3.2E-09  3.2E-03  8.6E-06  0.0E+00    8    1.3E-001 
 458       -820.9732966358 -1.9E-09  1.0E-03  6.7E-06  0.0E+00    8    1.4E-001 
 459       -820.9732966361 -3.0E-10  1.3E-03  6.6E-06  0.0E+00    8    1.4E-001 
 460       -820.9732966369 -7.9E-10  3.7E-05  2.4E-05  0.0E+00    8    1.4E-001 
 461       -820.9732966385 -1.6E-09  1.3E-03  2.1E-05  0.0E+00    8    1.4E-001 
 462       -820.9732966399 -1.4E-09  4.1E-05  6.6E-06  0.0E+00    8    1.4E-001 
 463       -820.9732966413 -1.4E-09  6.9E-05  6.2E-06  0.0E+00    8    1.4E-001 
 464       -820.9732966448 -3.6E-09  2.4E-04  5.9E-06  0.0E+00    8    1.4E-001 
 465       -820.9732966506 -5.7E-09  1.8E-03  1.5E-05  1.9E-05    8    1.6E-001 
 466       -820.9732966558 -5.2E-09  1.1E-03  9.6E-06  0.0E+00    8    1.4E-001 
 467       -820.9732966623 -6.5E-09  2.3E-03  7.3E-06  0.0E+00    8    1.4E-001 
 468       -820.9732966649 -2.6E-09  1.2E-03  3.9E-06  0.0E+00    8    1.5E-001 
 469       -820.9732966662 -1.3E-09  1.4E-03  3.4E-06  0.0E+00    8    1.5E-001 
 470       -820.9732966675 -1.2E-09  1.9E-03  2.0E-05  0.0E+00    8    1.4E-001 
 471       -820.9732966714 -3.9E-09  6.0E-04  3.2E-05  0.0E+00    8    1.4E-001 
 472       -820.9732966749 -3.6E-09  1.4E-03  1.3E-05  0.0E+00    8    1.4E-001 
 473       -820.9732966802 -5.3E-09  2.7E-03  4.0E-06  2.0E-05    8    1.5E-001 
 474       -820.9732966855 -5.2E-09  3.3E-03  3.2E-06  1.9E-05    8    1.6E-001 
 475       -820.9732966908 -5.4E-09  4.0E-03  5.6E-06  2.4E-06    8    1.6E-001 
 476       -820.9732966964 -5.5E-09  4.9E-03  6.1E-06  1.2E-06    8    1.6E-001 
 477       -820.9732966992 -2.9E-09  2.3E-03  8.8E-06  0.0E+00    8    1.5E-001 
 478       -820.9732967064 -7.2E-09  5.0E-03  9.9E-06  2.1E-05    8    1.6E-001 
 479       -820.9732967159 -9.5E-09  6.0E-03  1.2E-05  2.0E-05    8    1.7E-001 
 480       -820.9732967216 -5.7E-09  4.4E-03  1.4E-05  0.0E+00    8    1.4E-001 
 481       -820.9732967255 -3.9E-09  7.5E-04  2.2E-05  0.0E+00    8    1.3E-001 
 482       -820.9732967335 -8.0E-09  7.5E-03  2.0E-05  7.7E-06    8    1.5E-001 
 483       -820.9732967372 -3.7E-09  1.2E-03  2.2E-05  0.0E+00    8    1.3E-001 
 484       -820.9732967426 -5.4E-09  3.7E-03  1.4E-05  0.0E+00    8    1.3E-001 
 485       -820.9732967471 -4.4E-09  2.5E-04  1.4E-05  0.0E+00    8    1.3E-001 
 486       -820.9732967526 -5.6E-09  2.6E-03  1.2E-05  0.0E+00    8    1.3E-001 
 487       -820.9732967627 -1.0E-08  5.4E-03  1.3E-05  5.5E-06    8    1.5E-001 
 488       -820.9732967721 -9.4E-09  6.5E-03  8.1E-06  7.4E-06    8    1.5E-001 
 SCF solver: failed to solve ||X(shift)|| = trust_radius
 489       -820.9732967793 -7.2E-09  7.9E-03  6.9E-06  7.8E-06    8    1.6E-001 
 490       -820.9732967836 -4.2E-09  1.9E-03  1.7E-05  0.0E+00    8    1.4E-001 
 491       -820.9732967875 -4.0E-09  4.8E-03  8.3E-06  0.0E+00    8    1.5E-001 
 492       -820.9732967785  9.0E-09  9.6E-03  1.9E-05  6.6E-06    8    1.5E-001 
 492*      -820.9732967831  4.4E-09  6.7E-03  1.9E-05  1.1E-05    8    1.4E-001 
 492*      -820.9732967857  1.8E-09  4.7E-03  1.9E-05  1.8E-05    8    1.4E-001 
 492*      -820.9732967873  1.9E-10  3.3E-03  1.9E-05  2.7E-05    8    1.5E-001 
 492*      -820.9732967884 -8.4E-10  2.3E-03  1.9E-05  4.1E-05    8    1.5E-001 
 493       -820.9732967932 -4.9E-09  2.3E-03  2.0E-05  6.2E-05    8    1.5E-001 
 494       -820.9732967962 -3.0E-09  2.8E-03  7.7E-06  5.7E-06    8    1.5E-001 
 495       -820.9732967998 -3.6E-09  3.0E-03  1.5E-05  0.0E+00    8    1.3E-001 
 496       -820.9732967987  1.1E-09  4.0E-03  1.6E-05  7.9E-06    8    1.5E-001 
 496*      -820.9732968003 -4.9E-10  2.8E-03  1.6E-05  1.8E-05    8    1.4E-001 
 497       -820.9732968010 -6.6E-10  1.4E-04  6.6E-06  0.0E+00    8    1.3E-001 
 498       -820.9732968043 -3.3E-09  2.4E-03  6.2E-06  5.1E-06    8    1.5E-001 
 499       -820.9732968107 -6.4E-09  2.8E-03  5.5E-06  6.9E-05    8    1.4E-001 
 500       -820.9732968159 -5.2E-09  3.4E-03  5.6E-06  3.9E-05    8    1.4E-001 
 501       -820.9732968205 -4.6E-09  2.2E-03  1.6E-05  0.0E+00    8    1.4E-001 
 502       -820.9732968223 -1.9E-09  1.1E-03  3.5E-06  0.0E+00    8    1.3E-001 
 503       -820.9732968264 -4.1E-09  3.6E-03  3.7E-06  0.0E+00    8    1.3E-001 
 504       -820.9732968289 -2.6E-09  1.8E-03  1.1E-05  0.0E+00    8    1.3E-001 
 505       -820.9732968297 -7.3E-10  5.2E-04  6.0E-06  0.0E+00    8    1.3E-001 
 506       -820.9732968331 -3.5E-09  2.4E-03  4.6E-06  0.0E+00    8    1.3E-001 
 507       -820.9732968364 -3.3E-09  2.3E-03  7.4E-06  0.0E+00    8    1.3E-001 
 508       -820.9732968427 -6.3E-09  5.0E-03  3.5E-06  0.0E+00    8    1.3E-001 
 509       -820.9732968483 -5.6E-09  6.1E-03  7.3E-06  1.1E-05    8    1.5E-001 
 510       -820.9732968494 -1.2E-09  7.2E-04  7.1E-06  0.0E+00    8    1.3E-001 
 511       -820.9732968497 -2.2E-10  2.9E-06  5.0E-06  0.0E+00    8    1.3E-001 
 512       -820.9732968499 -2.1E-10  4.4E-04  4.8E-06  0.0E+00    8    1.3E-001 
 513       -820.9732968504 -5.0E-10  1.8E-04  1.4E-05  0.0E+00    8    1.3E-001 
 514       -820.9732968521 -1.7E-09  1.3E-03  1.5E-05  0.0E+00    8    1.3E-001 
 515       -820.9732968545 -2.5E-09  2.1E-03  6.4E-06  2.4E-05    8    1.5E-001 
 516       -820.9732968577 -3.1E-09  2.6E-03  4.1E-06  7.5E-07    8    1.5E-001 
 517       -820.9732968589 -1.2E-09  1.3E-03  3.4E-06  0.0E+00    8    1.4E-001 
 518       -820.9732968606 -1.7E-09  1.9E-03  4.1E-06  0.0E+00    8    1.4E-001 
 519       -820.9732968632 -2.6E-09  3.1E-03  3.5E-06  4.7E-05    8    1.6E-001 
 520       -820.9732968653 -2.1E-09  3.1E-03  5.2E-06  3.3E-05    8    1.6E-001 
 521       -820.9732968668 -1.5E-09  2.2E-03  6.2E-06  0.0E+00    8    2.8E-001 
 522       -820.9732968677 -9.3E-10  1.1E-03  7.9E-06  0.0E+00    8    3.2E-001 
 523       -820.9732968689 -1.2E-09  2.9E-03  7.8E-06  0.0E+00    8    3.2E-001 
 524       -820.9732968701 -1.2E-09  2.2E-03  1.6E-05  0.0E+00    8    2.9E-001 
 525       -820.9732968724 -2.3E-09  2.9E-03  1.8E-05  0.0E+00    8    2.7E-001 
 526       -820.9732968729 -5.0E-10  7.9E-04  5.8E-06  0.0E+00    8    1.3E-001 
 527       -820.9732968733 -3.5E-10  3.3E-04  5.3E-06  0.0E+00    8    1.3E-001 
 528       -820.9732968745 -1.2E-09  1.7E-03  5.5E-06  0.0E+00    8    1.3E-001 
 529       -820.9732968750 -5.6E-10  1.0E-03  2.8E-06  0.0E+00    8    1.3E-001 
 530       -820.9732968755 -5.0E-10  2.0E-03  3.0E-06  0.0E+00    8    1.3E-001 
 531       -820.9732968761 -5.3E-10  5.0E-04  7.9E-06  0.0E+00    8    1.5E-001 
 532       -820.9732968762 -1.8E-10  3.3E-04  4.2E-06  0.0E+00    8    1.4E-001 
 533       -820.9732968791 -2.8E-09  2.7E-03  4.4E-06  4.1E-05    8    1.5E-001 
 534       -820.9732968805 -1.5E-09  2.1E-03  4.7E-06  0.0E+00    8    1.3E-001 
 535       -820.9732968809 -4.0E-10  4.4E-04  5.6E-06  0.0E+00    8    1.3E-001 
 536       -820.9732968820 -1.1E-09  7.2E-04  1.2E-05  0.0E+00    8    1.3E-001 
 537       -820.9732968835 -1.5E-09  1.3E-03  1.1E-05  0.0E+00    8    1.3E-001 
 538       -820.9732968852 -1.7E-09  2.3E-03  8.0E-06  2.9E-06    8    1.6E-001 
 539       -820.9732968861 -8.2E-10  9.9E-04  8.8E-06  0.0E+00    8    1.4E-001 
 540       -820.9732968864 -3.0E-10  2.5E-04  4.1E-06  0.0E+00    8    1.4E-001 
 541       -820.9732968868 -4.8E-10  1.6E-04  3.7E-06  0.0E+00    8    1.4E-001 
 542       -820.9732968872 -4.1E-10  6.1E-04  2.1E-06  0.0E+00    8    1.3E-001 
 543       -820.9732968879 -6.9E-10  1.3E-03  2.1E-06  2.6E-05    8    1.5E-001 
 544       -820.9732968888 -8.2E-10  1.6E-03  6.8E-06  6.3E-06    8    1.5E-001 
 545       -820.9732968890 -2.3E-10  2.6E-04  2.3E-06  0.0E+00    8    1.3E-001 
 546       -820.9732968890 -5.7E-11  2.0E-05  5.6E-06  0.0E+00    8    1.3E-001 
 547       -820.9732968899 -8.9E-10  5.4E-04  1.3E-05  0.0E+00    8    1.3E-001 
 548       -820.9732968905 -5.7E-10  9.5E-04  2.0E-06  2.6E-06    8    1.5E-001 
 549       -820.9732968912 -6.6E-10  1.1E-03  2.5E-06  4.2E-05    8    1.6E-001 
 550       -820.9732968921 -8.9E-10  1.1E-03  8.6E-06  0.0E+00    8    1.3E-001 
 551       -820.9732968922 -2.0E-10  2.2E-04  2.0E-06  0.0E+00    8    1.5E-001 
 552       -820.9732968931 -8.9E-10  1.4E-03  1.8E-06  3.5E-05    8    1.6E-001 
 553       -820.9732968935 -3.2E-10  7.1E-04  2.6E-06  0.0E+00    8    1.4E-001 
 554       -820.9732968937 -2.4E-10  3.2E-04  2.6E-06  0.0E+00    8    1.3E-001 
 555       -820.9732968941 -4.1E-10  5.0E-04  2.7E-06  0.0E+00    8    1.3E-001 
 556       -820.9732968946 -4.8E-10  9.8E-04  2.7E-06  3.8E-05    8    1.4E-001 
 557       -820.9732968947 -1.6E-10  7.4E-04  4.8E-06  0.0E+00    8    1.3E-001 
 558       -820.9732968951 -3.8E-10  4.3E-04  8.8E-06  0.0E+00    8    1.3E-001 
 559       -820.9732968952 -9.9E-11  5.4E-05  5.2E-06  0.0E+00    8    1.3E-001 
 560       -820.9732968955 -3.3E-10  5.5E-05  5.1E-06  0.0E+00    8    1.4E-001 
 561       -820.9732968957 -1.1E-10  1.2E-04  1.8E-06  0.0E+00    8    1.4E-001 
 562       -820.9732968960 -3.8E-10  4.8E-04  1.7E-06  5.1E-05    8    1.6E-001 
 563       -820.9732968963 -2.6E-10  4.9E-04  2.4E-06  0.0E+00    8    1.4E-001 
 564       -820.9732968965 -2.3E-10  4.6E-04  2.3E-06  0.0E+00    8    1.4E-001 
 565       -820.9732968968 -3.1E-10  7.0E-04  2.1E-06  0.0E+00    8    1.4E-001 
 566       -820.9732968971 -2.3E-10  8.5E-04  1.5E-06  0.0E+00    8    1.4E-001 
 567       -820.9732968972 -1.8E-10  4.3E-04  3.8E-06  0.0E+00    8    1.3E-001 
 568       -820.9732968973 -7.5E-11  4.0E-04  3.4E-06  0.0E+00    8    1.3E-001 
 569       -820.9732968973 -1.5E-11  4.2E-04  3.8E-06  0.0E+00    8    1.3E-001 
 570       -820.9732968973 -1.3E-11  1.4E-04  2.6E-06  0.0E+00    8    1.3E-001 
 571       -820.9732968974 -3.4E-11  3.2E-05  3.5E-06  0.0E+00    8    1.3E-001 
 572       -820.9732968975 -8.9E-11  3.5E-04  2.1E-06  3.3E-06    8    1.5E-001 
 573       -820.9732968975 -3.8E-11  4.2E-05  1.7E-06  0.0E+00    8    1.4E-001 
 574       -820.9732968976 -1.1E-10  1.4E-04  1.4E-06  0.0E+00    8    1.3E-001 
 575       -820.9732968976 -1.2E-11  8.8E-07  1.8E-06  0.0E+00    8    1.3E-001 
 576       -820.9732968975  1.8E-10  1.8E-04  1.1E-06  5.0E-04    8    1.5E-001 
 576*      -820.9732968977 -3.9E-11  1.2E-04  1.1E-06  1.3E-04    8    1.5E-001 
 577       -820.9732968977 -4.9E-11  1.5E-04  1.5E-06  1.4E-04    8    1.5E-001 
 578       -820.9732968977  3.3E-11  1.7E-04  1.2E-06  1.3E-04    8    1.4E-001 
 578*      -820.9732968977 -1.9E-11  1.2E-04  1.2E-06  1.5E-04    8    1.5E-001 
 579       -820.9732968919  5.8E-09  8.6E-05  1.3E-06  4.8E-04    8    1.4E-001 
 579*      -820.9732968977  7.4E-11  1.0E-04  1.3E-06  1.2E-04    8    1.5E-001 
 579*      -820.9732968977  6.7E-11  7.4E-05  1.3E-06  1.9E-04    8    1.5E-001 
 579*      -820.9732968977  6.3E-11  5.2E-05  1.3E-06  2.9E-04    8    1.6E-001 
 579*      -820.9732968976  1.7E-10  2.1E-05  1.3E-06  4.2E-03    8    1.4E-001 
 579*      -820.9732968976  9.3E-11  1.4E-05  1.3E-06  4.4E-03    8    1.4E-001 
 579*      -820.9732968977  5.7E-11  9.5E-06  1.3E-06  4.8E-03    8    1.4E-001 
 579*      -820.9732968977  4.0E-11  6.0E-06  1.3E-06  5.3E-03    8    1.4E-001 
 579*      -820.9732968977  3.0E-11  3.3E-06  1.3E-06  6.5E-03    8    1.4E-001 
 579*      -820.9732968977  2.0E-11  3.1E-06  1.3E-06  1.2E-02    8    1.3E-001 
 579*      -820.9732968977  6.8E-13  2.4E-06  1.3E-06  3.4E-02    8    1.3E-001 
 580       -820.9732968978 -1.6E-11  1.6E-06  2.9E-06  3.2E-02    8    1.4E-001 
 581       -820.9732968978 -1.6E-11  3.8E-06  1.9E-06  5.4E-03    8    1.4E-001 
 582       -820.9732968978 -1.4E-11  3.9E-06  9.8E-07  1.8E-01    8    1.4E-001 
 583       -820.9732968978 -2.0E-11  4.3E-06  1.4E-06  6.0E-02    8    1.4E-001 
 584       -820.9732968978 -1.8E-11  5.2E-06  8.0E-07  3.9E-02    8    1.5E-001 
 585       -820.9732968978 -1.5E-11  6.4E-06  6.7E-07  3.1E-02    8    1.4E-001 
 586       -820.9732968979 -1.1E-11  7.3E-06  1.5E-06  2.7E-02    8    1.4E-001 
 587       -820.9732968978  8.0E-12  7.0E-06  2.2E-06  8.2E-02    8    1.4E-001 
 587*      -820.9732968979 -1.3E-11  4.1E-06  2.2E-06  1.8E-01    8    1.5E-001 
 588       -820.9732968979 -2.9E-11  4.2E-06  2.5E-06  6.2E-02    8    1.5E-001 
 589       -820.9732968979 -2.0E-11  4.5E-06  1.6E-06  6.6E-02    8    1.6E-001 
 590       -820.9732968979 -1.9E-11  5.1E-06  5.7E-07  4.4E-02    8    1.6E-001 
 591       -820.9732968980 -2.0E-11  6.8E-06  5.2E-07  3.2E-02    8    1.5E-001 
 592       -820.9732968980 -2.0E-11  8.3E-06  6.5E-07  2.5E-02    8    1.4E-001 
 593       -820.9732968979  5.2E-11  8.7E-06  4.3E-07  5.4E-02    8    1.4E-001 
 593*      -820.9732968980  1.8E-11  6.3E-06  4.3E-07  5.3E-02    8    1.4E-001 
 593*      -820.9732968980  1.1E-13  4.6E-06  4.3E-07  7.2E-02    8    1.4E-001 
 593*      -820.9732968980 -4.8E-12  3.3E-06  4.3E-07  9.9E-02    8    1.4E-001 
 594       -820.9732968980  2.9E-11  3.3E-06  1.0E-06  1.2E-01    8    1.4E-001 
 594*      -820.9732968980 -8.9E-12  2.5E-06  1.0E-06  8.0E-02    8    1.4E-001 
 595       -820.9732968980 -9.8E-12  2.7E-06  7.2E-07  6.5E-02    8    1.4E-001 
 596       -820.9732968980 -9.4E-12  3.4E-06  4.1E-07  5.7E-02    8    1.4E-001 
 597       -820.9732968980 -8.8E-12  4.3E-06  3.9E-07  5.2E-02    8    1.5E-001 
 598       -820.9732968980 -1.1E-11  4.6E-06  9.1E-07  3.8E-02    8    1.5E-001 
 599       -820.9732968980 -1.1E-11  5.1E-06  1.0E-06  3.3E-02    8    1.5E-001 
 600       -820.9732968981 -1.3E-11  4.7E-06  9.2E-07  3.1E-02    8    1.4E-001 
 601       -820.9732968981 -9.4E-12  6.1E-06  3.7E-07  2.2E-02    8    1.5E-001 
 602       -820.9732968981 -8.9E-12  7.5E-06  2.7E-07  1.5E-02    8    1.5E-001 
 603       -820.9732968981 -5.6E-12  9.0E-06  4.6E-07  7.6E-03    8    1.5E-001 
 604       -820.9732968981 -1.4E-11  7.4E-06  5.5E-07  2.1E-02    8    1.4E-001 
 605       -820.9732968981 -8.6E-12  7.9E-06  2.9E-07  6.3E-03    8    1.4E-001 
 606       -820.9732968981 -7.0E-12  9.6E-06  5.2E-07  2.9E-03    8    1.4E-001 
 607       -820.9732968981  1.8E-12  7.9E-06  2.5E-07  0.0E+00    8    1.4E-001 
 607*      -820.9732968981  4.4E-11  5.5E-06  2.5E-07  0.0E+00    8    1.5E-001 
 607*      -820.9732968981  4.5E-11  3.3E-06  2.5E-07  4.0E-02    8    1.5E-001 
 607*      -820.9732968981  1.9E-11  2.2E-06  2.5E-07  4.7E-02    8    1.4E-001 
 607*      -820.9732968981  6.9E-12  1.4E-06  2.5E-07  5.6E-02    8    1.4E-001 
 607*      -820.9732968981  1.8E-12  9.7E-07  2.5E-07  7.1E-02    8    1.4E-001 
 607*      -820.9732968981  2.3E-13  6.5E-07  2.5E-07  9.2E-02    8    1.4E-001 
 607*      -820.9732968981 -8.0E-13  4.3E-07  2.5E-07  1.3E-01    8    1.4E-001 
 ------------------------------------------------------------------------------
 SCF converged
 Converged energy                        -820.973296898104   
 ------------------------------------------------------------------------------
 Ehomo(Alpha) [eV]                       -5.040734542076     
 Elumo(Alpha) [eV]                       0.701530143745      
 Ehomo(Beta) [eV]                        -4.902007093592     
 Elumo(Beta) [eV]                        0.731631814650      

 dipole moment (Debye)
        x              y              z       
     -4.541E-006     6.394E-007     5.463E-006

 traceless quadrupole moment (Debye*Angs)
                       x              y              z       
 x                  -1.303E-001    -1.631E-001     5.548E-004
 y                  -1.631E-001     4.178E-002     5.926E-005
 z                   5.548E-004     5.926E-005     8.852E-002

 ----------------------------------------------------------------------------
 Timings (seconds)
 * mean-field hamiltonian     9.1E+001
 * solver (setting up eqns)   8.4E-001
 * solver (energy estimate)   1.4E-001
 * solver (orthogonalization) 4.3E-002
 * solver (rotation matrix X) 4.2E+000
 * solver (exponential of X)  4.3E-001
 * solver (total)             5.6E+000
 * total SCF                  9.7E+001
 Atomic guess: TB, ../../../../basis-sets/bse/def2-sv(p).txt
 -----------------------------------------------------------
 E(HF) [a.u.]                            -8.2097329690E+002
 Tr(RhoAvg S), Cartesian AOs              3.7000000000E+001
 Tr(RhoAvg S), spherical AOs              3.7000000000E+001
 max|T RhoAvg T**T - RhoAvg_sao|                  2.00E-015
 max|c(RhoAvg) - c(Rho)|                          1.78E-015
 max|RhoAvg - Rho|                                3.91E-001
 Saved /mnt/storage_6/project_data/pl0415-03/marcin/beyond-rpa/guess/electron-densities/bse/def2-sv(p)/tb.txt
 ----------------------------------------------------------------------------
                             SCF for DY (2S+1=5)                             
 ----------------------------------------------------------------------------
 NUMBER OF ATOMS                         1
 CHARGE                                  0
 Prescreening (pq|pq) integrals for the Cholesky decomposition
 Shell pairs will be sorted according to their max elements
 Max diagonal integral MaxDrs=2.5E+001
 Applying Eq. 15 in J. Chem. Phys. 150, 194112 (2019); doi: 10.1063/1.5083802
 Schwarz inequality: Dpq<min(10**(-8),Tau)**2/MaxDrs=4.0E-018
 Trace of exact Coulomb matrix: 2.2E+002
 Trace of discarded integrals: 0.0E+000
 Discarded 0 out of 276 shell pairs
 (0 out of 2415 orbital pairs)

 Step 1 of Cholesky decomposition: locating pivots
 -------------------------------------------------
 Dimensions of the Coulomb matrix: (2415,2415)
 Threshold for diagonal matrix elements: Dpq > 1.0E-007
 Max number of Cholesky vectors: 1035
 Rk storage block size: 500
 Max dimension of 2e integrals buffer: (2415,1000)

 ----------------------------------------------------------------------------
 #    Dmax        Memory (MB)    NPivots     %    Time        
 ----------------------------------------------------------------------------
 1    2.2E-001    2.7E+001       9           3    3.0E-001    
 2    3.6E-003    2.7E+001       233         18   3.2E-001    
 3    1.1E-004    2.5E+001       398         63   1.6E-001    
 4    1.1E-006    1.6E+001       485         90   1.9E-001    
 5    1.0E-007    7.3E+000       539         100  1.5E-001    

 Step 1 of the Cholesky decomposition completed
 Computed 539 pivots
 Largest residual Dpq: 1.0E-007
 NCholesky/NAO = 7.8E+000
 Step 1 of Cholesky decomposition completed in 1.1E+000 seconds
 Detailed timings in seconds
 Subtract prev contribs I (M-R**T*R)     9.4E-003
 Subtract prev contribs II (Rk)          1.8E-002
 Two-electron integrals                  1.1E+000
 Reallocation                            4.4E-003

 Step 2 of Cholesky decomposition completed in 8.6E-002 seconds
 Detailed timings in seconds
 Reduced-dimension matrix V    8.4E-002
 V=L*L**T                      8.1E-004
 L**(-1)                       1.0E-003

 Full-dimension Cholesky vectors of the Coulomb matrix will be stored in memory
 Cholesky vectors computed in 1.6E-001 seconds

 ┌─────────────────────────────────────────┐
 │          Self-consistent field          │
 └─────────────────────────────────────────┘

 Atomic orbital basis set
 . . . . . . . . . . . . . . . . . . . . . . . . . . . . . . . . . . . . . . 
 atomic centers                               1
 shell parameter sets                         23
 spherical AOs                                69
 max angular momentum                         3
 parameter set                                ../../../../basis-sets/bse/def2-sv(p).txt
 . . . . . . . . . . . . . . . . . . . . . . . . . . . . . . . . . . . . . . 
 SCF guess: bare nuclei Hamiltonian
 Starting self-consistent field iterations (spin-unrestricted)
 Alpha electrons: 21
 Beta electrons: 17
 ----------------------------------------------------------------------------
 Exchange-correlation: Hartree-Fock
 ----------------------------------------------------------------------------
 Replicated-data parallel SCF
 ----------------------------
 Processes                               1
 Threads/process                         16
 Allocated 9.7E-004 GiB of scratch space for the KS matrix build
 ----------------------------------------------------------------------------
 Loaded pseudopotential parameters
 ----------------------------------------------------------------------------

 DYSPROSIUM  
 Parameters file: ../../../../basis-sets/bse/def2-sv(p).txt
 ECP accounts for 28 core electrons

          Coeff         R^n       Exponent                                       

 Local part

 (Local part not present)
          0.00000000      2         1.00000000                                   

 L = 0

        705.67122100      2        26.42958600                                   

 L = 1

        254.86698900      2        17.31703400                                   

 L = 2

         95.04518700      2        12.91359900                                   

 L = 3

        -54.57409300      2        24.90787800                                   

 L = 4

        -29.82827700      2        24.14875300                                   

 ----------------------------------------------------------------------------
 Spherical harmonic basis contains 69 vectors
 Linear independence thresh: Eig(S) > 1.0E-006
 Computations will be carried out in the space of 69 MOs
 Threshold for J, K: |Rho(r,s)*(pq|rs)|,|Rho(q,s)*(pq|rs)| > 1.0E-011
 Convergence conditions
 ----------------------
 RhoDiff < 1.0E-006
 OrbGrad < 1.0E-006
 Max number of macroiters: 1024
 ------------------------------------------------------------------------------
 #           Energy        EDiff    RhoDiff  OrbGrad  OrbShift NStored Time     
 ------------------------------------------------------------------------------
 0          692.7918857813                                        0    1.7E-001 
 1         -809.9712779575           3.5E+02                      0    1.3E-001 
 2         -866.6289481976 -5.7E+01  9.1E+00  5.5E+00  1.1E+01    1    1.3E-001 
 3         -874.6770270270 -8.0E+00  2.1E+00  2.3E+00  3.4E+00    2    1.3E-001 
 4         -878.1400872826 -3.5E+00  1.1E+00  1.3E+00  3.6E-01    3    1.4E-001 
 5         -879.6081033181 -1.5E+00  3.0E-01  5.4E-01  1.1E+00    4    1.3E-001 
 6         -880.1069954634 -5.0E-01  3.8E-01  4.7E-01  0.0E+00    5    1.4E-001 
 7         -881.0031333647 -9.0E-01  1.9E-01  5.0E-01  9.3E-01    6    1.4E-001 
 8         -881.1739386116 -1.7E-01  5.6E-01  1.2E-01  2.1E-01    7    1.4E-001 
 9         -881.4654223828 -2.9E-01  4.6E-01  1.1E-01  4.1E-01    8    1.5E-001 
 10        -881.5061436962 -4.1E-02  6.2E-02  6.9E-02  0.0E+00    8    1.3E-001 
 11        -881.5721857793 -6.6E-02  3.8E-01  2.4E-02  4.2E-02    8    1.4E-001 
 12        -881.6109963543 -3.9E-02  4.3E-01  3.1E-02  0.0E+00    8    1.3E-001 
 13        -881.6187704469 -7.8E-03  8.7E-02  2.2E-02  0.0E+00    8    1.3E-001 
 14        -881.6219306082 -3.2E-03  3.7E-02  1.2E-02  0.0E+00    8    1.3E-001 
 15        -881.6234660534 -1.5E-03  2.4E-02  8.3E-03  0.0E+00    8    1.3E-001 
 16        -881.6241162731 -6.5E-04  1.2E-02  4.6E-03  0.0E+00    8    1.3E-001 
 17        -881.6244667556 -3.5E-04  1.1E-02  2.5E-03  0.0E+00    8    1.4E-001 
 18        -881.6245617245 -9.5E-05  6.3E-03  1.6E-03  0.0E+00    8    1.3E-001 
 19        -881.6245686202 -6.9E-06  3.1E-03  2.2E-03  0.0E+00    8    1.4E-001 
 20        -881.6246813468 -1.1E-04  6.7E-03  4.1E-03  0.0E+00    8    1.4E-001 
 21        -881.6248774348 -2.0E-04  2.1E-02  1.7E-03  1.6E-02    8    1.4E-001 
 22        -881.6250225837 -1.5E-04  2.3E-02  1.7E-03  1.5E-02    8    1.4E-001 
 23        -881.6251532969 -1.3E-04  1.9E-02  1.6E-03  0.0E+00    8    1.3E-001 
 24        -881.6257696088 -6.2E-04  3.8E-02  3.2E-03  1.1E-02    8    1.3E-001 
 25        -881.6272654060 -1.5E-03  3.4E-02  7.5E-03  2.3E-01    8    1.4E-001 
 26        -881.6299673912 -2.7E-03  4.2E-02  1.4E-02  3.0E-01    8    1.4E-001 
 27        -881.6344413521 -4.5E-03  4.6E-02  2.0E-02  3.3E-01    8    1.5E-001 
 28        -881.6413192351 -6.9E-03  6.9E-02  2.7E-02  3.5E-01    8    1.5E-001 
 29        -881.6511606306 -9.8E-03  1.0E-01  3.3E-02  3.4E-01    8    1.4E-001 
 30        -881.6640896413 -1.3E-02  1.4E-01  3.9E-02  3.0E-01    8    1.5E-001 
 31        -881.6790929597 -1.5E-02  1.8E-01  4.0E-02  2.3E-01    8    1.4E-001 
 32        -881.6930099028 -1.4E-02  2.0E-01  3.6E-02  1.3E-01    8    1.4E-001 
 33        -881.7007034112 -7.7E-03  1.6E-01  2.3E-02  2.2E-02    8    1.5E-001 
 34        -881.7017493461 -1.0E-03  5.8E-02  5.0E-03  0.0E+00    8    1.3E-001 
 35        -881.7015076987  2.4E-04  4.6E-02  1.2E-02  0.0E+00    8    1.4E-001 
 35*       -881.7017422048  7.1E-06  3.2E-02  1.2E-02  8.6E-03    8    1.4E-001 
 35*       -881.7018614501 -1.1E-04  2.3E-02  1.2E-02  2.2E-02    8    1.4E-001 
 36        -881.7027719708 -9.1E-04  2.4E-02  1.4E-02  1.3E-02    8    1.4E-001 
 37        -881.7030711004 -3.0E-04  2.7E-02  4.2E-03  5.4E-04    8    1.5E-001 
 38        -881.7033028239 -2.3E-04  1.9E-02  3.7E-03  0.0E+00    8    1.3E-001 
 39        -881.7035654378 -2.6E-04  1.9E-02  3.0E-03  0.0E+00    8    1.3E-001 
 40        -881.7039157511 -3.5E-04  1.5E-02  2.3E-03  0.0E+00    8    1.3E-001 
 41        -881.7046467508 -7.3E-04  2.5E-02  2.7E-03  0.0E+00    8    1.3E-001 
 42        -881.7059916859 -1.3E-03  3.9E-02  2.9E-03  3.0E-02    8    1.4E-001 
 43        -881.7077587333 -1.8E-03  4.7E-02  5.5E-03  3.6E-02    8    1.5E-001 
 44        -881.7095105606 -1.8E-03  5.5E-02  6.1E-03  2.3E-02    8    1.4E-001 
 45        -881.7101232400 -6.1E-04  4.5E-02  4.4E-03  0.0E+00    8    1.4E-001 
 46        -881.7101757463 -5.3E-05  4.2E-03  3.5E-03  0.0E+00    8    1.4E-001 
 47        -881.7101790902 -3.3E-06  3.0E-03  2.9E-03  0.0E+00    8    1.4E-001 
 48        -881.7103250360 -1.5E-04  6.3E-03  4.6E-03  0.0E+00    8    1.3E-001 
 49        -881.7103476181 -2.3E-05  2.6E-03  1.4E-03  0.0E+00    8    1.3E-001 
 50        -881.7103533062 -5.7E-06  1.8E-03  3.8E-04  0.0E+00    8    1.3E-001 
 51        -881.7103554110 -2.1E-06  1.5E-03  2.0E-04  0.0E+00    8    1.4E-001 
 52        -881.7103559901 -5.8E-07  7.5E-04  1.3E-04  0.0E+00    8    1.4E-001 
 53        -881.7103563246 -3.3E-07  3.4E-04  1.2E-04  0.0E+00    8    1.3E-001 
 54        -881.7103566877 -3.6E-07  5.0E-04  1.2E-04  0.0E+00    8    1.3E-001 
 55        -881.7103568711 -1.8E-07  1.7E-04  8.9E-05  0.0E+00    8    1.3E-001 
 56        -881.7103571356 -2.6E-07  3.7E-04  8.6E-05  0.0E+00    8    1.3E-001 
 57        -881.7103571566 -2.1E-08  4.5E-04  1.5E-04  0.0E+00    8    1.4E-001 
 58        -881.7103576642 -5.1E-07  4.5E-04  3.1E-04  0.0E+00    8    1.3E-001 
 59        -881.7103578169 -1.5E-07  4.0E-04  1.1E-04  0.0E+00    8    1.4E-001 
 60        -881.7103578759 -5.9E-08  1.7E-04  5.5E-05  0.0E+00    8    1.3E-001 
 61        -881.7103579416 -6.6E-08  1.8E-04  4.7E-05  0.0E+00    8    1.3E-001 
 62        -881.7103579920 -5.0E-08  2.2E-04  3.8E-05  0.0E+00    8    1.3E-001 
 63        -881.7103580038 -1.2E-08  1.0E-04  2.3E-05  0.0E+00    8    1.3E-001 
 64        -881.7103580090 -5.2E-09  4.9E-05  1.6E-05  0.0E+00    8    1.3E-001 
 65        -881.7103580113 -2.3E-09  5.1E-05  1.2E-05  0.0E+00    8    1.4E-001 
 66        -881.7103580126 -1.3E-09  2.2E-05  6.1E-06  0.0E+00    8    1.3E-001 
 67        -881.7103580126  1.8E-11  1.9E-05  6.2E-06  0.0E+00    8    1.3E-001 
 67*       -881.7103580126 -1.1E-11  1.5E-05  6.2E-06  3.5E-02    8    1.4E-001 
 68        -881.7103580131 -4.6E-10  1.0E-05  1.0E-05  4.6E-03    8    1.4E-001 
 69        -881.7103580131 -6.3E-11  2.8E-06  2.9E-06  0.0E+00    8    1.3E-001 
 70        -881.7103580132 -1.8E-11  4.0E-06  1.1E-06  0.0E+00    8    1.4E-001 
 71        -881.7103580132 -1.1E-11  5.7E-06  5.7E-07  0.0E+00    8    1.4E-001 
 72        -881.7103580132 -2.4E-11  1.1E-05  8.4E-07  0.0E+00    8    1.3E-001 
 73        -881.7103580132 -1.1E-11  4.8E-06  5.9E-07  0.0E+00    8    1.3E-001 
 74        -881.7103580132 -7.0E-12  3.5E-06  3.6E-07  0.0E+00    8    1.4E-001 
 75        -881.7103580132 -5.6E-12  2.2E-06  5.2E-07  0.0E+00    8    1.3E-001 
 76        -881.7103580132 -1.6E-12  1.9E-06  2.3E-07  0.0E+00    8    1.3E-001 
 77        -881.7103580132 -1.1E-12  7.6E-07  4.3E-07  0.0E+00    8    1.3E-001 
 ------------------------------------------------------------------------------
 SCF converged
 Converged energy                        -881.710358013213   
 ------------------------------------------------------------------------------
 Ehomo(Alpha) [eV]                       -5.112218970623     
 Elumo(Alpha) [eV]                       0.834865577470      
 Ehomo(Beta) [eV]                        -5.005642673884     
 Elumo(Beta) [eV]                        0.864166450323      

 dipole moment (Debye)
        x              y              z       
      1.549E-006     4.665E-007    -5.503E-007

 traceless quadrupole moment (Debye*Angs)
                       x              y              z       
 x                  -9.388E-007    -2.695E-007     4.854E-007
 y                  -2.695E-007     1.623E-006     5.960E-007
 z                   4.854E-007     5.960E-007    -6.845E-007

 ----------------------------------------------------------------------------
 Timings (seconds)
 * mean-field hamiltonian     1.1E+001
 * solver (setting up eqns)   9.9E-002
 * solver (energy estimate)   1.3E-002
 * solver (orthogonalization) 5.0E-003
 * solver (rotation matrix X) 2.8E-001
 * solver (exponential of X)  6.8E-002
 * solver (total)             4.7E-001
 * total SCF                  1.1E+001
 Atomic guess: DY, ../../../../basis-sets/bse/def2-sv(p).txt
 -----------------------------------------------------------
 E(HF) [a.u.]                            -8.8171035801E+002
 Tr(RhoAvg S), Cartesian AOs              3.8000000000E+001
 Tr(RhoAvg S), spherical AOs              3.8000000000E+001
 max|T RhoAvg T**T - RhoAvg_sao|                  1.78E-015
 max|c(RhoAvg) - c(Rho)|                          7.11E-015
 max|RhoAvg - Rho|                                2.81E-001
 Saved /mnt/storage_6/project_data/pl0415-03/marcin/beyond-rpa/guess/electron-densities/bse/def2-sv(p)/dy.txt
 ----------------------------------------------------------------------------
                             SCF for HO (2S+1=4)                             
 ----------------------------------------------------------------------------
 NUMBER OF ATOMS                         1
 CHARGE                                  0
 Prescreening (pq|pq) integrals for the Cholesky decomposition
 Shell pairs will be sorted according to their max elements
 Max diagonal integral MaxDrs=2.6E+001
 Applying Eq. 15 in J. Chem. Phys. 150, 194112 (2019); doi: 10.1063/1.5083802
 Schwarz inequality: Dpq<min(10**(-8),Tau)**2/MaxDrs=3.9E-018
 Trace of exact Coulomb matrix: 2.3E+002
 Trace of discarded integrals: 0.0E+000
 Discarded 0 out of 276 shell pairs
 (0 out of 2415 orbital pairs)

 Step 1 of Cholesky decomposition: locating pivots
 -------------------------------------------------
 Dimensions of the Coulomb matrix: (2415,2415)
 Threshold for diagonal matrix elements: Dpq > 1.0E-007
 Max number of Cholesky vectors: 1035
 Rk storage block size: 500
 Max dimension of 2e integrals buffer: (2415,1000)

 ----------------------------------------------------------------------------
 #    Dmax        Memory (MB)    NPivots     %    Time        
 ----------------------------------------------------------------------------
 1    1.8E-001    2.7E+001       9           3    2.9E-001    
 2    3.5E-003    2.7E+001       244         24   3.0E-001    
 3    4.2E-005    2.5E+001       401         64   2.9E-001    
 4    4.0E-007    2.4E+001       514         95   2.3E-001    
 5    9.8E-008    3.6E+000       547         100  5.3E-002    

 Step 1 of the Cholesky decomposition completed
 Computed 547 pivots
 Largest residual Dpq: 9.8E-008
 NCholesky/NAO = 7.9E+000
 Step 1 of Cholesky decomposition completed in 1.2E+000 seconds
 Detailed timings in seconds
 Subtract prev contribs I (M-R**T*R)     1.0E-002
 Subtract prev contribs II (Rk)          2.2E-002
 Two-electron integrals                  1.1E+000
 Reallocation                            3.8E-003

 Step 2 of Cholesky decomposition completed in 8.4E-002 seconds
 Detailed timings in seconds
 Reduced-dimension matrix V    8.2E-002
 V=L*L**T                      8.7E-004
 L**(-1)                       1.2E-003

 Full-dimension Cholesky vectors of the Coulomb matrix will be stored in memory
 Cholesky vectors computed in 1.9E-001 seconds

 ┌─────────────────────────────────────────┐
 │          Self-consistent field          │
 └─────────────────────────────────────────┘

 Atomic orbital basis set
 . . . . . . . . . . . . . . . . . . . . . . . . . . . . . . . . . . . . . . 
 atomic centers                               1
 shell parameter sets                         23
 spherical AOs                                69
 max angular momentum                         3
 parameter set                                ../../../../basis-sets/bse/def2-sv(p).txt
 . . . . . . . . . . . . . . . . . . . . . . . . . . . . . . . . . . . . . . 
 SCF guess: bare nuclei Hamiltonian
 Starting self-consistent field iterations (spin-unrestricted)
 Alpha electrons: 21
 Beta electrons: 18
 ----------------------------------------------------------------------------
 Exchange-correlation: Hartree-Fock
 ----------------------------------------------------------------------------
 Replicated-data parallel SCF
 ----------------------------
 Processes                               1
 Threads/process                         16
 Allocated 9.7E-004 GiB of scratch space for the KS matrix build
 ----------------------------------------------------------------------------
 Loaded pseudopotential parameters
 ----------------------------------------------------------------------------

 HOLMIUM     
 Parameters file: ../../../../basis-sets/bse/def2-sv(p).txt
 ECP accounts for 28 core electrons

          Coeff         R^n       Exponent                                       

 Local part

 (Local part not present)
          0.00000000      2         1.00000000                                   

 L = 0

        755.70313600      2        28.39725700                                   

 L = 1

        253.55199800      2        17.43863300                                   

 L = 2

         89.63567700      2        12.43421200                                   

 L = 3

        -55.48203600      2        25.38701000                                   

 L = 4

        -30.99112500      2        25.18850100                                   

 ----------------------------------------------------------------------------
 Spherical harmonic basis contains 69 vectors
 Linear independence thresh: Eig(S) > 1.0E-006
 Computations will be carried out in the space of 69 MOs
 Threshold for J, K: |Rho(r,s)*(pq|rs)|,|Rho(q,s)*(pq|rs)| > 1.0E-011
 Convergence conditions
 ----------------------
 RhoDiff < 1.0E-006
 OrbGrad < 1.0E-006
 Max number of macroiters: 1024
 ------------------------------------------------------------------------------
 #           Energy        EDiff    RhoDiff  OrbGrad  OrbShift NStored Time     
 ------------------------------------------------------------------------------
 0          758.4857666042                                        0    1.7E-001 
 1         -870.4033492858           4.7E+02                      0    1.3E-001 
 2         -929.3326614429 -5.9E+01  7.8E+00  5.5E+00  1.2E+01    1    1.4E-001 
 3         -938.9837100029 -9.7E+00  1.9E+00  2.5E+00  3.8E+00    2    1.3E-001 
 4         -942.1899728063 -3.2E+00  1.2E+00  1.1E+00  5.6E-01    3    1.4E-001 
 5         -943.1749155906 -9.8E-01  2.3E-01  2.6E-01  9.8E-01    4    1.4E-001 
 6         -944.6119202777 -1.4E+00  1.9E-01  3.2E-01  6.3E-01    5    1.4E-001 
 7         -944.7821871205 -1.7E-01  8.2E-02  2.5E-01  2.1E-01    6    1.4E-001 
 8         -944.9794150756 -2.0E-01  6.2E-01  8.7E-02  1.8E-02    7    1.5E-001 
 9         -945.2730991203 -2.9E-01  2.5E-01  1.7E-01  2.1E-01    8    1.5E-001 
 10        -945.3215953630 -4.8E-02  4.1E-01  5.3E-02  0.0E+00    8    1.4E-001 
 11        -945.3406301693 -1.9E-02  4.9E-01  3.0E-02  0.0E+00    8    1.4E-001 
 12        -945.3452380920 -4.6E-03  3.0E-02  2.0E-02  0.0E+00    8    1.4E-001 
 13        -945.3512740031 -6.0E-03  8.3E-02  1.8E-02  1.0E-01    8    1.4E-001 
 14        -945.3575047571 -6.2E-03  3.8E-02  1.6E-02  2.0E-01    8    1.5E-001 
 15        -945.3624598445 -5.0E-03  4.7E-02  1.4E-02  9.8E-02    8    1.5E-001 
 16        -945.3641268655 -1.7E-03  4.5E-02  1.1E-02  0.0E+00    8    1.4E-001 
 17        -945.3649035346 -7.8E-04  9.3E-03  1.4E-02  0.0E+00    8    1.4E-001 
 18        -945.3654394944 -5.4E-04  1.5E-02  3.9E-03  0.0E+00    8    1.5E-001 
 19        -945.3666189732 -1.2E-03  3.5E-02  4.8E-03  6.0E-03    8    1.5E-001 
 20        -945.3675152181 -9.0E-04  3.8E-02  5.7E-03  0.0E+00    8    1.4E-001 
 21        -945.3686429023 -1.1E-03  5.8E-02  5.7E-03  1.7E-03    8    1.5E-001 
 22        -945.3700644961 -1.4E-03  6.9E-02  7.2E-03  9.5E-04    8    1.6E-001 
 23        -945.3718694820 -1.8E-03  6.8E-02  5.5E-03  2.3E-02    8    1.5E-001 
 24        -945.3822210407 -1.0E-02  1.2E-01  1.8E-02  0.0E+00    8    1.4E-001 
 25        -945.4075471144 -2.5E-02  1.3E-01  2.9E-02  1.7E-01    8    1.5E-001 
 26        -945.4370008608 -2.9E-02  1.9E-01  4.2E-02  1.3E-01    8    1.5E-001 
 27        -945.4502672938 -1.3E-02  2.0E-01  3.2E-02  1.5E-02    8    1.5E-001 
 28        -945.4526783273 -2.4E-03  3.0E-02  1.4E-02  0.0E+00    8    1.4E-001 
 29        -945.4544584837 -1.8E-03  4.5E-02  1.3E-02  0.0E+00    8    1.5E-001 
 30        -945.4555010097 -1.0E-03  3.1E-02  1.1E-02  0.0E+00    8    1.5E-001 
 31        -945.4562027150 -7.0E-04  3.1E-02  8.4E-03  0.0E+00    8    1.4E-001 
 32        -945.4565533216 -3.5E-04  1.8E-02  4.7E-03  0.0E+00    8    1.4E-001 
 33        -945.4567616447 -2.1E-04  7.3E-03  4.1E-03  0.0E+00    8    1.4E-001 
 34        -945.4571028729 -3.4E-04  1.8E-02  3.3E-03  0.0E+00    8    1.4E-001 
 35        -945.4574123488 -3.1E-04  1.5E-02  2.7E-03  0.0E+00    8    1.5E-001 
 36        -945.4575459067 -1.3E-04  1.3E-02  1.3E-03  0.0E+00    8    1.4E-001 
 37        -945.4576228869 -7.7E-05  1.1E-02  2.8E-03  0.0E+00    8    1.4E-001 
 38        -945.4576413593 -1.8E-05  2.2E-03  1.6E-03  0.0E+00    8    1.4E-001 
 39        -945.4576440420 -2.7E-06  1.7E-03  1.3E-03  0.0E+00    8    1.4E-001 
 40        -945.4576628779 -1.9E-05  2.2E-03  1.8E-03  0.0E+00    8    1.4E-001 
 41        -945.4576647710 -1.9E-06  1.2E-03  2.8E-04  0.0E+00    8    1.4E-001 
 42        -945.4576657099 -9.4E-07  5.3E-04  2.2E-04  0.0E+00    8    1.4E-001 
 43        -945.4576665141 -8.0E-07  5.7E-04  1.6E-04  0.0E+00    8    1.4E-001 
 44        -945.4576670486 -5.3E-07  5.4E-04  1.3E-04  0.0E+00    8    1.4E-001 
 45        -945.4576675115 -4.6E-07  5.3E-04  1.2E-04  0.0E+00    8    1.3E-001 
 46        -945.4576677480 -2.4E-07  3.4E-04  9.3E-05  0.0E+00    8    1.4E-001 
 47        -945.4576679618 -2.1E-07  4.4E-04  6.7E-05  0.0E+00    8    1.4E-001 
 48        -945.4576680926 -1.3E-07  4.7E-04  6.3E-05  0.0E+00    8    1.3E-001 
 49        -945.4576681900 -9.7E-08  2.0E-04  1.1E-04  0.0E+00    8    1.4E-001 
 50        -945.4576682362 -4.6E-08  2.0E-04  6.5E-05  0.0E+00    8    1.3E-001 
 51        -945.4576682793 -4.3E-08  1.7E-04  6.2E-05  0.0E+00    8    1.3E-001 
 52        -945.4576682895 -1.0E-08  5.9E-05  2.0E-05  0.0E+00    8    1.4E-001 
 53        -945.4576682925 -2.9E-09  3.8E-05  1.7E-05  0.0E+00    8    1.3E-001 
 54        -945.4576682976 -5.1E-09  5.3E-05  1.7E-05  0.0E+00    8    1.3E-001 
 55        -945.4576683008 -3.3E-09  4.0E-05  8.6E-06  0.0E+00    8    1.3E-001 
 56        -945.4576683036 -2.7E-09  4.8E-05  1.4E-05  0.0E+00    8    1.4E-001 
 57        -945.4576683064 -2.9E-09  4.6E-05  1.7E-05  0.0E+00    8    1.4E-001 
 58        -945.4576683072 -7.6E-10  2.7E-05  5.0E-06  0.0E+00    8    1.4E-001 
 59        -945.4576683075 -2.8E-10  1.0E-05  4.1E-06  0.0E+00    8    1.3E-001 
 60        -945.4576683077 -2.4E-10  1.4E-05  3.4E-06  0.0E+00    8    1.3E-001 
 61        -945.4576683079 -1.7E-10  9.5E-06  2.9E-06  0.0E+00    8    1.4E-001 
 62        -945.4576683080 -1.1E-10  1.0E-05  2.2E-06  0.0E+00    8    1.3E-001 
 63        -945.4576683080 -4.1E-11  5.4E-06  1.5E-06  0.0E+00    8    1.3E-001 
 64        -945.4576683081 -2.8E-11  3.5E-06  1.8E-06  0.0E+00    8    1.4E-001 
 65        -945.4576683081 -2.2E-11  2.3E-06  1.9E-06  0.0E+00    8    1.4E-001 
 66        -945.4576683081 -1.7E-11  3.7E-06  1.1E-06  0.0E+00    8    1.4E-001 
 67        -945.4576683081 -1.6E-11  1.7E-06  1.2E-06  0.0E+00    8    1.4E-001 
 68        -945.4576683081 -9.8E-12  2.7E-06  6.4E-07  0.0E+00    8    1.4E-001 
 69        -945.4576682994  8.7E-09  5.7E-05  5.6E-07  0.0E+00    8    1.4E-001 
 69*       -945.4576683081  1.5E-11  3.5E-06  5.6E-07  0.0E+00    8    1.4E-001 
 69*       -945.4576683081  5.6E-12  2.6E-06  5.6E-07  1.4E-02    8    1.4E-001 
 69*       -945.4576683081  1.1E-13  1.8E-06  5.6E-07  3.8E-02    8    1.4E-001 
 69*       -945.4576683081 -1.8E-12  1.3E-06  5.6E-07  7.5E-02    8    1.4E-001 
 70        -945.4576683081 -9.1E-13  1.5E-06  8.7E-07  1.3E-01    8    1.5E-001 
 71        -945.4576683081 -8.2E-12  1.4E-06  1.3E-06  3.7E-02    8    1.5E-001 
 72        -945.4576683081 -2.5E-12  1.1E-06  4.8E-07  0.0E+00    8    1.4E-001 
 73        -945.4576683081  2.3E-13  2.0E-07  1.6E-07  0.0E+00    8    1.4E-001 
 73*       -945.4576683081  3.4E-13  1.6E-07  1.6E-07  0.0E+00    8    1.4E-001 
 73*       -945.4576683081  4.5E-13  1.4E-07  1.6E-07  1.0E-01    8    1.4E-001 
 73*       -945.4576683081  2.3E-13  6.8E-08  1.6E-07  4.4E-01    8    1.4E-001 
 73*       -945.4576683081  2.3E-13  5.8E-08  1.6E-07  3.1E+00    8    1.5E-001 
 73*       -945.4576683081  0.0E+00  3.5E-08  1.6E-07  3.7E+00    8    1.4E-001 
 ------------------------------------------------------------------------------
 SCF converged
 Converged energy                        -945.457668308133   
 ------------------------------------------------------------------------------
 Ehomo(Alpha) [eV]                       -5.168945442644     
 Elumo(Alpha) [eV]                       1.052024721038      
 Ehomo(Beta) [eV]                        -5.090078113194     
 Elumo(Beta) [eV]                        1.085172036525      

 dipole moment (Debye)
        x              y              z       
     -1.884E-007     4.483E-007     2.761E-007

 traceless quadrupole moment (Debye*Angs)
                       x              y              z       
 x                  -8.934E-006    -1.191E-007     4.260E-007
 y                  -1.191E-007     4.579E-006     1.837E-007
 z                   4.260E-007     1.837E-007     4.355E-006

 ----------------------------------------------------------------------------
 Timings (seconds)
 * mean-field hamiltonian     1.1E+001
 * solver (setting up eqns)   1.0E-001
 * solver (energy estimate)   1.3E-002
 * solver (orthogonalization) 4.9E-003
 * solver (rotation matrix X) 2.4E-001
 * solver (exponential of X)  6.5E-002
 * solver (total)             4.3E-001
 * total SCF                  1.2E+001
 Atomic guess: HO, ../../../../basis-sets/bse/def2-sv(p).txt
 -----------------------------------------------------------
 E(HF) [a.u.]                            -9.4545766831E+002
 Tr(RhoAvg S), Cartesian AOs              3.9000000000E+001
 Tr(RhoAvg S), spherical AOs              3.9000000000E+001
 max|T RhoAvg T**T - RhoAvg_sao|                  1.78E-015
 max|c(RhoAvg) - c(Rho)|                          1.78E-015
 max|RhoAvg - Rho|                                2.67E-001
 Saved /mnt/storage_6/project_data/pl0415-03/marcin/beyond-rpa/guess/electron-densities/bse/def2-sv(p)/ho.txt
 ----------------------------------------------------------------------------
                             SCF for ER (2S+1=3)                             
 ----------------------------------------------------------------------------
 NUMBER OF ATOMS                         1
 CHARGE                                  0
 Prescreening (pq|pq) integrals for the Cholesky decomposition
 Shell pairs will be sorted according to their max elements
 Max diagonal integral MaxDrs=2.6E+001
 Applying Eq. 15 in J. Chem. Phys. 150, 194112 (2019); doi: 10.1063/1.5083802
 Schwarz inequality: Dpq<min(10**(-8),Tau)**2/MaxDrs=3.8E-018
 Trace of exact Coulomb matrix: 2.4E+002
 Trace of discarded integrals: 0.0E+000
 Discarded 0 out of 300 shell pairs
 (0 out of 2628 orbital pairs)

 Step 1 of Cholesky decomposition: locating pivots
 -------------------------------------------------
 Dimensions of the Coulomb matrix: (2628,2628)
 Threshold for diagonal matrix elements: Dpq > 1.0E-007
 Max number of Cholesky vectors: 1080
 Rk storage block size: 500
 Max dimension of 2e integrals buffer: (2628,1000)

 ----------------------------------------------------------------------------
 #    Dmax        Memory (MB)    NPivots     %    Time        
 ----------------------------------------------------------------------------
 1    1.9E-001    2.9E+001       9           3    2.8E-001    
 2    8.0E-003    2.9E+001       246         24   3.3E-001    
 3    7.4E-005    2.6E+001       387         54   3.0E-001    
 4    7.1E-007    2.8E+001       516         94   2.1E-001    
 5    9.7E-008    4.9E+000       562         100  9.9E-002    

 Step 1 of the Cholesky decomposition completed
 Computed 562 pivots
 Largest residual Dpq: 9.7E-008
 NCholesky/NAO = 7.8E+000
 Step 1 of Cholesky decomposition completed in 1.2E+000 seconds
 Detailed timings in seconds
 Subtract prev contribs I (M-R**T*R)     1.1E-002
 Subtract prev contribs II (Rk)          2.2E-002
 Two-electron integrals                  1.2E+000
 Reallocation                            4.3E-003

 Step 2 of Cholesky decomposition completed in 7.2E-002 seconds
 Detailed timings in seconds
 Reduced-dimension matrix V    7.0E-002
 V=L*L**T                      9.1E-004
 L**(-1)                       1.1E-003

 Full-dimension Cholesky vectors of the Coulomb matrix will be stored in memory
 Cholesky vectors computed in 2.0E-001 seconds

 ┌─────────────────────────────────────────┐
 │          Self-consistent field          │
 └─────────────────────────────────────────┘

 Atomic orbital basis set
 . . . . . . . . . . . . . . . . . . . . . . . . . . . . . . . . . . . . . . 
 atomic centers                               1
 shell parameter sets                         24
 spherical AOs                                72
 max angular momentum                         3
 parameter set                                ../../../../basis-sets/bse/def2-sv(p).txt
 . . . . . . . . . . . . . . . . . . . . . . . . . . . . . . . . . . . . . . 
 SCF guess: bare nuclei Hamiltonian
 Starting self-consistent field iterations (spin-unrestricted)
 Alpha electrons: 21
 Beta electrons: 19
 ----------------------------------------------------------------------------
 Exchange-correlation: Hartree-Fock
 ----------------------------------------------------------------------------
 Replicated-data parallel SCF
 ----------------------------
 Processes                               1
 Threads/process                         16
 Allocated 1.0E-003 GiB of scratch space for the KS matrix build
 ----------------------------------------------------------------------------
 Loaded pseudopotential parameters
 ----------------------------------------------------------------------------

 ERBIUM      
 Parameters file: ../../../../basis-sets/bse/def2-sv(p).txt
 ECP accounts for 28 core electrons

          Coeff         R^n       Exponent                                       

 Local part

 (Local part not present)
          0.00000000      2         1.00000000                                   

 L = 0

        800.95287600      2        29.79859200                                   

 L = 1

        262.01986900      2        18.11423700                                   

 L = 2

         80.17055200      2        11.36958700                                   

 L = 3

        -42.33628500      2        21.82123300                                   

 L = 4

        -32.18527800      2        26.25073500                                   

 ----------------------------------------------------------------------------
 Spherical harmonic basis contains 72 vectors
 Linear independence thresh: Eig(S) > 1.0E-006
 Computations will be carried out in the space of 72 MOs
 Threshold for J, K: |Rho(r,s)*(pq|rs)|,|Rho(q,s)*(pq|rs)| > 1.0E-011
 Convergence conditions
 ----------------------
 RhoDiff < 1.0E-006
 OrbGrad < 1.0E-006
 Max number of macroiters: 1024
 ------------------------------------------------------------------------------
 #           Energy        EDiff    RhoDiff  OrbGrad  OrbShift NStored Time     
 ------------------------------------------------------------------------------
 0          856.4776250702                                        0    1.9E-001 
 1         -941.7351768323           4.5E+02                      0    1.6E-001 
 2         -999.1142461895 -5.7E+01  7.7E+00  5.6E+00  1.2E+01    1    1.6E-001 
 3        -1007.7450723277 -8.6E+00  2.0E+00  2.3E+00  3.1E+00    2    1.5E-001 
 4        -1010.3389480889 -2.6E+00  8.9E-01  1.2E+00  4.0E-01    3    1.6E-001 
 5        -1011.0188590568 -6.8E-01  2.7E-01  2.2E-01  7.7E-01    4    1.7E-001 
 6        -1011.4896252524 -4.7E-01  1.4E-01  3.1E-01  6.5E-02    5    1.6E-001 
 7        -1011.7028741635 -2.1E-01  2.0E-01  2.8E-01  3.6E-01    6    1.6E-001 
 8        -1011.8510476312 -1.5E-01  4.5E-01  6.1E-02  9.4E-03    7    1.6E-001 
 9        -1012.0607858615 -2.1E-01  2.6E-01  8.5E-02  1.8E-01    8    1.7E-001 
 10       -1012.1119247622 -5.1E-02  2.2E-01  8.3E-02  1.8E-02    8    1.6E-001 
 11       -1012.1232493912 -1.1E-02  1.1E-01  3.9E-02  0.0E+00    8    1.6E-001 
 12       -1012.1292530882 -6.0E-03  2.7E-02  4.1E-02  0.0E+00    8    1.6E-001 
 13       -1012.1496303451 -2.0E-02  1.5E-01  4.2E-02  6.3E-02    8    1.7E-001 
 14       -1012.1613346300 -1.2E-02  9.6E-02  6.6E-02  0.0E+00    8    1.6E-001 
 15       -1012.1744174292 -1.3E-02  3.6E-02  6.2E-02  0.0E+00    8    1.6E-001 
 16       -1012.1753183446 -9.0E-04  2.9E-02  9.8E-03  0.0E+00    8    1.6E-001 
 17       -1012.1760169807 -7.0E-04  1.9E-02  9.0E-03  4.2E-03    8    1.6E-001 
 18       -1012.1780582775 -2.0E-03  2.9E-02  8.4E-03  2.6E-01    8    1.7E-001 
 19       -1012.1816815168 -3.6E-03  3.8E-02  1.6E-02  3.7E-01    8    1.7E-001 
 20       -1012.1877752022 -6.1E-03  4.3E-02  2.6E-02  4.2E-01    8    1.7E-001 
 21       -1012.1974675311 -9.7E-03  4.8E-02  3.7E-02  4.6E-01    8    1.7E-001 
 22       -1012.2119764521 -1.5E-02  7.5E-02  4.8E-02  4.6E-01    8    1.7E-001 
 23       -1012.2320198463 -2.0E-02  1.1E-01  5.8E-02  4.3E-01    8    1.7E-001 
 24       -1012.2569250432 -2.5E-02  1.4E-01  6.4E-02  3.6E-01    8    1.7E-001 
 25       -1012.2831342038 -2.6E-02  1.6E-01  6.2E-02  2.4E-01    8    1.7E-001 
 26       -1012.3028499192 -2.0E-02  1.2E-01  4.7E-02  9.3E-02    8    1.7E-001 
 27       -1012.3071932462 -4.3E-03  9.1E-02  2.0E-02  0.0E+00    8    1.6E-001 
 28       -1012.3078073958 -6.1E-04  1.2E-02  7.3E-03  0.0E+00    8    1.6E-001 
 29       -1012.3079598862 -1.5E-04  6.4E-03  2.2E-03  0.0E+00    8    1.6E-001 
 30       -1012.3080008161 -4.1E-05  3.3E-03  1.2E-03  0.0E+00    8    1.6E-001 
 31       -1012.3080098888 -9.1E-06  3.2E-03  1.1E-03  0.0E+00    8    1.6E-001 
 32       -1012.3080171722 -7.3E-06  7.6E-04  1.2E-03  0.0E+00    8    1.6E-001 
 33       -1012.3080199168 -2.7E-06  5.2E-04  7.4E-04  0.0E+00    8    1.6E-001 
 34       -1012.3080223213 -2.4E-06  1.0E-03  6.8E-04  0.0E+00    8    1.6E-001 
 35       -1012.3080289406 -6.6E-06  2.6E-03  5.6E-04  0.0E+00    8    1.6E-001 
 36       -1012.3080318079 -2.9E-06  2.2E-03  2.9E-04  0.0E+00    8    1.6E-001 
 37       -1012.3080339036 -2.1E-06  1.5E-03  4.1E-04  0.0E+00    8    1.6E-001 
 38       -1012.3080342820 -3.8E-07  5.2E-04  2.3E-04  0.0E+00    8    1.7E-001 
 39       -1012.3080345218 -2.4E-07  5.2E-04  1.8E-04  0.0E+00    8    1.6E-001 
 40       -1012.3080346249 -1.0E-07  3.6E-04  1.2E-04  0.0E+00    8    1.7E-001 
 41       -1012.3080347020 -7.7E-08  2.1E-04  7.0E-05  0.0E+00    8    1.6E-001 
 42       -1012.3080347228 -2.1E-08  9.4E-05  4.9E-05  0.0E+00    8    1.6E-001 
 43       -1012.3080347354 -1.3E-08  1.6E-04  2.6E-05  0.0E+00    8    1.6E-001 
 44       -1012.3080178175  1.7E-05  6.2E-03  3.5E-05  4.9E-04    8    1.8E-001 
 44*      -1012.3080306185  4.1E-06  2.7E-03  3.5E-05  0.0E+00    8    1.6E-001 
 44*      -1012.3080327157  2.0E-06  1.9E-03  3.5E-05  1.2E-03    8    1.7E-001 
 44*      -1012.3080337438  9.9E-07  1.3E-03  3.5E-05  2.8E-03    8    1.7E-001 
 44*      -1012.3080342485  4.9E-07  9.3E-04  3.5E-05  5.2E-03    8    1.7E-001 
 44*      -1012.3080344963  2.4E-07  6.5E-04  3.5E-05  8.6E-03    8    1.7E-001 
 44*      -1012.3080346189  1.2E-07  4.6E-04  3.5E-05  1.4E-02    8    1.7E-001 
 44*      -1012.3080346789  5.6E-08  3.2E-04  3.5E-05  2.1E-02    8    1.7E-001 
 44*      -1012.3080347087  2.7E-08  2.3E-04  3.5E-05  3.1E-02    8    1.7E-001 
 44*      -1012.3080347235  1.2E-08  1.6E-04  3.5E-05  4.6E-02    8    1.7E-001 
 44*      -1012.3080347309  4.5E-09  1.1E-04  3.5E-05  6.7E-02    8    1.8E-001 
 45       -1012.3080347657 -3.5E-08  9.4E-05  7.8E-05  1.8E-01    8    1.8E-001 
 46       -1012.3080347923 -2.7E-08  1.2E-04  3.5E-05  1.9E-01    8    1.7E-001 
 47       -1012.3080348288 -3.6E-08  1.4E-04  4.4E-05  2.0E-01    8    1.7E-001 
 48       -1012.3080348796 -5.1E-08  1.7E-04  5.4E-05  2.0E-01    8    1.7E-001 
 49       -1012.3080349528 -7.3E-08  2.1E-04  6.6E-05  2.1E-01    8    1.8E-001 
 50       -1012.3080350588 -1.1E-07  2.5E-04  8.0E-05  2.1E-01    8    1.8E-001 
 51       -1012.3080352127 -1.5E-07  3.0E-04  9.7E-05  2.1E-01    8    1.7E-001 
 52       -1012.3080354357 -2.2E-07  3.6E-04  1.2E-04  2.1E-01    8    1.7E-001 
 53       -1012.3080357586 -3.2E-07  4.3E-04  1.4E-04  2.1E-01    8    1.7E-001 
 54       -1012.3080362259 -4.7E-07  5.2E-04  1.7E-04  2.1E-01    8    1.8E-001 
 55       -1012.3080369019 -6.8E-07  6.2E-04  2.1E-04  2.1E-01    8    1.7E-001 
 56       -1012.3080378785 -9.8E-07  7.4E-04  2.5E-04  2.1E-01    8    1.7E-001 
 57       -1012.3080392895 -1.4E-06  8.9E-04  3.0E-04  2.1E-01    8    1.7E-001 
 58       -1012.3080413264 -2.0E-06  1.1E-03  3.6E-04  2.1E-01    8    1.7E-001 
 59       -1012.3080442645 -2.9E-06  1.3E-03  4.3E-04  2.1E-01    8    1.7E-001 
 60       -1012.3080484989 -4.2E-06  1.5E-03  5.2E-04  2.1E-01    8    1.8E-001 
 61       -1012.3080546070 -6.1E-06  1.8E-03  6.3E-04  2.2E-01    8    1.8E-001 
 62       -1012.3080634137 -8.8E-06  2.2E-03  7.5E-04  2.2E-01    8    1.7E-001 
 63       -1012.3080761064 -1.3E-05  2.7E-03  9.0E-04  2.2E-01    8    1.8E-001 
 64       -1012.3080943909 -1.8E-05  3.2E-03  1.1E-03  2.2E-01    8    1.7E-001 
 65       -1012.3081207155 -2.6E-05  3.8E-03  1.3E-03  2.2E-01    8    1.7E-001 
 66       -1012.3081585882 -3.8E-05  4.6E-03  1.6E-03  2.2E-01    8    1.7E-001 
 67       -1012.3082131021 -5.5E-05  5.5E-03  1.9E-03  2.2E-01    8    1.7E-001 
 68       -1012.3082915027 -7.8E-05  6.6E-03  2.2E-03  2.2E-01    8    1.7E-001 
 69       -1012.3084042538 -1.1E-04  7.8E-03  2.7E-03  2.1E-01    8    1.7E-001 
 70       -1012.3085661208 -1.6E-04  9.3E-03  3.2E-03  2.1E-01    8    1.7E-001 
 71       -1012.3087980564 -2.3E-04  1.1E-02  3.9E-03  2.1E-01    8    1.7E-001 
 72       -1012.3091299144 -3.3E-04  1.3E-02  4.6E-03  2.1E-01    8    1.7E-001 
 73       -1012.3096036014 -4.7E-04  1.5E-02  5.5E-03  2.1E-01    8    1.8E-001 
 74       -1012.3102762992 -6.7E-04  2.1E-02  6.5E-03  2.1E-01    8    1.8E-001 
 75       -1012.3112252852 -9.5E-04  3.0E-02  7.7E-03  2.0E-01    8    1.8E-001 
 76       -1012.3125536233 -1.3E-03  4.2E-02  9.0E-03  2.0E-01    8    1.8E-001 
 77       -1012.3143874055 -1.8E-03  5.9E-02  1.0E-02  1.9E-01    8    1.8E-001 
 78       -1012.3168677789 -2.5E-03  8.1E-02  1.2E-02  1.7E-01    8    1.8E-001 
 79       -1012.3201247585 -3.3E-03  1.1E-01  1.3E-02  1.6E-01    8    1.7E-001 
 80       -1012.3242074402 -4.1E-03  1.4E-01  1.4E-02  1.3E-01    8    1.7E-001 
 81       -1012.3289567553 -4.7E-03  1.7E-01  1.5E-02  1.0E-01    8    1.7E-001 
 82       -1012.3338393264 -4.9E-03  1.8E-01  1.4E-02  6.9E-02    8    1.7E-001 
 83       -1012.3378282930 -4.0E-03  1.5E-01  9.4E-03  3.1E-02    8    1.7E-001 
 84       -1012.3398317263 -2.0E-03  1.1E-01  6.0E-03  3.8E-04    8    1.7E-001 
 85       -1012.3399490764 -1.2E-04  1.3E-02  2.9E-03  0.0E+00    8    1.6E-001 
 86       -1012.3400098706 -6.1E-05  9.9E-03  1.8E-03  0.0E+00    8    1.7E-001 
 87       -1012.3400491645 -3.9E-05  1.1E-02  1.5E-03  0.0E+00    8    1.7E-001 
 88       -1012.3400582620 -9.1E-06  3.6E-03  8.6E-04  0.0E+00    8    1.7E-001 
 89       -1012.3400635784 -5.3E-06  2.2E-03  5.8E-04  0.0E+00    8    1.6E-001 
 90       -1012.3400679306 -4.4E-06  1.5E-03  4.2E-04  0.0E+00    8    1.7E-001 
 91       -1012.3400701550 -2.2E-06  1.2E-03  2.7E-04  0.0E+00    8    1.6E-001 
 92       -1012.3400710408 -8.9E-07  9.2E-04  3.3E-04  0.0E+00    8    1.7E-001 
 93       -1012.3400716700 -6.3E-07  9.9E-04  4.0E-04  0.0E+00    8    1.7E-001 
 94       -1012.3400767956 -5.1E-06  4.0E-03  4.8E-04  0.0E+00    8    1.7E-001 
 95       -1012.3400370327  4.0E-05  1.2E-02  3.3E-04  1.1E-03    8    1.8E-001 
 95*      -1012.3400575118  1.9E-05  8.6E-03  3.3E-04  2.2E-03    8    1.8E-001 
 95*      -1012.3400681130  8.7E-06  6.1E-03  3.3E-04  4.4E-03    8    1.7E-001 
 95*      -1012.3400732674  3.5E-06  4.4E-03  3.3E-04  7.4E-03    8    1.7E-001 
 95*      -1012.3400757397  1.1E-06  3.2E-03  3.3E-04  1.2E-02    8    1.7E-001 
 95*      -1012.3400769221 -1.3E-07  2.3E-03  3.3E-04  1.8E-02    8    1.7E-001 
 96       -1012.3400779630 -1.0E-06  2.3E-03  2.6E-04  2.9E-02    8    1.8E-001 
 97       -1012.3400846624 -6.7E-06  2.6E-03  3.9E-04  4.9E-02    8    1.8E-001 
 98       -1012.3400952808 -1.1E-05  3.1E-03  3.6E-04  6.1E-02    8    1.7E-001 
 99       -1012.3401111063 -1.6E-05  3.7E-03  4.4E-04  6.8E-02    8    1.8E-001 
 100      -1012.3401340522 -2.3E-05  4.5E-03  6.1E-04  7.0E-02    8    1.7E-001 
 101      -1012.3401672926 -3.3E-05  5.4E-03  7.9E-04  7.2E-02    8    1.7E-001 
 102      -1012.3402166524 -4.9E-05  6.5E-03  9.9E-04  7.4E-02    8    1.7E-001 
 103      -1012.3402888832 -7.2E-05  7.7E-03  1.2E-03  7.6E-02    8    1.7E-001 
 104      -1012.3403937620 -1.0E-04  9.2E-03  1.5E-03  7.7E-02    8    1.7E-001 
 105      -1012.3405457729 -1.5E-04  1.1E-02  1.8E-03  7.7E-02    8    1.7E-001 
 106      -1012.3407644155 -2.2E-04  1.3E-02  2.2E-03  7.6E-02    8    1.8E-001 
 107      -1012.3410750890 -3.1E-04  1.5E-02  2.6E-03  7.5E-02    8    1.8E-001 
 108      -1012.3415110321 -4.4E-04  1.7E-02  3.0E-03  7.3E-02    8    1.8E-001 
 109      -1012.3421114509 -6.0E-04  1.9E-02  3.5E-03  6.9E-02    8    1.7E-001 
 110      -1012.3429166113 -8.1E-04  2.7E-02  4.0E-03  6.4E-02    8    1.8E-001 
 111      -1012.3439562791 -1.0E-03  3.8E-02  4.5E-03  5.6E-02    8    1.7E-001 
 112      -1012.3452305227 -1.3E-03  5.3E-02  4.8E-03  4.7E-02    8    1.7E-001 
 113      -1012.3466773740 -1.4E-03  6.9E-02  4.7E-03  3.5E-02    8    1.7E-001 
 114      -1012.3481540458 -1.5E-03  8.8E-02  4.3E-03  2.2E-02    8    1.7E-001 
 115      -1012.3493971921 -1.2E-03  9.9E-02  3.2E-03  9.6E-03    8    1.7E-001 
 116      -1012.3499779587 -5.8E-04  6.4E-02  2.5E-03  0.0E+00    8    1.6E-001 
 117      -1012.3503695633 -3.9E-04  2.8E-02  2.9E-03  0.0E+00    8    1.6E-001 
 118      -1012.3506044505 -2.3E-04  3.0E-02  3.4E-03  0.0E+00    8    1.6E-001 
 119      -1012.3506908327 -8.6E-05  2.2E-02  2.7E-03  0.0E+00    8    1.6E-001 
 120      -1012.3507009346 -1.0E-05  7.4E-03  6.2E-04  0.0E+00    8    1.7E-001 
 121      -1012.3507059734 -5.0E-06  2.0E-03  7.4E-04  0.0E+00    8    1.7E-001 
 122      -1012.3507082280 -2.3E-06  2.7E-03  1.0E-03  0.0E+00    8    1.6E-001 
 123      -1012.3507178633 -9.6E-06  9.6E-04  1.4E-03  0.0E+00    8    1.6E-001 
 124      -1012.3507202142 -2.4E-06  2.0E-03  3.4E-04  0.0E+00    8    1.6E-001 
 125      -1012.3507212499 -1.0E-06  2.0E-03  2.3E-04  0.0E+00    8    1.7E-001 
 126      -1012.3507218133 -5.6E-07  9.9E-04  1.6E-04  0.0E+00    8    1.7E-001 
 127      -1012.3507219364 -1.2E-07  2.4E-04  9.7E-05  0.0E+00    8    1.7E-001 
 128      -1012.3507220594 -1.2E-07  2.3E-04  9.6E-05  0.0E+00    8    1.6E-001 
 129      -1012.3507222105 -1.5E-07  3.5E-04  1.0E-04  0.0E+00    8    1.6E-001 
 130      -1012.3507225377 -3.3E-07  4.6E-04  9.6E-05  0.0E+00    8    1.7E-001 
 131      -1012.3507227270 -1.9E-07  5.1E-04  7.4E-05  0.0E+00    8    1.7E-001 
 132      -1012.3507227525 -2.5E-08  3.5E-04  1.0E-04  0.0E+00    8    1.7E-001 
 133      -1012.3507228106 -5.8E-08  1.2E-04  1.4E-04  0.0E+00    8    1.7E-001 
 134      -1012.3507228300 -1.9E-08  1.2E-04  5.6E-05  0.0E+00    8    1.6E-001 
 135      -1012.3507228377 -7.7E-09  1.2E-04  1.7E-05  0.0E+00    8    1.6E-001 
 136      -1012.3507228445 -6.8E-09  8.7E-05  1.8E-05  0.0E+00    8    1.7E-001 
 137      -1012.3507228492 -4.7E-09  1.6E-04  1.8E-05  0.0E+00    8    1.7E-001 
 138      -1012.3507228586 -9.4E-09  4.3E-04  2.7E-05  0.0E+00    8    1.7E-001 
 139      -1012.3507229136 -5.5E-08  5.8E-04  7.4E-05  9.4E-04    8    1.9E-001 
 140      -1012.3507229782 -6.5E-08  7.0E-04  5.0E-05  2.2E-03    8    1.8E-001 
 141      -1012.3507230313 -5.3E-08  8.4E-04  4.9E-05  2.0E-03    8    1.8E-001 
 142      -1012.3507230697 -3.8E-08  1.1E-03  6.3E-05  1.8E-03    8    1.8E-001 
 143      -1012.3507230949 -2.5E-08  1.1E-03  1.1E-04  1.7E-03    8    1.9E-001 
 144      -1012.3507232724 -1.8E-07  1.1E-03  1.8E-04  1.8E-03    8    1.8E-001 
 145      -1012.3507233557 -8.3E-08  1.3E-03  5.1E-05  1.5E-03    8    1.8E-001 
 146      -1012.3507234481 -9.2E-08  1.6E-03  4.3E-05  1.3E-03    8    1.8E-001 
 147      -1012.3507235403 -9.2E-08  1.9E-03  3.3E-05  8.9E-04    8    1.8E-001 
 148      -1012.3507235992 -5.9E-08  2.3E-03  3.9E-05  4.8E-04    8    1.8E-001 
 149      -1012.3507236593 -6.0E-08  2.7E-03  4.5E-05  2.4E-04    8    1.9E-001 
 150      -1012.3507236826 -2.3E-08  3.3E-03  5.5E-05  3.2E-05    8    1.9E-001 
 151      -1012.3507237558 -7.3E-08  1.2E-03  9.6E-05  0.0E+00    8    1.7E-001 
 152      -1012.3507237862 -3.0E-08  1.0E-04  4.1E-05  0.0E+00    8    1.6E-001 
 153      -1012.3507238050 -1.9E-08  5.7E-04  3.2E-05  0.0E+00    8    1.7E-001 
 154      -1012.3507238288 -2.4E-08  4.5E-04  6.8E-05  0.0E+00    8    1.6E-001 
 155      -1012.3507238498 -2.1E-08  4.3E-04  4.4E-05  0.0E+00    8    1.6E-001 
 156      -1012.3507238691 -1.9E-08  2.5E-04  2.4E-05  0.0E+00    8    1.6E-001 
 157      -1012.3507238769 -7.7E-09  6.9E-05  2.0E-05  0.0E+00    8    1.6E-001 
 158      -1012.3507238829 -6.1E-09  1.4E-04  1.5E-05  0.0E+00    8    1.6E-001 
 159      -1012.3507238847 -1.8E-09  9.5E-05  1.0E-05  0.0E+00    8    1.5E-001 
 160      -1012.3507238854 -6.8E-10  1.6E-05  1.0E-05  0.0E+00    8    1.6E-001 
 161      -1012.3507238858 -4.0E-10  6.4E-05  8.2E-06  0.0E+00    8    1.6E-001 
 162      -1012.3507238859 -6.2E-11  8.9E-05  3.6E-06  0.0E+00    8    1.6E-001 
 163      -1012.3507238857  2.0E-10  1.6E-04  3.8E-06  0.0E+00    8    1.6E-001 
 163*     -1012.3507238858  1.4E-11  1.1E-04  3.8E-06  1.2E-04    8    1.7E-001 
 163*     -1012.3507238859 -5.2E-11  7.6E-05  3.8E-06  3.0E-04    8    1.7E-001 
 164      -1012.3507238856  2.8E-10  7.4E-05  4.6E-06  2.8E-04    8    1.8E-001 
 164*     -1012.3507238858  8.2E-11  5.2E-05  4.6E-06  5.9E-04    8    1.8E-001 
 164*     -1012.3507238859  6.2E-11  3.6E-05  4.6E-06  9.6E-04    8    1.7E-001 
 164*     -1012.3507238859  5.0E-11  2.5E-05  4.6E-06  1.5E-03    8    1.8E-001 
 164*     -1012.3507238859  4.1E-11  1.6E-05  4.6E-06  2.4E-03    8    1.7E-001 
 164*     -1012.3507238859  3.3E-11  1.0E-05  4.6E-06  3.9E-03    8    1.8E-001 
 164*     -1012.3507238859  2.2E-11  7.7E-06  4.6E-06  7.5E-03    8    1.8E-001 
 164*     -1012.3507238859 -2.2E-11  6.5E-06  4.6E-06  3.4E-02    8    1.7E-001 
 165      -1012.3507238863 -3.9E-10  5.5E-06  8.4E-06  7.9E-02    8    1.7E-001 
 166      -1012.3507238865 -1.9E-10  6.7E-06  3.2E-06  5.3E-02    8    1.7E-001 
 167      -1012.3507238867 -2.0E-10  7.4E-06  2.3E-06  4.2E-02    8    1.7E-001 
 168      -1012.3507238869 -1.8E-10  8.5E-06  1.7E-06  3.4E-02    8    1.8E-001 
 169      -1012.3507238870 -1.2E-10  1.0E-05  1.5E-06  2.9E-02    8    1.7E-001 
 170      -1012.3507238871 -6.9E-11  9.9E-06  1.9E-06  1.5E-02    8    1.7E-001 
 171      -1012.3507238864  6.5E-10  1.0E-05  2.1E-06  3.9E-02    8    1.7E-001 
 171*     -1012.3507238869  2.0E-10  7.2E-06  2.1E-06  5.4E-02    8    1.7E-001 
 171*     -1012.3507238870  5.0E-11  4.7E-06  2.1E-06  8.8E-02    8    1.7E-001 
 171*     -1012.3507238871 -1.9E-11  3.3E-06  2.1E-06  1.4E-01    8    1.7E-001 
 172      -1012.3507238871  2.9E-11  4.0E-06  3.3E-06  1.8E-01    8    1.8E-001 
 172*     -1012.3507238872 -8.3E-11  2.3E-06  3.3E-06  1.1E-01    8    1.7E-001 
 173      -1012.3507238872 -3.1E-11  3.2E-06  8.2E-07  7.2E-02    8    1.8E-001 
 174      -1012.3507238871  1.2E-10  5.3E-06  5.7E-07  1.5E-01    8    1.7E-001 
 174*     -1012.3507238872 -2.4E-12  3.6E-06  5.7E-07  1.5E-01    8    1.7E-001 
 175      -1012.3507238872 -1.1E-11  3.0E-06  2.3E-06  7.9E-02    8    1.7E-001 
 176      -1012.3507238873 -2.8E-11  2.6E-06  2.5E-06  7.3E-02    8    1.7E-001 
 177      -1012.3507238872  1.1E-11  3.2E-06  4.9E-07  6.0E-02    8    1.7E-001 
 177*     -1012.3507238872  2.8E-11  1.9E-06  4.9E-07  1.7E-01    8    1.7E-001 
 177*     -1012.3507238872  9.0E-12  1.4E-06  4.9E-07  2.2E-01    8    1.7E-001 
 177*     -1012.3507238872  2.3E-13  9.7E-07  4.9E-07  3.0E-01    8    1.6E-001 
 177*     -1012.3507238873 -2.7E-12  7.3E-07  4.9E-07  4.2E-01    8    1.7E-001 
 ------------------------------------------------------------------------------
 SCF converged
 Converged energy                        -1012.350723887253  
 ------------------------------------------------------------------------------
 Ehomo(Alpha) [eV]                       -5.480492547557     
 Elumo(Alpha) [eV]                       0.578359361297      
 Ehomo(Beta) [eV]                        -5.481540446442     
 Elumo(Beta) [eV]                        0.685860594544      

 dipole moment (Debye)
        x              y              z       
     -1.034E-001     1.395E-001     9.087E-002

 traceless quadrupole moment (Debye*Angs)
                       x              y              z       
 x                  -1.360E-001     9.899E-001    -6.274E-001
 y                   9.899E-001     4.082E-001    -8.844E-001
 z                  -6.274E-001    -8.844E-001    -2.722E-001

 ----------------------------------------------------------------------------
 Timings (seconds)
 * mean-field hamiltonian     3.4E+001
 * solver (setting up eqns)   2.8E-001
 * solver (energy estimate)   3.6E-002
 * solver (orthogonalization) 1.3E-002
 * solver (rotation matrix X) 1.5E+000
 * solver (exponential of X)  1.4E-001
 * solver (total)             2.0E+000
 * total SCF                  3.6E+001
 Atomic guess: ER, ../../../../basis-sets/bse/def2-sv(p).txt
 -----------------------------------------------------------
 E(HF) [a.u.]                            -1.0123507239E+003
 Tr(RhoAvg S), Cartesian AOs              4.0000000000E+001
 Tr(RhoAvg S), spherical AOs              4.0000000000E+001
 max|T RhoAvg T**T - RhoAvg_sao|                  1.33E-015
 max|c(RhoAvg) - c(Rho)|                          1.78E-015
 max|RhoAvg - Rho|                                3.18E-001
 Saved /mnt/storage_6/project_data/pl0415-03/marcin/beyond-rpa/guess/electron-densities/bse/def2-sv(p)/er.txt
 ----------------------------------------------------------------------------
                             SCF for TM (2S+1=2)                             
 ----------------------------------------------------------------------------
 NUMBER OF ATOMS                         1
 CHARGE                                  0
 Prescreening (pq|pq) integrals for the Cholesky decomposition
 Shell pairs will be sorted according to their max elements
 Max diagonal integral MaxDrs=2.6E+001
 Applying Eq. 15 in J. Chem. Phys. 150, 194112 (2019); doi: 10.1063/1.5083802
 Schwarz inequality: Dpq<min(10**(-8),Tau)**2/MaxDrs=3.8E-018
 Trace of exact Coulomb matrix: 2.6E+002
 Trace of discarded integrals: 0.0E+000
 Discarded 0 out of 300 shell pairs
 (0 out of 2628 orbital pairs)

 Step 1 of Cholesky decomposition: locating pivots
 -------------------------------------------------
 Dimensions of the Coulomb matrix: (2628,2628)
 Threshold for diagonal matrix elements: Dpq > 1.0E-007
 Max number of Cholesky vectors: 1080
 Rk storage block size: 500
 Max dimension of 2e integrals buffer: (2628,1000)

 ----------------------------------------------------------------------------
 #    Dmax        Memory (MB)    NPivots     %    Time        
 ----------------------------------------------------------------------------
 1    2.0E-001    2.9E+001       9           3    3.0E-001    
 2    1.0E-002    2.9E+001       240         23   3.0E-001    
 3    1.3E-004    2.6E+001       378         48   2.5E-001    
 4    1.2E-006    2.8E+001       504         90   2.6E-001    
 5    9.3E-008    1.0E+001       559         100  1.4E-001    

 Step 1 of the Cholesky decomposition completed
 Computed 559 pivots
 Largest residual Dpq: 9.3E-008
 NCholesky/NAO = 7.8E+000
 Step 1 of Cholesky decomposition completed in 1.3E+000 seconds
 Detailed timings in seconds
 Subtract prev contribs I (M-R**T*R)     1.3E-002
 Subtract prev contribs II (Rk)          2.2E-002
 Two-electron integrals                  1.2E+000
 Reallocation                            4.7E-003

 Step 2 of Cholesky decomposition completed in 9.4E-002 seconds
 Detailed timings in seconds
 Reduced-dimension matrix V    9.2E-002
 V=L*L**T                      9.0E-004
 L**(-1)                       1.2E-003

 Full-dimension Cholesky vectors of the Coulomb matrix will be stored in memory
 Cholesky vectors computed in 2.0E-001 seconds

 ┌─────────────────────────────────────────┐
 │          Self-consistent field          │
 └─────────────────────────────────────────┘

 Atomic orbital basis set
 . . . . . . . . . . . . . . . . . . . . . . . . . . . . . . . . . . . . . . 
 atomic centers                               1
 shell parameter sets                         24
 spherical AOs                                72
 max angular momentum                         3
 parameter set                                ../../../../basis-sets/bse/def2-sv(p).txt
 . . . . . . . . . . . . . . . . . . . . . . . . . . . . . . . . . . . . . . 
 SCF guess: bare nuclei Hamiltonian
 Starting self-consistent field iterations (spin-unrestricted)
 Alpha electrons: 21
 Beta electrons: 20
 ----------------------------------------------------------------------------
 Exchange-correlation: Hartree-Fock
 ----------------------------------------------------------------------------
 Replicated-data parallel SCF
 ----------------------------
 Processes                               1
 Threads/process                         16
 Allocated 1.0E-003 GiB of scratch space for the KS matrix build
 ----------------------------------------------------------------------------
 Loaded pseudopotential parameters
 ----------------------------------------------------------------------------

 THULIUM     
 Parameters file: ../../../../basis-sets/bse/def2-sv(p).txt
 ECP accounts for 28 core electrons

          Coeff         R^n       Exponent                                       

 Local part

 (Local part not present)
          0.00000000      2         1.00000000                                   

 L = 0

        845.51074300      2        31.14412200                                   

 L = 1

        258.58523900      2        18.09235300                                   

 L = 2

         80.72905900      2        11.46915900                                   

 L = 3

        -48.70126600      2        23.60554400                                   

 L = 4

        -33.39549600      2        27.32978100                                   

 ----------------------------------------------------------------------------
 Spherical harmonic basis contains 72 vectors
 Linear independence thresh: Eig(S) > 1.0E-006
 Computations will be carried out in the space of 72 MOs
 Threshold for J, K: |Rho(r,s)*(pq|rs)|,|Rho(q,s)*(pq|rs)| > 1.0E-011
 Convergence conditions
 ----------------------
 RhoDiff < 1.0E-006
 OrbGrad < 1.0E-006
 Max number of macroiters: 1024
 ------------------------------------------------------------------------------
 #           Energy        EDiff    RhoDiff  OrbGrad  OrbShift NStored Time     
 ------------------------------------------------------------------------------
 0         1069.7252534063                                        0    2.0E-001 
 1        -1013.9628921411           4.3E+02                      0    1.6E-001 
 2        -1070.5737518031 -5.7E+01  7.5E+00  6.8E+00  1.2E+01    1    1.6E-001 
 3        -1079.2364389322 -8.7E+00  1.9E+00  2.3E+00  3.0E+00    2    1.6E-001 
 4        -1081.6099929502 -2.4E+00  8.0E-01  1.1E+00  3.9E-01    3    1.6E-001 
 5        -1081.7131032060 -1.0E-01  1.7E-01  1.7E-01  2.8E-01    4    1.6E-001 
 6        -1081.7879244885 -7.5E-02  3.7E-01  9.8E-02  5.3E-02    5    1.7E-001 
 7        -1081.9007796850 -1.1E-01  5.7E-01  8.0E-02  2.5E-01    6    1.7E-001 
 8        -1081.9701683559 -6.9E-02  3.5E-01  8.5E-02  4.4E-02    7    1.7E-001 
 9        -1082.1569782055 -1.9E-01  4.8E-01  5.5E-02  3.8E-02    8    1.7E-001 
 10       -1082.1057049250  5.1E-02  5.2E-01  1.1E-01  0.0E+00    8    1.6E-001 
 10*      -1082.1887734454 -3.2E-02  3.3E-01  1.1E-01  7.0E-02    8    1.7E-001 
 11       -1082.2288603513 -4.0E-02  2.0E-01  1.2E-01  0.0E+00    8    1.6E-001 
 12       -1082.2453869172 -1.7E-02  5.9E-02  7.2E-02  0.0E+00    8    1.6E-001 
 13       -1082.2455809157 -1.9E-04  9.9E-03  5.2E-03  0.0E+00    8    1.6E-001 
 14       -1082.2456043015 -2.3E-05  6.8E-03  3.1E-03  0.0E+00    8    1.6E-001 
 15       -1082.2456156912 -1.1E-05  2.6E-03  2.1E-03  0.0E+00    8    1.6E-001 
 16       -1082.2456330212 -1.7E-05  3.6E-03  1.2E-03  0.0E+00    8    1.7E-001 
 17       -1082.2456617962 -2.9E-05  5.9E-03  1.1E-03  2.0E-02    8    1.7E-001 
 18       -1082.2456970640 -3.5E-05  6.0E-03  1.1E-03  2.4E-02    8    1.7E-001 
 19       -1082.2457415367 -4.4E-05  8.1E-03  1.1E-03  3.2E-02    8    1.7E-001 
 20       -1082.2457930106 -5.1E-05  1.0E-02  1.1E-03  3.1E-02    8    1.7E-001 
 21       -1082.2458526403 -6.0E-05  1.3E-02  1.0E-03  3.2E-02    8    1.8E-001 
 22       -1082.2459176294 -6.5E-05  1.6E-02  9.9E-04  2.6E-02    8    1.7E-001 
 23       -1082.2460085561 -9.1E-05  1.8E-02  9.0E-04  3.4E-02    8    1.7E-001 
 24       -1082.2460043455  4.2E-06  2.1E-02  1.7E-03  4.3E-03    8    1.7E-001 
 24*      -1082.2462100557 -2.0E-04  2.0E-02  1.7E-03  0.0E+00    8    1.7E-001 
 25       -1082.2467725608 -5.6E-04  1.9E-02  4.2E-03  2.1E-01    8    1.7E-001 
 26       -1082.2479504850 -1.2E-03  2.3E-02  8.5E-03  2.9E-01    8    1.8E-001 
 27       -1082.2500166985 -2.1E-03  2.7E-02  1.3E-02  3.4E-01    8    1.8E-001 
 28       -1082.2533747512 -3.4E-03  3.0E-02  1.9E-02  3.7E-01    8    1.8E-001 
 29       -1082.2585052239 -5.1E-03  3.5E-02  2.5E-02  3.9E-01    8    1.8E-001 
 30       -1082.2659955452 -7.5E-03  5.3E-02  3.1E-02  3.9E-01    8    1.8E-001 
 31       -1082.2763054336 -1.0E-02  7.5E-02  3.7E-02  3.7E-01    8    1.8E-001 
 32       -1082.2894416452 -1.3E-02  1.0E-01  4.1E-02  3.1E-01    8    1.8E-001 
 33       -1082.3042300340 -1.5E-02  1.2E-01  4.2E-02  2.3E-01    8    1.8E-001 
 34       -1082.3174972249 -1.3E-02  1.3E-01  3.6E-02  1.3E-01    8    1.8E-001 
 35       -1082.3243099015 -6.8E-03  1.1E-01  2.2E-02  1.7E-02    8    1.8E-001 
 36       -1082.3250747513 -7.6E-04  3.9E-02  5.8E-03  0.0E+00    8    1.7E-001 
 37       -1082.3256696253 -5.9E-04  3.3E-02  1.2E-02  0.0E+00    8    1.7E-001 
 38       -1082.3256860814 -1.6E-05  1.6E-02  1.7E-03  0.0E+00    8    1.7E-001 
 39       -1082.3256966379 -1.1E-05  4.6E-03  1.8E-03  0.0E+00    8    1.7E-001 
 40       -1082.3257105684 -1.4E-05  4.2E-03  1.8E-03  0.0E+00    8    1.7E-001 
 41       -1082.3257257376 -1.5E-05  3.7E-03  1.7E-03  0.0E+00    8    1.7E-001 
 42       -1082.3257418229 -1.6E-05  5.5E-03  2.4E-03  0.0E+00    8    1.7E-001 
 43       -1082.3259889793 -2.5E-04  2.7E-02  4.3E-03  0.0E+00    8    1.7E-001 
 44       -1082.3261655151 -1.8E-04  3.6E-02  2.1E-03  0.0E+00    8    1.7E-001 
 45       -1082.3262120308 -4.7E-05  2.4E-02  6.4E-04  0.0E+00    8    1.7E-001 
 46       -1082.3262202410 -8.2E-06  6.3E-03  1.2E-03  0.0E+00    8    1.7E-001 
 47       -1082.3262234642 -3.2E-06  1.2E-03  6.4E-04  0.0E+00    8    1.7E-001 
 48       -1082.3262249313 -1.5E-06  9.5E-04  5.1E-04  0.0E+00    8    1.7E-001 
 49       -1082.3262290370 -4.1E-06  2.2E-03  6.7E-04  0.0E+00    8    1.7E-001 
 50       -1082.3262359089 -6.9E-06  3.5E-03  4.9E-04  0.0E+00    8    1.7E-001 
 51       -1082.3262484561 -1.3E-05  7.1E-03  5.9E-04  0.0E+00    8    1.7E-001 
 52       -1082.3262624260 -1.4E-05  1.1E-02  4.7E-04  0.0E+00    8    1.6E-001 
 53       -1082.3262699912 -7.6E-06  8.6E-03  4.7E-04  0.0E+00    8    1.7E-001 
 54       -1082.3262712478 -1.3E-06  4.4E-03  1.5E-04  0.0E+00    8    1.7E-001 
 55       -1082.3262726970 -1.4E-06  1.9E-03  5.7E-04  0.0E+00    8    1.7E-001 
 56       -1082.3262733538 -6.6E-07  1.1E-03  1.4E-04  0.0E+00    8    1.7E-001 
 57       -1082.3262739665 -6.1E-07  1.3E-03  1.4E-04  0.0E+00    8    1.7E-001 
 58       -1082.3262737654  2.0E-07  9.5E-04  2.8E-04  0.0E+00    8    1.7E-001 
 58*      -1082.3262738568  1.1E-07  5.8E-04  2.8E-04  5.8E-03    8    1.7E-001 
 58*      -1082.3262739536  1.3E-08  4.2E-04  2.8E-04  1.6E-02    8    1.7E-001 
 58*      -1082.3262740054 -3.9E-08  3.1E-04  2.8E-04  3.1E-02    8    1.7E-001 
 59       -1082.3262745368 -5.3E-07  3.9E-04  3.4E-04  4.6E-02    8    1.7E-001 
 60       -1082.3262747664 -2.3E-07  4.7E-04  6.0E-05  4.2E-02    8    1.7E-001 
 61       -1082.3262749710 -2.0E-07  5.9E-04  5.6E-05  3.0E-02    8    1.7E-001 
 62       -1082.3262751413 -1.7E-07  8.0E-04  4.8E-05  1.8E-02    8    1.7E-001 
 63       -1082.3262752580 -1.2E-07  1.0E-03  4.0E-05  7.1E-03    8    1.8E-001 
 64       -1082.3262753078 -5.0E-08  1.0E-03  6.4E-05  0.0E+00    8    1.7E-001 
 65       -1082.3262753280 -2.0E-08  4.0E-04  3.9E-05  0.0E+00    8    1.7E-001 
 66       -1082.3262753410 -1.3E-08  2.3E-04  2.8E-05  0.0E+00    8    1.6E-001 
 67       -1082.3262753517 -1.1E-08  2.1E-04  2.9E-05  0.0E+00    8    1.6E-001 
 68       -1082.3262753660 -1.4E-08  1.2E-04  3.0E-05  0.0E+00    8    1.6E-001 
 69       -1082.3262753812 -1.5E-08  1.2E-04  2.9E-05  0.0E+00    8    1.6E-001 
 70       -1082.3262754107 -2.9E-08  2.4E-04  2.8E-05  0.0E+00    8    1.6E-001 
 71       -1082.3262754510 -4.0E-08  4.3E-04  2.3E-05  5.8E-04    8    1.7E-001 
 72       -1082.3262754672 -1.6E-08  2.5E-04  1.4E-05  0.0E+00    8    1.7E-001 
 73       -1082.3262754741 -7.0E-09  1.4E-04  1.5E-05  0.0E+00    8    1.6E-001 
 74       -1082.3262754769 -2.8E-09  4.1E-05  2.9E-05  0.0E+00    8    1.6E-001 
 75       -1082.3262754803 -3.4E-09  3.8E-05  3.0E-05  0.0E+00    8    1.6E-001 
 76       -1082.3262754932 -1.3E-08  1.4E-04  2.2E-05  0.0E+00    8    1.6E-001 
 77       -1082.3262755031 -9.8E-09  1.6E-04  1.0E-05  0.0E+00    8    1.7E-001 
 78       -1082.3262755091 -6.0E-09  1.6E-04  8.2E-06  0.0E+00    8    1.7E-001 
 79       -1082.3262755120 -3.0E-09  8.7E-05  1.2E-05  0.0E+00    8    1.7E-001 
 80       -1082.3262755135 -1.4E-09  5.8E-05  3.8E-06  0.0E+00    8    1.6E-001 
 81       -1082.3262755138 -2.9E-10  1.7E-05  2.3E-06  0.0E+00    8    1.7E-001 
 82       -1082.3262755140 -1.9E-10  1.8E-05  4.0E-06  0.0E+00    8    1.6E-001 
 83       -1082.3262755141 -1.1E-10  1.6E-05  3.3E-06  0.0E+00    8    1.6E-001 
 84       -1082.3262755141 -5.3E-11  9.3E-06  6.4E-06  0.0E+00    8    1.6E-001 
 85       -1082.3262755143 -1.5E-10  7.7E-06  6.1E-06  0.0E+00    8    1.6E-001 
 86       -1082.3262755143 -5.9E-11  4.2E-06  2.7E-06  0.0E+00    8    1.6E-001 
 87       -1082.3262755144 -2.9E-11  4.2E-06  1.2E-06  0.0E+00    8    1.6E-001 
 88       -1082.3262755144 -2.6E-11  4.4E-06  1.2E-06  0.0E+00    8    1.7E-001 
 89       -1082.3262755144 -3.2E-11  5.5E-06  1.1E-06  0.0E+00    8    1.6E-001 
 90       -1082.3262755144 -3.5E-11  7.5E-06  1.1E-06  0.0E+00    8    1.7E-001 
 91       -1082.3262755145 -3.6E-11  7.2E-06  1.1E-06  0.0E+00    8    1.7E-001 
 92       -1082.3262755145 -3.9E-11  7.8E-06  1.7E-06  0.0E+00    8    1.7E-001 
 93       -1082.3262755145 -2.0E-11  4.8E-06  9.1E-07  0.0E+00    8    1.6E-001 
 94       -1082.3262755145  4.1E-12  1.6E-05  8.5E-07  0.0E+00    8    1.6E-001 
 94*      -1082.3262755145  1.6E-11  1.5E-05  8.5E-07  0.0E+00    8    1.6E-001 
 94*      -1082.3262755145 -2.3E-12  1.1E-05  8.5E-07  8.1E-03    8    1.7E-001 
 95       -1082.3262755146 -3.5E-11  1.1E-05  3.1E-06  0.0E+00    8    1.6E-001 
 96       -1082.3262755146 -1.8E-11  5.1E-06  1.7E-06  0.0E+00    8    1.7E-001 
 97       -1082.3262755146 -1.1E-11  7.4E-06  1.2E-06  0.0E+00    8    1.6E-001 
 98       -1082.3262755146 -9.5E-12  7.7E-06  5.7E-07  0.0E+00    8    1.7E-001 
 99       -1082.3262755146 -8.4E-12  7.1E-06  6.8E-07  0.0E+00    8    1.6E-001 
 100      -1082.3262755146 -3.4E-12  1.5E-06  6.0E-07  0.0E+00    8    1.7E-001 
 101      -1082.3262755146 -1.0E-11  4.1E-06  5.6E-07  0.0E+00    8    1.6E-001 
 102      -1082.3262755146 -5.0E-12  5.2E-06  5.3E-07  0.0E+00    8    1.6E-001 
 103      -1082.3262755146  5.2E-11  1.3E-05  1.3E-06  1.7E-04    8    1.7E-001 
 103*     -1082.3262755146  1.8E-11  8.9E-06  1.3E-06  6.4E-03    8    1.7E-001 
 103*     -1082.3262755146  6.8E-12  6.1E-06  1.3E-06  1.4E-02    8    1.7E-001 
 103*     -1082.3262755146  3.9E-12  4.1E-06  1.3E-06  2.7E-02    8    1.7E-001 
 103*     -1082.3262755146  6.8E-13  2.7E-06  1.3E-06  4.7E-02    8    1.7E-001 
 103*     -1082.3262755146 -2.3E-13  1.8E-06  1.3E-06  8.0E-02    8    1.7E-001 
 104      -1082.3262755147 -1.3E-11  2.2E-06  1.7E-06  8.0E-02    8    1.7E-001 
 105      -1082.3262755147 -4.8E-12  2.6E-06  5.0E-07  7.2E-02    8    1.8E-001 
 106      -1082.3262755147 -2.3E-12  3.1E-06  7.8E-07  4.1E-02    8    1.7E-001 
 107      -1082.3262755147 -6.4E-12  2.9E-06  7.9E-07  4.0E-02    8    1.7E-001 
 108      -1082.3262755147 -4.5E-12  3.7E-06  3.0E-07  2.2E-02    8    1.8E-001 
 109      -1082.3262755147  8.4E-12  3.9E-06  4.0E-07  2.9E-02    8    1.7E-001 
 109*     -1082.3262755147  5.0E-12  3.0E-06  4.0E-07  3.8E-02    8    1.7E-001 
 109*     -1082.3262755147  1.6E-12  2.1E-06  4.0E-07  5.3E-02    8    1.8E-001 
 109*     -1082.3262755147  4.5E-13  1.5E-06  4.0E-07  7.4E-02    8    1.7E-001 
 109*     -1082.3262755147  0.0E+00  1.0E-06  4.0E-07  1.1E-01    8    1.8E-001 
 110      -1082.3262755147 -9.1E-13  1.2E-06  6.8E-07  8.3E-02    8    1.7E-001 
 111      -1082.3262755147 -1.8E-12  1.4E-06  5.6E-07  6.7E-02    8    1.8E-001 
 112      -1082.3262755147 -9.1E-13  1.3E-06  7.6E-07  1.4E-01    8    1.8E-001 
 113      -1082.3262755147 -1.6E-12  1.6E-06  3.9E-07  2.1E-02    8    1.8E-001 
 114      -1082.3262755147  6.8E-13  1.7E-06  1.7E-07  1.4E-02    8    1.8E-001 
 114*     -1082.3262755147  6.1E-12  1.0E-06  1.7E-07  1.6E-01    8    1.7E-001 
 114*     -1082.3262755147  3.9E-12  7.2E-07  1.7E-07  2.0E-01    8    1.7E-001 
 114*     -1082.3262755147  2.5E-12  5.1E-07  1.7E-07  2.7E-01    8    1.7E-001 
 114*     -1082.3262755147  1.6E-12  3.6E-07  1.7E-07  3.7E-01    8    1.7E-001 
 114*     -1082.3262755147  6.8E-13  2.6E-07  1.7E-07  5.2E-01    8    1.7E-001 
 114*     -1082.3262755147  4.5E-13  1.8E-07  1.7E-07  7.4E-01    8    1.8E-001 
 114*     -1082.3262755147  0.0E+00  1.3E-07  1.7E-07  1.1E+00    8    1.7E-001 
 ------------------------------------------------------------------------------
 SCF converged
 Converged energy                        -1082.326275514677  
 ------------------------------------------------------------------------------
 Ehomo(Alpha) [eV]                       -5.237875345381     
 Elumo(Alpha) [eV]                       0.747790404178      
 Ehomo(Beta) [eV]                        -5.211732634928     
 Elumo(Beta) [eV]                        0.753173257130      

 dipole moment (Debye)
        x              y              z       
     -3.245E-007     7.156E-008    -6.035E-007

 traceless quadrupole moment (Debye*Angs)
                       x              y              z       
 x                   8.456E-002     1.181E-003    -3.809E-002
 y                   1.181E-003     8.978E-002     8.214E-003
 z                  -3.809E-002     8.214E-003    -1.743E-001

 ----------------------------------------------------------------------------
 Timings (seconds)
 * mean-field hamiltonian     2.2E+001
 * solver (setting up eqns)   1.8E-001
 * solver (energy estimate)   2.6E-002
 * solver (orthogonalization) 8.3E-003
 * solver (rotation matrix X) 7.0E-001
 * solver (exponential of X)  8.4E-002
 * solver (total)             1.0E+000
 * total SCF                  2.3E+001
 Atomic guess: TM, ../../../../basis-sets/bse/def2-sv(p).txt
 -----------------------------------------------------------
 E(HF) [a.u.]                            -1.0823262755E+003
 Tr(RhoAvg S), Cartesian AOs              4.1000000000E+001
 Tr(RhoAvg S), spherical AOs              4.1000000000E+001
 max|T RhoAvg T**T - RhoAvg_sao|                  1.78E-015
 max|c(RhoAvg) - c(Rho)|                          8.88E-016
 max|RhoAvg - Rho|                                3.40E-001
 Saved /mnt/storage_6/project_data/pl0415-03/marcin/beyond-rpa/guess/electron-densities/bse/def2-sv(p)/tm.txt
 ----------------------------------------------------------------------------
                                  SCF for YB                                 
 ----------------------------------------------------------------------------
 NUMBER OF ATOMS                         1
 CHARGE                                  0
 Prescreening (pq|pq) integrals for the Cholesky decomposition
 Shell pairs will be sorted according to their max elements
 Max diagonal integral MaxDrs=2.5E+001
 Applying Eq. 15 in J. Chem. Phys. 150, 194112 (2019); doi: 10.1063/1.5083802
 Schwarz inequality: Dpq<min(10**(-8),Tau)**2/MaxDrs=3.9E-018
 Trace of exact Coulomb matrix: 2.6E+002
 Trace of discarded integrals: 0.0E+000
 Discarded 0 out of 300 shell pairs
 (0 out of 2628 orbital pairs)

 Step 1 of Cholesky decomposition: locating pivots
 -------------------------------------------------
 Dimensions of the Coulomb matrix: (2628,2628)
 Threshold for diagonal matrix elements: Dpq > 1.0E-007
 Max number of Cholesky vectors: 1080
 Rk storage block size: 500
 Max dimension of 2e integrals buffer: (2628,1000)

 ----------------------------------------------------------------------------
 #    Dmax        Memory (MB)    NPivots     %    Time        
 ----------------------------------------------------------------------------
 1    1.9E-001    2.9E+001       9           3    3.0E-001    
 2    6.1E-003    2.9E+001       268         24   3.8E-001    
 3    3.4E-005    2.7E+001       406         55   2.1E-001    
 4    1.1E-006    2.7E+001       539         95   2.4E-001    
 5    8.3E-008    4.3E+000       576         100  1.7E-002    

 Step 1 of the Cholesky decomposition completed
 Computed 576 pivots
 Largest residual Dpq: 8.3E-008
 NCholesky/NAO = 8.0E+000
 Step 1 of Cholesky decomposition completed in 1.1E+000 seconds
 Detailed timings in seconds
 Subtract prev contribs I (M-R**T*R)     1.1E-002
 Subtract prev contribs II (Rk)          2.3E-002
 Two-electron integrals                  1.1E+000
 Reallocation                            4.2E-003

 Step 2 of Cholesky decomposition completed in 8.4E-002 seconds
 Detailed timings in seconds
 Reduced-dimension matrix V    8.2E-002
 V=L*L**T                      8.1E-004
 L**(-1)                       6.2E-004

 Full-dimension Cholesky vectors of the Coulomb matrix will be stored in memory
 Cholesky vectors computed in 2.1E-001 seconds

 ┌─────────────────────────────────────────┐
 │          Self-consistent field          │
 └─────────────────────────────────────────┘

 Atomic orbital basis set
 . . . . . . . . . . . . . . . . . . . . . . . . . . . . . . . . . . . . . . 
 atomic centers                               1
 shell parameter sets                         24
 spherical AOs                                72
 max angular momentum                         3
 parameter set                                ../../../../basis-sets/bse/def2-sv(p).txt
 . . . . . . . . . . . . . . . . . . . . . . . . . . . . . . . . . . . . . . 
 SCF guess: bare nuclei Hamiltonian
 Starting self-consistent field iterations (spin-restricted singlet)
 Alpha+beta electrons: 42
 ----------------------------------------------------------------------------
 Exchange-correlation: Hartree-Fock
 ----------------------------------------------------------------------------
 Replicated-data parallel SCF
 ----------------------------
 Processes                               1
 Threads/process                         16
 Allocated 5.8E-004 GiB of scratch space for the KS matrix build
 ----------------------------------------------------------------------------
 Loaded pseudopotential parameters
 ----------------------------------------------------------------------------

 YTTERBIUM   
 Parameters file: ../../../../basis-sets/bse/def2-sv(p).txt
 ECP accounts for 28 core electrons

          Coeff         R^n       Exponent                                       

 Local part

 (Local part not present)
          0.00000000      2         1.00000000                                   

 L = 0

        891.01377700      2        32.42448400                                   

 L = 1

        264.03695300      2        18.65623200                                   

 L = 2

         73.92391900      2        10.49022200                                   

 L = 3

        -39.59217300      2        20.77418300                                   

 L = 4

        -34.63863800      2        28.43102800                                   

 ----------------------------------------------------------------------------
 Spherical harmonic basis contains 72 vectors
 Linear independence thresh: Eig(S) > 1.0E-006
 Computations will be carried out in the space of 72 MOs
 Threshold for J, K: |Rho(r,s)*(pq|rs)|,|Rho(q,s)*(pq|rs)| > 1.0E-011
 Convergence conditions
 ----------------------
 RhoDiff < 1.0E-006
 OrbGrad < 1.0E-006
 Max number of macroiters: 1024
 ------------------------------------------------------------------------------
 #           Energy        EDiff    RhoDiff  OrbGrad  OrbShift NStored Time     
 ------------------------------------------------------------------------------
 0         1424.9213914140                                        0    1.2E-001 
 1        -1133.3158951124           8.3E+02                      0    8.2E-002 
 2        -1150.6249492572 -1.7E+01  7.3E+00  3.3E+00  5.1E+00    1    8.2E-002 
 3        -1154.5759387017 -4.0E+00  2.6E+00  1.3E+00  7.6E-01    2    8.1E-002 
 4        -1155.0989326028 -5.2E-01  5.1E-01  4.7E-01  5.5E-01    3    8.2E-002 
 5        -1155.3454745557 -2.5E-01  4.2E-01  2.2E-01  4.7E-02    4    8.3E-002 
 6        -1155.4900842010 -1.4E-01  6.2E-01  6.5E-02  2.2E-01    5    8.5E-002 
 7        -1155.6317322167 -1.4E-01  5.2E-01  6.5E-02  8.7E-02    6    8.5E-002 
 8        -1155.6389295312 -7.2E-03  3.4E-01  1.7E-02  0.0E+00    7    8.2E-002 
 9        -1155.6392570064 -3.3E-04  6.4E-02  5.9E-03  0.0E+00    8    8.3E-002 
 10       -1155.6392604615 -3.5E-06  1.2E-03  5.7E-04  0.0E+00    8    8.2E-002 
 11       -1155.6392606517 -1.9E-07  5.0E-04  6.9E-05  0.0E+00    8    8.2E-002 
 12       -1155.6392606582 -6.4E-09  4.9E-05  2.6E-05  0.0E+00    8    8.2E-002 
 13       -1155.6392606586 -4.4E-10  1.0E-05  8.0E-06  0.0E+00    8    8.1E-002 
 14       -1155.6392606587 -6.3E-11  2.6E-06  4.2E-06  0.0E+00    8    8.3E-002 
 15       -1155.6392606587 -1.6E-12  1.3E-06  4.1E-07  0.0E+00    8    8.4E-002 
 16       -1155.6392606587 -6.8E-13  6.3E-07  4.6E-07  0.0E+00    8    8.3E-002 
 ------------------------------------------------------------------------------
 SCF converged
 Converged energy                        -1155.639260658666  
 ------------------------------------------------------------------------------
 Ehomo [eV]                              -5.250581340570     
 Elumo [eV]                              0.685689789003      

 dipole moment (Debye)
        x              y              z       
      5.972E-014    -4.606E-014     2.260E-014

 traceless quadrupole moment (Debye*Angs)
                       x              y              z       
 x                  -6.515E-006     4.879E-014    -6.284E-007
 y                   4.879E-014    -4.859E-006     2.871E-014
 z                  -6.284E-007     2.871E-014     1.137E-005

 ----------------------------------------------------------------------------
 Timings (seconds)
 * mean-field hamiltonian     1.4E+000
 * solver (setting up eqns)   9.3E-003
 * solver (energy estimate)   9.8E-004
 * solver (orthogonalization) 5.1E-004
 * solver (rotation matrix X) 1.1E-002
 * solver (exponential of X)  6.1E-003
 * solver (total)             2.9E-002
 * total SCF                  1.4E+000
 Atomic guess: YB, ../../../../basis-sets/bse/def2-sv(p).txt
 -----------------------------------------------------------
 E(HF) [a.u.]                            -1.1556392607E+003
 Tr(RhoAvg S), Cartesian AOs              4.2000000000E+001
 Tr(RhoAvg S), spherical AOs              4.2000000000E+001
 max|T RhoAvg T**T - RhoAvg_sao|                  1.55E-015
 max|c(RhoAvg) - c(Rho)|                          8.88E-016
 max|RhoAvg - Rho|                                1.32E-003
 Saved /mnt/storage_6/project_data/pl0415-03/marcin/beyond-rpa/guess/electron-densities/bse/def2-sv(p)/yb.txt
 ----------------------------------------------------------------------------
                             SCF for LU (2S+1=2)                             
 ----------------------------------------------------------------------------
 NUMBER OF ATOMS                         1
 CHARGE                                  0
 Prescreening (pq|pq) integrals for the Cholesky decomposition
 Shell pairs will be sorted according to their max elements
 Max diagonal integral MaxDrs=2.4E+001
 Applying Eq. 15 in J. Chem. Phys. 150, 194112 (2019); doi: 10.1063/1.5083802
 Schwarz inequality: Dpq<min(10**(-8),Tau)**2/MaxDrs=4.1E-018
 Trace of exact Coulomb matrix: 2.6E+002
 Trace of discarded integrals: 0.0E+000
 Discarded 0 out of 300 shell pairs
 (0 out of 2628 orbital pairs)

 Step 1 of Cholesky decomposition: locating pivots
 -------------------------------------------------
 Dimensions of the Coulomb matrix: (2628,2628)
 Threshold for diagonal matrix elements: Dpq > 1.0E-007
 Max number of Cholesky vectors: 1080
 Rk storage block size: 500
 Max dimension of 2e integrals buffer: (2628,1000)

 ----------------------------------------------------------------------------
 #    Dmax        Memory (MB)    NPivots     %    Time        
 ----------------------------------------------------------------------------
 1    2.1E-001    2.9E+001       9           3    2.4E-001    
 2    1.3E-002    2.9E+001       252         22   3.8E-001    
 3    1.3E-004    2.7E+001       381         46   2.7E-001    
 4    2.3E-006    2.9E+001       516         91   2.6E-001    
 5    1.0E-007    1.1E+001       567         100  1.4E-001    

 Step 1 of the Cholesky decomposition completed
 Computed 567 pivots
 Largest residual Dpq: 1.0E-007
 NCholesky/NAO = 7.9E+000
 Step 1 of Cholesky decomposition completed in 1.3E+000 seconds
 Detailed timings in seconds
 Subtract prev contribs I (M-R**T*R)     1.2E-002
 Subtract prev contribs II (Rk)          2.4E-002
 Two-electron integrals                  1.2E+000
 Reallocation                            4.3E-003

 Step 2 of Cholesky decomposition completed in 7.5E-002 seconds
 Detailed timings in seconds
 Reduced-dimension matrix V    7.3E-002
 V=L*L**T                      1.0E-003
 L**(-1)                       1.2E-003

 Full-dimension Cholesky vectors of the Coulomb matrix will be stored in memory
 Cholesky vectors computed in 2.0E-001 seconds

 ┌─────────────────────────────────────────┐
 │          Self-consistent field          │
 └─────────────────────────────────────────┘

 Atomic orbital basis set
 . . . . . . . . . . . . . . . . . . . . . . . . . . . . . . . . . . . . . . 
 atomic centers                               1
 shell parameter sets                         24
 spherical AOs                                72
 max angular momentum                         3
 parameter set                                ../../../../basis-sets/bse/def2-sv(p).txt
 . . . . . . . . . . . . . . . . . . . . . . . . . . . . . . . . . . . . . . 
 SCF guess: bare nuclei Hamiltonian
 Starting self-consistent field iterations (spin-unrestricted)
 Alpha electrons: 22
 Beta electrons: 21
 ----------------------------------------------------------------------------
 Exchange-correlation: Hartree-Fock
 ----------------------------------------------------------------------------
 Replicated-data parallel SCF
 ----------------------------
 Processes                               1
 Threads/process                         16
 Allocated 1.0E-003 GiB of scratch space for the KS matrix build
 ----------------------------------------------------------------------------
 Loaded pseudopotential parameters
 ----------------------------------------------------------------------------

 LUTETIUM    
 Parameters file: ../../../../basis-sets/bse/def2-sv(p).txt
 ECP accounts for 28 core electrons

          Coeff         R^n       Exponent                                       

 Local part

 (Local part not present)
          0.00000000      2         1.00000000                                   

 L = 0

        989.99558400      2        35.16209700                                   

 L = 1

        278.86565200      2        19.46440200                                   

 L = 2

         71.00917800      2        10.00686500                                   

 L = 3

        -47.40589000      2        23.51793200                                   

 L = 4

        -35.55714600      2        29.41223800                                   

 ----------------------------------------------------------------------------
 Spherical harmonic basis contains 72 vectors
 Linear independence thresh: Eig(S) > 1.0E-006
 Computations will be carried out in the space of 72 MOs
 Threshold for J, K: |Rho(r,s)*(pq|rs)|,|Rho(q,s)*(pq|rs)| > 1.0E-011
 Convergence conditions
 ----------------------
 RhoDiff < 1.0E-006
 OrbGrad < 1.0E-006
 Max number of macroiters: 1024
 ------------------------------------------------------------------------------
 #           Energy        EDiff    RhoDiff  OrbGrad  OrbShift NStored Time     
 ------------------------------------------------------------------------------
 0         1207.0217421808                                        0    2.0E-001 
 1        -1164.1672182483           4.0E+02                      0    1.7E-001 
 2        -1223.0892948510 -5.9E+01  8.3E+00  7.0E+00  9.9E+00    1    1.7E-001 
 3        -1230.9796859548 -7.9E+00  1.9E+00  1.7E+00  2.1E+00    2    1.6E-001 
 4        -1232.1083178591 -1.1E+00  4.3E-01  5.9E-01  1.0E-01    3    1.7E-001 
 5        -1232.2397574071 -1.3E-01  2.8E-01  8.8E-02  1.5E-02    4    1.8E-001 
 6        -1232.3153447838 -7.6E-02  5.4E-01  6.8E-02  0.0E+00    5    1.7E-001 
 7        -1232.3402177761 -2.5E-02  1.1E-01  6.3E-02  0.0E+00    6    1.7E-001 
 8        -1232.3415898096 -1.4E-03  3.2E-02  6.1E-03  0.0E+00    7    1.7E-001 
 9        -1232.3420355008 -4.5E-04  1.4E-02  3.1E-03  0.0E+00    8    1.7E-001 
 10       -1232.3420963013 -6.1E-05  1.2E-02  1.8E-03  0.0E+00    8    1.7E-001 
 11       -1232.3421029463 -6.6E-06  3.3E-03  1.5E-03  0.0E+00    8    1.6E-001 
 12       -1232.3421211777 -1.8E-05  9.9E-04  2.2E-03  0.0E+00    8    1.7E-001 
 13       -1232.3421226066 -1.4E-06  3.6E-03  1.0E-03  0.0E+00    8    1.7E-001 
 14       -1232.3421800585 -5.7E-05  5.4E-03  3.1E-03  1.4E-02    8    1.8E-001 
 15       -1232.3422124985 -3.2E-05  6.3E-03  8.5E-04  1.0E-02    8    1.8E-001 
 16       -1232.3422340961 -2.2E-05  8.0E-03  4.5E-04  3.9E-03    8    1.8E-001 
 17       -1232.3422383724 -4.3E-06  4.9E-03  3.7E-04  0.0E+00    8    1.7E-001 
 18       -1232.3422387895 -4.2E-07  7.5E-04  2.2E-04  0.0E+00    8    1.7E-001 
 19       -1232.3422389977 -2.1E-07  3.7E-04  6.4E-05  0.0E+00    8    1.7E-001 
 20       -1232.3422390120 -1.4E-08  1.7E-04  3.2E-05  0.0E+00    8    1.8E-001 
 21       -1232.3422390168 -4.8E-09  1.2E-04  1.4E-05  0.0E+00    8    1.7E-001 
 22       -1232.3422390172 -3.6E-10  1.2E-05  8.1E-06  0.0E+00    8    1.7E-001 
 23       -1232.3422390173 -1.2E-10  5.4E-06  4.5E-06  0.0E+00    8    1.7E-001 
 24       -1232.3422390173 -4.5E-13  8.0E-06  1.2E-06  0.0E+00    8    1.7E-001 
 25       -1232.3422390173  4.3E-12  4.9E-06  3.3E-06  0.0E+00    8    1.7E-001 
 25*      -1232.3422390173 -3.4E-11  2.7E-06  3.3E-06  2.4E-02    8    1.8E-001 
 26       -1232.3422390173 -2.0E-12  1.2E-06  4.6E-07  0.0E+00    8    1.7E-001 
 27       -1232.3422390173 -2.0E-12  1.5E-06  1.5E-07  0.0E+00    8    1.7E-001 
 28       -1232.3422390173 -4.5E-13  7.4E-07  1.7E-07  0.0E+00    8    1.7E-001 
 ------------------------------------------------------------------------------
 SCF converged
 Converged energy                        -1232.342239017345  
 ------------------------------------------------------------------------------
 Ehomo(Alpha) [eV]                       -5.354409956304     
 Elumo(Alpha) [eV]                       0.742587517701      
 Ehomo(Beta) [eV]                        -5.698651274939     
 Elumo(Beta) [eV]                        0.682680906532      

 dipole moment (Debye)
        x              y              z       
      1.461E-011    -1.908E-011     3.953E-011

 traceless quadrupole moment (Debye*Angs)
                       x              y              z       
 x                  -4.454E-001    -7.146E-001    -5.468E-001
 y                  -7.146E-001     4.977E-001     1.016E+000
 z                  -5.468E-001     1.016E+000    -5.230E-002

 ----------------------------------------------------------------------------
 Timings (seconds)
 * mean-field hamiltonian     5.0E+000
 * solver (setting up eqns)   3.4E-002
 * solver (energy estimate)   4.2E-003
 * solver (orthogonalization) 1.7E-003
 * solver (rotation matrix X) 6.6E-002
 * solver (exponential of X)  2.0E-002
 * solver (total)             1.3E-001
 * total SCF                  5.1E+000
 Atomic guess: LU, ../../../../basis-sets/bse/def2-sv(p).txt
 -----------------------------------------------------------
 E(HF) [a.u.]                            -1.2323422390E+003
 Tr(RhoAvg S), Cartesian AOs              4.3000000000E+001
 Tr(RhoAvg S), spherical AOs              4.3000000000E+001
 max|T RhoAvg T**T - RhoAvg_sao|                  1.78E-015
 max|c(RhoAvg) - c(Rho)|                          8.88E-016
 max|RhoAvg - Rho|                                1.20E-001
 Saved /mnt/storage_6/project_data/pl0415-03/marcin/beyond-rpa/guess/electron-densities/bse/def2-sv(p)/lu.txt
 ----------------------------------------------------------------------------
                             SCF for HF (2S+1=3)                             
 ----------------------------------------------------------------------------
 NUMBER OF ATOMS                         1
 CHARGE                                  0
 Prescreening (pq|pq) integrals for the Cholesky decomposition
 Shell pairs will be sorted according to their max elements
 Max diagonal integral MaxDrs=3.4E+000
 Applying Eq. 15 in J. Chem. Phys. 150, 194112 (2019); doi: 10.1063/1.5083802
 Schwarz inequality: Dpq<min(10**(-8),Tau)**2/MaxDrs=3.0E-017
 Trace of exact Coulomb matrix: 2.8E+001
 Trace of discarded integrals: 0.0E+000
 Discarded 0 out of 66 shell pairs
 (0 out of 325 orbital pairs)

 Step 1 of Cholesky decomposition: locating pivots
 -------------------------------------------------
 Dimensions of the Coulomb matrix: (325,325)
 Threshold for diagonal matrix elements: Dpq > 1.0E-007
 Max number of Cholesky vectors: 325
 Rk storage block size: 500
 Max dimension of 2e integrals buffer: (325,325)

 ----------------------------------------------------------------------------
 #    Dmax        Memory (MB)    NPivots     %    Time        
 ----------------------------------------------------------------------------
 1    3.3E-002    2.0E+000       17          5    6.0E-003    
 2    3.2E-004    2.0E+000       96          39   8.2E-003    
 3    2.5E-006    1.3E+000       136         75   1.5E-003    
 4    8.0E-008    6.0E-001       165         100  7.4E-004    

 Step 1 of the Cholesky decomposition completed
 Computed 165 pivots
 Largest residual Dpq: 8.0E-008
 NCholesky/NAO = 6.6E+000
 Step 1 of Cholesky decomposition completed in 1.7E-002 seconds
 Detailed timings in seconds
 Subtract prev contribs I (M-R**T*R)     6.1E-004
 Subtract prev contribs II (Rk)          7.0E-004
 Two-electron integrals                  1.4E-002
 Reallocation                            2.8E-004

 Step 2 of Cholesky decomposition completed in 2.9E-003 seconds
 Detailed timings in seconds
 Reduced-dimension matrix V    2.4E-003
 V=L*L**T                      3.1E-004
 L**(-1)                       1.9E-004

 Full-dimension Cholesky vectors of the Coulomb matrix will be stored in memory
 Cholesky vectors computed in 3.8E-003 seconds

 ┌─────────────────────────────────────────┐
 │          Self-consistent field          │
 └─────────────────────────────────────────┘

 Atomic orbital basis set
 . . . . . . . . . . . . . . . . . . . . . . . . . . . . . . . . . . . . . . 
 atomic centers                               1
 shell parameter sets                         11
 spherical AOs                                25
 max angular momentum                         2
 parameter set                                ../../../../basis-sets/bse/def2-sv(p).txt
 . . . . . . . . . . . . . . . . . . . . . . . . . . . . . . . . . . . . . . 
 SCF guess: bare nuclei Hamiltonian
 Starting self-consistent field iterations (spin-unrestricted)
 Alpha electrons: 7
 Beta electrons: 5
 ----------------------------------------------------------------------------
 Exchange-correlation: Hartree-Fock
 ----------------------------------------------------------------------------
 Replicated-data parallel SCF
 ----------------------------
 Processes                               1
 Threads/process                         16
 Allocated 1.1E-004 GiB of scratch space for the KS matrix build
 ----------------------------------------------------------------------------
 Loaded pseudopotential parameters
 ----------------------------------------------------------------------------

 HAFNIUM     
 Parameters file: ../../../../basis-sets/bse/def2-sv(p).txt
 ECP accounts for 60 core electrons

          Coeff         R^n       Exponent                                       

 Local part

         10.04672251      2         1.78576984                                   

 L = 0

       1499.28471073      2        14.76995900                                   
         40.28210136      2         7.38497940                                   
        -10.04672251      2         1.78576984                                   

 L = 1

        397.73300533      2         9.84948950                                   
         19.31640586      2         4.92474450                                   
        -10.04672251      2         1.78576984                                   

 L = 2

        101.32980526      2         6.09675640                                   
          5.87343821      2         3.04837820                                   
        -10.04672251      2         1.78576984                                   

 ----------------------------------------------------------------------------
 Spherical harmonic basis contains 25 vectors
 Linear independence thresh: Eig(S) > 1.0E-006
 Computations will be carried out in the space of 25 MOs
 Threshold for J, K: |Rho(r,s)*(pq|rs)|,|Rho(q,s)*(pq|rs)| > 1.0E-011
 Convergence conditions
 ----------------------
 RhoDiff < 1.0E-006
 OrbGrad < 1.0E-006
 Max number of macroiters: 1024
 ------------------------------------------------------------------------------
 #           Energy        EDiff    RhoDiff  OrbGrad  OrbShift NStored Time     
 ------------------------------------------------------------------------------
 0          499.6390979321                                        0    2.3E-002 
 1          -46.5629792228           2.1E+01                      0    4.4E-003 
 2          -47.3149570658 -7.5E-01  2.1E+00  4.5E-01  2.9E-01    1    5.1E-003 
 3          -47.3524411364 -3.7E-02  7.6E-01  5.5E-02  0.0E+00    2    4.8E-003 
 4          -47.3566467061 -4.2E-03  2.0E-01  2.1E-02  0.0E+00    3    4.9E-003 
 5          -47.3579056459 -1.3E-03  2.7E-02  5.4E-03  0.0E+00    4    4.9E-003 
 6          -47.3583760626 -4.7E-04  2.0E-02  3.7E-03  0.0E+00    5    5.0E-003 
 7          -47.3590290715 -6.5E-04  3.7E-02  2.6E-03  0.0E+00    6    5.0E-003 
 8          -47.3593337896 -3.0E-04  3.0E-02  1.9E-03  0.0E+00    7    5.0E-003 
 9          -47.3594370975 -1.0E-04  1.5E-02  1.8E-03  0.0E+00    8    5.0E-003 
 10         -47.3594746397 -3.8E-05  5.6E-03  1.2E-03  0.0E+00    8    5.0E-003 
 11         -47.3594863664 -1.2E-05  4.3E-03  5.7E-04  0.0E+00    8    5.0E-003 
 12         -47.3594871172 -7.5E-07  7.6E-04  2.3E-04  0.0E+00    8    5.0E-003 
 13         -47.3594872229 -1.1E-07  2.4E-04  5.9E-05  0.0E+00    8    5.1E-003 
 14         -47.3594872564 -3.3E-08  1.8E-04  2.4E-05  0.0E+00    8    5.1E-003 
 15         -47.3594872734 -1.7E-08  1.6E-04  2.2E-05  0.0E+00    8    5.1E-003 
 16         -47.3594873037 -3.0E-08  3.2E-04  1.5E-05  0.0E+00    8    5.1E-003 
 17         -47.3594873156 -1.2E-08  2.7E-04  1.4E-05  0.0E+00    8    5.1E-003 
 18         -47.3594873166 -1.0E-09  4.2E-05  9.6E-06  0.0E+00    8    5.0E-003 
 19         -47.3594873167 -6.4E-11  1.5E-05  1.9E-06  0.0E+00    8    5.1E-003 
 20         -47.3594873167 -1.5E-11  3.8E-06  6.2E-07  0.0E+00    8    5.1E-003 
 21         -47.3594873167 -5.3E-12  2.6E-06  3.3E-07  0.0E+00    8    5.0E-003 
 22         -47.3594873167 -1.8E-12  1.0E-06  1.7E-07  0.0E+00    8    5.1E-003 
 23         -47.3594873167 -5.0E-13  5.8E-07  1.3E-07  0.0E+00    8    5.0E-003 
 ------------------------------------------------------------------------------
 SCF converged
 Converged energy                        -47.359487316705    
 ------------------------------------------------------------------------------
 Ehomo(Alpha) [eV]                       -7.026318738290     
 Elumo(Alpha) [eV]                       0.874032385526      
 Ehomo(Beta) [eV]                        -5.816481858396     
 Elumo(Beta) [eV]                        1.084472615816      

 dipole moment (Debye)
        x              y              z       
      1.095E-014    -2.991E-015     1.335E-015

 traceless quadrupole moment (Debye*Angs)
                       x              y              z       
 x                   3.258E-006    -2.264E-007    -1.890E-007
 y                  -2.264E-007    -9.347E-007    -1.278E-006
 z                  -1.890E-007    -1.278E-006    -2.324E-006

 ----------------------------------------------------------------------------
 Timings (seconds)
 * mean-field hamiltonian     1.1E-001
 * solver (setting up eqns)   4.3E-003
 * solver (energy estimate)   2.6E-003
 * solver (orthogonalization) 3.6E-004
 * solver (rotation matrix X) 3.8E-003
 * solver (exponential of X)  1.3E-003
 * solver (total)             1.3E-002
 * total SCF                  1.4E-001
 Atomic guess: HF, ../../../../basis-sets/bse/def2-sv(p).txt
 -----------------------------------------------------------
 E(HF) [a.u.]                            -4.7359487317E+001
 Tr(RhoAvg S), Cartesian AOs              1.2000000000E+001
 Tr(RhoAvg S), spherical AOs              1.2000000000E+001
 max|T RhoAvg T**T - RhoAvg_sao|                  4.44E-016
 max|c(RhoAvg) - c(Rho)|                          1.11E-016
 max|RhoAvg - Rho|                                3.44E-001
 Saved /mnt/storage_6/project_data/pl0415-03/marcin/beyond-rpa/guess/electron-densities/bse/def2-sv(p)/hf.txt
 ----------------------------------------------------------------------------
                             SCF for TA (2S+1=4)                             
 ----------------------------------------------------------------------------
 NUMBER OF ATOMS                         1
 CHARGE                                  0
 Prescreening (pq|pq) integrals for the Cholesky decomposition
 Shell pairs will be sorted according to their max elements
 Max diagonal integral MaxDrs=3.4E+000
 Applying Eq. 15 in J. Chem. Phys. 150, 194112 (2019); doi: 10.1063/1.5083802
 Schwarz inequality: Dpq<min(10**(-8),Tau)**2/MaxDrs=2.9E-017
 Trace of exact Coulomb matrix: 2.9E+001
 Trace of discarded integrals: 0.0E+000
 Discarded 0 out of 66 shell pairs
 (0 out of 325 orbital pairs)

 Step 1 of Cholesky decomposition: locating pivots
 -------------------------------------------------
 Dimensions of the Coulomb matrix: (325,325)
 Threshold for diagonal matrix elements: Dpq > 1.0E-007
 Max number of Cholesky vectors: 325
 Rk storage block size: 500
 Max dimension of 2e integrals buffer: (325,325)

 ----------------------------------------------------------------------------
 #    Dmax        Memory (MB)    NPivots     %    Time        
 ----------------------------------------------------------------------------
 1    3.2E-002    2.0E+000       19          6    6.0E-003    
 2    3.2E-004    2.0E+000       100         43   5.6E-003    
 3    2.6E-006    1.3E+000       135         77   1.4E-003    
 4    7.4E-008    6.9E-001       164         100  7.4E-004    

 Step 1 of the Cholesky decomposition completed
 Computed 164 pivots
 Largest residual Dpq: 7.4E-008
 NCholesky/NAO = 6.6E+000
 Step 1 of Cholesky decomposition completed in 1.4E-002 seconds
 Detailed timings in seconds
 Subtract prev contribs I (M-R**T*R)     6.9E-004
 Subtract prev contribs II (Rk)          7.3E-004
 Two-electron integrals                  1.2E-002
 Reallocation                            3.1E-004

 Step 2 of Cholesky decomposition completed in 2.8E-003 seconds
 Detailed timings in seconds
 Reduced-dimension matrix V    2.4E-003
 V=L*L**T                      2.7E-004
 L**(-1)                       1.6E-004

 Full-dimension Cholesky vectors of the Coulomb matrix will be stored in memory
 Cholesky vectors computed in 3.7E-003 seconds

 ┌─────────────────────────────────────────┐
 │          Self-consistent field          │
 └─────────────────────────────────────────┘

 Atomic orbital basis set
 . . . . . . . . . . . . . . . . . . . . . . . . . . . . . . . . . . . . . . 
 atomic centers                               1
 shell parameter sets                         11
 spherical AOs                                25
 max angular momentum                         2
 parameter set                                ../../../../basis-sets/bse/def2-sv(p).txt
 . . . . . . . . . . . . . . . . . . . . . . . . . . . . . . . . . . . . . . 
 SCF guess: bare nuclei Hamiltonian
 Starting self-consistent field iterations (spin-unrestricted)
 Alpha electrons: 8
 Beta electrons: 5
 ----------------------------------------------------------------------------
 Exchange-correlation: Hartree-Fock
 ----------------------------------------------------------------------------
 Replicated-data parallel SCF
 ----------------------------
 Processes                               1
 Threads/process                         16
 Allocated 1.1E-004 GiB of scratch space for the KS matrix build
 ----------------------------------------------------------------------------
 Loaded pseudopotential parameters
 ----------------------------------------------------------------------------

 TANTALUM    
 Parameters file: ../../../../basis-sets/bse/def2-sv(p).txt
 ECP accounts for 60 core electrons

          Coeff         R^n       Exponent                                       

 Local part

         12.01796094      2         2.01788111                                   

 L = 0

       1345.88064703      2        14.54640770                                   
         36.76680620      2         7.27320380                                   
        -12.01796094      2         2.01788111                                   

 L = 1

        378.42530145      2         9.93556529                                   
         22.29309086      2         4.96778243                                   
        -12.01796094      2         2.01788111                                   

 L = 2

        104.88395571      2         6.34737691                                   
          8.75584805      2         3.17368846                                   
        -12.01796094      2         2.01788111                                   

 ----------------------------------------------------------------------------
 Spherical harmonic basis contains 25 vectors
 Linear independence thresh: Eig(S) > 1.0E-006
 Computations will be carried out in the space of 25 MOs
 Threshold for J, K: |Rho(r,s)*(pq|rs)|,|Rho(q,s)*(pq|rs)| > 1.0E-011
 Convergence conditions
 ----------------------
 RhoDiff < 1.0E-006
 OrbGrad < 1.0E-006
 Max number of macroiters: 1024
 ------------------------------------------------------------------------------
 #           Energy        EDiff    RhoDiff  OrbGrad  OrbShift NStored Time     
 ------------------------------------------------------------------------------
 0          449.0788686637                                        0    2.3E-002 
 1          -55.2222306597           2.2E+01                      0    4.6E-003 
 2          -56.1939367597 -9.7E-01  2.7E+00  4.6E-01  3.3E-01    1    5.3E-003 
 3          -56.2417639812 -4.8E-02  4.2E-01  6.6E-02  0.0E+00    2    4.9E-003 
 4          -56.2712808840 -3.0E-02  2.2E-01  4.0E-02  0.0E+00    3    5.0E-003 
 5          -56.2782378324 -7.0E-03  1.5E-01  1.4E-02  0.0E+00    4    5.1E-003 
 6          -56.2793567555 -1.1E-03  3.7E-02  5.3E-03  0.0E+00    5    5.1E-003 
 7          -56.2805301054 -1.2E-03  3.9E-02  4.6E-03  3.7E-02    6    6.6E-003 
 8          -56.2815141259 -9.8E-04  4.4E-02  3.9E-03  3.6E-02    7    7.1E-003 
 9          -56.2820872055 -5.7E-04  5.0E-02  2.9E-03  6.4E-03    8    7.3E-003 
 10         -56.2821797421 -9.3E-05  2.2E-02  1.0E-03  0.0E+00    8    5.1E-003 
 11         -56.2822035810 -2.4E-05  4.8E-03  8.6E-04  0.0E+00    8    5.2E-003 
 12         -56.2822137865 -1.0E-05  4.2E-03  4.3E-04  0.0E+00    8    5.2E-003 
 13         -56.2822183741 -4.6E-06  2.3E-03  2.6E-04  0.0E+00    8    5.1E-003 
 14         -56.2822202390 -1.9E-06  2.1E-03  1.7E-04  0.0E+00    8    5.2E-003 
 15         -56.2822208630 -6.2E-07  1.0E-03  1.3E-04  0.0E+00    8    5.2E-003 
 16         -56.2822216068 -7.4E-07  1.5E-03  1.1E-04  0.0E+00    8    5.1E-003 
 17         -56.2822218227 -2.2E-07  9.2E-04  7.5E-05  0.0E+00    8    5.2E-003 
 18         -56.2822218341 -1.1E-08  2.1E-04  2.4E-05  0.0E+00    8    5.2E-003 
 19         -56.2822218367 -2.6E-09  7.8E-05  6.8E-06  0.0E+00    8    5.2E-003 
 20         -56.2822218370 -2.7E-10  1.1E-05  4.6E-06  0.0E+00    8    5.2E-003 
 21         -56.2822218372 -2.1E-10  1.7E-05  2.4E-06  0.0E+00    8    5.3E-003 
 22         -56.2822218373 -7.4E-11  1.2E-05  1.2E-06  0.0E+00    8    5.2E-003 
 23         -56.2822218373 -3.0E-11  8.8E-06  6.7E-07  0.0E+00    8    5.2E-003 
 24         -56.2822218373 -3.1E-12  1.8E-06  3.3E-07  0.0E+00    8    5.1E-003 
 25         -56.2822218373 -3.4E-12  3.0E-06  2.4E-07  0.0E+00    8    5.2E-003 
 26         -56.2822218373 -1.6E-12  2.7E-06  1.7E-07  0.0E+00    8    5.2E-003 
 27         -56.2822218373 -8.4E-13  1.3E-06  2.8E-07  0.0E+00    8    5.2E-003 
 28         -56.2822218373 -4.8E-13  1.4E-06  8.3E-08  0.0E+00    8    5.2E-003 
 29         -56.2822218373 -1.4E-13  3.0E-07  7.0E-08  0.0E+00    8    5.2E-003 
 ------------------------------------------------------------------------------
 SCF converged
 Converged energy                        -56.282221837313    
 ------------------------------------------------------------------------------
 Ehomo(Alpha) [eV]                       -7.685398704411     
 Elumo(Alpha) [eV]                       1.072706684322      
 Ehomo(Beta) [eV]                        -5.927672995079     
 Elumo(Beta) [eV]                        1.415314139259      

 dipole moment (Debye)
        x              y              z       
      1.809E-014     1.297E-014    -9.458E-015

 traceless quadrupole moment (Debye*Angs)
                       x              y              z       
 x                   1.238E-006     7.956E-008     9.111E-007
 y                   7.956E-008     7.692E-007    -1.388E-006
 z                   9.111E-007    -1.388E-006    -2.008E-006

 ----------------------------------------------------------------------------
 Timings (seconds)
 * mean-field hamiltonian     1.4E-001
 * solver (setting up eqns)   5.5E-003
 * solver (energy estimate)   3.6E-003
 * solver (orthogonalization) 4.7E-004
 * solver (rotation matrix X) 1.1E-002
 * solver (exponential of X)  1.7E-003
 * solver (total)             2.3E-002
 * total SCF                  1.8E-001
 Atomic guess: TA, ../../../../basis-sets/bse/def2-sv(p).txt
 -----------------------------------------------------------
 E(HF) [a.u.]                            -5.6282221837E+001
 Tr(RhoAvg S), Cartesian AOs              1.3000000000E+001
 Tr(RhoAvg S), spherical AOs              1.3000000000E+001
 max|T RhoAvg T**T - RhoAvg_sao|                  5.55E-016
 max|c(RhoAvg) - c(Rho)|                          4.44E-016
 max|RhoAvg - Rho|                                4.82E-001
 Saved /mnt/storage_6/project_data/pl0415-03/marcin/beyond-rpa/guess/electron-densities/bse/def2-sv(p)/ta.txt
 ----------------------------------------------------------------------------
                              SCF for W (2S+1=5)                             
 ----------------------------------------------------------------------------
 NUMBER OF ATOMS                         1
 CHARGE                                  0
 Prescreening (pq|pq) integrals for the Cholesky decomposition
 Shell pairs will be sorted according to their max elements
 Max diagonal integral MaxDrs=3.4E+000
 Applying Eq. 15 in J. Chem. Phys. 150, 194112 (2019); doi: 10.1063/1.5083802
 Schwarz inequality: Dpq<min(10**(-8),Tau)**2/MaxDrs=2.9E-017
 Trace of exact Coulomb matrix: 3.0E+001
 Trace of discarded integrals: 0.0E+000
 Discarded 0 out of 66 shell pairs
 (0 out of 325 orbital pairs)

 Step 1 of Cholesky decomposition: locating pivots
 -------------------------------------------------
 Dimensions of the Coulomb matrix: (325,325)
 Threshold for diagonal matrix elements: Dpq > 1.0E-007
 Max number of Cholesky vectors: 325
 Rk storage block size: 500
 Max dimension of 2e integrals buffer: (325,325)

 ----------------------------------------------------------------------------
 #    Dmax        Memory (MB)    NPivots     %    Time        
 ----------------------------------------------------------------------------
 1    3.4E-002    2.0E+000       17          5    6.0E-003    
 2    3.3E-004    2.0E+000       100         39   6.9E-003    
 3    2.6E-006    1.3E+000       136         78   1.6E-003    
 4    6.5E-008    5.7E-001       165         100  6.6E-004    

 Step 1 of the Cholesky decomposition completed
 Computed 165 pivots
 Largest residual Dpq: 6.5E-008
 NCholesky/NAO = 6.6E+000
 Step 1 of Cholesky decomposition completed in 1.6E-002 seconds
 Detailed timings in seconds
 Subtract prev contribs I (M-R**T*R)     7.6E-004
 Subtract prev contribs II (Rk)          7.3E-004
 Two-electron integrals                  1.3E-002
 Reallocation                            3.2E-004

 Step 2 of Cholesky decomposition completed in 2.9E-003 seconds
 Detailed timings in seconds
 Reduced-dimension matrix V    2.4E-003
 V=L*L**T                      2.8E-004
 L**(-1)                       1.9E-004

 Full-dimension Cholesky vectors of the Coulomb matrix will be stored in memory
 Cholesky vectors computed in 3.8E-003 seconds

 ┌─────────────────────────────────────────┐
 │          Self-consistent field          │
 └─────────────────────────────────────────┘

 Atomic orbital basis set
 . . . . . . . . . . . . . . . . . . . . . . . . . . . . . . . . . . . . . . 
 atomic centers                               1
 shell parameter sets                         11
 spherical AOs                                25
 max angular momentum                         2
 parameter set                                ../../../../basis-sets/bse/def2-sv(p).txt
 . . . . . . . . . . . . . . . . . . . . . . . . . . . . . . . . . . . . . . 
 SCF guess: bare nuclei Hamiltonian
 Starting self-consistent field iterations (spin-unrestricted)
 Alpha electrons: 9
 Beta electrons: 5
 ----------------------------------------------------------------------------
 Exchange-correlation: Hartree-Fock
 ----------------------------------------------------------------------------
 Replicated-data parallel SCF
 ----------------------------
 Processes                               1
 Threads/process                         16
 Allocated 1.1E-004 GiB of scratch space for the KS matrix build
 ----------------------------------------------------------------------------
 Loaded pseudopotential parameters
 ----------------------------------------------------------------------------

 TUNGSTEN    
 Parameters file: ../../../../basis-sets/bse/def2-sv(p).txt
 ECP accounts for 60 core electrons

          Coeff         R^n       Exponent                                       

 Local part

         14.15257947      2         2.25888846                                   

 L = 0

       1192.39588226      2        14.32285640                                   
         32.52293315      2         7.16142810                                   
        -14.15257947      2         2.25888846                                   

 L = 1

        359.03196711      2        10.02164110                                   
         24.03038019      2         5.01082040                                   
        -14.15257947      2         2.25888846                                   

 L = 2

        108.30134897      2         6.59799743                                   
         10.98252827      2         3.29899871                                   
        -14.15257947      2         2.25888846                                   

 ----------------------------------------------------------------------------
 Spherical harmonic basis contains 25 vectors
 Linear independence thresh: Eig(S) > 1.0E-006
 Computations will be carried out in the space of 25 MOs
 Threshold for J, K: |Rho(r,s)*(pq|rs)|,|Rho(q,s)*(pq|rs)| > 1.0E-011
 Convergence conditions
 ----------------------
 RhoDiff < 1.0E-006
 OrbGrad < 1.0E-006
 Max number of macroiters: 1024
 ------------------------------------------------------------------------------
 #           Energy        EDiff    RhoDiff  OrbGrad  OrbShift NStored Time     
 ------------------------------------------------------------------------------
 0          397.2503850646                                        0    2.3E-002 
 1          -65.0770802548           2.2E+01                      0    4.7E-003 
 2          -66.1526244754 -1.1E+00  5.7E-01  4.0E-01  3.3E-01    1    5.4E-003 
 3          -66.2051456752 -5.3E-02  1.7E-01  9.6E-02  0.0E+00    2    5.0E-003 
 4          -66.2665879863 -6.1E-02  2.2E-01  5.7E-02  9.8E-02    3    6.2E-003 
 5          -66.2776709796 -1.1E-02  1.1E-01  2.2E-02  0.0E+00    4    5.2E-003 
 6          -66.2801576247 -2.5E-03  5.9E-02  1.2E-02  0.0E+00    5    5.2E-003 
 7          -66.2967600308 -1.7E-02  3.0E-01  1.2E-02  2.8E-02    6    7.3E-003 
 8          -66.3104692351 -1.4E-02  3.3E-01  1.7E-02  2.1E-02    7    7.6E-003 
 9          -66.3121083052 -1.6E-03  5.9E-02  2.2E-02  0.0E+00    8    5.4E-003 
 10         -66.3124088108 -3.0E-04  3.5E-02  3.4E-03  0.0E+00    8    5.3E-003 
 11         -66.3125971270 -1.9E-04  1.9E-02  3.0E-03  0.0E+00    8    5.4E-003 
 12         -66.3128051127 -2.1E-04  3.4E-02  2.6E-03  0.0E+00    8    5.4E-003 
 13         -66.3130013096 -2.0E-04  4.5E-02  1.7E-03  0.0E+00    8    5.4E-003 
 14         -66.3130776207 -7.6E-05  2.8E-02  1.0E-03  0.0E+00    8    5.3E-003 
 15         -66.3130844559 -6.8E-06  6.6E-03  5.7E-04  0.0E+00    8    5.4E-003 
 16         -66.3130873778 -2.9E-06  5.0E-03  3.5E-04  0.0E+00    8    5.4E-003 
 17         -66.3130878866 -5.1E-07  9.8E-04  1.2E-04  0.0E+00    8    5.3E-003 
 18         -66.3130879684 -8.2E-08  4.0E-04  8.6E-05  0.0E+00    8    5.3E-003 
 19         -66.3130879791 -1.1E-08  1.6E-04  2.8E-05  0.0E+00    8    5.4E-003 
 20         -66.3130879799 -7.7E-10  3.3E-05  6.1E-06  0.0E+00    8    5.3E-003 
 21         -66.3130879800 -7.4E-11  1.5E-05  1.5E-06  0.0E+00    8    5.3E-003 
 22         -66.3130879800 -1.0E-11  2.4E-06  9.2E-07  0.0E+00    8    5.3E-003 
 23         -66.3130879800 -1.8E-11  5.7E-06  7.9E-07  0.0E+00    8    5.3E-003 
 24         -66.3130879800 -7.2E-12  4.3E-06  6.4E-07  0.0E+00    8    5.3E-003 
 25         -66.3130879800 -1.1E-11  9.2E-06  5.3E-07  0.0E+00    8    5.3E-003 
 26         -66.3130879800 -5.5E-12  1.2E-05  4.1E-07  0.0E+00    8    5.4E-003 
 27         -66.3130879800 -2.1E-12  4.9E-06  5.4E-07  0.0E+00    8    5.4E-003 
 28         -66.3130879800 -2.3E-13  1.8E-06  2.8E-07  0.0E+00    8    5.3E-003 
 29         -66.3130879800 -1.1E-13  3.1E-07  1.2E-07  0.0E+00    8    5.3E-003 
 ------------------------------------------------------------------------------
 SCF converged
 Converged energy                        -66.313087980043    
 ------------------------------------------------------------------------------
 Ehomo(Alpha) [eV]                       -8.290846347503     
 Elumo(Alpha) [eV]                       0.996917440656      
 Ehomo(Beta) [eV]                        -6.202105948526     
 Elumo(Beta) [eV]                        1.097007401440      

 dipole moment (Debye)
        x              y              z       
      1.441E-014    -1.128E-015     9.424E-016

 traceless quadrupole moment (Debye*Angs)
                       x              y              z       
 x                  -6.731E-002     7.159E-003     6.781E-002
 y                   7.159E-003    -8.398E-002     2.512E-002
 z                   6.781E-002     2.512E-002     1.513E-001

 ----------------------------------------------------------------------------
 Timings (seconds)
 * mean-field hamiltonian     1.4E-001
 * solver (setting up eqns)   5.7E-003
 * solver (energy estimate)   3.8E-003
 * solver (orthogonalization) 4.9E-004
 * solver (rotation matrix X) 1.0E-002
 * solver (exponential of X)  1.7E-003
 * solver (total)             2.3E-002
 * total SCF                  1.9E-001
 Atomic guess: W, ../../../../basis-sets/bse/def2-sv(p).txt
 ----------------------------------------------------------
 E(HF) [a.u.]                            -6.6313087980E+001
 Tr(RhoAvg S), Cartesian AOs              1.4000000000E+001
 Tr(RhoAvg S), spherical AOs              1.4000000000E+001
 max|T RhoAvg T**T - RhoAvg_sao|                  9.99E-016
 max|c(RhoAvg) - c(Rho)|                          2.22E-016
 max|RhoAvg - Rho|                                4.12E-001
 Saved /mnt/storage_6/project_data/pl0415-03/marcin/beyond-rpa/guess/electron-densities/bse/def2-sv(p)/w.txt
 ----------------------------------------------------------------------------
                             SCF for RE (2S+1=6)                             
 ----------------------------------------------------------------------------
 NUMBER OF ATOMS                         1
 CHARGE                                  0
 Prescreening (pq|pq) integrals for the Cholesky decomposition
 Shell pairs will be sorted according to their max elements
 Max diagonal integral MaxDrs=3.5E+000
 Applying Eq. 15 in J. Chem. Phys. 150, 194112 (2019); doi: 10.1063/1.5083802
 Schwarz inequality: Dpq<min(10**(-8),Tau)**2/MaxDrs=2.9E-017
 Trace of exact Coulomb matrix: 3.2E+001
 Trace of discarded integrals: 0.0E+000
 Discarded 0 out of 66 shell pairs
 (0 out of 325 orbital pairs)

 Step 1 of Cholesky decomposition: locating pivots
 -------------------------------------------------
 Dimensions of the Coulomb matrix: (325,325)
 Threshold for diagonal matrix elements: Dpq > 1.0E-007
 Max number of Cholesky vectors: 325
 Rk storage block size: 500
 Max dimension of 2e integrals buffer: (325,325)

 ----------------------------------------------------------------------------
 #    Dmax        Memory (MB)    NPivots     %    Time        
 ----------------------------------------------------------------------------
 1    3.3E-002    2.0E+000       18          6    6.0E-003    
 2    3.0E-004    2.0E+000       107         46   7.7E-003    
 3    2.7E-006    1.2E+000       136         78   1.3E-003    
 4    9.5E-008    5.2E-001       160         100  5.3E-004    

 Step 1 of the Cholesky decomposition completed
 Computed 160 pivots
 Largest residual Dpq: 9.5E-008
 NCholesky/NAO = 6.4E+000
 Step 1 of Cholesky decomposition completed in 1.6E-002 seconds
 Detailed timings in seconds
 Subtract prev contribs I (M-R**T*R)     5.8E-004
 Subtract prev contribs II (Rk)          7.4E-004
 Two-electron integrals                  1.3E-002
 Reallocation                            2.4E-004

 Step 2 of Cholesky decomposition completed in 2.9E-003 seconds
 Detailed timings in seconds
 Reduced-dimension matrix V    2.4E-003
 V=L*L**T                      2.5E-004
 L**(-1)                       1.6E-004

 Full-dimension Cholesky vectors of the Coulomb matrix will be stored in memory
 Cholesky vectors computed in 3.7E-003 seconds

 ┌─────────────────────────────────────────┐
 │          Self-consistent field          │
 └─────────────────────────────────────────┘

 Atomic orbital basis set
 . . . . . . . . . . . . . . . . . . . . . . . . . . . . . . . . . . . . . . 
 atomic centers                               1
 shell parameter sets                         11
 spherical AOs                                25
 max angular momentum                         2
 parameter set                                ../../../../basis-sets/bse/def2-sv(p).txt
 . . . . . . . . . . . . . . . . . . . . . . . . . . . . . . . . . . . . . . 
 SCF guess: bare nuclei Hamiltonian
 Starting self-consistent field iterations (spin-unrestricted)
 Alpha electrons: 10
 Beta electrons: 5
 ----------------------------------------------------------------------------
 Exchange-correlation: Hartree-Fock
 ----------------------------------------------------------------------------
 Replicated-data parallel SCF
 ----------------------------
 Processes                               1
 Threads/process                         16
 Allocated 1.1E-004 GiB of scratch space for the KS matrix build
 ----------------------------------------------------------------------------
 Loaded pseudopotential parameters
 ----------------------------------------------------------------------------

 RHENIUM     
 Parameters file: ../../../../basis-sets/bse/def2-sv(p).txt
 ECP accounts for 60 core electrons

          Coeff         R^n       Exponent                                       

 Local part

         16.44985227      2         2.50865059                                   

 L = 0

       1038.95157226      2        14.09930510                                   
         29.56173830      2         7.04965250                                   
        -16.44985227      2         2.50865059                                   

 L = 1

        339.54350965      2        10.10771690                                   
         24.91369646      2         5.05385830                                   
        -16.44985227      2         2.50865059                                   

 L = 2

        111.69965275      2         6.84861794                                   
         12.62432927      2         3.42430897                                   
        -16.44985227      2         2.50865059                                   

 ----------------------------------------------------------------------------
 Spherical harmonic basis contains 25 vectors
 Linear independence thresh: Eig(S) > 1.0E-006
 Computations will be carried out in the space of 25 MOs
 Threshold for J, K: |Rho(r,s)*(pq|rs)|,|Rho(q,s)*(pq|rs)| > 1.0E-011
 Convergence conditions
 ----------------------
 RhoDiff < 1.0E-006
 OrbGrad < 1.0E-006
 Max number of macroiters: 1024
 ------------------------------------------------------------------------------
 #           Energy        EDiff    RhoDiff  OrbGrad  OrbShift NStored Time     
 ------------------------------------------------------------------------------
 0          342.7541650396                                        0    2.4E-002 
 1          -76.0367637336           2.2E+01                      0    4.8E-003 
 2          -77.4094627338 -1.4E+00  3.4E+00  6.8E-01  4.8E-01    1    5.5E-003 
 3          -77.4570604383 -4.8E-02  6.2E-01  8.1E-02  0.0E+00    2    5.0E-003 
 4          -77.4620603575 -5.0E-03  8.3E-02  3.4E-02  0.0E+00    3    5.2E-003 
 5          -77.4696144757 -7.6E-03  1.8E-01  1.3E-02  0.0E+00    4    5.2E-003 
 6          -77.5129498645 -4.3E-02  3.0E-01  3.8E-02  2.0E-02    5    6.9E-003 
 7          -77.5267830091 -1.4E-02  2.4E-01  3.2E-02  0.0E+00    6    5.3E-003 
 8          -77.5296967930 -2.9E-03  6.5E-02  2.0E-02  0.0E+00    7    5.4E-003 
 9          -77.5297898745 -9.3E-05  3.1E-02  3.0E-03  0.0E+00    8    5.4E-003 
 10         -77.5297927262 -2.9E-06  3.0E-03  6.8E-04  0.0E+00    8    5.4E-003 
 11         -77.5297931267 -4.0E-07  1.1E-03  1.6E-04  0.0E+00    8    5.4E-003 
 12         -77.5297932382 -1.1E-07  4.6E-04  7.6E-05  0.0E+00    8    5.4E-003 
 13         -77.5297932502 -1.2E-08  2.4E-04  2.7E-05  0.0E+00    8    5.4E-003 
 14         -77.5297932522 -2.0E-09  1.6E-04  1.7E-05  0.0E+00    8    5.4E-003 
 15         -77.5297932522 -1.9E-11  8.8E-06  1.7E-06  0.0E+00    8    5.4E-003 
 16         -77.5297932522 -1.9E-12  1.4E-06  6.7E-07  0.0E+00    8    5.4E-003 
 17         -77.5297932522 -1.1E-13  5.6E-07  2.1E-07  0.0E+00    8    5.4E-003 
 ------------------------------------------------------------------------------
 SCF converged
 Converged energy                        -77.529793252222    
 ------------------------------------------------------------------------------
 Ehomo(Alpha) [eV]                       -8.822965591611     
 Elumo(Alpha) [eV]                       1.218078418101      
 Ehomo(Beta) [eV]                        -6.070169316509     
 Elumo(Beta) [eV]                        1.653451282307      

 dipole moment (Debye)
        x              y              z       
     -3.135E-018     3.984E-015    -1.506E-015

 traceless quadrupole moment (Debye*Angs)
                       x              y              z       
 x                  -6.930E-008     2.985E-007     6.045E-008
 y                   2.985E-007     6.094E-007    -1.997E-007
 z                   6.045E-008    -1.997E-007    -5.401E-007

 ----------------------------------------------------------------------------
 Timings (seconds)
 * mean-field hamiltonian     8.5E-002
 * solver (setting up eqns)   3.2E-003
 * solver (energy estimate)   1.9E-003
 * solver (orthogonalization) 2.7E-004
 * solver (rotation matrix X) 4.4E-003
 * solver (exponential of X)  9.1E-004
 * solver (total)             1.1E-002
 * total SCF                  1.2E-001
 Atomic guess: RE, ../../../../basis-sets/bse/def2-sv(p).txt
 -----------------------------------------------------------
 E(HF) [a.u.]                            -7.7529793252E+001
 Tr(RhoAvg S), Cartesian AOs              1.5000000000E+001
 Tr(RhoAvg S), spherical AOs              1.5000000000E+001
 max|T RhoAvg T**T - RhoAvg_sao|                  1.33E-015
 max|c(RhoAvg) - c(Rho)|                          2.22E-016
 max|RhoAvg - Rho|                                4.53E-008
 Saved /mnt/storage_6/project_data/pl0415-03/marcin/beyond-rpa/guess/electron-densities/bse/def2-sv(p)/re.txt
 ----------------------------------------------------------------------------
                             SCF for OS (2S+1=5)                             
 ----------------------------------------------------------------------------
 NUMBER OF ATOMS                         1
 CHARGE                                  0
 Prescreening (pq|pq) integrals for the Cholesky decomposition
 Shell pairs will be sorted according to their max elements
 Max diagonal integral MaxDrs=3.5E+000
 Applying Eq. 15 in J. Chem. Phys. 150, 194112 (2019); doi: 10.1063/1.5083802
 Schwarz inequality: Dpq<min(10**(-8),Tau)**2/MaxDrs=2.8E-017
 Trace of exact Coulomb matrix: 3.4E+001
 Trace of discarded integrals: 0.0E+000
 Discarded 0 out of 66 shell pairs
 (0 out of 325 orbital pairs)

 Step 1 of Cholesky decomposition: locating pivots
 -------------------------------------------------
 Dimensions of the Coulomb matrix: (325,325)
 Threshold for diagonal matrix elements: Dpq > 1.0E-007
 Max number of Cholesky vectors: 325
 Rk storage block size: 500
 Max dimension of 2e integrals buffer: (325,325)

 ----------------------------------------------------------------------------
 #    Dmax        Memory (MB)    NPivots     %    Time        
 ----------------------------------------------------------------------------
 1    3.4E-002    2.0E+000       17          6    6.6E-003    
 2    3.3E-004    2.0E+000       104         47   9.9E-003    
 3    3.1E-006    1.4E+000       136         81   5.5E-003    
 4    9.8E-008    6.7E-001       160         100  4.6E-003    

 Step 1 of the Cholesky decomposition completed
 Computed 160 pivots
 Largest residual Dpq: 9.8E-008
 NCholesky/NAO = 6.4E+000
 Step 1 of Cholesky decomposition completed in 2.7E-002 seconds
 Detailed timings in seconds
 Subtract prev contribs I (M-R**T*R)     1.0E-003
 Subtract prev contribs II (Rk)          7.5E-004
 Two-electron integrals                  2.4E-002
 Reallocation                            2.8E-004

 Step 2 of Cholesky decomposition completed in 2.8E-003 seconds
 Detailed timings in seconds
 Reduced-dimension matrix V    2.4E-003
 V=L*L**T                      2.8E-004
 L**(-1)                       1.6E-004

 Full-dimension Cholesky vectors of the Coulomb matrix will be stored in memory
 Cholesky vectors computed in 3.8E-003 seconds

 ┌─────────────────────────────────────────┐
 │          Self-consistent field          │
 └─────────────────────────────────────────┘

 Atomic orbital basis set
 . . . . . . . . . . . . . . . . . . . . . . . . . . . . . . . . . . . . . . 
 atomic centers                               1
 shell parameter sets                         11
 spherical AOs                                25
 max angular momentum                         2
 parameter set                                ../../../../basis-sets/bse/def2-sv(p).txt
 . . . . . . . . . . . . . . . . . . . . . . . . . . . . . . . . . . . . . . 
 SCF guess: bare nuclei Hamiltonian
 Starting self-consistent field iterations (spin-unrestricted)
 Alpha electrons: 10
 Beta electrons: 6
 ----------------------------------------------------------------------------
 Exchange-correlation: Hartree-Fock
 ----------------------------------------------------------------------------
 Replicated-data parallel SCF
 ----------------------------
 Processes                               1
 Threads/process                         16
 Allocated 1.1E-004 GiB of scratch space for the KS matrix build
 ----------------------------------------------------------------------------
 Loaded pseudopotential parameters
 ----------------------------------------------------------------------------

 OSMIUM      
 Parameters file: ../../../../basis-sets/bse/def2-sv(p).txt
 ECP accounts for 60 core electrons

          Coeff         R^n       Exponent                                       

 Local part

         18.90945701      2         2.76707510                                   

 L = 0

        885.40571914      2        13.87575390                                   
         25.96704014      2         6.93787690                                   
        -18.90945701      2         2.76707510                                   

 L = 1

        320.08390185      2        10.19379260                                   
         26.14876493      2         5.09689620                                   
        -18.90945701      2         2.76707510                                   

 L = 2

        115.04484313      2         7.09923846                                   
         13.62257457      2         3.54961923                                   
        -18.90945701      2         2.76707510                                   

 ----------------------------------------------------------------------------
 Spherical harmonic basis contains 25 vectors
 Linear independence thresh: Eig(S) > 1.0E-006
 Computations will be carried out in the space of 25 MOs
 Threshold for J, K: |Rho(r,s)*(pq|rs)|,|Rho(q,s)*(pq|rs)| > 1.0E-011
 Convergence conditions
 ----------------------
 RhoDiff < 1.0E-006
 OrbGrad < 1.0E-006
 Max number of macroiters: 1024
 ------------------------------------------------------------------------------
 #           Energy        EDiff    RhoDiff  OrbGrad  OrbShift NStored Time     
 ------------------------------------------------------------------------------
 0          286.5074161249                                        0    2.4E-002 
 1          -87.9250580260           2.3E+01                      0    4.9E-003 
 2          -89.7267772106 -1.8E+00  3.7E+00  7.7E-01  5.9E-01    1    5.6E-003 
 3          -89.7654239962 -3.9E-02  6.5E-01  1.1E-01  0.0E+00    2    5.1E-003 
 4          -89.7694062959 -4.0E-03  1.3E-01  2.3E-02  0.0E+00    3    5.2E-003 
 5          -89.7712562392 -1.8E-03  3.2E-02  9.6E-03  1.6E-02    4    6.3E-003 
 6          -89.7740676829 -2.8E-03  3.8E-02  1.1E-02  1.2E-01    5    6.7E-003 
 7          -89.7781248350 -4.1E-03  5.3E-02  1.4E-02  1.6E-01    6    7.3E-003 
 8          -89.7833599842 -5.2E-03  6.0E-02  1.6E-02  1.4E-01    7    7.8E-003 
 9          -89.7897813866 -6.4E-03  6.6E-02  1.7E-02  1.2E-01    8    7.8E-003 
 10         -89.7968736272 -7.1E-03  6.2E-02  1.6E-02  8.6E-02    8    8.3E-003 
 11         -89.8035773116 -6.7E-03  8.2E-02  1.4E-02  4.8E-02    8    8.2E-003 
 12         -89.8109494217 -7.4E-03  1.1E-01  8.1E-03  2.7E-02    8    8.4E-003 
 13         -89.8219988543 -1.1E-02  1.7E-01  1.3E-02  6.4E-02    8    8.1E-003 
 14         -89.8285047096 -6.5E-03  1.6E-01  1.5E-02  1.9E-02    8    8.6E-003 
 15         -89.8294399051 -9.4E-04  1.2E-02  1.2E-02  0.0E+00    8    5.5E-003 
 16         -89.8295059077 -6.6E-05  4.6E-03  2.9E-03  0.0E+00    8    5.5E-003 
 17         -89.8295141064 -8.2E-06  2.0E-03  8.9E-04  0.0E+00    8    5.5E-003 
 18         -89.8295155968 -1.5E-06  1.2E-03  3.4E-04  0.0E+00    8    5.6E-003 
 19         -89.8295158380 -2.4E-07  5.7E-04  1.6E-04  0.0E+00    8    5.5E-003 
 20         -89.8295158608 -2.3E-08  1.2E-04  7.7E-05  0.0E+00    8    5.5E-003 
 21         -89.8295158626 -1.7E-09  2.8E-05  1.4E-05  0.0E+00    8    5.5E-003 
 22         -89.8295158641 -1.6E-09  4.2E-05  1.1E-05  0.0E+00    8    5.5E-003 
 23         -89.8295158655 -1.4E-09  5.7E-05  7.6E-06  0.0E+00    8    5.5E-003 
 24         -89.8295158656 -3.1E-11  9.8E-06  1.5E-06  0.0E+00    8    5.5E-003 
 25         -89.8295158656 -7.4E-12  2.0E-06  7.5E-07  0.0E+00    8    5.5E-003 
 26         -89.8295158656 -1.7E-11  6.8E-06  7.5E-07  0.0E+00    8    5.5E-003 
 27         -89.8295158659 -3.0E-10  1.3E-04  7.5E-07  0.0E+00    8    5.5E-003 
 28         -89.8295158680 -2.1E-09  1.1E-03  2.4E-06  0.0E+00    8    5.5E-003 
 29         -89.8295158705 -2.5E-09  1.0E-03  1.2E-05  0.0E+00    8    5.5E-003 
 30         -89.8295159300 -5.9E-08  1.9E-02  9.7E-06  2.2E-05    8    1.1E-002 
 31         -89.8295160440 -1.1E-07  2.2E-02  2.6E-05  1.5E-05    8    1.0E-002 
 32         -89.8295162505 -2.1E-07  2.5E-02  5.7E-05  0.0E+00    8    5.6E-003 
 33         -89.8295166365 -3.9E-07  2.9E-02  5.6E-05  1.1E-05    8    1.0E-002 
 34         -89.8295173811 -7.4E-07  3.5E-02  1.1E-04  3.6E-05    8    1.0E-002 
 35         -89.8295186566 -1.3E-06  4.2E-02  1.3E-04  2.2E-04    8    1.0E-002 
 36         -89.8295204584 -1.8E-06  4.0E-02  1.7E-04  2.2E-04    8    1.0E-002 
 37         -89.8295232564 -2.8E-06  4.6E-02  1.7E-04  8.6E-05    8    1.0E-002 
 38         -89.8295260629 -2.8E-06  5.1E-02  1.8E-04  9.2E-06    8    1.1E-002 
 39         -89.8295277355 -1.7E-06  2.7E-02  2.3E-04  0.0E+00    8    5.5E-003 
 40         -89.8295290102 -1.3E-06  5.2E-02  1.4E-04  4.5E-06    8    1.2E-002 
 41         -89.8295284758  5.3E-07  5.3E-02  2.6E-04  0.0E+00    8    5.5E-003 
 41*        -89.8295289422  6.8E-08  4.4E-02  2.6E-04  3.7E-05    8    9.6E-003 
 41*        -89.8295293436 -3.3E-07  3.1E-02  2.6E-04  9.1E-05    8    9.3E-003 
 42         -89.8295294294 -8.6E-08  2.1E-04  1.1E-04  0.0E+00    8    5.5E-003 
 43         -89.8295294897 -6.0E-08  2.6E-02  2.8E-05  2.3E-06    8    1.1E-002 
 44         -89.8295294881  1.6E-09  2.3E-02  6.2E-05  0.0E+00    8    5.6E-003 
 44*        -89.8295295378 -4.8E-08  1.8E-02  6.2E-05  3.0E-05    8    9.6E-003 
 45         -89.8295295595 -2.2E-08  2.5E-03  3.8E-05  0.0E+00    8    5.6E-003 
 46         -89.8295295692 -9.7E-09  1.0E-02  8.2E-06  0.0E+00    8    5.6E-003 
 47         -89.8295295760 -6.9E-09  2.9E-03  1.1E-05  0.0E+00    8    5.5E-003 
 48         -89.8295295788 -2.7E-09  9.7E-04  8.3E-06  0.0E+00    8    5.5E-003 
 49         -89.8295295746  4.2E-09  6.0E-03  8.3E-06  0.0E+00    8    5.5E-003 
 49*        -89.8295295772  1.6E-09  4.2E-03  8.3E-06  1.7E-05    8    9.6E-003 
 49*        -89.8295295805 -1.7E-09  3.0E-03  8.3E-06  4.7E-05    8    9.7E-003 
 50         -89.8295295909 -1.0E-08  3.0E-03  8.3E-06  1.4E-04    8    9.7E-003 
 51         -89.8295296678 -7.7E-08  2.6E-03  9.7E-06  8.3E-04    8    9.6E-003 
 52         -89.8295297907 -1.2E-07  3.2E-03  1.9E-05  6.8E-04    8    9.4E-003 
 53         -89.8295299318 -1.4E-07  3.9E-03  2.9E-05  5.2E-04    8    9.5E-003 
 54         -89.8295300603 -1.3E-07  4.6E-03  1.1E-05  3.1E-04    8    9.6E-003 
 55         -89.8295301661 -1.1E-07  5.7E-03  1.3E-05  1.5E-04    8    1.0E-002 
 56         -89.8295302170 -5.1E-08  7.2E-03  9.8E-06  2.4E-05    8    1.0E-002 
 57         -89.8295302196 -2.7E-09  1.3E-03  1.1E-05  0.0E+00    8    5.5E-003 
 58         -89.8295302206 -9.7E-10  2.9E-04  5.9E-06  0.0E+00    8    5.5E-003 
 59         -89.8295302209 -2.7E-10  1.9E-04  1.3E-06  0.0E+00    8    5.5E-003 
 60         -89.8295302211 -1.9E-10  1.7E-04  9.6E-07  0.0E+00    8    5.5E-003 
 61         -89.8295302214 -3.0E-10  3.3E-04  1.4E-06  0.0E+00    8    5.5E-003 
 62         -89.8295302218 -4.4E-10  3.3E-04  2.0E-06  0.0E+00    8    5.5E-003 
 63         -89.8295302223 -5.4E-10  7.3E-04  1.9E-06  0.0E+00    8    5.6E-003 
 64         -89.8295302225 -1.2E-10  3.7E-04  1.7E-06  0.0E+00    8    5.5E-003 
 65         -89.8295302225 -6.7E-12  3.0E-04  8.7E-07  0.0E+00    8    5.5E-003 
 66         -89.8295302225 -2.1E-11  1.3E-04  1.0E-06  0.0E+00    8    5.5E-003 
 67         -89.8295302225 -3.4E-12  8.6E-05  3.9E-07  0.0E+00    8    5.5E-003 
 68         -89.8295302225 -2.4E-12  3.5E-05  1.7E-07  0.0E+00    8    5.6E-003 
 69         -89.8295302225 -2.1E-12  5.6E-05  1.7E-07  0.0E+00    8    5.5E-003 
 70         -89.8295302225 -3.3E-13  2.2E-05  1.7E-07  0.0E+00    8    5.5E-003 
 71         -89.8295302225 -3.4E-13  2.8E-07  1.7E-07  0.0E+00    8    5.6E-003 
 ------------------------------------------------------------------------------
 SCF converged
 Converged energy                        -89.829530222507    
 ------------------------------------------------------------------------------
 Ehomo(Alpha) [eV]                       -8.808403539563     
 Elumo(Alpha) [eV]                       1.485666594302      
 Ehomo(Beta) [eV]                        -6.721737680553     
 Elumo(Beta) [eV]                        1.909020773644      

 dipole moment (Debye)
        x              y              z       
      3.499E-015     6.463E-015     2.444E-016

 traceless quadrupole moment (Debye*Angs)
                       x              y              z       
 x                   5.840E-001    -2.130E-001    -3.515E-001
 y                  -2.130E-001     1.639E-001    -8.610E-001
 z                  -3.515E-001    -8.610E-001    -7.479E-001

 ----------------------------------------------------------------------------
 Timings (seconds)
 * mean-field hamiltonian     3.7E-001
 * solver (setting up eqns)   1.6E-002
 * solver (energy estimate)   1.1E-002
 * solver (orthogonalization) 1.2E-003
 * solver (rotation matrix X) 1.4E-001
 * solver (exponential of X)  4.1E-003
 * solver (total)             1.7E-001
 * total SCF                  5.7E-001
 Atomic guess: OS, ../../../../basis-sets/bse/def2-sv(p).txt
 -----------------------------------------------------------
 E(HF) [a.u.]                            -8.9829530223E+001
 Tr(RhoAvg S), Cartesian AOs              1.6000000000E+001
 Tr(RhoAvg S), spherical AOs              1.6000000000E+001
 max|T RhoAvg T**T - RhoAvg_sao|                  1.11E-015
 max|c(RhoAvg) - c(Rho)|                          4.44E-016
 max|RhoAvg - Rho|                                2.73E-001
 Saved /mnt/storage_6/project_data/pl0415-03/marcin/beyond-rpa/guess/electron-densities/bse/def2-sv(p)/os.txt
 ----------------------------------------------------------------------------
                             SCF for IR (2S+1=4)                             
 ----------------------------------------------------------------------------
 NUMBER OF ATOMS                         1
 CHARGE                                  0
 Prescreening (pq|pq) integrals for the Cholesky decomposition
 Shell pairs will be sorted according to their max elements
 Max diagonal integral MaxDrs=3.6E+000
 Applying Eq. 15 in J. Chem. Phys. 150, 194112 (2019); doi: 10.1063/1.5083802
 Schwarz inequality: Dpq<min(10**(-8),Tau)**2/MaxDrs=2.8E-017
 Trace of exact Coulomb matrix: 3.5E+001
 Trace of discarded integrals: 0.0E+000
 Discarded 0 out of 66 shell pairs
 (0 out of 325 orbital pairs)

 Step 1 of Cholesky decomposition: locating pivots
 -------------------------------------------------
 Dimensions of the Coulomb matrix: (325,325)
 Threshold for diagonal matrix elements: Dpq > 1.0E-007
 Max number of Cholesky vectors: 325
 Rk storage block size: 500
 Max dimension of 2e integrals buffer: (325,325)

 ----------------------------------------------------------------------------
 #    Dmax        Memory (MB)    NPivots     %    Time        
 ----------------------------------------------------------------------------
 1    3.5E-002    2.0E+000       18          6    7.7E-003    
 2    3.4E-004    2.0E+000       105         48   8.9E-003    
 3    2.7E-006    1.4E+000       138         84   5.8E-003    
 4    8.3E-008    3.5E-001       162         100  2.7E-003    

 Step 1 of the Cholesky decomposition completed
 Computed 162 pivots
 Largest residual Dpq: 8.3E-008
 NCholesky/NAO = 6.5E+000
 Step 1 of Cholesky decomposition completed in 2.6E-002 seconds
 Detailed timings in seconds
 Subtract prev contribs I (M-R**T*R)     7.8E-004
 Subtract prev contribs II (Rk)          7.4E-004
 Two-electron integrals                  2.3E-002
 Reallocation                            2.5E-004

 Step 2 of Cholesky decomposition completed in 2.8E-003 seconds
 Detailed timings in seconds
 Reduced-dimension matrix V    2.4E-003
 V=L*L**T                      2.5E-004
 L**(-1)                       1.7E-004

 Full-dimension Cholesky vectors of the Coulomb matrix will be stored in memory
 Cholesky vectors computed in 3.8E-003 seconds

 ┌─────────────────────────────────────────┐
 │          Self-consistent field          │
 └─────────────────────────────────────────┘

 Atomic orbital basis set
 . . . . . . . . . . . . . . . . . . . . . . . . . . . . . . . . . . . . . . 
 atomic centers                               1
 shell parameter sets                         11
 spherical AOs                                25
 max angular momentum                         2
 parameter set                                ../../../../basis-sets/bse/def2-sv(p).txt
 . . . . . . . . . . . . . . . . . . . . . . . . . . . . . . . . . . . . . . 
 SCF guess: bare nuclei Hamiltonian
 Starting self-consistent field iterations (spin-unrestricted)
 Alpha electrons: 10
 Beta electrons: 7
 ----------------------------------------------------------------------------
 Exchange-correlation: Hartree-Fock
 ----------------------------------------------------------------------------
 Replicated-data parallel SCF
 ----------------------------
 Processes                               1
 Threads/process                         16
 Allocated 1.1E-004 GiB of scratch space for the KS matrix build
 ----------------------------------------------------------------------------
 Loaded pseudopotential parameters
 ----------------------------------------------------------------------------

 IRIDIUM     
 Parameters file: ../../../../basis-sets/bse/def2-sv(p).txt
 ECP accounts for 60 core electrons

          Coeff         R^n       Exponent                                       

 Local part

         21.53103107      2         3.03407192                                   

 L = 0

        732.26919978      2        13.65220260                                   
         26.48472087      2         6.82610130                                   
        -21.53103107      2         3.03407192                                   

 L = 1

        299.48947357      2        10.27986840                                   
         26.46623354      2         5.13993410                                   
        -21.53103107      2         3.03407192                                   

 L = 2

        124.45759451      2         7.34985897                                   
         14.03599518      2         3.67492949                                   
        -21.53103107      2         3.03407192                                   

 ----------------------------------------------------------------------------
 Spherical harmonic basis contains 25 vectors
 Linear independence thresh: Eig(S) > 1.0E-006
 Computations will be carried out in the space of 25 MOs
 Threshold for J, K: |Rho(r,s)*(pq|rs)|,|Rho(q,s)*(pq|rs)| > 1.0E-011
 Convergence conditions
 ----------------------
 RhoDiff < 1.0E-006
 OrbGrad < 1.0E-006
 Max number of macroiters: 1024
 ------------------------------------------------------------------------------
 #           Energy        EDiff    RhoDiff  OrbGrad  OrbShift NStored Time     
 ------------------------------------------------------------------------------
 0          225.4770098590                                        0    2.4E-002 
 1         -101.3369285674           2.3E+01                      0    5.0E-003 
 2         -103.3714928100 -2.0E+00  3.7E+00  8.3E-01  6.4E-01    1    5.7E-003 
 3         -103.4107183000 -3.9E-02  6.6E-01  1.3E-01  0.0E+00    2    5.3E-003 
 4         -103.4152098831 -4.5E-03  1.4E-01  2.1E-02  0.0E+00    3    5.5E-003 
 5         -103.4177675348 -2.6E-03  3.7E-02  1.2E-02  4.2E-02    4    6.5E-003 
 6         -103.4204339941 -2.7E-03  4.4E-02  1.1E-02  8.0E-02    5    6.8E-003 
 7         -103.4229606242 -2.5E-03  6.3E-02  9.4E-03  5.7E-02    6    7.1E-003 
 8         -103.4248534100 -1.9E-03  7.2E-02  7.0E-03  2.0E-02    7    7.7E-003 
 9         -103.4257900953 -9.4E-04  8.2E-02  5.1E-03  0.0E+00    8    5.6E-003 
 10        -103.4259737470 -1.8E-04  7.6E-03  4.5E-03  0.0E+00    8    5.7E-003 
 11        -103.4264394999 -4.7E-04  3.9E-02  3.8E-03  0.0E+00    8    5.7E-003 
 12        -103.4264814926 -4.2E-05  1.4E-02  1.6E-03  0.0E+00    8    5.7E-003 
 13        -103.4264831004 -1.6E-06  2.0E-03  3.3E-04  0.0E+00    8    5.7E-003 
 14        -103.4264836319 -5.3E-07  6.7E-04  1.8E-04  0.0E+00    8    5.8E-003 
 15        -103.4264850398 -1.4E-06  2.1E-03  1.5E-04  0.0E+00    8    5.8E-003 
 16        -103.4264851237 -8.4E-08  4.4E-04  6.8E-05  0.0E+00    8    5.8E-003 
 17        -103.4264851311 -7.4E-09  6.9E-05  3.7E-05  0.0E+00    8    5.7E-003 
 18        -103.4264851315 -3.9E-10  1.7E-05  9.2E-06  0.0E+00    8    5.7E-003 
 19        -103.4264851315 -1.7E-11  3.3E-06  6.5E-07  0.0E+00    8    5.6E-003 
 20        -103.4264851316 -4.1E-11  9.2E-06  6.2E-07  0.0E+00    8    5.7E-003 
 21        -103.4264851316 -9.4E-12  4.0E-06  4.4E-07  0.0E+00    8    5.7E-003 
 22        -103.4264851316 -2.2E-12  2.2E-06  2.7E-07  0.0E+00    8    5.7E-003 
 23        -103.4264851316 -1.0E-12  1.1E-06  2.1E-07  0.0E+00    8    5.7E-003 
 24        -103.4264851316 -4.3E-12  3.6E-06  2.4E-07  0.0E+00    8    5.6E-003 
 25        -103.4264851316 -2.1E-11  3.1E-05  2.3E-07  0.0E+00    8    5.6E-003 
 26        -103.4264851316 -2.0E-11  2.4E-06  1.7E-06  0.0E+00    8    5.7E-003 
 27        -103.4264851316  4.1E-11  7.9E-06  7.0E-07  0.0E+00    8    5.7E-003 
 27*       -103.4264851316 -1.4E-11  6.2E-06  7.0E-07  5.1E-02    8    8.2E-003 
 28        -103.4264851316 -1.0E-11  5.4E-06  4.5E-07  2.0E-02    8    8.7E-003 
 29        -103.4264851316 -1.1E-11  6.2E-06  3.0E-07  1.7E-02    8    9.1E-003 
 30        -103.4264851317 -1.3E-11  6.7E-06  2.7E-07  1.7E-02    8    9.0E-003 
 31        -103.4264851317 -1.3E-11  7.8E-06  2.6E-07  1.4E-02    8    9.0E-003 
 32        -103.4264851317 -1.6E-11  9.6E-06  2.4E-07  1.2E-02    8    8.7E-003 
 33        -103.4264851317 -1.9E-11  1.2E-05  2.3E-07  9.9E-03    8    9.3E-003 
 34        -103.4264851317 -2.3E-11  1.4E-05  2.3E-07  8.2E-03    8    8.9E-003 
 35        -103.4264851318 -2.3E-11  2.0E-05  2.2E-07  7.2E-03    8    9.3E-003 
 36        -103.4264851318 -3.6E-11  1.8E-05  4.6E-07  5.7E-03    8    9.0E-003 
 37        -103.4264851318 -3.9E-11  2.4E-05  2.3E-07  4.8E-03    8    9.3E-003 
 38        -103.4264851319 -4.7E-11  2.8E-05  2.7E-07  4.0E-03    8    9.1E-003 
 39        -103.4264851319 -5.6E-11  3.4E-05  2.5E-07  3.4E-03    8    9.4E-003 
 40        -103.4264851320 -6.8E-11  4.1E-05  2.5E-07  2.8E-03    8    9.2E-003 
 41        -103.4264851321 -8.1E-11  4.9E-05  2.5E-07  2.3E-03    8    9.5E-003 
 42        -103.4264851322 -9.3E-11  5.9E-05  2.5E-07  1.9E-03    8    9.5E-003 
 43        -103.4264851323 -1.2E-10  7.0E-05  6.2E-07  1.6E-03    8    9.6E-003 
 44        -103.4264851324 -1.4E-10  8.5E-05  2.5E-07  1.3E-03    8    9.4E-003 
 45        -103.4264851326 -1.7E-10  1.0E-04  2.5E-07  1.1E-03    8    9.8E-003 
 46        -103.4264851328 -2.0E-10  1.2E-04  2.4E-07  9.2E-04    8    9.7E-003 
 47        -103.4264851331 -2.4E-10  1.4E-04  2.3E-07  7.7E-04    8    9.7E-003 
 48        -103.4264851333 -2.9E-10  1.8E-04  2.1E-07  6.4E-04    8    9.8E-003 
 49        -103.4264851337 -3.5E-10  2.1E-04  2.1E-07  5.4E-04    8    1.0E-002 
 50        -103.4264851341 -4.2E-10  2.5E-04  2.0E-07  4.5E-04    8    1.0E-002 
 51        -103.4264851346 -5.1E-10  3.0E-04  2.2E-07  3.7E-04    8    9.9E-003 
 52        -103.4264851352 -6.1E-10  3.7E-04  2.5E-07  3.1E-04    8    9.9E-003 
 53        -103.4264851360 -7.3E-10  4.4E-04  2.2E-07  2.6E-04    8    1.0E-002 
 54        -103.4264851369 -8.8E-10  5.3E-04  2.3E-07  2.2E-04    8    9.9E-003 
 55        -103.4264851379 -1.1E-09  6.4E-04  2.5E-07  1.8E-04    8    1.0E-002 
 56        -103.4264851392 -1.3E-09  7.7E-04  2.5E-07  1.5E-04    8    1.0E-002 
 57        -103.4264851407 -1.5E-09  9.3E-04  2.5E-07  1.3E-04    8    1.1E-002 
 58        -103.4264851426 -1.8E-09  1.1E-03  3.6E-07  1.1E-04    8    1.0E-002 
 59        -103.4264851448 -2.2E-09  1.4E-03  5.0E-07  8.8E-05    8    1.1E-002 
 60        -103.4264851475 -2.7E-09  1.6E-03  6.7E-07  7.4E-05    8    1.1E-002 
 61        -103.4264851507 -3.2E-09  2.0E-03  8.5E-07  6.1E-05    8    1.1E-002 
 62        -103.4264851546 -3.9E-09  2.4E-03  1.1E-06  5.1E-05    8    1.1E-002 
 63        -103.4264851592 -4.7E-09  2.9E-03  1.6E-06  4.2E-05    8    1.1E-002 
 64        -103.4264851648 -5.6E-09  3.5E-03  2.2E-06  3.5E-05    8    1.1E-002 
 65        -103.4264851715 -6.7E-09  4.3E-03  2.9E-06  2.9E-05    8    1.1E-002 
 66        -103.4264851795 -8.0E-09  5.2E-03  3.8E-06  2.3E-05    8    1.1E-002 
 67        -103.4264851887 -9.2E-09  6.4E-03  5.4E-06  1.8E-05    8    1.1E-002 
 68        -103.4264851988 -1.0E-08  7.8E-03  7.5E-06  1.2E-05    8    1.1E-002 
 69        -103.4264852083 -9.5E-09  9.7E-03  1.1E-05  5.5E-06    8    1.1E-002 
 70        -103.4264852144 -6.1E-09  8.0E-03  1.7E-05  0.0E+00    8    5.7E-003 
 71        -103.4264852192 -4.8E-09  4.0E-03  2.2E-05  0.0E+00    8    5.6E-003 
 72        -103.4264852542 -3.5E-08  1.2E-02  2.2E-05  6.1E-06    8    1.1E-002 
 73        -103.4264852826 -2.8E-08  1.5E-02  1.0E-05  9.7E-06    8    1.1E-002 
 74        -103.4264853084 -2.6E-08  1.9E-02  5.3E-06  6.8E-06    8    1.1E-002 
 75        -103.4264853324 -2.4E-08  2.0E-02  1.8E-05  0.0E+00    8    5.7E-003 
 76        -103.4264853604 -2.8E-08  2.1E-02  3.1E-05  0.0E+00    8    5.6E-003 
 77        -103.4264853749 -1.4E-08  3.2E-02  2.7E-05  0.0E+00    8    5.7E-003 
 78        -103.4264853847 -9.8E-09  2.5E-02  3.6E-05  0.0E+00    8    5.7E-003 
 79        -103.4264853733  1.1E-08  3.0E-02  3.7E-05  0.0E+00    8    5.7E-003 
 79*       -103.4264854193 -3.5E-08  1.0E-02  3.7E-05  0.0E+00    8    5.6E-003 
 80        -103.4264854122  7.1E-09  1.4E-02  2.1E-05  0.0E+00    8    5.7E-003 
 80*       -103.4264854130  6.3E-09  1.4E-02  2.1E-05  2.3E-06    8    1.1E-002 
 80*       -103.4264854197 -4.4E-10  9.9E-03  2.1E-05  7.2E-06    8    1.0E-002 
 81        -103.4264854428 -2.3E-08  9.9E-03  2.1E-05  2.0E-06    8    1.1E-002 
 82        -103.4264854658 -2.3E-08  1.2E-02  1.7E-05  1.5E-05    8    1.1E-002 
 83        -103.4264854954 -3.0E-08  1.4E-02  1.3E-05  2.7E-05    8    1.2E-002 
 84        -103.4264855270 -3.2E-08  1.7E-02  1.6E-05  2.0E-05    8    1.1E-002 
 85        -103.4264855534 -2.6E-08  1.7E-02  2.1E-05  9.7E-06    8    1.1E-002 
 86        -103.4264855814 -2.8E-08  2.0E-02  1.8E-05  8.7E-07    8    1.1E-002 
 87        -103.4264855931 -1.2E-08  3.2E-03  1.2E-05  0.0E+00    8    5.8E-003 
 88        -103.4264856124 -1.9E-08  1.3E-02  7.6E-06  0.0E+00    8    5.8E-003 
 89        -103.4264856255 -1.3E-08  8.9E-03  6.7E-06  0.0E+00    8    5.7E-003 
 90        -103.4264856444 -1.9E-08  1.9E-02  7.0E-06  3.4E-06    8    1.2E-002 
 91        -103.4264856497 -5.3E-09  3.4E-04  1.9E-05  0.0E+00    8    5.7E-003 
 92        -103.4264856514 -1.7E-09  2.0E-05  1.1E-05  0.0E+00    8    5.7E-003 
 93        -103.4264856724 -2.1E-08  1.1E-02  9.7E-06  1.9E-05    8    1.1E-002 
 94        -103.4264856938 -2.1E-08  1.2E-02  1.0E-05  1.4E-05    8    1.1E-002 
 95        -103.4264857125 -1.9E-08  1.4E-02  8.0E-06  9.1E-06    8    1.1E-002 
 96        -103.4264857259 -1.3E-08  1.6E-02  1.2E-05  3.7E-07    8    1.1E-002 
 97        -103.4264857334 -7.5E-09  1.5E-03  2.0E-05  0.0E+00    8    5.6E-003 
 98        -103.4264857459 -1.3E-08  1.1E-02  1.3E-05  0.0E+00    8    5.7E-003 
 99        -103.4264857593 -1.3E-08  1.7E-02  1.6E-05  0.0E+00    8    5.7E-003 
 100       -103.4264857655 -6.2E-09  1.6E-03  2.3E-05  0.0E+00    8    5.7E-003 
 101       -103.4264857948 -2.9E-08  2.3E-02  1.7E-05  1.1E-05    8    1.4E-002 
 102       -103.4264858093 -1.5E-08  2.5E-02  2.8E-05  4.2E-06    8    1.1E-002 
 103       -103.4264858212 -1.2E-08  5.9E-03  5.1E-05  0.0E+00    8    5.7E-003 
 104       -103.4264858232 -2.0E-09  1.4E-03  1.3E-05  0.0E+00    8    5.6E-003 
 105       -103.4264858282 -5.0E-09  5.9E-03  7.7E-06  0.0E+00    8    5.7E-003 
 106       -103.4264858299 -1.7E-09  1.4E-03  6.5E-06  0.0E+00    8    5.7E-003 
 107       -103.4264858402 -1.0E-08  1.3E-02  5.8E-06  1.8E-05    8    1.1E-002 
 108       -103.4264858481 -7.9E-09  1.3E-02  4.5E-06  1.8E-05    8    1.1E-002 
 109       -103.4264858541 -6.0E-09  1.3E-02  7.0E-06  1.0E-05    8    1.1E-002 
 110       -103.4264858562 -2.1E-09  1.3E-03  8.9E-06  0.0E+00    8    5.7E-003 
 111       -103.4264858577 -1.5E-09  1.7E-03  6.3E-06  0.0E+00    8    5.7E-003 
 112       -103.4264858634 -5.6E-09  8.3E-03  4.5E-06  0.0E+00    8    5.7E-003 
 113       -103.4264858654 -2.0E-09  4.3E-03  2.6E-06  0.0E+00    8    5.6E-003 
 114       -103.4264858672 -1.8E-09  4.4E-03  1.3E-06  0.0E+00    8    5.7E-003 
 115       -103.4264858701 -2.9E-09  7.9E-03  1.1E-06  0.0E+00    8    5.7E-003 
 116       -103.4264858719 -1.9E-09  5.6E-03  2.4E-06  0.0E+00    8    5.7E-003 
 117       -103.4264858758 -3.8E-09  1.2E-02  2.7E-06  4.3E-06    8    1.2E-002 
 118       -103.4264858772 -1.4E-09  4.6E-03  4.0E-06  0.0E+00    8    5.7E-003 
 119       -103.4264858791 -1.9E-09  1.1E-02  1.8E-06  0.0E+00    8    5.6E-003 
 120       -103.4264858793 -1.8E-10  1.8E-03  4.6E-06  0.0E+00    8    5.7E-003 
 121       -103.4264858803 -9.9E-10  1.2E-02  2.2E-06  1.5E-06    8    1.2E-002 
 122       -103.4264858807 -4.2E-10  1.3E-03  4.3E-06  0.0E+00    8    5.8E-003 
 123       -103.4264858810 -2.7E-10  6.2E-04  3.6E-06  0.0E+00    8    5.8E-003 
 124       -103.4264858813 -3.2E-10  2.2E-03  2.9E-06  0.0E+00    8    5.8E-003 
 125       -103.4264858814 -7.8E-11  7.5E-04  2.2E-06  0.0E+00    8    5.7E-003 
 126       -103.4264858822 -8.5E-10  6.2E-03  1.6E-06  9.7E-07    8    1.2E-002 
 127       -103.4264858828 -5.7E-10  7.4E-03  1.1E-06  5.1E-07    8    1.1E-002 
 128       -103.4264858829 -1.3E-10  1.7E-03  2.1E-06  0.0E+00    8    5.7E-003 
 129       -103.4264858830 -1.0E-10  1.8E-03  1.9E-06  0.0E+00    8    5.6E-003 
 130       -103.4264858833 -2.5E-10  6.3E-03  1.9E-06  1.4E-06    8    1.3E-002 
 131       -103.4264858834 -1.0E-10  6.3E-03  1.9E-06  1.6E-06    8    1.1E-002 
 132       -103.4264858832  1.2E-10  6.3E-03  1.5E-06  1.1E-07    8    1.5E-002 
 132*      -103.4264858833  4.5E-11  4.4E-03  1.5E-06  8.4E-07    8    1.4E-002 
 132*      -103.4264858834  9.5E-12  3.1E-03  1.5E-06  1.5E-06    8    1.1E-002 
 132*      -103.4264858834 -7.5E-12  2.2E-03  1.5E-06  2.5E-06    8    1.1E-002 
 133       -103.4264858834 -1.1E-11  1.4E-06  1.2E-06  0.0E+00    8    1.4E-002 
 134       -103.4264858834 -1.8E-11  4.5E-04  1.1E-06  0.0E+00    8    5.7E-003 
 135       -103.4264858834 -2.5E-11  1.5E-03  9.6E-07  2.3E-06    8    1.2E-002 
 136       -103.4264858834 -8.8E-12  1.5E-03  9.0E-07  7.3E-07    8    1.1E-002 
 SCF solver: failed to solve ||X(shift)|| = trust_radius
 137       -103.4264858834 -8.9E-12  1.6E-03  9.0E-07  1.1E-06    8    1.7E-002 
 138       -103.4264858834 -2.8E-13  6.2E-04  8.3E-07  0.0E+00    8    5.7E-003 
 139       -103.4264858835 -1.9E-11  1.1E-03  7.1E-07  2.9E-06    8    1.2E-002 
 140       -103.4264858835 -1.1E-11  1.3E-03  7.0E-07  3.8E-06    8    1.1E-002 
 141       -103.4264858835 -3.6E-12  1.8E-05  5.7E-07  0.0E+00    8    5.7E-003 
 142       -103.4264858835 -4.1E-13  6.4E-04  1.6E-07  0.0E+00    8    5.6E-003 
 SCF solver: failed to solve ||X(shift)|| = trust_radius
 143       -103.4264858835  3.6E-12  1.1E-03  1.7E-07  1.7E-06    8    1.7E-002 
 143*      -103.4264858835  1.4E-12  7.6E-04  1.7E-07  5.9E-07    8    1.1E-002 
 143*      -103.4264858835  3.6E-13  5.3E-04  1.7E-07  9.2E-07    8    1.1E-002 
 143*      -103.4264858835 -1.4E-14  3.7E-04  1.7E-07  1.4E-06    8    1.1E-002 
 144       -103.4264858835 -3.8E-13  5.0E-05  1.3E-07  0.0E+00    8    5.7E-003 
 145       -103.4264858835  2.1E-12  3.1E-04  1.1E-07  2.2E-06    8    1.1E-002 
 145*      -103.4264858835 -1.4E-14  2.0E-07  1.1E-07  0.0E+00    8    1.1E-002 
 ------------------------------------------------------------------------------
 SCF converged
 Converged energy                        -103.426485883476   
 ------------------------------------------------------------------------------
 Ehomo(Alpha) [eV]                       -7.882470264372     
 Elumo(Alpha) [eV]                       1.694332620142      
 Ehomo(Beta) [eV]                        -9.030162758189     
 Elumo(Beta) [eV]                        0.296014808309      

 dipole moment (Debye)
        x              y              z       
     -4.735E-015     3.860E-015    -1.584E-015

 traceless quadrupole moment (Debye*Angs)
                       x              y              z       
 x                   2.714E-005     3.028E-005    -1.141E-005
 y                   3.028E-005    -6.564E-005     1.027E-004
 z                  -1.141E-005     1.027E-004     3.851E-005

 ----------------------------------------------------------------------------
 Timings (seconds)
 * mean-field hamiltonian     7.8E-001
 * solver (setting up eqns)   3.3E-002
 * solver (energy estimate)   2.3E-002
 * solver (orthogonalization) 2.5E-003
 * solver (rotation matrix X) 4.8E-001
 * solver (exponential of X)  8.7E-003
 * solver (total)             5.5E-001
 * total SCF                  1.4E+000
 Atomic guess: IR, ../../../../basis-sets/bse/def2-sv(p).txt
 -----------------------------------------------------------
 E(HF) [a.u.]                            -1.0342648588E+002
 Tr(RhoAvg S), Cartesian AOs              1.7000000000E+001
 Tr(RhoAvg S), spherical AOs              1.7000000000E+001
 max|T RhoAvg T**T - RhoAvg_sao|                  1.33E-015
 max|c(RhoAvg) - c(Rho)|                          2.22E-016
 max|RhoAvg - Rho|                                3.96E-001
 Saved /mnt/storage_6/project_data/pl0415-03/marcin/beyond-rpa/guess/electron-densities/bse/def2-sv(p)/ir.txt
 ----------------------------------------------------------------------------
                             SCF for PT (2S+1=3)                             
 ----------------------------------------------------------------------------
 NUMBER OF ATOMS                         1
 CHARGE                                  0
 Prescreening (pq|pq) integrals for the Cholesky decomposition
 Shell pairs will be sorted according to their max elements
 Max diagonal integral MaxDrs=3.7E+000
 Applying Eq. 15 in J. Chem. Phys. 150, 194112 (2019); doi: 10.1063/1.5083802
 Schwarz inequality: Dpq<min(10**(-8),Tau)**2/MaxDrs=2.7E-017
 Trace of exact Coulomb matrix: 3.4E+001
 Trace of discarded integrals: 0.0E+000
 Discarded 0 out of 66 shell pairs
 (0 out of 325 orbital pairs)

 Step 1 of Cholesky decomposition: locating pivots
 -------------------------------------------------
 Dimensions of the Coulomb matrix: (325,325)
 Threshold for diagonal matrix elements: Dpq > 1.0E-007
 Max number of Cholesky vectors: 325
 Rk storage block size: 500
 Max dimension of 2e integrals buffer: (325,325)

 ----------------------------------------------------------------------------
 #    Dmax        Memory (MB)    NPivots     %    Time        
 ----------------------------------------------------------------------------
 1    3.6E-002    2.0E+000       19          6    6.0E-003    
 2    3.5E-004    2.0E+000       105         42   7.6E-003    
 3    3.4E-006    1.3E+000       138         81   1.5E-003    
 4    8.0E-008    6.1E-001       160         100  6.7E-004    

 Step 1 of the Cholesky decomposition completed
 Computed 160 pivots
 Largest residual Dpq: 8.0E-008
 NCholesky/NAO = 6.4E+000
 Step 1 of Cholesky decomposition completed in 1.6E-002 seconds
 Detailed timings in seconds
 Subtract prev contribs I (M-R**T*R)     7.1E-004
 Subtract prev contribs II (Rk)          7.7E-004
 Two-electron integrals                  1.4E-002
 Reallocation                            2.8E-004

 Step 2 of Cholesky decomposition completed in 2.9E-003 seconds
 Detailed timings in seconds
 Reduced-dimension matrix V    2.5E-003
 V=L*L**T                      2.4E-004
 L**(-1)                       1.5E-004

 Full-dimension Cholesky vectors of the Coulomb matrix will be stored in memory
 Cholesky vectors computed in 3.8E-003 seconds

 ┌─────────────────────────────────────────┐
 │          Self-consistent field          │
 └─────────────────────────────────────────┘

 Atomic orbital basis set
 . . . . . . . . . . . . . . . . . . . . . . . . . . . . . . . . . . . . . . 
 atomic centers                               1
 shell parameter sets                         11
 spherical AOs                                25
 max angular momentum                         2
 parameter set                                ../../../../basis-sets/bse/def2-sv(p).txt
 . . . . . . . . . . . . . . . . . . . . . . . . . . . . . . . . . . . . . . 
 SCF guess: bare nuclei Hamiltonian
 Starting self-consistent field iterations (spin-unrestricted)
 Alpha electrons: 10
 Beta electrons: 8
 ----------------------------------------------------------------------------
 Exchange-correlation: Hartree-Fock
 ----------------------------------------------------------------------------
 Replicated-data parallel SCF
 ----------------------------
 Processes                               1
 Threads/process                         16
 Allocated 1.1E-004 GiB of scratch space for the KS matrix build
 ----------------------------------------------------------------------------
 Loaded pseudopotential parameters
 ----------------------------------------------------------------------------

 PLATINUM    
 Parameters file: ../../../../basis-sets/bse/def2-sv(p).txt
 ECP accounts for 60 core electrons

          Coeff         R^n       Exponent                                       

 Local part

         24.31437573      2         3.30956857                                   

 L = 0

        579.22386092      2        13.42865130                                   
         29.66949062      2         6.71432560                                   
        -24.31437573      2         3.30956857                                   

 L = 1

        280.86077422      2        10.36594420                                   
         26.74538204      2         5.18297210                                   
        -24.31437573      2         3.30956857                                   

 L = 2

        120.39644429      2         7.60047949                                   
         15.81092058      2         3.80023974                                   
        -24.31437573      2         3.30956857                                   

 ----------------------------------------------------------------------------
 Spherical harmonic basis contains 25 vectors
 Linear independence thresh: Eig(S) > 1.0E-006
 Computations will be carried out in the space of 25 MOs
 Threshold for J, K: |Rho(r,s)*(pq|rs)|,|Rho(q,s)*(pq|rs)| > 1.0E-011
 Convergence conditions
 ----------------------
 RhoDiff < 1.0E-006
 OrbGrad < 1.0E-006
 Max number of macroiters: 1024
 ------------------------------------------------------------------------------
 #           Energy        EDiff    RhoDiff  OrbGrad  OrbShift NStored Time     
 ------------------------------------------------------------------------------
 0          160.1496248993                                        0    2.4E-002 
 1         -116.4627800360           2.1E+01                      0    5.2E-003 
 2         -118.3129976373 -1.9E+00  4.3E+00  9.1E-01  6.7E-01    1    5.9E-003 
 3         -118.3802159388 -6.7E-02  7.1E-01  9.2E-02  0.0E+00    2    5.4E-003 
 4         -118.3903444763 -1.0E-02  1.0E-01  4.7E-02  0.0E+00    3    5.5E-003 
 5         -118.3909176403 -5.7E-04  5.2E-02  9.2E-03  0.0E+00    4    5.5E-003 
 6         -118.3909631639 -4.6E-05  5.3E-03  3.2E-03  0.0E+00    5    5.5E-003 
 7         -118.3909672083 -4.0E-06  1.9E-03  3.4E-04  0.0E+00    6    5.6E-003 
 8         -118.3909696493 -2.4E-06  2.4E-03  1.9E-04  0.0E+00    7    5.7E-003 
 9         -118.3909701376 -4.9E-07  8.9E-04  1.5E-04  0.0E+00    8    5.6E-003 
 10        -118.3909703883 -2.5E-07  6.7E-04  8.9E-05  0.0E+00    8    5.7E-003 
 11        -118.3909707121 -3.2E-07  1.4E-03  8.7E-05  0.0E+00    8    5.7E-003 
 12        -118.3909709863 -2.7E-07  1.5E-03  8.3E-05  0.0E+00    8    5.8E-003 
 13        -118.3909727137 -1.7E-06  8.6E-03  8.2E-05  0.0E+00    8    5.7E-003 
 14        -118.3909762673 -3.6E-06  1.6E-02  2.7E-04  2.4E-03    8    9.1E-003 
 15        -118.3909804268 -4.2E-06  1.9E-02  1.3E-04  2.3E-03    8    9.4E-003 
 16        -118.3909857648 -5.3E-06  2.3E-02  1.7E-04  2.3E-03    8    9.1E-003 
 17        -118.3909915848 -5.8E-06  2.7E-02  1.3E-04  1.8E-03    8    9.7E-003 
 18        -118.3909961751 -4.6E-06  3.2E-02  7.9E-05  6.9E-04    8    9.4E-003 
 19        -118.3909995673 -3.4E-06  3.7E-02  1.6E-04  3.0E-04    8    1.0E-002 
 20        -118.3910001744 -6.1E-07  1.4E-02  1.2E-04  0.0E+00    8    5.7E-003 
 21        -118.3910002927 -1.2E-07  7.6E-03  6.9E-05  0.0E+00    8    5.7E-003 
 22        -118.3910003168 -2.4E-08  1.4E-03  2.8E-05  0.0E+00    8    5.7E-003 
 23        -118.3910003225 -5.7E-09  6.0E-04  1.6E-05  0.0E+00    8    5.8E-003 
 24        -118.3910003236 -1.1E-09  4.8E-04  8.7E-06  0.0E+00    8    5.8E-003 
 25        -118.3910003237 -7.9E-11  6.7E-05  1.8E-06  0.0E+00    8    5.8E-003 
 26        -118.3910003237 -2.7E-11  1.9E-05  1.1E-06  0.0E+00    8    5.8E-003 
 27        -118.3910003237 -2.1E-11  9.4E-06  8.6E-07  0.0E+00    8    5.8E-003 
 28        -118.3910003237 -6.4E-12  1.0E-05  5.1E-07  0.0E+00    8    5.8E-003 
 29        -118.3910003237 -1.4E-12  2.0E-05  2.0E-07  0.0E+00    8    5.8E-003 
 30        -118.3910003237  5.4E-12  8.4E-06  1.0E-07  0.0E+00    8    5.8E-003 
 30*       -118.3910003237  4.5E-12  6.6E-06  1.0E-07  5.5E-04    8    9.1E-003 
 30*       -118.3910003237  2.2E-12  5.1E-06  1.0E-07  3.9E-03    8    8.3E-003 
 30*       -118.3910003237  5.4E-13  3.6E-06  1.0E-07  1.1E-02    8    8.4E-003 
 30*       -118.3910003237 -1.1E-13  2.5E-06  1.0E-07  2.1E-02    8    8.1E-003 
 31        -118.3910003237 -3.1E-13  2.2E-06  1.1E-07  0.0E+00    8    5.8E-003 
 32        -118.3910003237  6.3E-13  3.4E-06  8.9E-08  1.0E-01    8    8.8E-003 
 32*       -118.3910003237  2.3E-13  2.4E-06  8.9E-08  2.5E-02    8    8.3E-003 
 32*       -118.3910003237  1.4E-14  1.7E-06  8.9E-08  3.8E-02    8    8.1E-003 
 32*       -118.3910003237 -1.4E-13  1.2E-06  8.9E-08  5.5E-02    8    8.2E-003 
 33        -118.3910003237 -5.7E-14  9.8E-07  1.5E-07  3.3E-03    8    9.1E-003 
 ------------------------------------------------------------------------------
 SCF converged
 Converged energy                        -118.391000323744   
 ------------------------------------------------------------------------------
 Ehomo(Alpha) [eV]                       -7.889121000653     
 Elumo(Alpha) [eV]                       1.526873334416      
 Ehomo(Beta) [eV]                        -10.053984141387    
 Elumo(Beta) [eV]                        0.035789014367      

 dipole moment (Debye)
        x              y              z       
     -5.489E-016     4.820E-017    -2.330E-016

 traceless quadrupole moment (Debye*Angs)
                       x              y              z       
 x                  -1.328E+000     1.827E-001     4.352E-001
 y                   1.827E-001     7.019E-001    -3.885E-002
 z                   4.352E-001    -3.885E-002     6.257E-001

 ----------------------------------------------------------------------------
 Timings (seconds)
 * mean-field hamiltonian     2.1E-001
 * solver (setting up eqns)   8.1E-003
 * solver (energy estimate)   5.2E-003
 * solver (orthogonalization) 6.5E-004
 * solver (rotation matrix X) 5.5E-002
 * solver (exponential of X)  2.1E-003
 * solver (total)             7.2E-002
 * total SCF                  3.0E-001
 Atomic guess: PT, ../../../../basis-sets/bse/def2-sv(p).txt
 -----------------------------------------------------------
 E(HF) [a.u.]                            -1.1839100032E+002
 Tr(RhoAvg S), Cartesian AOs              1.8000000000E+001
 Tr(RhoAvg S), spherical AOs              1.8000000000E+001
 max|T RhoAvg T**T - RhoAvg_sao|                  2.00E-015
 max|c(RhoAvg) - c(Rho)|                          8.88E-016
 max|RhoAvg - Rho|                                4.65E-001
 Saved /mnt/storage_6/project_data/pl0415-03/marcin/beyond-rpa/guess/electron-densities/bse/def2-sv(p)/pt.txt
 ----------------------------------------------------------------------------
                             SCF for AU (2S+1=2)                             
 ----------------------------------------------------------------------------
 NUMBER OF ATOMS                         1
 CHARGE                                  0
 Prescreening (pq|pq) integrals for the Cholesky decomposition
 Shell pairs will be sorted according to their max elements
 Max diagonal integral MaxDrs=3.7E+000
 Applying Eq. 15 in J. Chem. Phys. 150, 194112 (2019); doi: 10.1063/1.5083802
 Schwarz inequality: Dpq<min(10**(-8),Tau)**2/MaxDrs=2.7E-017
 Trace of exact Coulomb matrix: 3.6E+001
 Trace of discarded integrals: 0.0E+000
 Discarded 0 out of 66 shell pairs
 (0 out of 325 orbital pairs)

 Step 1 of Cholesky decomposition: locating pivots
 -------------------------------------------------
 Dimensions of the Coulomb matrix: (325,325)
 Threshold for diagonal matrix elements: Dpq > 1.0E-007
 Max number of Cholesky vectors: 325
 Rk storage block size: 500
 Max dimension of 2e integrals buffer: (325,325)

 ----------------------------------------------------------------------------
 #    Dmax        Memory (MB)    NPivots     %    Time        
 ----------------------------------------------------------------------------
 1    3.5E-002    2.0E+000       18          6    8.0E-003    
 2    3.5E-004    2.0E+000       108         48   6.2E-003    
 3    2.2E-006    1.4E+000       140         86   3.7E-003    
 4    8.9E-008    3.8E-001       159         100  3.1E-003    

 Step 1 of the Cholesky decomposition completed
 Computed 159 pivots
 Largest residual Dpq: 8.9E-008
 NCholesky/NAO = 6.4E+000
 Step 1 of Cholesky decomposition completed in 2.1E-002 seconds
 Detailed timings in seconds
 Subtract prev contribs I (M-R**T*R)     6.3E-004
 Subtract prev contribs II (Rk)          7.8E-004
 Two-electron integrals                  1.9E-002
 Reallocation                            2.7E-004

 Step 2 of Cholesky decomposition completed in 2.8E-003 seconds
 Detailed timings in seconds
 Reduced-dimension matrix V    2.4E-003
 V=L*L**T                      2.5E-004
 L**(-1)                       1.7E-004

 Full-dimension Cholesky vectors of the Coulomb matrix will be stored in memory
 Cholesky vectors computed in 5.0E-003 seconds

 ┌─────────────────────────────────────────┐
 │          Self-consistent field          │
 └─────────────────────────────────────────┘

 Atomic orbital basis set
 . . . . . . . . . . . . . . . . . . . . . . . . . . . . . . . . . . . . . . 
 atomic centers                               1
 shell parameter sets                         11
 spherical AOs                                25
 max angular momentum                         2
 parameter set                                ../../../../basis-sets/bse/def2-sv(p).txt
 . . . . . . . . . . . . . . . . . . . . . . . . . . . . . . . . . . . . . . 
 SCF guess: bare nuclei Hamiltonian
 Starting self-consistent field iterations (spin-unrestricted)
 Alpha electrons: 10
 Beta electrons: 9
 ----------------------------------------------------------------------------
 Exchange-correlation: Hartree-Fock
 ----------------------------------------------------------------------------
 Replicated-data parallel SCF
 ----------------------------
 Processes                               1
 Threads/process                         16
 Allocated 1.1E-004 GiB of scratch space for the KS matrix build
 ----------------------------------------------------------------------------
 Loaded pseudopotential parameters
 ----------------------------------------------------------------------------

 GOLD        
 Parameters file: ../../../../basis-sets/bse/def2-sv(p).txt
 ECP accounts for 60 core electrons

          Coeff         R^n       Exponent                                       

 Local part

         30.49008890      2         4.78982000                                   
          5.17107381      2         2.39491000                                   

 L = 0

        426.84667920      2        13.20510000                                   
         37.00708285      2         6.60255000                                   
        -30.49008890      2         4.78982000                                   
         -5.17107381      2         2.39491000                                   

 L = 1

        261.19958038      2        10.45202000                                   
         26.96249604      2         5.22601000                                   
        -30.49008890      2         4.78982000                                   
         -5.17107381      2         2.39491000                                   

 L = 2

        124.79066561      2         7.85110000                                   
         16.30072573      2         3.92555000                                   
        -30.49008890      2         4.78982000                                   
         -5.17107381      2         2.39491000                                   

 ----------------------------------------------------------------------------
 Spherical harmonic basis contains 25 vectors
 Linear independence thresh: Eig(S) > 1.0E-006
 Computations will be carried out in the space of 25 MOs
 Threshold for J, K: |Rho(r,s)*(pq|rs)|,|Rho(q,s)*(pq|rs)| > 1.0E-011
 Convergence conditions
 ----------------------
 RhoDiff < 1.0E-006
 OrbGrad < 1.0E-006
 Max number of macroiters: 1024
 ------------------------------------------------------------------------------
 #           Energy        EDiff    RhoDiff  OrbGrad  OrbShift NStored Time     
 ------------------------------------------------------------------------------
 0           96.2913545943                                        0    2.4E-002 
 1         -132.2450112600           2.3E+01                      0    5.2E-003 
 2         -134.7091980019 -2.5E+00  4.7E+00  1.0E+00  8.1E-01    1    6.0E-003 
 3         -134.7735581937 -6.4E-02  7.3E-01  1.3E-01  0.0E+00    2    5.5E-003 
 4         -134.7844256408 -1.1E-02  1.1E-01  4.9E-02  0.0E+00    3    5.6E-003 
 5         -134.7850842440 -6.6E-04  5.3E-02  9.9E-03  0.0E+00    4    5.6E-003 
 6         -134.7851422861 -5.8E-05  7.0E-03  2.1E-03  0.0E+00    5    5.6E-003 
 7         -134.7851612097 -1.9E-05  7.3E-03  8.1E-04  0.0E+00    6    5.7E-003 
 8         -134.7851626333 -1.4E-06  1.9E-03  2.7E-04  0.0E+00    7    5.7E-003 
 9         -134.7851627099 -7.7E-08  4.3E-04  1.3E-04  0.0E+00    8    5.8E-003 
 10        -134.7851627109 -9.6E-10  2.2E-05  1.1E-05  0.0E+00    8    5.9E-003 
 11        -134.7851627110 -1.4E-10  1.6E-05  3.8E-06  0.0E+00    8    5.9E-003 
 12        -134.7851627110 -8.9E-12  4.7E-06  1.3E-06  0.0E+00    8    5.9E-003 
 13        -134.7851627110 -5.1E-13  7.7E-07  1.6E-07  0.0E+00    8    6.0E-003 
 ------------------------------------------------------------------------------
 SCF converged
 Converged energy                        -134.785162711036   
 ------------------------------------------------------------------------------
 Ehomo(Alpha) [eV]                       -7.921896230304     
 Elumo(Alpha) [eV]                       1.792854667625      
 Ehomo(Beta) [eV]                        -12.182149933702    
 Elumo(Beta) [eV]                        -0.122382872872     

 dipole moment (Debye)
        x              y              z       
     -3.660E-015    -2.636E-015     5.025E-015

 traceless quadrupole moment (Debye*Angs)
                       x              y              z       
 x                   4.765E-006     2.576E-006    -2.836E-006
 y                   2.576E-006    -3.746E-006    -9.055E-007
 z                  -2.836E-006    -9.055E-007    -1.019E-006

 ----------------------------------------------------------------------------
 Timings (seconds)
 * mean-field hamiltonian     7.2E-002
 * solver (setting up eqns)   2.3E-003
 * solver (energy estimate)   1.2E-003
 * solver (orthogonalization) 2.0E-004
 * solver (rotation matrix X) 2.1E-003
 * solver (exponential of X)  6.2E-004
 * solver (total)             6.7E-003
 * total SCF                  1.0E-001
 Atomic guess: AU, ../../../../basis-sets/bse/def2-sv(p).txt
 -----------------------------------------------------------
 E(HF) [a.u.]                            -1.3478516271E+002
 Tr(RhoAvg S), Cartesian AOs              1.9000000000E+001
 Tr(RhoAvg S), spherical AOs              1.9000000000E+001
 max|T RhoAvg T**T - RhoAvg_sao|                  2.22E-015
 max|c(RhoAvg) - c(Rho)|                          5.55E-016
 max|RhoAvg - Rho|                                8.47E-007
 Saved /mnt/storage_6/project_data/pl0415-03/marcin/beyond-rpa/guess/electron-densities/bse/def2-sv(p)/au.txt
 ----------------------------------------------------------------------------
                                  SCF for HG                                 
 ----------------------------------------------------------------------------
 NUMBER OF ATOMS                         1
 CHARGE                                  0
 Prescreening (pq|pq) integrals for the Cholesky decomposition
 Shell pairs will be sorted according to their max elements
 Max diagonal integral MaxDrs=3.6E+000
 Applying Eq. 15 in J. Chem. Phys. 150, 194112 (2019); doi: 10.1063/1.5083802
 Schwarz inequality: Dpq<min(10**(-8),Tau)**2/MaxDrs=2.8E-017
 Trace of exact Coulomb matrix: 3.7E+001
 Trace of discarded integrals: 0.0E+000
 Discarded 0 out of 66 shell pairs
 (0 out of 325 orbital pairs)

 Step 1 of Cholesky decomposition: locating pivots
 -------------------------------------------------
 Dimensions of the Coulomb matrix: (325,325)
 Threshold for diagonal matrix elements: Dpq > 1.0E-007
 Max number of Cholesky vectors: 325
 Rk storage block size: 500
 Max dimension of 2e integrals buffer: (325,325)

 ----------------------------------------------------------------------------
 #    Dmax        Memory (MB)    NPivots     %    Time        
 ----------------------------------------------------------------------------
 1    3.3E-002    2.0E+000       19          6    7.7E-003    
 2    3.3E-004    2.0E+000       109         52   6.6E-003    
 3    3.2E-006    1.3E+000       136         82   4.1E-003    
 4    9.8E-008    6.2E-001       156         100  3.0E-003    

 Step 1 of the Cholesky decomposition completed
 Computed 156 pivots
 Largest residual Dpq: 9.8E-008
 NCholesky/NAO = 6.2E+000
 Step 1 of Cholesky decomposition completed in 2.2E-002 seconds
 Detailed timings in seconds
 Subtract prev contribs I (M-R**T*R)     8.3E-004
 Subtract prev contribs II (Rk)          7.5E-004
 Two-electron integrals                  1.9E-002
 Reallocation                            2.8E-004

 Step 2 of Cholesky decomposition completed in 2.8E-003 seconds
 Detailed timings in seconds
 Reduced-dimension matrix V    2.4E-003
 V=L*L**T                      2.4E-004
 L**(-1)                       1.5E-004

 Full-dimension Cholesky vectors of the Coulomb matrix will be stored in memory
 Cholesky vectors computed in 5.0E-003 seconds

 ┌─────────────────────────────────────────┐
 │          Self-consistent field          │
 └─────────────────────────────────────────┘

 Atomic orbital basis set
 . . . . . . . . . . . . . . . . . . . . . . . . . . . . . . . . . . . . . . 
 atomic centers                               1
 shell parameter sets                         11
 spherical AOs                                25
 max angular momentum                         2
 parameter set                                ../../../../basis-sets/bse/def2-sv(p).txt
 . . . . . . . . . . . . . . . . . . . . . . . . . . . . . . . . . . . . . . 
 SCF guess: bare nuclei Hamiltonian
 Starting self-consistent field iterations (spin-restricted singlet)
 Alpha+beta electrons: 20
 ----------------------------------------------------------------------------
 Exchange-correlation: Hartree-Fock
 ----------------------------------------------------------------------------
 Replicated-data parallel SCF
 ----------------------------
 Processes                               1
 Threads/process                         16
 Allocated 6.4E-005 GiB of scratch space for the KS matrix build
 ----------------------------------------------------------------------------
 Loaded pseudopotential parameters
 ----------------------------------------------------------------------------

 MERCURY     
 Parameters file: ../../../../basis-sets/bse/def2-sv(p).txt
 ECP accounts for 60 core electrons

          Coeff         R^n       Exponent                                       

 Local part

         30.36499643      2         3.88579112                                   

 L = 0

        275.73721174      2        12.98154870                                   
         49.08921249      2         6.49077440                                   
        -30.36499643      2         3.88579112                                   

 L = 1

        241.54007398      2        10.53809580                                   
         27.39659081      2         5.26904790                                   
        -30.36499643      2         3.88579112                                   

 L = 2

        127.86700761      2         8.10172051                                   
         16.60831151      2         4.05086026                                   
        -30.36499643      2         3.88579112                                   

 ----------------------------------------------------------------------------
 Spherical harmonic basis contains 25 vectors
 Linear independence thresh: Eig(S) > 1.0E-006
 Computations will be carried out in the space of 25 MOs
 Threshold for J, K: |Rho(r,s)*(pq|rs)|,|Rho(q,s)*(pq|rs)| > 1.0E-011
 Convergence conditions
 ----------------------
 RhoDiff < 1.0E-006
 OrbGrad < 1.0E-006
 Max number of macroiters: 1024
 ------------------------------------------------------------------------------
 #           Energy        EDiff    RhoDiff  OrbGrad  OrbShift NStored Time     
 ------------------------------------------------------------------------------
 0           28.6526456459                                        0    2.2E-002 
 1         -149.3577770630           7.6E+01                      0    2.7E-003 
 2         -152.4729511111 -3.1E+00  1.0E+01  1.1E+00  9.2E-01    1    3.1E-003 
 3         -152.5450219629 -7.2E-02  1.4E+00  1.4E-01  0.0E+00    2    2.9E-003 
 4         -152.5501564812 -5.1E-03  1.9E-01  3.6E-02  0.0E+00    3    2.9E-003 
 5         -152.5503917173 -2.4E-04  4.6E-02  5.8E-03  0.0E+00    4    2.9E-003 
 6         -152.5503992110 -7.5E-06  5.4E-03  1.5E-03  0.0E+00    5    3.0E-003 
 7         -152.5503992310 -2.0E-08  5.4E-04  5.4E-05  0.0E+00    6    3.0E-003 
 8         -152.5503992317 -6.3E-10  5.1E-05  9.9E-06  0.0E+00    7    3.0E-003 
 9         -152.5503992317 -1.6E-11  7.1E-06  1.6E-06  0.0E+00    8    3.0E-003 
 10        -152.5503992317 -7.4E-13  1.6E-06  3.6E-07  0.0E+00    8    3.1E-003 
 11        -152.5503992317  8.5E-14  3.5E-07  7.5E-08  0.0E+00    8    3.0E-003 
 11*       -152.5503992317 -1.1E-13  3.4E-07  7.5E-08  6.4E-01    8    4.4E-003 
 ------------------------------------------------------------------------------
 SCF converged
 Converged energy                        -152.550399231679   
 ------------------------------------------------------------------------------
 Ehomo [eV]                              -8.886470739529     
 Elumo [eV]                              2.259907565000      

 dipole moment (Debye)
        x              y              z       
     -4.905E-016    -1.998E-015    -3.793E-016

 traceless quadrupole moment (Debye*Angs)
                       x              y              z       
 x                   3.966E-007    -2.963E-008    -2.052E-008
 y                  -2.963E-008     7.441E-007    -1.667E-008
 z                  -2.052E-008    -1.667E-008    -1.141E-006

 ----------------------------------------------------------------------------
 Timings (seconds)
 * mean-field hamiltonian     3.5E-002
 * solver (setting up eqns)   1.1E-003
 * solver (energy estimate)   5.0E-004
 * solver (orthogonalization) 1.8E-004
 * solver (rotation matrix X) 2.4E-003
 * solver (exponential of X)  3.1E-004
 * solver (total)             4.7E-003
 * total SCF                  6.0E-002
 Atomic guess: HG, ../../../../basis-sets/bse/def2-sv(p).txt
 -----------------------------------------------------------
 E(HF) [a.u.]                            -1.5255039923E+002
 Tr(RhoAvg S), Cartesian AOs              2.0000000000E+001
 Tr(RhoAvg S), spherical AOs              2.0000000000E+001
 max|T RhoAvg T**T - RhoAvg_sao|                  1.33E-015
 max|c(RhoAvg) - c(Rho)|                          3.33E-016
 max|RhoAvg - Rho|                                2.53E-007
 Saved /mnt/storage_6/project_data/pl0415-03/marcin/beyond-rpa/guess/electron-densities/bse/def2-sv(p)/hg.txt
 ----------------------------------------------------------------------------
                             SCF for TL (2S+1=2)                             
 ----------------------------------------------------------------------------
 NUMBER OF ATOMS                         1
 CHARGE                                  0
 Prescreening (pq|pq) integrals for the Cholesky decomposition
 Shell pairs will be sorted according to their max elements
 Max diagonal integral MaxDrs=1.3E+000
 Applying Eq. 15 in J. Chem. Phys. 150, 194112 (2019); doi: 10.1063/1.5083802
 Schwarz inequality: Dpq<min(10**(-8),Tau)**2/MaxDrs=7.7E-017
 Trace of exact Coulomb matrix: 3.1E+001
 Trace of discarded integrals: 0.0E+000
 Discarded 0 out of 55 shell pairs
 (0 out of 351 orbital pairs)

 Step 1 of Cholesky decomposition: locating pivots
 -------------------------------------------------
 Dimensions of the Coulomb matrix: (351,351)
 Threshold for diagonal matrix elements: Dpq > 1.0E-007
 Max number of Cholesky vectors: 351
 Rk storage block size: 500
 Max dimension of 2e integrals buffer: (351,351)

 ----------------------------------------------------------------------------
 #    Dmax        Memory (MB)    NPivots     %    Time        
 ----------------------------------------------------------------------------
 1    1.2E-002    2.3E+000       50          17   1.6E-002    
 2    1.2E-004    2.1E+000       126         52   1.8E-002    
 3    7.6E-007    1.4E+000       149         80   1.2E-002    
 4    6.2E-008    5.4E-001       171         100  9.8E-004    

 Step 1 of the Cholesky decomposition completed
 Computed 171 pivots
 Largest residual Dpq: 6.2E-008
 NCholesky/NAO = 6.6E+000
 Step 1 of Cholesky decomposition completed in 4.7E-002 seconds
 Detailed timings in seconds
 Subtract prev contribs I (M-R**T*R)     7.8E-004
 Subtract prev contribs II (Rk)          1.4E-003
 Two-electron integrals                  4.4E-002
 Reallocation                            5.2E-004

 Step 2 of Cholesky decomposition completed in 7.7E-003 seconds
 Detailed timings in seconds
 Reduced-dimension matrix V    7.2E-003
 V=L*L**T                      3.0E-004
 L**(-1)                       2.1E-004

 Full-dimension Cholesky vectors of the Coulomb matrix will be stored in memory
 Cholesky vectors computed in 9.0E-003 seconds

 ┌─────────────────────────────────────────┐
 │          Self-consistent field          │
 └─────────────────────────────────────────┘

 Atomic orbital basis set
 . . . . . . . . . . . . . . . . . . . . . . . . . . . . . . . . . . . . . . 
 atomic centers                               1
 shell parameter sets                         10
 spherical AOs                                26
 max angular momentum                         2
 parameter set                                ../../../../basis-sets/bse/def2-sv(p).txt
 . . . . . . . . . . . . . . . . . . . . . . . . . . . . . . . . . . . . . . 
 SCF guess: bare nuclei Hamiltonian
 Starting self-consistent field iterations (spin-unrestricted)
 Alpha electrons: 11
 Beta electrons: 10
 ----------------------------------------------------------------------------
 Exchange-correlation: Hartree-Fock
 ----------------------------------------------------------------------------
 Replicated-data parallel SCF
 ----------------------------
 Processes                               1
 Threads/process                         16
 Allocated 1.2E-004 GiB of scratch space for the KS matrix build
 ----------------------------------------------------------------------------
 Loaded pseudopotential parameters
 ----------------------------------------------------------------------------

 THALLIUM    
 Parameters file: ../../../../basis-sets/bse/def2-sv(p).txt
 ECP accounts for 60 core electrons

          Coeff         R^n       Exponent                                       

 Local part

         15.82548800      2         5.62639900                                   
         21.10402100      2         5.54895200                                   
          2.91512700      2         2.87494600                                   
          3.89690300      2         2.82145100                                   

 L = 0

        281.28466300      2        12.16780500                                   
         62.43425100      2         8.29490900                                   
        -15.82548800      2         5.62639900                                   
        -21.10402100      2         5.54895200                                   
         -2.91512700      2         2.87494600                                   
         -3.89690300      2         2.82145100                                   

 L = 1

          4.63340800      2         7.15149200                                   
          9.34175600      2         5.17286500                                   
         72.29925300      2         9.89107200                                   
        144.55803700      2         9.00339100                                   
        -15.82548800      2         5.62639900                                   
        -21.10402100      2         5.54895200                                   
         -2.91512700      2         2.87494600                                   
         -3.89690300      2         2.82145100                                   

 L = 2

         35.94303900      2         7.13021800                                   
         53.90959300      2         6.92690600                                   
         10.38193900      2         5.41757000                                   
         15.58382200      2         5.13868100                                   
        -15.82548800      2         5.62639900                                   
        -21.10402100      2         5.54895200                                   
         -2.91512700      2         2.87494600                                   
         -3.89690300      2         2.82145100                                   

 ----------------------------------------------------------------------------
 Spherical harmonic basis contains 26 vectors
 Linear independence thresh: Eig(S) > 1.0E-006
 Computations will be carried out in the space of 26 MOs
 Threshold for J, K: |Rho(r,s)*(pq|rs)|,|Rho(q,s)*(pq|rs)| > 1.0E-011
 Convergence conditions
 ----------------------
 RhoDiff < 1.0E-006
 OrbGrad < 1.0E-006
 Max number of macroiters: 1024
 ------------------------------------------------------------------------------
 #           Energy        EDiff    RhoDiff  OrbGrad  OrbShift NStored Time     
 ------------------------------------------------------------------------------
 0           92.1066964466                                        0    2.5E-002 
 1         -170.5615775590           1.2E+01                      0    5.8E-003 
 2         -171.4828802178 -9.2E-01  2.2E+00  5.1E-01  1.9E-01    1    6.5E-003 
 3         -171.5099473794 -2.7E-02  2.6E-01  8.6E-02  0.0E+00    2    6.1E-003 
 4         -171.5133003029 -3.4E-03  1.3E-01  2.6E-02  0.0E+00    3    6.2E-003 
 5         -171.5133918095 -9.2E-05  2.8E-02  5.0E-03  0.0E+00    4    6.2E-003 
 6         -171.5133991891 -7.4E-06  7.5E-03  8.7E-04  0.0E+00    5    6.2E-003 
 7         -171.5133993175 -1.3E-07  1.2E-03  1.9E-04  0.0E+00    6    6.3E-003 
 8         -171.5133993197 -2.1E-09  1.4E-04  2.5E-05  0.0E+00    7    6.2E-003 
 9         -171.5133993197 -5.7E-11  1.6E-05  2.6E-06  0.0E+00    8    6.4E-003 
 10        -171.5133993197 -2.4E-12  3.1E-06  5.4E-07  0.0E+00    8    6.4E-003 
 11        -171.5133993197 -2.3E-13  7.6E-07  1.5E-07  0.0E+00    8    6.4E-003 
 ------------------------------------------------------------------------------
 SCF converged
 Converged energy                        -171.513399319712   
 ------------------------------------------------------------------------------
 Ehomo(Alpha) [eV]                       -5.201303172175     
 Elumo(Alpha) [eV]                       0.569952067725      
 Ehomo(Beta) [eV]                        -11.494144681928    
 Elumo(Beta) [eV]                        0.910684589521      

 dipole moment (Debye)
        x              y              z       
      1.223E-014     1.507E-015    -3.442E-015

 traceless quadrupole moment (Debye*Angs)
                       x              y              z       
 x                   4.552E+000     3.829E-001    -1.099E-001
 y                   3.829E-001    -8.075E+000     3.627E+000
 z                  -1.099E-001     3.627E+000     3.523E+000

 ----------------------------------------------------------------------------
 Timings (seconds)
 * mean-field hamiltonian     6.8E-002
 * solver (setting up eqns)   2.0E-003
 * solver (energy estimate)   9.2E-004
 * solver (orthogonalization) 1.7E-004
 * solver (rotation matrix X) 1.7E-003
 * solver (exponential of X)  5.2E-004
 * solver (total)             5.6E-003
 * total SCF                  9.6E-002
 Atomic guess: TL, ../../../../basis-sets/bse/def2-sv(p).txt
 -----------------------------------------------------------
 E(HF) [a.u.]                            -1.7151339932E+002
 Tr(RhoAvg S), Cartesian AOs              2.1000000000E+001
 Tr(RhoAvg S), spherical AOs              2.1000000000E+001
 max|T RhoAvg T**T - RhoAvg_sao|                  2.89E-015
 max|c(RhoAvg) - c(Rho)|                          8.88E-016
 max|RhoAvg - Rho|                                2.35E-001
 Saved /mnt/storage_6/project_data/pl0415-03/marcin/beyond-rpa/guess/electron-densities/bse/def2-sv(p)/tl.txt
 ----------------------------------------------------------------------------
                             SCF for PB (2S+1=3)                             
 ----------------------------------------------------------------------------
 NUMBER OF ATOMS                         1
 CHARGE                                  0
 Prescreening (pq|pq) integrals for the Cholesky decomposition
 Shell pairs will be sorted according to their max elements
 Max diagonal integral MaxDrs=1.3E+000
 Applying Eq. 15 in J. Chem. Phys. 150, 194112 (2019); doi: 10.1063/1.5083802
 Schwarz inequality: Dpq<min(10**(-8),Tau)**2/MaxDrs=7.4E-017
 Trace of exact Coulomb matrix: 3.3E+001
 Trace of discarded integrals: 0.0E+000
 Discarded 0 out of 55 shell pairs
 (0 out of 351 orbital pairs)

 Step 1 of Cholesky decomposition: locating pivots
 -------------------------------------------------
 Dimensions of the Coulomb matrix: (351,351)
 Threshold for diagonal matrix elements: Dpq > 1.0E-007
 Max number of Cholesky vectors: 351
 Rk storage block size: 500
 Max dimension of 2e integrals buffer: (351,351)

 ----------------------------------------------------------------------------
 #    Dmax        Memory (MB)    NPivots     %    Time        
 ----------------------------------------------------------------------------
 1    1.2E-002    2.3E+000       49          16   1.5E-002    
 2    1.0E-004    2.1E+000       125         49   1.8E-002    
 3    7.9E-007    1.5E+000       150         83   1.1E-002    
 4    3.7E-008    5.1E-001       171         100  6.3E-003    

 Step 1 of the Cholesky decomposition completed
 Computed 171 pivots
 Largest residual Dpq: 3.7E-008
 NCholesky/NAO = 6.6E+000
 Step 1 of Cholesky decomposition completed in 5.1E-002 seconds
 Detailed timings in seconds
 Subtract prev contribs I (M-R**T*R)     6.4E-004
 Subtract prev contribs II (Rk)          8.6E-004
 Two-electron integrals                  4.8E-002
 Reallocation                            1.3E-003

 Step 2 of Cholesky decomposition completed in 7.8E-003 seconds
 Detailed timings in seconds
 Reduced-dimension matrix V    7.3E-003
 V=L*L**T                      3.0E-004
 L**(-1)                       2.0E-004

 Full-dimension Cholesky vectors of the Coulomb matrix will be stored in memory
 Cholesky vectors computed in 9.1E-003 seconds

 ┌─────────────────────────────────────────┐
 │          Self-consistent field          │
 └─────────────────────────────────────────┘

 Atomic orbital basis set
 . . . . . . . . . . . . . . . . . . . . . . . . . . . . . . . . . . . . . . 
 atomic centers                               1
 shell parameter sets                         10
 spherical AOs                                26
 max angular momentum                         2
 parameter set                                ../../../../basis-sets/bse/def2-sv(p).txt
 . . . . . . . . . . . . . . . . . . . . . . . . . . . . . . . . . . . . . . 
 SCF guess: bare nuclei Hamiltonian
 Starting self-consistent field iterations (spin-unrestricted)
 Alpha electrons: 12
 Beta electrons: 10
 ----------------------------------------------------------------------------
 Exchange-correlation: Hartree-Fock
 ----------------------------------------------------------------------------
 Replicated-data parallel SCF
 ----------------------------
 Processes                               1
 Threads/process                         16
 Allocated 1.2E-004 GiB of scratch space for the KS matrix build
 ----------------------------------------------------------------------------
 Loaded pseudopotential parameters
 ----------------------------------------------------------------------------

 LEAD        
 Parameters file: ../../../../basis-sets/bse/def2-sv(p).txt
 ECP accounts for 60 core electrons

          Coeff         R^n       Exponent                                       

 Local part

         12.20989200      2         3.88751200                                   
         16.19029100      2         3.81196300                                   

 L = 0

        281.28549900      2        12.29630300                                   
         62.52021700      2         8.63263400                                   
        -12.20989200      2         3.88751200                                   
        -16.19029100      2         3.81196300                                   

 L = 1

         72.27689700      2        10.24179000                                   
        144.59108300      2         8.92417600                                   
          4.75869300      2         6.58134200                                   
          9.94062100      2         6.25540300                                   
        -12.20989200      2         3.88751200                                   
        -16.19029100      2         3.81196300                                   

 L = 2

         35.84850700      2         7.75433600                                   
         53.72434200      2         7.72028100                                   
         10.11525600      2         4.97026400                                   
         14.83373100      2         4.56378900                                   
        -12.20989200      2         3.88751200                                   
        -16.19029100      2         3.81196300                                   

 ----------------------------------------------------------------------------
 Spherical harmonic basis contains 26 vectors
 Linear independence thresh: Eig(S) > 1.0E-006
 Computations will be carried out in the space of 26 MOs
 Threshold for J, K: |Rho(r,s)*(pq|rs)|,|Rho(q,s)*(pq|rs)| > 1.0E-011
 Convergence conditions
 ----------------------
 RhoDiff < 1.0E-006
 OrbGrad < 1.0E-006
 Max number of macroiters: 1024
 ------------------------------------------------------------------------------
 #           Energy        EDiff    RhoDiff  OrbGrad  OrbShift NStored Time     
 ------------------------------------------------------------------------------
 0           81.7876179548                                        0    2.6E-002 
 1         -190.6641831061           1.3E+01                      0    5.8E-003 
 2         -191.7931412327 -1.1E+00  2.3E+00  5.6E-01  2.2E-01    1    6.5E-003 
 3         -191.8298393557 -3.7E-02  2.7E-01  8.6E-02  0.0E+00    2    6.1E-003 
 4         -191.8333010159 -3.5E-03  1.0E-01  2.1E-02  0.0E+00    3    6.3E-003 
 5         -191.8333724567 -7.1E-05  3.3E-02  5.2E-03  0.0E+00    4    6.3E-003 
 6         -191.8333745795 -2.1E-06  3.9E-03  5.2E-04  0.0E+00    5    6.3E-003 
 7         -191.8333746197 -4.0E-08  5.6E-04  1.0E-04  0.0E+00    6    6.4E-003 
 8         -191.8333746202 -4.2E-10  3.5E-05  9.1E-06  0.0E+00    7    6.4E-003 
 9         -191.8333746202 -2.3E-11  7.4E-06  2.0E-06  0.0E+00    8    6.5E-003 
 10        -191.8333746202 -1.9E-12  2.2E-06  6.0E-07  0.0E+00    8    6.6E-003 
 11        -191.8333746202 -2.6E-13  8.2E-07  1.8E-07  0.0E+00    8    6.6E-003 
 ------------------------------------------------------------------------------
 SCF converged
 Converged energy                        -191.833374620179   
 ------------------------------------------------------------------------------
 Ehomo(Alpha) [eV]                       -6.908302795708     
 Elumo(Alpha) [eV]                       -0.281875423015     
 Ehomo(Beta) [eV]                        -13.689875346445    
 Elumo(Beta) [eV]                        0.494435189257      

 dipole moment (Debye)
        x              y              z       
     -4.529E-015    -5.144E-015     1.404E-015

 traceless quadrupole moment (Debye*Angs)
                       x              y              z       
 x                  -2.043E+000     3.511E+000    -4.230E-001
 y                   3.511E+000     5.358E+000    -1.060E+000
 z                  -4.230E-001    -1.060E+000    -3.316E+000

 ----------------------------------------------------------------------------
 Timings (seconds)
 * mean-field hamiltonian     7.0E-002
 * solver (setting up eqns)   1.9E-003
 * solver (energy estimate)   9.3E-004
 * solver (orthogonalization) 1.7E-004
 * solver (rotation matrix X) 1.7E-003
 * solver (exponential of X)  5.2E-004
 * solver (total)             5.6E-003
 * total SCF                  9.7E-002
 Atomic guess: PB, ../../../../basis-sets/bse/def2-sv(p).txt
 -----------------------------------------------------------
 E(HF) [a.u.]                            -1.9183337462E+002
 Tr(RhoAvg S), Cartesian AOs              2.2000000000E+001
 Tr(RhoAvg S), spherical AOs              2.2000000000E+001
 max|T RhoAvg T**T - RhoAvg_sao|                  3.33E-015
 max|c(RhoAvg) - c(Rho)|                          1.78E-015
 max|RhoAvg - Rho|                                1.81E-001
 Saved /mnt/storage_6/project_data/pl0415-03/marcin/beyond-rpa/guess/electron-densities/bse/def2-sv(p)/pb.txt
 ----------------------------------------------------------------------------
                             SCF for BI (2S+1=4)                             
 ----------------------------------------------------------------------------
 NUMBER OF ATOMS                         1
 CHARGE                                  0
 Prescreening (pq|pq) integrals for the Cholesky decomposition
 Shell pairs will be sorted according to their max elements
 Max diagonal integral MaxDrs=1.6E+000
 Applying Eq. 15 in J. Chem. Phys. 150, 194112 (2019); doi: 10.1063/1.5083802
 Schwarz inequality: Dpq<min(10**(-8),Tau)**2/MaxDrs=6.4E-017
 Trace of exact Coulomb matrix: 3.6E+001
 Trace of discarded integrals: 0.0E+000
 Discarded 0 out of 55 shell pairs
 (0 out of 351 orbital pairs)

 Step 1 of Cholesky decomposition: locating pivots
 -------------------------------------------------
 Dimensions of the Coulomb matrix: (351,351)
 Threshold for diagonal matrix elements: Dpq > 1.0E-007
 Max number of Cholesky vectors: 351
 Rk storage block size: 500
 Max dimension of 2e integrals buffer: (351,351)

 ----------------------------------------------------------------------------
 #    Dmax        Memory (MB)    NPivots     %    Time        
 ----------------------------------------------------------------------------
 1    1.4E-002    2.3E+000       48          16   1.8E-002    
 2    9.4E-005    2.1E+000       125         52   1.8E-002    
 3    6.1E-007    1.3E+000       149         83   1.2E-002    
 4    8.8E-008    5.7E-001       170         100  7.7E-003    

 Step 1 of the Cholesky decomposition completed
 Computed 170 pivots
 Largest residual Dpq: 8.8E-008
 NCholesky/NAO = 6.5E+000
 Step 1 of Cholesky decomposition completed in 5.6E-002 seconds
 Detailed timings in seconds
 Subtract prev contribs I (M-R**T*R)     6.7E-004
 Subtract prev contribs II (Rk)          8.1E-004
 Two-electron integrals                  5.3E-002
 Reallocation                            2.5E-004

 Step 2 of Cholesky decomposition completed in 6.3E-003 seconds
 Detailed timings in seconds
 Reduced-dimension matrix V    5.8E-003
 V=L*L**T                      2.8E-004
 L**(-1)                       2.0E-004

 Full-dimension Cholesky vectors of the Coulomb matrix will be stored in memory
 Cholesky vectors computed in 7.9E-003 seconds

 ┌─────────────────────────────────────────┐
 │          Self-consistent field          │
 └─────────────────────────────────────────┘

 Atomic orbital basis set
 . . . . . . . . . . . . . . . . . . . . . . . . . . . . . . . . . . . . . . 
 atomic centers                               1
 shell parameter sets                         10
 spherical AOs                                26
 max angular momentum                         2
 parameter set                                ../../../../basis-sets/bse/def2-sv(p).txt
 . . . . . . . . . . . . . . . . . . . . . . . . . . . . . . . . . . . . . . 
 SCF guess: bare nuclei Hamiltonian
 Starting self-consistent field iterations (spin-unrestricted)
 Alpha electrons: 13
 Beta electrons: 10
 ----------------------------------------------------------------------------
 Exchange-correlation: Hartree-Fock
 ----------------------------------------------------------------------------
 Replicated-data parallel SCF
 ----------------------------
 Processes                               1
 Threads/process                         16
 Allocated 1.2E-004 GiB of scratch space for the KS matrix build
 ----------------------------------------------------------------------------
 Loaded pseudopotential parameters
 ----------------------------------------------------------------------------

 BISMUTH     
 Parameters file: ../../../../basis-sets/bse/def2-sv(p).txt
 ECP accounts for 60 core electrons

          Coeff         R^n       Exponent                                       

 Local part

         13.71338300      2         4.21454600                                   
         18.19430800      2         4.13340000                                   

 L = 0

        283.26422700      2        13.04309000                                   
         62.47195900      2         8.22168200                                   
        -13.71338300      2         4.21454600                                   
        -18.19430800      2         4.13340000                                   

 L = 1

         72.00149900      2        10.46777700                                   
        144.00227700      2         9.11890100                                   
          5.00794500      2         6.75479100                                   
          9.99155000      2         6.25259200                                   
        -13.71338300      2         4.21454600                                   
        -18.19430800      2         4.13340000                                   

 L = 2

         36.39625900      2         8.08147400                                   
         54.59766400      2         7.89059500                                   
          9.98429400      2         4.95555600                                   
         14.98148500      2         4.70455900                                   
        -13.71338300      2         4.21454600                                   
        -18.19430800      2         4.13340000                                   

 ----------------------------------------------------------------------------
 Spherical harmonic basis contains 26 vectors
 Linear independence thresh: Eig(S) > 1.0E-006
 Computations will be carried out in the space of 26 MOs
 Threshold for J, K: |Rho(r,s)*(pq|rs)|,|Rho(q,s)*(pq|rs)| > 1.0E-011
 Convergence conditions
 ----------------------
 RhoDiff < 1.0E-006
 OrbGrad < 1.0E-006
 Max number of macroiters: 1024
 ------------------------------------------------------------------------------
 #           Energy        EDiff    RhoDiff  OrbGrad  OrbShift NStored Time     
 ------------------------------------------------------------------------------
 0           58.5870319158                                        0    2.6E-002 
 1         -212.0746301180           1.2E+01                      0    5.9E-003 
 2         -213.5524611421 -1.5E+00  2.5E+00  6.1E-01  2.5E-01    1    6.5E-003 
 3         -213.5882790734 -3.6E-02  2.7E-01  9.2E-02  0.0E+00    2    6.3E-003 
 4         -213.5910958014 -2.8E-03  1.1E-01  2.2E-02  0.0E+00    3    6.4E-003 
 5         -213.5911611193 -6.5E-05  3.4E-02  5.9E-03  0.0E+00    4    6.4E-003 
 6         -213.5911637360 -2.6E-06  3.1E-03  6.4E-04  0.0E+00    5    6.4E-003 
 7         -213.5911637625 -2.7E-08  4.0E-04  7.2E-05  0.0E+00    6    6.5E-003 
 8         -213.5911637626 -5.0E-11  4.9E-06  3.9E-06  0.0E+00    7    6.5E-003 
 9         -213.5911637626 -2.0E-12  1.6E-06  5.3E-07  0.0E+00    8    6.6E-003 
 10        -213.5911637626 -1.7E-13  3.9E-07  1.3E-07  0.0E+00    8    6.7E-003 
 ------------------------------------------------------------------------------
 SCF converged
 Converged energy                        -213.591163762583   
 ------------------------------------------------------------------------------
 Ehomo(Alpha) [eV]                       -8.656437033537     
 Elumo(Alpha) [eV]                       8.573778668452      
 Ehomo(Beta) [eV]                        -15.698762302728    
 Elumo(Beta) [eV]                        1.132657438889      

 dipole moment (Debye)
        x              y              z       
     -3.263E-015     6.744E-015     8.484E-015

 traceless quadrupole moment (Debye*Angs)
                       x              y              z       
 x                   3.434E-010    -1.608E-009    -2.147E-008
 y                  -1.608E-009     6.590E-008    -6.051E-010
 z                  -2.147E-008    -6.051E-010    -6.624E-008

 ----------------------------------------------------------------------------
 Timings (seconds)
 * mean-field hamiltonian     6.5E-002
 * solver (setting up eqns)   1.6E-003
 * solver (energy estimate)   7.7E-004
 * solver (orthogonalization) 1.7E-004
 * solver (rotation matrix X) 1.3E-003
 * solver (exponential of X)  4.8E-004
 * solver (total)             4.7E-003
 * total SCF                  9.2E-002
 Atomic guess: BI, ../../../../basis-sets/bse/def2-sv(p).txt
 -----------------------------------------------------------
 E(HF) [a.u.]                            -2.1359116376E+002
 Tr(RhoAvg S), Cartesian AOs              2.3000000000E+001
 Tr(RhoAvg S), spherical AOs              2.3000000000E+001
 max|T RhoAvg T**T - RhoAvg_sao|                  2.66E-015
 max|c(RhoAvg) - c(Rho)|                          1.78E-015
 max|RhoAvg - Rho|                                6.74E-009
 Saved /mnt/storage_6/project_data/pl0415-03/marcin/beyond-rpa/guess/electron-densities/bse/def2-sv(p)/bi.txt
 ----------------------------------------------------------------------------
                             SCF for PO (2S+1=3)                             
 ----------------------------------------------------------------------------
 NUMBER OF ATOMS                         1
 CHARGE                                  0
 Prescreening (pq|pq) integrals for the Cholesky decomposition
 Shell pairs will be sorted according to their max elements
 Max diagonal integral MaxDrs=1.4E+000
 Applying Eq. 15 in J. Chem. Phys. 150, 194112 (2019); doi: 10.1063/1.5083802
 Schwarz inequality: Dpq<min(10**(-8),Tau)**2/MaxDrs=6.9E-017
 Trace of exact Coulomb matrix: 3.7E+001
 Trace of discarded integrals: 0.0E+000
 Discarded 0 out of 55 shell pairs
 (0 out of 351 orbital pairs)

 Step 1 of Cholesky decomposition: locating pivots
 -------------------------------------------------
 Dimensions of the Coulomb matrix: (351,351)
 Threshold for diagonal matrix elements: Dpq > 1.0E-007
 Max number of Cholesky vectors: 351
 Rk storage block size: 500
 Max dimension of 2e integrals buffer: (351,351)

 ----------------------------------------------------------------------------
 #    Dmax        Memory (MB)    NPivots     %    Time        
 ----------------------------------------------------------------------------
 1    1.4E-002    2.3E+000       50          16   1.6E-002    
 2    7.2E-005    2.0E+000       125         48   1.1E-002    
 3    7.2E-007    1.3E+000       151         86   1.2E-002    
 4    8.7E-008    4.6E-001       164         100  5.0E-004    

 Step 1 of the Cholesky decomposition completed
 Computed 164 pivots
 Largest residual Dpq: 8.7E-008
 NCholesky/NAO = 6.3E+000
 Step 1 of Cholesky decomposition completed in 4.1E-002 seconds
 Detailed timings in seconds
 Subtract prev contribs I (M-R**T*R)     1.3E-003
 Subtract prev contribs II (Rk)          8.4E-004
 Two-electron integrals                  3.8E-002
 Reallocation                            2.7E-004

 Step 2 of Cholesky decomposition completed in 7.4E-003 seconds
 Detailed timings in seconds
 Reduced-dimension matrix V    7.0E-003
 V=L*L**T                      2.5E-004
 L**(-1)                       1.6E-004

 Full-dimension Cholesky vectors of the Coulomb matrix will be stored in memory
 Cholesky vectors computed in 8.9E-003 seconds

 ┌─────────────────────────────────────────┐
 │          Self-consistent field          │
 └─────────────────────────────────────────┘

 Atomic orbital basis set
 . . . . . . . . . . . . . . . . . . . . . . . . . . . . . . . . . . . . . . 
 atomic centers                               1
 shell parameter sets                         10
 spherical AOs                                26
 max angular momentum                         2
 parameter set                                ../../../../basis-sets/bse/def2-sv(p).txt
 . . . . . . . . . . . . . . . . . . . . . . . . . . . . . . . . . . . . . . 
 SCF guess: bare nuclei Hamiltonian
 Starting self-consistent field iterations (spin-unrestricted)
 Alpha electrons: 13
 Beta electrons: 11
 ----------------------------------------------------------------------------
 Exchange-correlation: Hartree-Fock
 ----------------------------------------------------------------------------
 Replicated-data parallel SCF
 ----------------------------
 Processes                               1
 Threads/process                         16
 Allocated 1.2E-004 GiB of scratch space for the KS matrix build
 ----------------------------------------------------------------------------
 Loaded pseudopotential parameters
 ----------------------------------------------------------------------------

 POLONIUM    
 Parameters file: ../../../../basis-sets/bse/def2-sv(p).txt
 ECP accounts for 60 core electrons

          Coeff         R^n       Exponent                                       

 Local part

         17.42829500      2         5.01327000                                   
         23.38035300      2         4.98464000                                   
          0.16339200      2         1.32676000                                   
          0.32456600      2         1.52875800                                   

 L = 0

        283.24470600      2        13.27722700                                   
         62.39646100      2         8.39951800                                   
        -17.42829500      2         5.01327000                                   
        -23.38035300      2         4.98464000                                   
         -0.16339200      2         1.32676000                                   
         -0.32456600      2         1.52875800                                   

 L = 1

         71.99171600      2        10.66568200                                   
        143.97187100      2         9.28375300                                   
          4.94961500      2         6.87274900                                   
          9.74049900      2         6.32615000                                   
        -17.42829500      2         5.01327000                                   
        -23.38035300      2         4.98464000                                   
         -0.16339200      2         1.32676000                                   
         -0.32456600      2         1.52875800                                   

 L = 2

         36.37838300      2         8.21486600                                   
         54.56271500      2         8.00869600                                   
          9.88949900      2         5.05522700                                   
         14.69387700      2         4.78255300                                   
        -17.42829500      2         5.01327000                                   
        -23.38035300      2         4.98464000                                   
         -0.16339200      2         1.32676000                                   
         -0.32456600      2         1.52875800                                   

 ----------------------------------------------------------------------------
 Spherical harmonic basis contains 26 vectors
 Linear independence thresh: Eig(S) > 1.0E-006
 Computations will be carried out in the space of 26 MOs
 Threshold for J, K: |Rho(r,s)*(pq|rs)|,|Rho(q,s)*(pq|rs)| > 1.0E-011
 Convergence conditions
 ----------------------
 RhoDiff < 1.0E-006
 OrbGrad < 1.0E-006
 Max number of macroiters: 1024
 ------------------------------------------------------------------------------
 #           Energy        EDiff    RhoDiff  OrbGrad  OrbShift NStored Time     
 ------------------------------------------------------------------------------
 0           46.3385912081                                        0    2.6E-002 
 1         -234.9904889730           1.1E+01                      0    6.0E-003 
 2         -236.6371760455 -1.6E+00  2.2E+00  6.4E-01  3.9E-01    1    6.8E-003 
 3         -236.7163210009 -7.9E-02  4.0E-01  1.0E-01  0.0E+00    2    6.3E-003 
 4         -236.7193070718 -3.0E-03  4.5E-02  2.8E-02  0.0E+00    3    6.5E-003 
 5         -236.7194509731 -1.4E-04  2.6E-02  6.9E-03  0.0E+00    4    6.4E-003 
 6         -236.7194639697 -1.3E-05  8.7E-03  2.0E-03  0.0E+00    5    6.4E-003 
 7         -236.7194642357 -2.7E-07  6.0E-04  1.9E-04  0.0E+00    6    6.5E-003 
 8         -236.7194642424 -6.8E-09  1.2E-04  4.5E-05  0.0E+00    7    6.5E-003 
 9         -236.7194642425 -1.0E-10  9.6E-06  4.1E-06  0.0E+00    8    6.6E-003 
 10        -236.7194642425 -7.0E-12  4.4E-06  1.4E-06  0.0E+00    8    6.7E-003 
 11        -236.7194642425 -5.1E-13  1.6E-06  4.2E-07  0.0E+00    8    6.7E-003 
 Skipping trust radius update
 12        -236.7194642425 -1.4E-13  2.5E-07  5.5E-08  0.0E+00    8    6.8E-003 
 ------------------------------------------------------------------------------
 SCF converged
 Converged energy                        -236.719464242549   
 ------------------------------------------------------------------------------
 Ehomo(Alpha) [eV]                       -8.825711811506     
 Elumo(Alpha) [eV]                       9.452893449453      
 Ehomo(Beta) [eV]                        -7.795734565116     
 Elumo(Beta) [eV]                        -0.039096697591     

 dipole moment (Debye)
        x              y              z       
      4.566E-015     3.071E-015     2.726E-015

 traceless quadrupole moment (Debye*Angs)
                       x              y              z       
 x                   9.813E-001    -6.513E-001     3.076E+000
 y                  -6.513E-001     2.323E+000     1.248E+000
 z                   3.076E+000     1.248E+000    -3.304E+000

 ----------------------------------------------------------------------------
 Timings (seconds)
 * mean-field hamiltonian     7.7E-002
 * solver (setting up eqns)   2.2E-003
 * solver (energy estimate)   1.1E-003
 * solver (orthogonalization) 1.9E-004
 * solver (rotation matrix X) 2.0E-003
 * solver (exponential of X)  5.9E-004
 * solver (total)             6.3E-003
 * total SCF                  1.1E-001
 Atomic guess: PO, ../../../../basis-sets/bse/def2-sv(p).txt
 -----------------------------------------------------------
 E(HF) [a.u.]                            -2.3671946424E+002
 Tr(RhoAvg S), Cartesian AOs              2.4000000000E+001
 Tr(RhoAvg S), spherical AOs              2.4000000000E+001
 max|T RhoAvg T**T - RhoAvg_sao|                  2.44E-015
 max|c(RhoAvg) - c(Rho)|                          8.88E-016
 max|RhoAvg - Rho|                                1.59E-001
 Saved /mnt/storage_6/project_data/pl0415-03/marcin/beyond-rpa/guess/electron-densities/bse/def2-sv(p)/po.txt
 ----------------------------------------------------------------------------
                             SCF for AT (2S+1=2)                             
 ----------------------------------------------------------------------------
 NUMBER OF ATOMS                         1
 CHARGE                                  0
 Prescreening (pq|pq) integrals for the Cholesky decomposition
 Shell pairs will be sorted according to their max elements
 Max diagonal integral MaxDrs=1.5E+000
 Applying Eq. 15 in J. Chem. Phys. 150, 194112 (2019); doi: 10.1063/1.5083802
 Schwarz inequality: Dpq<min(10**(-8),Tau)**2/MaxDrs=6.9E-017
 Trace of exact Coulomb matrix: 3.8E+001
 Trace of discarded integrals: 0.0E+000
 Discarded 0 out of 55 shell pairs
 (0 out of 351 orbital pairs)

 Step 1 of Cholesky decomposition: locating pivots
 -------------------------------------------------
 Dimensions of the Coulomb matrix: (351,351)
 Threshold for diagonal matrix elements: Dpq > 1.0E-007
 Max number of Cholesky vectors: 351
 Rk storage block size: 500
 Max dimension of 2e integrals buffer: (351,351)

 ----------------------------------------------------------------------------
 #    Dmax        Memory (MB)    NPivots     %    Time        
 ----------------------------------------------------------------------------
 1    1.4E-002    2.3E+000       53          17   1.9E-002    
 2    7.3E-005    2.1E+000       123         46   1.6E-002    
 3    6.3E-007    1.3E+000       153         92   1.7E-003    
 4    8.9E-008    3.2E-001       162         100  4.6E-004    

 Step 1 of the Cholesky decomposition completed
 Computed 162 pivots
 Largest residual Dpq: 8.9E-008
 NCholesky/NAO = 6.2E+000
 Step 1 of Cholesky decomposition completed in 3.7E-002 seconds
 Detailed timings in seconds
 Subtract prev contribs I (M-R**T*R)     5.7E-004
 Subtract prev contribs II (Rk)          7.8E-004
 Two-electron integrals                  3.5E-002
 Reallocation                            2.7E-004

 Step 2 of Cholesky decomposition completed in 7.6E-003 seconds
 Detailed timings in seconds
 Reduced-dimension matrix V    7.2E-003
 V=L*L**T                      2.5E-004
 L**(-1)                       1.7E-004

 Full-dimension Cholesky vectors of the Coulomb matrix will be stored in memory
 Cholesky vectors computed in 7.3E-003 seconds

 ┌─────────────────────────────────────────┐
 │          Self-consistent field          │
 └─────────────────────────────────────────┘

 Atomic orbital basis set
 . . . . . . . . . . . . . . . . . . . . . . . . . . . . . . . . . . . . . . 
 atomic centers                               1
 shell parameter sets                         10
 spherical AOs                                26
 max angular momentum                         2
 parameter set                                ../../../../basis-sets/bse/def2-sv(p).txt
 . . . . . . . . . . . . . . . . . . . . . . . . . . . . . . . . . . . . . . 
 SCF guess: bare nuclei Hamiltonian
 Starting self-consistent field iterations (spin-unrestricted)
 Alpha electrons: 13
 Beta electrons: 12
 ----------------------------------------------------------------------------
 Exchange-correlation: Hartree-Fock
 ----------------------------------------------------------------------------
 Replicated-data parallel SCF
 ----------------------------
 Processes                               1
 Threads/process                         16
 Allocated 1.2E-004 GiB of scratch space for the KS matrix build
 ----------------------------------------------------------------------------
 Loaded pseudopotential parameters
 ----------------------------------------------------------------------------

 ASTATINE    
 Parameters file: ../../../../basis-sets/bse/def2-sv(p).txt
 ECP accounts for 60 core electrons

          Coeff         R^n       Exponent                                       

 Local part

         19.87019800      2         5.81216300                                   
         26.41645200      2         5.75371500                                   
          0.99497000      2         2.51347200                                   
          1.49070100      2         2.53626100                                   

 L = 0

         49.95715800      2        30.20083200                                   
        283.21037100      2        13.61230600                                   
         62.28105200      2         8.52934000                                   
        -19.87019800      2         5.81216300                                   
        -26.41645200      2         5.75371500                                   
         -0.99497000      2         2.51347200                                   
         -1.49070100      2         2.53626100                                   

 L = 1

         71.98237100      2        10.85406500                                   
        143.90353200      2         9.46822900                                   
          4.87175900      2         7.03111400                                   
          8.98305900      2         6.14385800                                   
        -19.87019800      2         5.81216300                                   
        -26.41645200      2         5.75371500                                   
         -0.99497000      2         2.51347200                                   
         -1.49070100      2         2.53626100                                   

 L = 2

         36.36323700      2         8.31351500                                   
         54.54897000      2         7.99896500                                   
          9.77628500      2         5.17996600                                   
         14.26475500      2         4.94222600                                   
        -19.87019800      2         5.81216300                                   
        -26.41645200      2         5.75371500                                   
         -0.99497000      2         2.51347200                                   
         -1.49070100      2         2.53626100                                   

 ----------------------------------------------------------------------------
 Spherical harmonic basis contains 26 vectors
 Linear independence thresh: Eig(S) > 1.0E-006
 Computations will be carried out in the space of 26 MOs
 Threshold for J, K: |Rho(r,s)*(pq|rs)|,|Rho(q,s)*(pq|rs)| > 1.0E-011
 Convergence conditions
 ----------------------
 RhoDiff < 1.0E-006
 OrbGrad < 1.0E-006
 Max number of macroiters: 1024
 ------------------------------------------------------------------------------
 #           Energy        EDiff    RhoDiff  OrbGrad  OrbShift NStored Time     
 ------------------------------------------------------------------------------
 0           38.4187325708                                        0    2.6E-002 
 1         -259.3502255814           1.0E+01                      0    6.1E-003 
 2         -261.3088438473 -2.0E+00  2.1E+00  6.8E-01  4.0E-01    1    6.8E-003 
 3         -261.3523237865 -4.3E-02  2.8E-01  9.6E-02  0.0E+00    2    6.3E-003 
 4         -261.3533482859 -1.0E-03  3.8E-02  2.1E-02  0.0E+00    3    6.6E-003 
 5         -261.3533754390 -2.7E-05  1.3E-02  3.3E-03  0.0E+00    4    6.5E-003 
 6         -261.3533782513 -2.8E-06  2.7E-03  7.9E-04  0.0E+00    5    6.6E-003 
 7         -261.3533783616 -1.1E-07  3.8E-04  1.3E-04  0.0E+00    6    6.6E-003 
 8         -261.3533783631 -1.5E-09  3.7E-05  1.4E-05  0.0E+00    7    6.7E-003 
 9         -261.3533783632 -9.8E-11  9.5E-06  5.2E-06  0.0E+00    8    6.8E-003 
 10        -261.3533783632 -8.8E-12  3.0E-06  1.8E-06  0.0E+00    8    6.8E-003 
 11        -261.3533783632 -8.5E-13  1.2E-06  6.0E-07  0.0E+00    8    6.8E-003 
 12        -261.3533783632 -1.7E-13  4.0E-07  1.3E-07  0.0E+00    8    6.7E-003 
 ------------------------------------------------------------------------------
 SCF converged
 Converged energy                        -261.353378363197   
 ------------------------------------------------------------------------------
 Ehomo(Alpha) [eV]                       -10.212971925447    
 Elumo(Alpha) [eV]                       10.449128542952     
 Ehomo(Beta) [eV]                        -9.655991542869     
 Elumo(Beta) [eV]                        -1.282078453007     

 dipole moment (Debye)
        x              y              z       
     -8.397E-016     4.371E-015     4.909E-015

 traceless quadrupole moment (Debye*Angs)
                       x              y              z       
 x                   1.488E+000    -3.239E+000    -5.412E-001
 y                  -3.239E+000     6.372E-001     4.748E-001
 z                  -5.412E-001     4.748E-001    -2.125E+000

 ----------------------------------------------------------------------------
 Timings (seconds)
 * mean-field hamiltonian     7.9E-002
 * solver (setting up eqns)   2.2E-003
 * solver (energy estimate)   1.1E-003
 * solver (orthogonalization) 1.9E-004
 * solver (rotation matrix X) 2.0E-003
 * solver (exponential of X)  5.7E-004
 * solver (total)             6.4E-003
 * total SCF                  1.1E-001
 Atomic guess: AT, ../../../../basis-sets/bse/def2-sv(p).txt
 -----------------------------------------------------------
 E(HF) [a.u.]                            -2.6135337836E+002
 Tr(RhoAvg S), Cartesian AOs              2.5000000000E+001
 Tr(RhoAvg S), spherical AOs              2.5000000000E+001
 max|T RhoAvg T**T - RhoAvg_sao|                  2.22E-015
 max|c(RhoAvg) - c(Rho)|                          1.78E-015
 max|RhoAvg - Rho|                                1.71E-001
 Saved /mnt/storage_6/project_data/pl0415-03/marcin/beyond-rpa/guess/electron-densities/bse/def2-sv(p)/at.txt
 ----------------------------------------------------------------------------
                                  SCF for RN                                 
 ----------------------------------------------------------------------------
 NUMBER OF ATOMS                         1
 CHARGE                                  0
 Prescreening (pq|pq) integrals for the Cholesky decomposition
 Shell pairs will be sorted according to their max elements
 Max diagonal integral MaxDrs=4.0E+000
 Applying Eq. 15 in J. Chem. Phys. 150, 194112 (2019); doi: 10.1063/1.5083802
 Schwarz inequality: Dpq<min(10**(-8),Tau)**2/MaxDrs=2.5E-017
 Trace of exact Coulomb matrix: 9.7E+001
 Trace of discarded integrals: 0.0E+000
 Discarded 0 out of 136 shell pairs
 (0 out of 1275 orbital pairs)

 Step 1 of Cholesky decomposition: locating pivots
 -------------------------------------------------
 Dimensions of the Coulomb matrix: (1275,1275)
 Threshold for diagonal matrix elements: Dpq > 1.0E-007
 Max number of Cholesky vectors: 750
 Rk storage block size: 500
 Max dimension of 2e integrals buffer: (1275,1000)

 ----------------------------------------------------------------------------
 #    Dmax        Memory (MB)    NPivots     %    Time        
 ----------------------------------------------------------------------------
 1    3.9E-002    1.5E+001       42          4    4.7E-002    
 2    3.9E-004    1.4E+001       215         26   6.9E-002    
 3    3.9E-006    1.4E+001       326         82   6.3E-002    
 4    8.7E-008    5.5E+000       379         100  3.8E-002    

 Step 1 of the Cholesky decomposition completed
 Computed 379 pivots
 Largest residual Dpq: 8.7E-008
 NCholesky/NAO = 7.6E+000
 Step 1 of Cholesky decomposition completed in 2.2E-001 seconds
 Detailed timings in seconds
 Subtract prev contribs I (M-R**T*R)     6.2E-003
 Subtract prev contribs II (Rk)          8.2E-003
 Two-electron integrals                  2.0E-001
 Reallocation                            2.2E-003

 Step 2 of Cholesky decomposition completed in 1.7E-002 seconds
 Detailed timings in seconds
 Reduced-dimension matrix V    1.6E-002
 V=L*L**T                      6.1E-004
 L**(-1)                       7.9E-004

 Full-dimension Cholesky vectors of the Coulomb matrix will be stored in memory
 Cholesky vectors computed in 3.0E-002 seconds

 ┌─────────────────────────────────────────┐
 │          Self-consistent field          │
 └─────────────────────────────────────────┘

 Atomic orbital basis set
 . . . . . . . . . . . . . . . . . . . . . . . . . . . . . . . . . . . . . . 
 atomic centers                               1
 shell parameter sets                         16
 spherical AOs                                50
 max angular momentum                         3
 parameter set                                ../../../../basis-sets/bse/def2-sv(p).txt
 . . . . . . . . . . . . . . . . . . . . . . . . . . . . . . . . . . . . . . 
 SCF guess: bare nuclei Hamiltonian
 Starting self-consistent field iterations (spin-restricted singlet)
 Alpha+beta electrons: 26
 ----------------------------------------------------------------------------
 Exchange-correlation: Hartree-Fock
 ----------------------------------------------------------------------------
 Replicated-data parallel SCF
 ----------------------------
 Processes                               1
 Threads/process                         16
 Allocated 2.8E-004 GiB of scratch space for the KS matrix build
 ----------------------------------------------------------------------------
 Loaded pseudopotential parameters
 ----------------------------------------------------------------------------

 RADON       
 Parameters file: ../../../../basis-sets/bse/def2-sv(p).txt
 ECP accounts for 60 core electrons

          Coeff         R^n       Exponent                                       

 Local part

         21.79729000      2         6.34857100                                   
         28.94680500      2         6.29594900                                   
          1.44736500      2         2.88211800                                   
          2.17796400      2         2.90804800                                   

 L = 0

         49.96555100      2        30.15124200                                   
        283.07000000      2        14.52124100                                   
         62.00287000      2         8.05203800                                   
        -21.79729000      2         6.34857100                                   
        -28.94680500      2         6.29594900                                   
         -1.44736500      2         2.88211800                                   
         -2.17796400      2         2.90804800                                   

 L = 1

         71.96911900      2        11.00994200                                   
        143.86055900      2         9.61762500                                   
          4.71476100      2         7.33600800                                   
          9.01306500      2         6.40625300                                   
        -21.79729000      2         6.34857100                                   
        -28.94680500      2         6.29594900                                   
         -1.44736500      2         2.88211800                                   
         -2.17796400      2         2.90804800                                   

 L = 2

         36.36836500      2         8.36922000                                   
         54.55176100      2         8.11697500                                   
          9.63448700      2         5.35365600                                   
         14.38790200      2         5.09721200                                   
        -21.79729000      2         6.34857100                                   
        -28.94680500      2         6.29594900                                   
         -1.44736500      2         2.88211800                                   
         -2.17796400      2         2.90804800                                   

 ----------------------------------------------------------------------------
 Spherical harmonic basis contains 50 vectors
 Linear independence thresh: Eig(S) > 1.0E-006
 Computations will be carried out in the space of 50 MOs
 Threshold for J, K: |Rho(r,s)*(pq|rs)|,|Rho(q,s)*(pq|rs)| > 1.0E-011
 Convergence conditions
 ----------------------
 RhoDiff < 1.0E-006
 OrbGrad < 1.0E-006
 Max number of macroiters: 1024
 ------------------------------------------------------------------------------
 #           Energy        EDiff    RhoDiff  OrbGrad  OrbShift NStored Time     
 ------------------------------------------------------------------------------
 0            8.7740872255                                        0    4.4E-002 
 1         -279.4490805121           1.3E+02                      0    1.8E-002 
 2         -287.2970301231 -7.8E+00  1.5E+01  1.7E+00  1.4E+00    1    1.9E-002 
 3         -287.5386208018 -2.4E-01  1.2E+00  2.6E-01  0.0E+00    2    1.8E-002 
 4         -287.5428818813 -4.3E-03  1.1E-01  2.4E-02  0.0E+00    3    1.9E-002 
 5         -287.5431067425 -2.2E-04  2.7E-02  6.5E-03  0.0E+00    4    1.9E-002 
 6         -287.5431097699 -3.0E-06  2.4E-03  4.7E-04  0.0E+00    5    1.9E-002 
 7         -287.5431098354 -6.5E-08  5.3E-04  8.5E-05  0.0E+00    6    1.9E-002 
 8         -287.5431098355 -1.7E-10  6.5E-05  6.7E-06  0.0E+00    7    1.9E-002 
 9         -287.5431098355 -4.8E-12  1.1E-05  1.5E-06  0.0E+00    8    1.9E-002 
 10        -287.5431098355 -1.1E-13  1.9E-06  2.9E-07  0.0E+00    8    1.9E-002 
 Skipping trust radius update
 11        -287.5431098355  0.0E+00  4.2E-07  6.0E-08  0.0E+00    8    1.9E-002 
 ------------------------------------------------------------------------------
 SCF converged
 Converged energy                        -287.543109835526   
 ------------------------------------------------------------------------------
 Ehomo [eV]                              -11.627260473166    
 Elumo [eV]                              7.643052150161      

 dipole moment (Debye)
        x              y              z       
      2.504E-014    -4.912E-015     9.784E-015

 traceless quadrupole moment (Debye*Angs)
                       x              y              z       
 x                  -6.998E-005    -2.201E-014     1.805E-009
 y                  -2.201E-014     1.442E-004    -2.195E-014
 z                   1.805E-009    -2.195E-014    -7.426E-005

 ----------------------------------------------------------------------------
 Timings (seconds)
 * mean-field hamiltonian     2.2E-001
 * solver (setting up eqns)   2.8E-003
 * solver (energy estimate)   5.3E-004
 * solver (orthogonalization) 1.9E-004
 * solver (rotation matrix X) 1.6E-003
 * solver (exponential of X)  8.3E-004
 * solver (total)             6.2E-003
 * total SCF                  2.5E-001
 Atomic guess: RN, ../../../../basis-sets/bse/def2-sv(p).txt
 -----------------------------------------------------------
 E(HF) [a.u.]                            -2.8754310984E+002
 Tr(RhoAvg S), Cartesian AOs              2.6000000000E+001
 Tr(RhoAvg S), spherical AOs              2.6000000000E+001
 max|T RhoAvg T**T - RhoAvg_sao|                  2.00E-015
 max|c(RhoAvg) - c(Rho)|                          8.88E-016
 max|RhoAvg - Rho|                                1.24E-004
 Saved /mnt/storage_6/project_data/pl0415-03/marcin/beyond-rpa/guess/electron-densities/bse/def2-sv(p)/rn.txt
0
% Job finished at Sat Oct 10 10:57:50 UTC 2026
% Total wall clock time [hours]: 0.121
